# 400 400
464 459 457 456 451 446 446 446 444 442 436 428 420 416 415 414 413 410 407 406 404 402 398 393 387 379 375 378 380 380 378 380 383 388 393 402 417 426 432 432 430 425 419 415 412 408 404 403 399 393 386 379 372 367 361 355 350 348 346 345 342 340 338 337 336 336 333 331 328 325 327 331 336 345 352 354 353 348 341 334 327 322 321 321 323 326 327 326 325 322 319 315 310 308 306 306 306 305 305 305 305 305 304 304 304 310 314 317 316 322 329 339 350 359 362 365 369 365 360 356 353 352 352 353 356 359 364 363 358 352 344 335 328 322 318 314 310 313 319 326 345 353 351 346 341 337 332 326 320 311 303 300 298 298 298 298 298 295 295 296 296 297 300 301 302 301 298 298 303 313 322 331 341 350 359 367 373 375 377 377 377 378 379 380 382 382 381 382 378 371 364 359 354 349 342 337 330 322 313 307 299 292 287 282 279 277 276 277 278 279 279 279 279 277 276 274 273 272 270 268 268 264 264 266 267 267 266 266 264 263 260 259 259 259 258 257 259 260 261 261 261 261 261 261 262 265 267 264 261 261 260 260 259 259 258 258 260 260 260 259 257 257 257 257 257 258 258 256 256 254 249 243 244 249 252 254 257 260 263 267 272 277 282 286 293 307 311 304 295 292 288 284 282 279 277 274 273 270 270 267 266 264 264 263 265 266 267 266 264 262 261 260 259 257 255 254 252 251 250 249 248 247 246 246 247 247 247 246 246 246 247 248 250 252 255 257 262 270 277 283 289 293 298 304 307 311 315 320 325 329 332 333 332 327 321 316 313 310 305 301 300 298 296 295 295 295 295 296 294 289 284 280 275 270 265 263 260 258 254 250 251 253 254 260 264 269 274 279 283 286 290 293 296 299 301 304 308 313 317 322
473 467 462 456 452 450 447 444 441 438 431 422 419 417 416 414 412 408 406 404 402 400 397 389 379 381 382 384 386 386 384 384 385 389 394 400 414 425 433 434 433 431 426 422 420 417 414 413 409 404 397 391 383 376 368 361 354 350 348 348 346 344 341 338 337 337 335 333 330 329 326 329 334 340 348 354 354 347 341 333 328 324 326 328 333 338 337 333 330 327 323 319 316 313 310 308 305 305 305 305 305 305 304 304 304 303 303 303 302 304 315 330 344 355 359 360 361 360 360 355 350 347 346 346 347 349 354 357 355 349 341 335 329 324 319 313 309 309 314 320 333 347 346 340 336 332 327 321 315 306 300 298 296 296 297 298 299 295 293 295 294 295 296 298 299 297 297 297 301 310 320 328 337 345 352 359 363 365 366 365 364 361 360 363 366 367 369 367 364 359 353 350 346 342 336 332 326 319 311 305 299 293 287 282 279 276 275 275 276 276 277 278 277 276 275 274 273 271 271 270 267 264 262 263 264 264 263 263 262 261 260 258 258 258 257 258 261 261 261 261 261 260 261 261 261 262 263 263 261 262 261 261 259 258 259 258 259 260 260 259 258 257 256 257 257 257 258 255 254 254 252 243 244 248 250 250 254 257 260 263 268 273 278 282 292 302 311 305 297 291 288 285 282 279 276 274 273 271 271 270 267 266 266 265 266 266 267 266 266 264 262 261 259 257 255 254 252 251 250 249 248 247 246 246 246 247 247 246 246 246 247 248 249 252 254 256 261 265 273 279 284 288 292 297 303 308 313 320 326 332 334 336 336 331 324 318 313 309 304 300 298 296 294 292 292 292 293 293 291 285 279 274 270 266 262 260 258 257 250 250 251 253 257 262 264 269 274 278 280 284 288 292 295 298 302 305 308 312 317 320
478 469 464 456 453 451 448 441 435 431 427 423 420 418 416 414 411 409 405 402 397 393 391 389 389 389 391 391 393 391 390 389 388 390 395 400 410 421 429 434 435 433 432 428 426 424 421 419 416 410 405 400 394 388 379 369 360 356 354 353 351 349 346 342 340 337 336 334 333 331 327 329 332 336 343 349 350 345 339 332 328 327 330 334 341 347 344 338 334 331 327 324 320 317 315 313 309 306 305 304 305 304 304 304 304 303 303 303 303 302 302 320 335 349 356 360 360 360 364 362 355 347 341 340 340 342 346 349 350 347 339 332 327 323 319 312 308 306 306 312 319 332 338 334 328 322 316 311 307 302 298 296 294 294 295 297 297 296 292 294 293 294 294 296 296 296 295 298 302 308 316 324 331 337 343 348 352 354 354 352 348 346 344 344 347 352 354 353 352 348 343 340 337 333 329 325 320 314 309 303 297 291 285 280 277 275 274 274 274 274 275 276 276 275 275 274 273 271 268 267 264 262 261 260 260 260 260 259 258 259 259 258 257 257 257 257 260 260 261 261 262 261 260 260 261 260 262 261 261 261 261 260 259 259 258 259 258 260 260 259 257 257 257 256 256 256 257 256 254 253 250 242 245 247 249 249 252 255 259 260 264 269 274 278 286 296 303 301 296 290 287 284 282 279 277 275 274 273 272 271 269 269 269 267 267 266 267 267 266 265 263 261 260 257 255 254 252 251 250 249 248 247 246 246 246 246 246 246 245 246 247 248 249 250 253 255 258 262 267 272 276 280 285 290 298 304 310 318 325 331 337 337 337 334 328 319 312 307 302 298 295 292 290 288 287 288 289 289 286 280 275 269 265 262 259 258 256 255 248 249 252 257 261 262 265 268 273 276 279 283 287 290 294 298 301 303 307 311 314 317
477 470 464 456 451 447 444 437 434 431 428 423 420 420 419 417 415 412 409 406 402 399 398 396 396 396 398 400 401 399 396 394 393 393 395 399 404 413 423 430 432 434 433 432 430 428 426 423 420 415 410 405 401 396 389 381 373 364 363 359 357 355 352 347 343 340 337 335 334 332 329 329 331 334 338 344 344 341 336 332 330 331 333 338 345 348 346 342 337 334 330 327 324 322 319 317 314 312 310 304 304 304 304 304 304 303 303 303 302 303 302 304 324 338 350 354 357 357 357 355 353 347 342 334 332 333 337 339 340 338 337 328 323 320 317 311 308 306 304 302 307 313 328 325 319 315 311 306 302 298 296 294 292 292 293 294 295 294 291 292 292 293 293 295 294 295 295 297 302 306 312 317 324 328 332 336 338 340 340 338 335 332 333 333 336 339 338 338 339 338 335 332 329 327 323 318 314 309 306 300 295 289 283 278 275 273 273 273 273 273 274 274 274 273 273 273 272 269 266 265 263 261 260 259 258 258 258 258 258 257 257 258 258 257 257 258 260 260 260 262 261 261 260 260 261 261 261 260 260 261 260 260 259 258 258 259 260 259 259 259 259 257 256 256 256 256 257 254 253 252 250 242 244 245 249 248 249 254 254 257 261 265 270 273 279 289 296 296 291 287 285 284 281 279 277 276 275 274 273 273 272 272 272 270 268 267 267 267 267 265 263 262 260 257 255 254 253 251 249 249 248 247 246 245 245 245 246 246 245 246 246 247 248 250 252 255 257 259 263 266 270 274 278 283 292 299 306 315 323 328 336 339 338 334 331 321 313 306 301 297 293 290 287 285 283 282 283 284 281 276 270 265 262 260 258 256 255 251 248 250 259 264 264 265 266 268 271 275 278 281 286 289 293 297 299 301 303 307 310 313
476 468 461 453 448 444 440 437 434 432 430 424 423 423 424 423 420 418 416 411 407 404 403 402 403 405 407 408 407 406 403 400 397 395 396 399 402 405 412 421 426 429 430 430 430 429 426 421 418 415 411 405 402 398 393 386 380 378 373 369 365 363 359 354 348 342 338 336 335 334 332 331 332 334 335 338 339 338 335 334 333 334 336 341 347 350 347 343 340 337 335 331 328 326 324 321 319 316 313 311 305 304 304 302 302 303 303 303 302 302 302 302 302 326 339 345 349 348 349 348 346 341 337 334 328 326 326 326 326 326 324 322 318 315 312 310 308 306 306 308 299 304 312 315 314 310 307 303 299 296 294 292 292 293 293 293 294 294 293 291 292 291 292 293 293 291 295 297 300 304 308 311 314 318 320 322 322 323 322 322 322 322 322 322 325 326 328 327 324 326 325 324 322 319 316 312 309 305 302 298 294 287 282 277 273 271 271 272 272 272 272 271 271 271 271 270 270 268 267 263 262 260 259 258 259 258 258 258 258 258 258 258 258 257 257 258 259 260 261 260 261 261 260 260 260 260 260 259 260 260 260 260 258 255 258 258 259 260 259 259 259 259 256 256 256 256 256 254 252 252 246 242 243 246 248 248 247 248 251 254 257 261 265 269 273 280 287 289 287 284 283 282 282 280 278 277 277 276 276 275 275 275 275 272 269 268 268 267 267 265 262 262 260 258 255 253 252 251 250 248 248 248 246 246 245 245 246 245 246 246 246 246 247 249 251 253 255 257 259 262 266 269 273 279 285 292 302 311 319 327 334 339 338 334 330 321 312 305 300 295 291 287 283 281 279 278 278 278 277 272 267 262 260 258 256 255 254 248 248 254 264 267 266 266 267 269 272 274 277 281 285 289 291 295 294 298 300 303 305 308
466 461 456 450 447 444 441 438 435 432 430 429 428 429 431 432 429 425 421 418 413 410 408 409 410 414 415 415 413 412 409 406 403 400 399 401 402 402 405 409 418 421 424 425 425 425 422 418 413 410 406 402 399 396 392 386 384 383 382 376 373 370 365 360 353 346 341 337 336 335 333 333 334 335 335 337 338 337 337 336 336 337 340 343 349 350 349 346 343 341 339 336 333 330 328 325 323 320 318 316 313 311 309 307 306 304 303 303 303 302 302 302 301 301 321 329 332 336 338 339 337 333 330 326 323 319 319 318 317 317 316 315 314 312 309 308 306 305 304 307 303 297 305 308 308 306 303 300 297 294 292 291 293 294 294 294 294 292 292 290 290 291 291 292 290 291 294 297 299 301 304 305 307 309 310 312 312 311 312 312 313 315 316 316 317 317 317 317 313 314 313 313 314 312 311 308 306 303 300 296 292 285 280 276 272 270 270 270 270 270 271 270 269 269 268 268 268 267 266 263 262 260 259 258 259 259 258 258 258 258 257 258 258 257 257 259 260 260 260 260 261 260 260 257 256 258 257 258 255 259 256 252 252 252 257 259 259 259 259 259 259 259 259 258 256 257 257 253 252 251 245 241 244 245 246 247 247 247 248 251 253 257 261 265 270 276 281 285 285 284 282 282 282 281 279 278 279 280 279 278 278 278 278 275 272 270 270 268 266 264 263 262 260 257 255 253 252 251 250 248 247 247 247 246 245 245 245 245 246 245 245 246 247 249 250 251 253 255 257 260 262 266 270 274 280 286 297 307 316 324 331 338 338 334 327 321 312 304 298 294 288 284 281 278 276 275 274 273 272 268 264 260 259 257 256 255 253 247 248 258 264 266 267 267 268 270 272 273 277 280 283 287 290 293 294 295 296 300 302 303
457 456 455 449 444 443 440 437 435 434 434 435 433 438 444 442 439 435 430 425 420 416 414 416 417 419 420 420 419 417 414 411 408 406 403 403 402 402 402 403 407 413 415 416 417 417 415 412 406 402 398 396 393 389 386 384 384 384 386 386 382 376 370 365 358 349 344 340 337 334 333 334 336 336 336 339 339 339 339 339 340 342 345 348 352 354 352 350 346 345 343 341 338 334 331 329 327 324 321 320 318 316 313 311 310 309 309 308 304 302 302 302 301 301 300 305 312 318 325 325 326 323 321 318 315 313 313 312 312 311 310 310 309 308 306 306 305 303 302 304 302 297 299 303 304 303 300 297 295 293 291 290 291 295 295 294 291 290 290 290 290 290 290 289 290 290 293 296 298 299 299 300 300 302 303 304 304 304 306 307 309 311 313 314 314 313 313 314 315 313 313 313 313 312 307 306 304 301 297 293 288 284 280 276 272 270 269 269 269 269 270 269 269 267 267 267 266 266 265 263 261 260 260 259 259 259 259 258 258 258 258 257 257 257 257 258 260 260 260 260 260 260 260 253 253 253 252 253 253 253 252 251 251 252 252 259 260 260 260 259 259 259 258 258 258 259 257 255 251 246 244 241 243 243 244 246 245 246 246 247 250 254 259 262 267 272 278 283 283 282 283 282 282 282 281 281 282 283 282 281 281 281 281 278 274 272 271 268 266 264 262 260 259 257 255 253 252 251 250 249 247 246 246 245 245 244 244 245 245 245 245 245 246 247 249 251 252 254 255 257 260 263 267 271 275 281 291 302 311 321 329 336 337 333 325 320 313 305 297 289 285 281 278 275 272 271 271 269 268 266 262 259 257 255 254 255 251 247 251 260 263 265 266 267 268 270 271 272 276 279 281 285 288 289 289 290 292 295 297 299
458 453 450 445 442 440 439 437 437 438 441 445 447 450 452 451 446 443 438 433 428 424 422 423 424 424 424 424 423 421 418 415 413 410 407 405 403 401 400 400 400 402 405 406 406 405 403 401 398 394 391 388 385 383 380 379 378 382 385 388 386 382 375 368 359 351 347 343 338 336 335 336 337 338 339 339 341 343 343 344 345 346 349 354 357 358 357 355 353 350 349 347 343 339 335 333 331 328 326 324 322 320 319 317 315 314 313 311 308 305 303 303 302 301 301 300 300 300 299 308 310 310 306 300 298 300 308 307 307 307 307 305 304 304 303 303 302 300 298 297 298 296 293 297 299 299 297 294 293 291 291 291 289 290 290 290 290 291 291 290 290 290 288 288 289 288 290 294 295 295 295 294 294 295 296 298 299 301 304 304 306 308 311 312 313 312 314 314 314 315 315 313 313 307 304 304 302 298 294 290 288 284 278 276 273 270 269 268 268 268 268 269 268 267 266 265 265 265 264 263 262 261 260 259 259 259 259 258 258 258 258 258 257 257 258 259 260 260 260 260 259 259 259 252 253 253 252 253 252 253 252 252 251 251 250 252 258 259 259 258 258 259 258 258 258 259 255 252 252 247 242 241 243 243 243 245 246 245 245 246 249 252 257 261 266 271 275 281 281 281 284 284 284 285 284 284 285 285 286 286 285 284 284 281 277 274 273 270 267 264 263 260 258 257 255 253 252 251 250 248 247 246 245 245 245 244 244 245 245 245 245 245 246 247 249 250 251 252 253 255 257 260 264 268 272 276 285 299 308 317 327 332 335 331 324 319 315 306 298 289 284 280 277 273 270 268 268 266 264 263 259 256 255 254 254 254 248 246 256 261 263 264 265 267 267 270 271 271 273 277 279 282 284 284 284 285 287 289 292 294
458 454 449 447 444 442 441 442 444 448 452 454 457 459 461 459 456 451 445 441 438 434 431 430 428 429 427 426 424 423 421 419 417 413 410 406 402 400 398 397 396 395 394 394 394 393 391 390 388 385 383 380 378 375 372 371 371 372 377 382 384 382 375 369 359 352 348 343 338 338 338 339 340 341 342 343 346 348 348 349 351 353 355 361 365 365 365 364 362 358 356 354 350 345 341 337 335 333 329 327 325 323 322 321 320 318 315 314 311 308 305 304 302 302 301 301 299 300 300 299 299 299 298 298 298 298 297 298 302 304 303 302 301 300 299 299 298 297 293 294 293 292 293 292 291 292 291 292 290 290 291 291 290 290 289 289 288 289 288 287 288 288 288 288 287 288 287 290 292 291 292 292 291 291 292 294 295 296 298 301 303 306 309 310 310 311 313 313 314 314 313 313 311 306 304 302 300 296 292 288 285 282 278 274 273 271 270 268 268 267 267 267 267 266 264 264 264 264 263 262 261 260 259 258 257 257 256 258 259 258 258 259 258 257 259 260 259 259 259 259 259 259 255 253 253 253 252 252 252 252 252 251 251 251 251 250 251 252 257 258 258 259 258 258 258 257 253 252 251 245 243 242 242 242 242 243 245 245 245 244 246 251 255 259 264 268 272 277 278 280 283 286 287 287 288 288 288 290 291 292 290 288 286 283 279 276 274 272 268 266 264 261 259 257 255 253 252 251 250 248 247 245 245 245 244 243 243 245 245 245 245 245 245 247 248 249 250 251 252 254 256 257 261 265 268 273 280 294 305 313 323 327 330 330 323 318 313 306 298 290 284 279 276 273 270 266 265 264 262 261 258 256 254 253 251 251 245 248 260 263 263 264 264 266 266 268 269 269 271 274 277 279 280 281 281 282 283 285 287 290
457 454 451 449 447 446 446 448 453 456 460 463 466 467 467 467 466 462 457 452 446 442 440 438 437 433 431 429 426 425 423 422 419 416 412 408 404 400 397 395 393 391 389 387 386 386 385 383 381 380 378 374 373 370 367 366 364 363 364 369 376 374 369 366 358 350 346 342 340 341 343 343 344 345 347 349 352 353 354 356 357 360 363 368 372 374 376 368 373 370 365 362 358 352 346 342 339 337 333 331 328 326 325 324 323 320 318 315 312 309 307 306 303 302 301 301 300 300 300 300 299 299 298 297 298 298 297 297 296 297 300 297 298 296 295 294 294 294 294 293 293 293 293 293 292 292 292 292 291 291 291 291 290 291 290 290 289 289 288 288 288 287 288 287 288 288 287 287 286 287 290 288 288 288 288 290 291 292 294 296 300 301 300 306 308 308 310 312 311 310 311 310 307 304 303 302 300 297 293 288 284 280 277 275 272 271 269 268 267 266 265 265 265 264 264 262 263 263 262 260 258 258 258 258 258 258 258 257 257 258 258 259 259 256 259 259 259 258 258 255 253 253 254 253 253 253 253 253 252 253 251 251 251 251 251 250 251 250 252 254 253 255 256 258 258 257 252 251 251 248 243 243 241 241 242 243 242 243 244 244 244 250 253 257 260 265 269 273 277 279 283 288 290 290 291 292 293 295 300 304 299 293 289 285 282 278 276 273 270 268 265 262 260 257 255 254 252 251 250 248 247 246 245 244 244 243 244 244 244 244 244 245 245 246 247 249 249 250 251 253 255 256 258 261 263 268 275 289 300 309 316 322 325 327 322 316 312 307 300 292 284 279 275 272 268 266 263 261 260 258 256 255 253 251 251 246 245 255 262 264 264 264 264 265 266 266 267 267 269 271 274 277 277 277 277 277 279 281 283 285
456 455 454 453 451 451 453 456 460 463 468 471 474 475 476 475 475 473 470 465 459 454 449 446 444 441 437 433 430 427 424 422 420 417 413 409 405 401 398 394 391 389 387 385 384 383 383 381 379 377 376 373 370 367 366 364 362 360 360 360 362 362 360 357 355 350 344 341 345 346 348 348 349 350 352 355 357 359 361 363 366 370 376 380 385 389 391 389 385 381 374 370 366 360 352 348 344 341 337 333 331 329 327 326 324 322 319 316 312 310 309 309 307 304 301 300 301 300 299 300 299 299 299 299 298 298 297 297 297 296 296 296 295 295 295 294 294 294 293 294 293 293 293 293 292 292 292 292 291 291 291 291 291 290 290 290 289 289 288 288 288 288 287 287 287 287 288 287 285 286 286 286 285 285 284 286 287 289 291 293 297 300 299 301 305 306 308 309 309 308 307 306 304 303 302 301 300 297 294 289 283 279 276 273 271 270 268 268 266 265 264 263 264 264 263 263 262 262 258 259 259 259 258 258 257 257 258 257 257 259 259 259 259 259 259 257 254 256 253 253 253 253 253 254 253 253 252 252 252 252 252 251 251 251 251 251 250 250 250 251 250 251 251 252 251 253 252 252 252 251 248 243 242 240 241 242 242 242 243 242 243 246 250 253 257 261 266 271 275 279 283 287 291 293 295 297 299 305 313 319 309 300 293 289 286 282 278 276 273 271 268 264 260 258 255 253 251 250 250 248 247 245 245 244 243 243 243 243 244 245 245 245 245 246 246 247 249 250 251 252 253 254 256 258 259 264 272 284 294 303 310 315 318 321 320 314 311 307 300 293 285 280 275 272 269 265 261 260 258 257 255 253 251 250 249 244 244 256 262 264 264 264 263 264 265 265 265 265 267 269 271 274 275 273 273 274 276 278 279 282
457 456 455 456 456 456 458 461 465 471 475 478 481 484 485 486 487 485 482 477 471 465 459 455 451 447 443 439 434 430 427 423 421 418 414 410 406 402 399 396 392 388 387 385 382 381 379 378 377 375 373 371 368 365 363 361 359 358 356 357 358 356 354 353 349 346 346 348 349 351 353 354 354 355 359 360 363 366 369 372 376 382 387 393 398 402 405 403 398 392 384 383 378 370 360 353 349 345 341 337 334 331 330 328 325 322 320 317 313 314 313 313 311 308 305 301 300 300 299 299 299 299 299 299 298 298 297 297 296 297 296 296 296 295 295 295 294 294 294 294 293 293 293 292 292 292 291 291 292 294 294 296 296 291 290 290 289 289 289 288 288 287 287 286 290 295 289 286 286 286 285 285 285 285 283 285 288 289 290 291 292 297 297 298 301 304 305 307 306 305 304 303 301 300 299 301 300 298 294 290 285 278 275 272 270 269 268 267 266 264 263 263 262 262 262 261 259 259 260 259 259 259 258 258 258 258 257 257 260 260 261 259 259 259 257 255 254 255 254 254 254 254 254 254 253 253 253 252 252 251 251 251 251 251 250 250 250 250 250 250 250 250 250 249 250 249 251 252 252 251 251 246 243 241 240 242 241 241 243 243 242 245 249 253 257 262 269 274 277 279 283 288 292 296 299 302 306 315 322 323 316 306 298 293 289 285 281 277 276 273 269 264 261 256 255 253 251 250 250 247 247 246 245 244 244 243 242 243 244 245 245 245 246 246 247 247 248 249 250 250 252 253 254 256 257 260 269 280 289 298 303 308 312 315 316 313 308 305 300 294 288 281 277 273 269 266 262 259 256 255 253 252 249 249 247 243 245 256 263 265 264 263 263 263 263 263 263 264 265 267 270 271 272 270 270 272 274 277 278 279
457 458 458 458 459 461 463 466 471 478 482 485 488 492 495 497 496 496 495 490 484 478 471 464 460 454 449 444 439 435 430 426 422 418 415 411 407 403 399 396 393 390 388 385 382 379 378 377 376 373 370 369 369 368 366 363 361 360 358 356 353 351 351 349 347 350 352 355 356 359 360 360 361 362 365 368 371 374 379 383 389 392 400 404 407 412 416 417 414 408 400 395 390 382 372 362 356 350 345 341 338 334 331 329 327 324 321 320 319 319 319 318 316 313 311 306 300 300 299 299 299 298 299 298 298 297 297 297 297 296 295 295 296 295 295 294 294 294 294 293 293 293 294 302 302 303 302 301 299 297 297 299 300 297 296 296 291 289 289 288 288 294 300 300 302 300 296 290 286 286 286 287 287 287 283 287 288 289 289 290 291 292 294 296 299 301 303 303 303 302 301 300 299 297 296 297 299 297 294 290 285 277 273 270 270 268 267 266 265 265 263 262 261 260 260 260 259 260 259 259 259 258 259 259 259 258 257 258 259 260 260 260 260 259 259 258 258 256 255 254 254 254 254 253 253 253 253 252 252 252 252 251 252 251 251 251 251 251 251 250 250 249 250 249 250 250 249 251 251 251 251 250 244 242 241 241 241 241 242 242 242 245 249 253 257 261 271 277 283 282 285 289 293 297 301 306 311 323 328 326 319 312 302 296 293 290 283 280 277 273 269 265 261 258 256 255 251 250 248 248 247 246 245 245 244 243 242 242 243 244 244 245 245 246 246 247 247 248 249 250 251 252 253 254 254 257 263 276 284 291 295 299 304 308 311 310 306 303 300 295 289 283 278 274 270 266 263 259 258 255 251 249 247 249 247 243 244 252 259 264 262 262 261 261 261 261 261 262 264 266 268 269 269 268 268 270 272 275 276 276
457 458 461 462 463 465 468 471 478 483 489 493 498 502 503 504 504 506 506 502 497 490 483 475 469 462 455 449 443 439 434 430 424 420 416 412 408 404 401 397 394 392 390 387 385 381 379 376 376 375 374 373 373 372 371 368 365 362 360 357 355 352 352 353 355 356 360 362 366 368 368 368 368 370 372 376 381 385 391 396 403 408 412 415 418 424 426 427 426 420 413 406 401 395 382 373 363 356 349 345 342 338 334 331 329 325 319 323 322 323 323 322 321 319 318 314 310 307 303 303 301 298 298 298 297 297 297 297 297 296 296 294 297 297 297 296 299 300 296 294 296 296 302 305 306 306 305 305 304 302 301 302 302 301 300 302 301 300 302 302 307 309 310 310 306 302 297 291 287 286 285 285 285 285 283 287 288 288 288 290 292 293 293 295 299 300 302 302 302 301 301 299 299 298 298 293 291 292 291 285 279 275 273 270 269 267 267 266 266 264 263 262 260 260 260 260 259 260 259 259 259 260 260 261 261 261 259 256 258 259 260 260 260 259 258 258 258 257 255 254 254 256 254 254 254 253 253 253 253 253 252 252 251 252 251 251 250 250 250 250 250 249 250 250 250 250 249 254 252 251 250 248 246 242 241 241 240 241 241 241 241 245 250 253 258 263 269 276 282 286 288 290 295 299 305 307 318 331 333 328 323 315 305 299 295 291 285 281 278 273 269 264 262 259 257 255 253 250 248 247 247 247 245 245 244 243 242 242 242 244 244 244 245 246 246 246 246 248 248 249 249 250 251 252 253 255 259 270 278 283 287 291 296 302 305 306 304 301 298 295 290 285 281 276 272 268 264 260 258 255 252 249 246 247 245 242 242 250 252 259 260 259 259 258 258 258 260 261 262 265 266 266 266 266 267 269 271 273 273 274
456 458 460 462 465 466 468 472 479 484 491 496 502 507 509 508 509 511 513 512 507 501 493 485 478 470 462 456 448 443 438 433 428 422 418 413 409 406 402 398 395 392 391 389 386 383 381 378 378 377 377 377 378 376 373 370 366 364 361 359 356 354 356 358 359 362 366 373 377 378 376 376 377 378 381 385 390 397 405 412 418 421 423 426 428 432 437 438 433 428 424 415 407 400 393 384 375 365 354 349 345 341 337 333 330 324 327 327 327 327 326 326 325 324 323 319 317 313 310 308 305 303 302 298 298 297 296 296 298 299 301 304 307 306 304 301 302 304 303 303 303 305 305 308 309 309 307 307 307 306 305 305 305 305 304 306 307 310 316 319 320 319 318 313 308 301 297 293 289 285 284 285 285 284 283 284 286 287 288 290 292 293 293 295 298 301 303 304 304 304 303 302 302 298 296 294 294 291 286 282 279 275 271 268 267 267 267 267 266 266 264 261 260 261 260 259 258 260 260 259 259 261 262 263 263 262 261 259 255 254 258 260 259 258 258 258 258 257 256 255 253 253 253 252 253 252 252 252 252 251 251 251 252 251 251 250 251 250 250 249 250 250 250 250 253 256 256 257 256 254 252 251 250 247 243 241 240 240 240 240 240 245 250 254 259 263 269 275 282 285 287 290 295 300 304 309 315 326 330 328 330 315 306 301 297 293 286 283 278 274 270 267 263 260 258 257 254 251 249 247 247 246 245 244 243 243 242 242 242 242 244 244 245 246 246 246 246 247 247 248 248 249 249 250 252 253 256 263 271 275 280 284 289 295 300 302 302 299 298 294 292 288 284 279 274 271 266 262 260 258 254 251 250 248 244 242 242 248 250 252 256 256 255 255 254 255 258 260 261 263 263 263 263 264 266 268 270 273 270 273
454 456 459 461 462 463 465 468 475 480 487 494 501 505 508 509 510 510 512 513 513 510 501 494 486 477 470 463 455 448 443 437 431 426 420 414 410 407 403 399 398 395 392 389 387 383 381 380 380 382 383 383 381 380 376 373 370 367 362 360 357 357 359 362 366 370 375 383 388 388 386 385 385 387 389 394 403 412 418 425 430 434 436 437 439 442 442 445 444 439 433 427 417 407 398 391 382 374 364 354 348 344 339 336 328 329 332 333 333 331 330 329 330 329 326 323 321 317 315 312 310 306 303 299 298 297 297 307 307 309 312 314 316 314 310 305 307 308 308 308 307 309 310 311 312 312 312 311 311 311 310 310 310 310 310 312 315 321 327 331 330 327 322 317 310 302 296 293 289 288 289 285 284 284 283 284 285 286 287 290 293 294 295 297 300 302 305 306 306 308 304 304 304 300 297 294 293 291 288 284 279 275 271 268 266 266 266 266 266 264 262 261 261 261 261 260 260 260 260 260 259 262 263 263 263 263 261 260 258 258 258 253 255 257 257 256 258 257 252 252 254 254 254 253 253 253 253 252 252 252 252 252 250 252 251 251 254 254 251 249 250 250 253 257 258 256 256 253 252 252 255 251 250 249 248 245 242 240 240 240 240 244 249 254 259 263 268 274 280 284 287 291 295 301 304 308 313 322 325 325 325 316 308 302 298 294 287 283 280 276 271 267 264 261 259 257 254 252 249 246 246 245 244 243 242 242 241 241 241 241 243 244 244 246 246 246 245 246 246 246 247 248 248 249 250 252 254 258 265 270 274 278 283 289 294 299 301 300 299 296 293 290 286 282 278 274 270 265 262 260 257 253 251 249 247 241 241 246 249 249 251 252 251 251 252 253 256 258 260 261 261 261 262 263 264 267 269 267 271 274
453 455 455 457 457 458 459 462 468 472 479 486 493 498 501 503 505 506 506 509 509 510 507 501 491 483 475 468 461 454 448 441 434 428 422 416 411 407 404 401 399 396 392 390 386 384 384 384 386 388 389 387 385 382 379 376 374 370 366 362 358 360 363 368 373 379 383 391 396 397 396 394 394 395 398 404 414 423 431 435 442 447 449 448 449 450 451 452 451 446 440 433 422 411 401 394 387 379 371 360 352 346 342 338 331 335 338 340 341 339 338 336 335 334 333 329 324 321 319 317 313 309 301 300 298 310 311 315 316 319 323 324 322 319 315 311 311 313 313 314 314 314 315 317 317 317 317 315 315 316 316 316 316 316 317 319 324 330 336 338 336 332 328 321 313 304 298 293 290 290 290 288 285 285 283 284 284 285 287 290 293 295 298 300 302 305 306 308 309 309 308 306 306 303 299 296 294 292 289 284 278 274 269 267 266 265 265 267 265 263 261 261 261 260 259 261 260 260 261 260 260 262 263 264 264 263 262 261 259 261 259 259 258 257 253 255 255 253 255 254 254 254 253 253 253 253 253 252 253 253 253 251 251 252 251 251 251 252 252 249 249 249 250 251 253 254 252 244 243 243 244 245 244 245 246 248 248 240 239 240 240 243 248 254 259 263 269 275 281 285 288 294 298 300 304 308 311 316 318 320 320 314 308 303 299 294 289 285 281 276 272 268 265 262 259 256 253 250 248 246 245 245 243 242 242 241 241 241 241 241 242 243 245 246 246 245 245 245 246 246 246 247 247 248 249 250 252 255 260 266 269 272 277 282 290 295 299 301 300 298 295 293 290 285 281 277 273 269 265 262 259 255 253 249 245 241 240 240 246 246 247 247 248 249 250 252 255 255 257 256 256 258 258 261 263 265 266 271 275 279
452 452 452 453 452 453 454 455 458 461 466 476 482 487 491 495 497 498 500 502 503 504 504 502 494 485 479 473 465 459 452 447 440 430 424 418 413 408 405 402 400 397 393 389 386 387 387 389 392 393 394 391 389 386 382 382 377 374 370 363 361 363 368 375 381 386 395 399 403 403 403 403 403 403 406 411 420 430 438 444 450 454 457 459 458 456 455 455 452 447 440 433 422 411 401 395 388 380 373 365 355 348 344 333 340 344 348 349 349 348 347 344 342 341 338 333 328 324 321 320 317 312 308 307 311 315 317 322 328 330 332 333 329 325 318 312 316 319 320 320 320 321 322 323 324 324 323 322 321 322 323 323 323 324 325 327 332 342 345 343 340 335 329 322 314 307 301 296 293 290 289 289 287 285 282 284 284 284 288 291 294 298 300 302 305 307 309 310 312 313 312 310 306 303 300 298 294 292 290 285 278 272 268 266 265 266 265 264 263 262 261 261 260 260 261 260 260 261 260 260 260 261 263 264 264 264 264 262 263 261 261 261 262 261 260 258 257 257 257 256 254 254 254 253 253 253 253 253 253 253 253 252 252 251 252 249 249 250 250 249 249 250 249 248 247 248 248 247 248 247 246 245 244 243 242 247 248 241 239 240 239 243 250 257 262 265 271 277 282 286 291 298 303 301 304 308 310 312 314 317 317 314 309 304 299 293 290 286 281 277 272 268 265 262 259 256 254 251 249 248 245 244 243 242 241 241 241 240 241 241 242 243 244 246 245 245 245 245 245 245 245 246 246 246 247 249 250 253 258 263 266 271 274 280 286 293 299 303 302 300 298 296 293 290 285 280 276 272 268 264 261 257 254 250 247 243 240 239 242 243 244 244 245 246 248 250 252 252 253 255 257 259 260 262 265 269 271 274 280 282
451 450 450 449 448 448 448 448 449 451 452 459 467 472 477 483 487 489 493 495 496 496 496 495 490 483 480 475 468 461 454 450 442 429 422 417 414 410 407 403 400 397 393 389 389 390 391 394 397 398 397 395 392 389 385 381 378 376 371 364 362 368 375 382 387 395 403 410 412 410 410 410 412 413 414 417 423 431 441 448 453 457 462 462 460 455 453 450 447 443 436 429 418 408 398 391 384 379 372 365 358 350 345 342 346 353 359 359 358 357 355 353 351 348 344 339 333 327 323 321 319 316 309 312 315 320 323 328 332 336 340 339 334 330 322 317 322 325 327 328 328 330 332 332 331 331 330 329 330 330 329 330 331 331 332 335 341 350 351 347 342 337 330 321 313 308 303 299 295 292 289 288 286 285 284 282 283 284 287 291 294 299 302 305 308 309 312 313 315 315 315 313 310 306 303 299 296 293 288 282 275 271 267 265 264 264 263 263 263 261 261 260 261 261 261 261 260 260 260 260 260 262 263 264 265 264 265 265 265 264 263 264 265 265 262 261 260 260 258 257 255 254 254 254 254 253 253 253 253 253 253 253 252 252 251 251 250 251 249 249 251 251 251 252 253 254 253 252 252 250 248 246 245 245 242 244 248 242 240 239 240 247 253 258 263 268 274 280 284 286 291 297 303 302 304 308 311 312 313 315 316 313 309 305 301 297 294 288 283 277 274 269 265 262 259 256 254 251 249 247 245 244 242 241 241 241 241 240 241 241 241 241 244 244 244 244 244 243 244 243 245 245 246 246 246 248 249 252 256 261 264 269 273 279 286 292 299 304 304 303 300 298 295 292 289 284 279 275 270 267 261 258 255 251 247 244 240 239 239 241 242 242 244 247 250 253 257 257 258 259 261 263 264 265 268 270 274 277 281 283
450 449 447 445 444 443 442 441 442 444 445 447 451 457 463 469 473 479 484 488 489 489 488 486 484 480 477 475 469 463 453 449 446 440 431 423 418 413 409 404 399 395 393 392 393 394 396 399 401 402 400 398 395 391 388 383 379 375 370 366 366 374 381 386 395 405 414 421 424 420 417 416 417 417 418 421 424 430 438 445 451 455 458 460 456 452 448 444 441 437 431 423 411 403 393 385 379 375 369 364 357 350 342 347 353 363 370 373 373 372 368 362 359 354 350 345 338 331 325 323 320 312 316 317 319 324 329 334 339 344 345 342 338 333 324 322 328 332 334 336 336 339 343 342 341 340 339 339 338 338 338 337 339 340 342 346 351 356 354 349 343 337 329 319 312 307 304 298 295 292 289 287 285 284 284 281 282 284 287 290 294 299 303 307 310 312 314 317 318 319 319 316 312 309 305 300 297 293 287 280 274 270 266 264 263 263 263 262 262 261 261 262 261 261 261 261 261 261 261 260 260 261 262 263 265 265 266 267 269 269 268 267 267 267 266 264 263 262 261 258 257 256 254 254 254 254 254 254 254 254 254 253 252 252 252 251 251 251 251 251 251 252 252 253 254 255 253 253 252 250 249 247 246 245 244 241 247 242 239 239 238 248 257 265 268 269 278 282 284 286 290 295 300 302 303 307 311 313 314 316 318 316 311 307 304 300 294 288 286 281 275 270 265 262 259 256 254 251 249 247 245 244 242 241 241 241 240 240 241 241 241 241 242 243 244 243 243 242 242 244 245 244 245 246 245 247 249 251 255 259 264 267 273 280 287 293 299 305 308 305 302 301 298 295 292 287 282 277 272 267 262 258 255 252 248 245 242 239 238 239 241 242 246 248 251 255 259 261 263 264 265 266 268 270 271 273 275 278 283 286
449 447 445 442 440 438 435 434 434 437 438 440 441 444 449 454 461 468 474 479 483 483 483 480 477 475 473 469 465 458 456 454 449 443 435 428 421 416 410 405 400 396 394 395 398 399 401 403 406 405 404 402 397 394 388 382 378 374 369 368 374 381 389 397 405 414 422 429 430 427 422 421 420 419 419 420 424 426 432 438 444 449 452 454 451 447 442 437 433 428 423 415 406 396 387 381 375 371 366 361 355 347 347 353 361 374 383 387 387 384 380 374 367 360 355 350 343 335 329 325 316 318 322 324 324 328 333 339 345 351 351 346 340 336 328 326 335 339 342 344 345 350 352 352 351 350 350 350 349 348 348 347 348 349 350 354 359 360 355 349 344 337 329 319 311 307 304 298 295 293 291 288 286 283 284 282 282 283 287 290 294 299 304 308 311 314 316 320 321 321 321 318 314 310 306 302 298 293 286 279 275 270 266 264 263 263 263 263 261 262 262 262 262 262 261 261 261 261 261 261 260 261 262 263 265 268 270 270 271 274 274 271 270 270 269 267 266 265 262 260 257 257 256 255 253 254 255 255 255 255 255 254 253 253 253 252 252 251 251 252 253 253 253 254 255 255 253 252 251 249 248 247 245 244 242 240 248 243 239 238 239 252 262 270 272 272 277 280 282 287 289 294 300 302 304 307 312 317 320 320 321 319 315 311 308 304 299 293 287 282 277 271 266 263 259 256 253 251 249 247 245 243 242 241 240 240 240 240 240 241 240 240 240 242 243 243 243 242 242 242 243 244 244 244 245 246 249 251 254 259 263 268 274 281 287 293 299 305 305 306 304 303 299 296 293 289 284 278 273 268 263 258 254 251 248 246 242 239 237 238 240 240 245 247 251 255 260 263 266 268 271 272 272 275 276 277 277 281 287 290
449 445 442 439 435 432 430 429 429 430 432 433 434 437 438 442 448 457 465 470 474 477 477 476 472 469 467 464 462 458 456 453 449 442 437 433 426 418 412 406 399 398 398 401 405 405 406 408 410 410 408 405 401 395 389 382 378 374 370 374 380 388 396 404 412 421 431 434 434 431 427 422 421 420 419 420 421 423 425 430 435 440 444 446 445 442 437 431 425 420 415 408 401 389 382 377 372 367 362 358 352 345 351 358 371 385 396 400 399 396 390 382 374 366 360 353 346 339 332 326 318 323 327 330 330 332 337 343 349 355 355 347 342 338 332 333 341 346 350 352 354 361 363 362 362 363 361 361 360 358 357 357 356 357 358 362 365 360 355 349 344 336 328 318 311 308 303 298 296 294 292 289 287 284 283 282 281 283 286 289 294 299 304 310 314 317 321 325 325 324 323 319 316 312 307 302 298 293 285 280 276 270 267 264 263 263 263 263 262 262 262 262 262 262 262 261 261 261 261 261 261 261 263 264 268 271 273 273 273 275 276 276 275 272 271 271 269 266 264 261 258 257 256 255 253 255 255 255 255 255 254 254 254 254 254 253 253 252 253 253 256 256 256 255 255 257 255 253 251 248 247 247 247 247 245 239 247 241 239 237 242 256 266 274 272 272 274 278 280 284 288 297 301 303 305 308 314 318 327 324 324 322 319 316 313 308 303 299 292 285 277 270 266 262 259 256 253 251 249 247 245 242 241 241 240 240 240 239 239 240 241 240 241 241 242 242 242 241 242 243 243 243 244 245 245 247 248 250 254 258 262 268 275 281 288 293 298 303 308 307 303 302 300 297 294 291 285 280 273 269 262 258 253 250 247 245 242 240 238 238 238 239 243 245 250 255 260 265 268 271 275 277 278 280 281 281 281 284 291 295
448 444 440 436 432 428 425 424 424 425 427 428 429 431 432 435 438 445 455 462 467 470 472 472 469 466 462 460 457 453 451 447 447 444 440 435 430 423 414 407 402 403 404 406 410 412 412 413 414 413 412 409 405 398 391 384 379 376 372 377 387 394 402 409 416 423 431 434 434 432 427 424 422 420 419 418 418 419 418 422 425 429 433 435 436 435 429 423 417 413 408 400 391 383 377 372 367 363 359 354 348 350 356 365 380 395 406 411 410 406 399 390 379 370 363 356 348 341 335 330 321 328 331 334 336 337 340 345 351 356 356 349 343 340 335 338 347 353 357 359 363 371 373 372 372 374 374 371 369 367 367 364 364 365 365 368 368 360 354 349 343 336 328 317 312 308 301 297 294 294 292 289 287 285 283 282 281 282 285 288 293 299 304 312 316 321 325 328 331 330 328 322 317 313 308 302 297 291 285 279 274 268 266 265 263 263 263 263 263 262 262 262 262 262 262 262 262 262 262 262 262 262 263 267 271 278 279 276 276 277 278 279 277 275 273 273 273 268 265 262 258 257 256 254 254 255 255 255 255 255 255 254 254 254 254 254 254 252 254 255 258 259 260 262 260 259 257 254 253 250 250 249 249 251 247 241 247 241 239 239 243 259 270 274 272 272 274 275 278 283 288 295 299 305 305 308 313 319 324 324 325 325 324 322 320 315 308 304 296 289 280 272 267 263 258 255 253 250 248 247 244 243 242 241 240 240 240 240 240 240 240 240 240 241 242 241 241 242 241 242 242 243 244 245 246 247 247 249 252 257 262 269 275 281 287 292 297 302 305 306 302 301 299 297 294 291 286 280 275 270 264 258 253 248 246 244 242 240 238 237 237 238 240 244 248 255 260 265 269 273 278 282 282 284 285 285 285 287 292 298
443 442 438 433 429 425 422 418 419 420 422 423 424 426 426 429 432 439 448 455 461 464 467 467 466 463 459 455 451 447 445 443 443 443 440 437 432 424 417 407 407 409 410 412 415 418 419 418 418 417 415 412 408 402 396 387 382 378 375 381 391 399 405 411 415 421 426 429 430 428 426 424 422 420 418 416 415 415 413 414 416 417 420 423 425 424 421 415 411 407 401 394 385 379 373 367 363 359 355 351 349 352 360 373 389 403 414 421 419 412 405 395 385 375 367 358 350 343 338 333 323 332 336 339 341 344 346 348 353 357 355 350 346 341 336 343 351 357 361 366 371 379 381 382 382 382 383 380 377 374 372 370 370 370 369 370 368 359 353 347 342 336 327 317 311 307 300 296 292 293 292 289 287 285 283 282 279 283 284 287 292 298 304 310 317 322 329 331 334 335 332 326 319 313 307 302 296 292 285 279 274 268 267 265 264 263 263 263 263 263 262 262 262 263 262 263 263 263 262 262 262 263 264 268 274 282 286 281 278 279 280 279 278 276 274 273 272 269 266 262 258 256 255 254 254 255 255 255 255 257 257 255 254 254 254 254 254 253 255 258 261 261 262 265 265 261 260 256 253 252 251 250 249 250 249 239 238 239 239 238 244 259 270 270 269 269 270 272 275 281 285 292 298 303 303 305 309 316 321 324 328 330 328 327 326 323 317 309 302 292 283 274 269 263 260 255 252 250 248 246 244 242 242 241 241 240 240 240 239 239 240 240 240 240 240 241 241 241 241 242 242 242 243 245 246 247 247 249 252 256 261 267 274 280 285 290 295 298 302 302 301 299 297 296 293 291 287 281 275 270 266 260 252 247 245 243 242 239 237 237 236 237 239 242 248 254 261 266 270 275 280 284 285 287 289 289 289 290 294 301
435 433 430 426 423 421 418 415 414 415 417 418 419 421 422 426 429 435 442 449 455 458 461 462 461 459 456 452 449 445 442 439 438 438 438 434 430 423 414 411 414 415 417 420 421 423 424 424 423 422 418 414 410 405 399 392 386 383 379 381 391 398 405 409 413 418 421 422 424 425 424 422 420 419 417 415 414 412 411 410 409 409 410 411 414 414 413 408 406 401 395 388 381 376 370 366 361 358 355 352 350 356 364 378 395 411 422 428 425 417 408 398 389 379 368 359 352 346 340 336 327 337 342 344 347 349 352 354 355 359 358 354 349 344 340 346 353 359 364 369 376 385 388 388 389 390 390 386 382 379 375 372 372 371 369 368 364 357 351 346 341 334 325 316 309 304 300 295 292 291 291 288 287 285 282 281 279 282 284 287 291 297 303 309 317 324 330 335 340 339 335 329 324 316 307 302 296 289 284 280 274 269 267 266 264 262 263 263 263 263 262 263 264 264 263 264 265 264 263 264 263 263 264 267 274 283 287 283 280 279 279 278 277 276 274 273 271 269 265 262 259 257 255 254 255 256 255 255 256 258 258 256 254 254 254 255 255 253 256 259 266 264 264 266 268 266 262 259 257 253 251 250 250 250 248 247 245 240 240 237 239 251 261 265 266 265 266 269 271 277 281 286 296 299 299 300 304 312 320 327 331 335 334 333 336 332 326 316 307 296 285 278 268 264 257 254 252 249 247 246 244 242 241 240 240 240 239 240 240 239 239 239 240 240 241 241 241 241 241 242 242 242 244 245 246 246 247 248 251 255 259 266 272 278 283 287 291 294 298 298 297 295 294 293 292 290 287 282 277 271 266 261 254 247 245 243 241 239 237 236 236 236 238 242 246 253 260 266 271 276 281 285 287 289 291 293 292 293 297 303
427 427 424 421 419 417 414 412 410 410 413 414 415 417 419 422 426 430 436 444 450 453 456 457 456 456 454 451 447 443 439 436 434 431 428 426 424 419 418 421 423 424 424 427 427 427 428 429 428 426 422 417 413 408 402 395 389 387 385 382 388 393 400 405 409 413 416 419 421 422 422 421 421 419 417 415 413 411 408 406 404 404 403 403 403 403 403 401 398 394 390 384 378 374 368 364 361 358 354 352 356 362 369 385 400 418 427 430 426 420 410 399 390 380 369 361 353 348 342 338 330 343 348 350 353 356 359 360 359 360 360 357 354 349 345 346 354 359 365 371 379 389 392 393 394 395 396 393 386 381 376 371 370 369 366 363 359 353 348 342 337 332 323 313 306 301 299 295 291 289 290 287 286 285 283 281 280 281 285 288 291 297 303 309 318 327 332 337 343 341 338 333 325 316 308 300 296 289 284 278 273 269 269 268 264 263 263 263 264 263 263 263 264 264 264 265 267 267 266 266 265 265 265 267 272 280 282 281 279 278 276 275 275 275 275 272 270 267 264 260 258 257 256 255 255 255 256 255 257 259 258 256 255 254 255 255 255 255 256 260 264 265 265 267 270 270 267 261 259 256 254 251 251 251 250 250 245 242 239 239 236 247 254 258 260 261 261 264 267 272 277 282 290 292 291 296 302 309 317 326 332 338 341 342 343 337 331 319 309 298 287 276 269 262 257 254 251 249 247 246 244 242 241 241 240 240 240 239 240 240 239 240 240 240 241 241 241 241 242 241 242 243 244 245 245 245 247 248 250 255 259 264 270 275 280 285 288 291 294 295 294 292 292 292 291 290 287 283 277 271 266 261 255 249 245 243 241 238 236 236 236 236 238 242 245 252 259 266 272 277 282 286 289 291 293 294 295 297 300 305
423 422 420 419 417 413 411 409 405 406 407 410 411 413 415 417 421 425 430 437 445 449 452 453 453 452 451 449 446 441 437 433 430 427 424 422 423 421 425 431 432 434 433 433 435 433 433 432 431 429 426 422 416 410 404 399 395 391 390 388 387 389 393 398 404 409 414 417 420 421 421 421 423 421 420 419 416 411 407 405 400 398 398 397 396 396 395 393 392 389 385 379 375 371 366 363 360 358 354 356 360 367 377 391 406 420 430 432 427 419 411 401 392 382 371 362 354 348 344 336 338 349 353 357 359 363 365 366 364 363 362 360 357 354 350 347 354 360 365 371 381 390 393 394 395 396 389 387 385 378 373 367 365 364 361 358 353 349 344 338 334 329 320 310 305 300 297 294 292 290 290 288 286 284 283 281 280 281 283 288 292 296 302 308 317 325 333 337 344 342 337 332 324 316 307 301 295 289 282 277 273 270 270 268 264 263 264 264 264 264 263 263 264 264 266 270 270 270 269 270 270 269 268 269 271 274 276 276 277 276 272 272 273 274 273 272 269 265 262 260 258 257 256 256 255 255 256 256 258 259 260 258 255 255 255 255 255 256 257 259 263 266 266 267 272 273 271 264 261 257 256 254 253 253 252 250 245 242 240 239 237 246 250 254 257 257 257 260 263 267 272 277 284 286 288 293 298 306 314 324 331 337 345 347 350 344 332 321 311 300 288 276 266 261 256 253 251 249 247 246 244 242 242 241 241 240 240 240 240 240 240 240 239 239 240 241 241 241 241 241 241 243 243 244 245 245 246 248 249 254 257 262 267 272 277 281 284 287 290 290 288 289 289 290 290 289 287 283 277 270 265 261 256 251 247 244 241 238 237 235 235 235 238 241 245 251 259 265 270 277 282 286 289 292 294 296 298 300 302 308
419 419 417 415 413 410 408 407 403 402 403 406 407 408 410 414 418 421 424 431 439 445 448 448 449 448 447 446 443 440 437 432 429 425 423 422 424 427 433 439 443 445 444 442 442 440 438 436 435 433 430 427 421 414 408 403 400 397 396 395 397 396 395 396 400 405 411 418 421 422 423 423 424 425 424 423 419 414 408 404 398 395 394 393 391 390 389 387 386 384 381 377 372 369 366 362 359 357 358 361 368 374 385 396 411 423 432 433 427 419 410 402 393 383 372 364 355 349 344 335 345 353 357 361 365 368 371 372 369 366 364 363 361 358 356 351 356 362 366 371 381 390 393 395 395 395 391 387 381 375 369 363 360 358 354 351 348 343 338 333 329 324 316 312 305 300 297 294 292 290 289 289 287 284 282 281 280 281 282 287 291 296 303 309 318 324 331 337 343 344 338 332 325 317 306 299 293 287 281 276 271 270 270 268 264 263 264 264 264 263 263 263 263 266 267 273 272 272 275 276 277 276 275 273 273 272 272 272 272 272 271 270 271 271 270 269 267 265 263 261 259 258 257 256 255 255 255 256 258 260 260 259 257 256 256 256 256 257 257 259 262 265 266 268 273 275 273 266 264 259 257 255 254 254 254 252 247 242 239 238 237 242 248 251 254 254 255 255 259 263 269 275 279 282 285 289 295 302 311 320 328 338 344 347 352 346 332 321 311 299 287 274 265 260 257 253 250 249 247 245 243 242 241 241 241 240 241 240 240 240 241 240 239 239 239 240 240 240 240 241 242 241 242 243 244 245 246 247 250 253 256 261 265 269 274 278 281 283 286 286 284 285 286 287 288 287 287 283 277 271 266 260 256 251 248 244 242 239 236 235 235 235 238 241 245 251 258 263 268 274 281 285 289 294 296 298 299 301 306 312
414 415 414 412 410 408 406 405 402 399 400 402 403 404 407 411 415 418 422 426 433 439 442 443 443 444 443 442 440 439 436 432 428 426 424 424 426 430 436 441 451 454 455 454 451 447 445 442 439 437 434 431 425 419 413 409 407 404 404 402 404 404 403 402 401 407 413 419 422 424 426 427 427 429 430 427 422 417 411 405 401 395 391 389 387 386 383 383 381 380 377 374 370 367 363 361 359 358 362 367 375 383 390 402 414 425 432 432 426 418 411 402 393 383 373 364 356 350 345 336 349 355 360 365 369 375 377 377 375 371 368 366 364 362 360 356 356 363 367 372 380 389 394 395 395 393 387 382 376 370 364 358 354 349 346 344 341 337 333 328 325 320 313 309 304 300 297 294 292 290 290 290 287 285 283 281 280 280 281 285 291 297 304 311 318 325 331 336 342 342 337 333 325 315 305 298 293 286 280 274 271 271 270 266 264 263 264 264 264 263 263 263 266 267 271 274 277 279 284 285 285 285 283 280 278 275 273 271 269 269 269 267 268 268 268 266 266 264 263 261 258 257 256 256 255 255 256 257 259 261 261 260 260 259 257 257 258 258 257 260 262 265 267 269 272 275 273 268 264 261 257 256 255 255 254 252 249 245 240 238 237 238 246 250 250 251 252 253 255 259 264 269 273 277 282 286 290 300 307 316 325 333 339 344 349 346 334 323 311 297 286 273 265 260 256 252 250 248 247 245 243 242 241 241 241 241 242 240 240 240 240 241 240 239 239 239 240 240 240 241 241 240 241 242 243 244 246 247 250 253 257 259 263 267 271 275 277 280 283 283 283 282 283 284 286 287 286 282 277 270 264 260 256 251 248 244 241 238 235 234 234 235 236 241 244 250 256 261 266 272 280 284 288 294 298 300 301 304 307 313
408 410 411 410 409 407 405 402 400 396 396 397 399 402 407 411 415 418 420 424 428 434 436 437 437 438 439 438 438 436 435 434 430 429 428 429 430 431 438 448 457 463 466 465 462 457 452 448 443 440 438 434 430 424 419 416 414 414 413 412 412 411 410 408 406 410 415 420 423 426 427 427 430 432 434 430 425 419 414 409 403 398 394 389 386 383 382 380 378 376 374 372 370 366 363 361 359 362 367 373 380 387 395 405 415 425 429 428 423 417 409 400 392 382 373 365 358 352 347 339 351 357 362 367 372 379 382 383 380 376 371 369 368 367 365 363 363 365 369 373 380 390 396 396 394 389 383 378 371 364 357 352 347 343 338 336 333 329 323 320 317 311 307 304 301 299 296 293 293 291 290 290 288 286 284 282 280 280 281 282 290 297 304 310 317 324 330 335 339 340 337 330 321 310 302 296 290 285 279 274 273 271 269 265 265 264 264 264 264 263 264 264 266 269 274 277 282 288 296 296 294 294 292 287 284 279 276 272 269 268 267 266 266 265 265 265 263 263 262 260 258 257 256 256 256 257 257 258 260 262 262 262 261 261 260 258 258 258 259 261 263 267 269 270 273 275 273 269 265 263 261 259 257 256 255 253 250 247 241 238 238 236 242 245 248 249 251 253 254 258 263 267 271 273 278 283 288 296 304 313 322 328 334 339 344 344 334 322 309 294 283 272 264 259 255 252 250 248 246 245 244 243 242 241 242 242 241 240 241 241 240 240 239 239 239 239 239 240 240 240 240 240 241 241 243 244 245 247 250 254 257 260 263 266 269 273 275 278 279 280 281 281 281 283 285 287 286 281 276 269 264 260 255 250 247 243 241 237 235 233 234 234 236 240 245 250 255 260 266 272 279 284 288 294 299 301 303 304 310 316
403 406 406 407 406 404 402 400 398 395 394 395 401 406 410 413 416 419 423 426 428 431 433 433 434 435 436 436 435 435 434 433 433 434 435 435 435 436 438 444 455 465 471 475 473 468 463 454 450 445 442 438 434 430 426 423 423 423 423 422 420 418 416 415 414 413 418 421 425 428 429 430 432 434 434 431 426 421 416 412 407 403 398 392 389 386 381 378 377 375 373 371 368 364 362 361 361 363 369 376 383 390 398 405 415 423 426 425 421 415 408 399 391 384 374 366 360 354 349 343 350 358 364 370 375 383 386 387 385 381 376 373 373 372 370 369 369 368 371 374 380 391 396 396 393 387 379 373 368 361 353 347 342 340 335 332 328 324 323 320 318 315 309 304 301 298 296 294 292 291 290 290 288 286 284 282 280 279 281 282 287 296 303 308 314 321 328 330 335 336 334 325 317 306 300 292 288 283 278 272 271 270 269 265 265 263 265 265 264 264 265 266 269 274 277 280 288 295 301 304 302 303 308 298 290 283 279 275 271 267 265 265 264 264 263 263 262 262 261 260 258 257 256 256 257 257 258 260 261 262 263 263 263 261 260 259 259 259 259 261 264 268 269 274 276 276 273 271 267 264 261 259 257 255 255 253 249 247 242 238 237 236 239 243 245 248 249 251 253 257 261 265 268 270 275 280 285 292 301 310 317 323 328 333 337 334 328 319 306 293 283 271 265 259 254 252 249 247 246 245 244 243 242 241 242 242 241 241 241 240 239 240 240 240 239 238 238 238 239 239 240 240 240 241 242 244 246 248 250 254 257 259 264 267 270 273 274 275 277 277 277 277 278 280 283 287 286 281 276 269 264 259 254 250 246 243 240 238 236 233 233 234 237 241 244 248 253 259 265 271 277 283 288 294 299 302 304 306 312 317
400 403 404 404 404 402 400 398 395 393 393 396 403 408 413 416 419 423 426 429 431 433 434 434 433 433 433 433 433 434 434 433 433 434 435 437 437 438 440 444 448 458 469 475 479 475 470 463 456 451 447 442 439 436 434 432 432 432 433 433 430 424 422 421 421 419 420 425 428 431 432 433 435 437 435 433 429 425 420 415 411 407 403 397 393 388 384 380 376 374 372 369 367 365 364 362 361 363 369 378 385 392 400 407 415 422 424 423 419 413 407 399 391 385 376 368 362 356 352 347 348 357 365 372 378 386 391 393 390 386 381 377 377 378 376 374 374 372 374 377 382 390 395 395 391 386 379 371 363 357 350 343 340 338 335 331 331 332 331 330 327 322 314 310 304 299 295 293 292 291 291 291 289 287 285 282 280 279 280 281 286 293 299 305 312 316 321 327 330 331 332 321 310 303 296 290 286 282 277 272 269 267 267 266 265 264 265 265 265 265 266 267 273 276 279 284 292 300 307 309 310 308 308 302 295 287 282 277 272 268 266 265 264 264 263 262 262 262 261 260 258 257 256 257 257 258 259 260 261 262 263 264 264 263 261 260 259 260 260 263 267 269 272 275 275 276 275 272 267 264 262 260 257 256 255 252 249 246 243 238 237 236 237 240 243 248 250 251 253 255 258 261 264 266 271 276 281 288 296 305 312 319 323 329 329 326 321 315 304 292 283 272 263 259 254 252 250 248 246 245 244 243 242 242 243 242 241 241 240 240 240 240 240 240 239 239 238 238 240 239 240 240 241 241 242 244 246 248 250 254 258 260 264 268 271 272 275 274 272 273 274 274 275 278 281 284 285 280 275 269 262 258 253 249 245 242 240 238 236 232 233 234 237 241 245 248 253 258 264 270 275 283 288 295 300 304 306 309 313 318
399 402 404 404 402 400 398 396 394 391 391 398 405 410 415 418 422 426 429 432 434 435 436 435 434 433 432 431 432 431 432 432 432 433 434 434 435 438 441 444 446 450 458 468 473 475 475 469 463 456 452 448 444 442 440 440 440 441 443 442 439 433 429 427 425 424 423 426 431 434 435 438 439 441 439 436 432 428 424 420 415 412 408 402 396 392 388 383 379 375 373 370 369 367 366 364 363 363 367 377 385 392 401 408 416 423 425 423 418 413 406 399 393 386 378 371 365 361 355 351 347 354 365 372 379 387 393 397 394 390 385 381 382 383 381 380 378 377 379 381 384 391 395 395 391 385 377 368 360 354 347 342 339 337 335 333 336 337 337 337 336 329 320 316 311 304 296 292 292 293 293 293 290 287 286 282 279 279 280 280 283 290 297 302 307 313 316 322 326 328 325 315 306 301 295 290 284 280 275 272 269 267 266 266 265 264 266 265 265 265 267 269 275 280 282 290 301 308 313 317 319 315 311 304 298 291 284 278 273 270 268 266 265 264 263 263 262 260 260 259 258 257 257 257 258 258 259 260 261 262 264 264 265 265 263 261 260 261 261 264 269 273 275 276 276 277 276 273 270 266 263 261 259 258 257 254 250 248 245 239 236 237 235 239 243 248 249 250 252 255 257 259 261 264 267 272 277 284 291 299 306 312 317 320 320 319 314 306 298 290 279 271 264 259 254 252 251 249 246 245 244 243 243 243 242 242 241 240 240 241 240 240 240 240 239 239 238 238 238 239 240 240 240 241 242 245 246 248 250 254 258 261 264 267 270 273 273 273 270 268 270 270 272 274 278 281 282 280 276 269 262 258 252 248 245 243 240 238 236 233 232 233 237 241 244 249 254 258 264 271 274 281 288 294 299 304 307 311 313 318
396 401 403 404 401 399 397 395 392 388 391 396 405 411 414 418 423 430 434 436 436 437 437 437 435 433 431 429 429 429 430 430 430 431 432 433 434 436 439 443 444 447 450 456 461 468 471 470 466 461 457 453 450 449 447 447 448 448 449 449 446 441 437 433 431 429 427 427 430 435 439 442 445 447 448 445 439 434 429 425 421 418 413 408 401 396 391 387 383 379 376 373 371 369 368 367 366 365 368 374 383 391 399 407 415 424 430 428 419 412 406 400 395 389 382 375 368 364 360 356 352 350 361 371 378 385 391 395 395 393 388 384 387 387 385 385 384 383 384 386 387 393 396 395 390 383 375 366 357 350 345 341 339 337 336 337 341 344 342 345 345 338 326 321 317 308 300 295 295 295 297 296 292 287 286 283 280 280 279 280 284 289 295 298 303 307 310 314 316 318 314 310 301 298 292 285 283 278 273 270 272 268 267 266 266 265 266 266 266 266 268 271 277 284 290 296 308 315 321 323 324 320 312 305 300 292 285 278 275 270 268 267 267 265 264 263 262 261 259 258 257 258 258 258 259 259 259 261 262 262 263 264 264 265 264 263 261 262 262 265 269 274 275 278 278 277 277 275 273 267 265 262 259 260 258 255 252 248 247 241 237 237 236 237 240 244 246 248 250 253 254 256 258 261 264 269 273 281 289 296 301 308 313 316 319 317 311 304 296 290 280 272 265 259 255 252 250 248 246 245 244 243 243 242 242 242 241 241 242 241 241 240 240 239 239 239 238 238 238 239 240 240 240 241 243 245 247 248 250 254 258 261 265 268 271 272 275 272 270 266 267 268 269 270 274 278 279 279 274 269 264 257 252 247 244 241 240 237 235 233 233 234 238 241 245 249 256 259 265 270 275 280 287 293 298 302 306 310 313 317
393 399 402 402 401 398 395 392 390 387 393 399 403 409 414 419 424 433 436 438 438 439 439 438 436 434 432 429 427 426 426 427 428 429 431 432 434 434 436 438 440 443 445 448 452 458 462 464 465 463 461 459 457 454 453 453 454 453 454 454 451 447 442 439 437 434 432 431 434 437 441 444 449 451 453 453 450 444 438 432 428 423 420 415 408 402 396 391 386 382 379 377 374 372 370 370 370 369 371 375 380 387 396 404 413 423 429 428 421 413 407 401 396 391 386 379 374 369 366 362 359 354 354 366 372 377 388 393 393 391 388 389 391 390 390 390 388 388 390 389 390 394 395 394 389 382 375 364 355 348 344 342 340 338 340 344 348 351 353 356 353 345 332 325 319 312 303 298 298 297 296 296 290 288 285 283 281 279 278 280 286 290 294 295 298 302 305 308 308 307 306 303 300 296 288 285 281 276 272 271 272 269 267 267 266 264 266 267 268 267 269 273 279 286 292 297 310 319 328 332 328 324 317 308 300 293 286 279 276 272 268 267 267 266 264 263 262 260 259 258 259 259 259 259 260 260 261 262 264 265 264 265 265 266 265 264 262 262 263 265 268 273 276 279 278 278 278 277 273 270 266 263 261 261 260 257 253 249 248 245 239 236 235 237 237 240 243 246 249 251 252 254 256 259 262 267 273 280 288 298 302 307 312 316 319 317 314 307 301 293 281 272 266 260 256 252 250 248 246 245 244 243 243 243 243 242 242 241 241 242 241 240 240 240 239 238 238 237 238 239 239 240 240 240 242 245 247 248 251 254 259 263 266 270 272 273 273 271 270 266 264 266 265 267 269 274 276 276 273 268 264 258 251 245 242 239 239 237 234 232 232 233 238 242 247 251 257 262 265 271 275 279 285 291 296 301 304 308 311 314
390 395 399 398 398 396 394 391 386 390 397 404 408 411 415 418 424 431 436 439 439 439 439 438 437 434 432 429 427 424 424 424 426 427 429 431 432 433 433 434 435 437 439 441 444 448 452 456 458 462 465 464 464 463 459 458 458 457 456 456 453 449 445 443 441 439 437 437 439 441 445 447 450 453 456 458 458 457 451 444 438 432 427 421 415 408 402 396 391 387 383 381 379 377 375 374 376 375 376 379 382 387 392 400 409 419 425 426 421 415 408 402 397 393 389 383 378 375 372 369 365 364 358 357 364 370 381 387 388 388 390 393 396 395 395 394 394 394 396 395 393 394 395 393 388 381 375 365 357 349 345 343 341 343 345 350 356 360 362 365 362 352 338 331 323 315 307 302 300 298 297 294 291 289 286 284 282 279 279 280 287 291 293 293 294 297 299 300 300 301 299 297 294 291 286 282 279 274 272 271 271 270 268 266 265 266 266 268 271 269 270 275 282 288 293 298 309 321 333 340 331 326 318 308 300 294 287 281 278 274 269 267 267 266 265 265 264 262 259 258 259 259 260 260 261 261 262 265 267 268 267 266 267 268 267 265 263 263 263 266 270 274 278 280 279 279 279 279 276 271 268 265 263 262 260 257 254 251 248 246 243 237 235 236 237 238 243 245 247 248 250 251 254 258 262 268 273 280 288 296 302 307 311 316 320 319 316 310 302 294 283 273 266 261 256 253 250 248 246 245 244 244 244 244 243 242 242 241 241 241 241 241 241 240 238 237 237 237 237 238 239 240 240 240 241 244 247 249 251 255 261 265 268 273 273 274 271 270 268 264 262 263 263 263 265 270 272 272 271 267 263 257 250 243 240 238 237 237 234 232 232 233 237 244 250 253 258 265 267 272 276 279 283 289 294 298 302 306 309 313
387 392 394 394 394 392 390 388 381 393 402 409 414 415 418 419 422 428 432 437 439 439 439 438 437 435 432 430 426 424 422 423 424 426 428 429 430 430 431 432 432 432 434 435 436 439 443 448 452 457 462 467 469 467 463 459 459 458 456 455 453 449 446 445 443 442 442 442 443 445 447 451 453 456 459 461 464 464 461 454 447 440 433 426 419 412 405 400 396 391 388 386 384 382 380 380 382 383 384 385 387 390 395 401 406 415 421 422 419 414 409 403 399 395 391 388 384 381 378 374 371 368 365 362 360 364 371 381 386 389 392 397 399 398 398 398 398 400 404 400 396 394 393 390 386 380 373 366 358 351 346 344 343 347 351 357 364 369 371 373 369 359 347 338 328 318 311 305 303 299 297 293 292 289 287 284 281 278 278 280 288 291 291 290 291 293 296 295 295 293 293 289 289 287 283 280 277 274 271 271 270 269 267 267 266 266 266 269 271 270 271 276 283 290 294 302 310 320 334 341 329 322 317 308 299 294 288 282 277 274 269 268 268 267 267 267 267 267 260 259 259 259 260 262 262 263 264 267 270 271 271 267 269 270 269 267 265 264 265 268 272 276 279 281 281 280 282 279 277 274 269 266 264 262 261 257 254 250 248 247 244 240 237 235 237 237 240 244 245 244 247 249 254 258 261 267 273 280 288 296 302 307 311 314 319 321 319 315 303 292 283 274 266 260 257 253 250 248 246 245 245 245 244 243 242 242 242 241 240 240 240 240 240 239 238 237 237 237 237 239 239 240 240 240 241 244 246 249 252 257 262 267 270 273 273 272 270 268 264 262 260 262 262 262 263 266 268 269 268 266 261 255 248 241 238 236 236 238 236 231 230 232 237 244 251 255 260 266 270 273 277 279 283 288 292 296 300 304 307 312
382 387 388 387 389 388 387 384 382 391 404 413 419 422 423 422 421 424 428 433 436 437 438 438 436 435 432 429 426 422 419 420 425 427 428 427 427 428 428 427 428 429 430 430 430 431 435 439 444 449 455 460 463 463 461 458 455 453 454 453 451 449 446 446 445 444 444 446 447 449 451 453 457 460 462 465 467 468 465 459 453 446 438 431 422 415 409 404 399 396 393 390 389 386 385 386 388 390 392 393 394 396 399 403 407 412 417 417 415 412 408 402 399 396 393 391 390 387 384 380 376 372 369 366 365 365 369 377 384 389 393 400 402 401 400 401 401 405 409 405 399 393 390 388 383 377 370 365 358 351 347 345 347 351 355 362 371 377 381 381 375 367 355 346 333 321 314 309 305 302 299 295 292 290 287 284 281 279 278 279 285 289 290 288 288 288 290 290 290 289 288 288 286 283 277 276 275 273 271 270 269 267 267 265 266 266 267 269 271 271 272 276 283 290 296 306 312 316 330 332 327 319 312 307 298 292 289 284 279 275 273 272 271 271 271 269 270 270 266 263 262 262 263 263 264 264 266 270 273 274 273 269 271 273 272 269 266 265 266 273 277 280 283 283 284 285 283 281 279 276 272 268 265 263 261 257 255 251 250 249 246 243 239 235 236 236 237 245 244 243 246 250 253 257 260 265 272 279 288 295 301 304 308 313 320 322 319 311 302 290 281 275 265 260 256 254 250 248 246 246 245 245 244 243 242 241 241 240 240 239 239 239 239 238 238 237 237 237 237 238 239 239 239 240 241 243 246 248 251 257 263 267 271 273 273 272 268 265 262 259 258 260 260 261 261 262 265 266 265 263 259 254 248 242 236 235 236 239 237 233 230 231 238 245 251 255 261 266 270 273 277 279 282 286 289 294 297 302 306 311
379 382 384 384 384 383 383 378 384 392 401 411 418 423 425 424 421 421 424 429 432 434 436 437 436 435 432 429 425 420 417 419 424 427 429 429 426 424 423 423 424 425 425 425 426 427 427 431 435 439 444 449 452 452 452 450 448 448 448 449 448 447 445 444 443 444 445 447 449 452 455 459 462 464 467 469 471 470 466 460 455 449 441 433 424 418 412 407 404 401 398 395 393 391 390 392 395 398 400 402 402 404 405 407 409 412 413 414 412 411 407 403 401 398 397 397 396 393 390 386 381 377 373 370 368 366 371 377 384 388 391 402 403 402 402 403 403 406 411 409 400 393 386 383 379 374 368 363 357 351 347 347 350 353 359 366 376 383 390 389 385 377 363 349 336 322 316 310 307 304 299 295 291 289 287 284 282 280 278 279 282 285 286 286 286 286 287 287 286 287 287 286 284 282 278 276 275 274 272 270 269 268 265 266 266 268 271 273 272 274 273 274 282 288 295 304 314 318 320 323 319 311 307 300 295 290 289 284 280 280 278 279 279 278 276 274 274 272 269 267 266 265 266 266 266 267 268 272 276 276 273 272 274 275 274 272 269 267 268 274 278 282 286 289 290 292 289 287 282 278 274 271 268 266 263 261 258 254 251 250 248 245 242 238 234 236 236 238 243 242 246 249 252 255 260 265 272 278 286 293 299 303 305 309 317 320 313 306 297 287 279 273 263 258 256 254 252 249 247 246 246 245 244 242 241 241 240 239 239 239 238 238 238 237 237 237 237 237 237 237 238 239 239 239 242 243 245 247 249 255 262 266 268 270 270 268 265 262 259 259 258 257 258 259 259 259 261 262 261 261 257 252 248 242 237 234 237 238 238 236 230 232 237 244 251 256 261 265 269 273 276 278 280 284 287 290 294 299 304 309
377 379 380 381 381 381 380 376 383 393 400 407 415 420 423 423 420 417 420 424 429 432 434 436 436 435 433 429 423 419 415 417 423 426 428 428 426 424 420 419 419 421 421 422 422 422 423 423 426 429 432 435 438 440 441 441 441 441 441 442 442 442 441 441 441 442 445 448 452 456 458 464 466 469 472 471 471 470 466 460 454 448 440 433 425 420 416 412 409 405 402 399 398 396 395 398 402 406 408 410 411 411 411 411 412 411 412 412 411 410 407 405 403 403 403 403 402 399 395 390 385 381 377 374 371 369 373 376 382 388 391 402 403 403 403 404 406 409 412 411 404 393 384 378 375 370 366 361 356 351 349 348 351 355 360 369 378 387 394 395 393 384 365 352 338 327 319 314 309 305 300 295 292 288 286 283 282 279 279 278 280 283 283 285 285 285 284 283 285 285 285 284 285 282 280 277 275 275 273 271 268 264 267 267 271 274 276 277 275 275 275 275 282 289 295 300 314 322 318 317 314 306 303 298 291 289 288 285 284 284 286 287 287 284 281 281 280 276 274 271 270 269 269 267 268 271 272 275 277 278 275 274 276 278 276 274 271 268 269 274 279 283 290 294 295 298 295 293 287 283 279 274 270 268 266 265 262 258 255 253 251 249 245 240 237 234 236 236 243 241 244 247 252 255 260 266 271 278 284 292 297 300 302 303 311 313 307 302 294 285 278 270 262 258 255 253 251 249 247 245 245 244 243 241 242 241 240 239 239 238 238 237 237 237 237 237 237 237 238 238 238 239 240 239 240 243 243 246 249 254 259 262 265 267 267 265 263 261 258 258 257 255 257 258 257 256 258 258 258 257 254 250 247 243 238 234 235 237 237 236 231 230 236 244 251 256 260 264 268 272 275 277 280 284 286 289 293 298 302 306
373 376 377 378 378 379 376 375 380 389 398 403 410 415 417 418 415 411 415 421 425 430 433 435 438 437 435 430 424 418 414 414 419 423 426 426 425 422 419 415 414 415 416 417 417 417 417 419 421 422 425 426 427 430 431 432 433 433 433 434 434 435 436 436 438 440 443 448 454 458 463 467 469 472 473 473 472 470 465 459 451 444 438 433 428 424 421 418 414 410 407 404 403 402 401 405 407 413 416 418 419 419 417 416 416 414 413 412 411 410 409 406 407 408 409 409 407 405 399 395 389 386 380 376 373 371 370 375 379 385 393 399 401 402 404 407 410 414 416 414 403 392 383 375 371 367 363 358 354 350 350 350 352 355 363 373 380 387 394 399 397 389 370 355 340 330 320 315 310 306 301 295 290 287 284 283 282 280 278 277 279 280 282 283 284 283 282 281 282 283 282 282 283 282 280 278 276 274 273 269 266 267 268 271 275 280 281 282 283 282 278 280 282 288 295 302 312 321 318 314 311 303 298 294 291 289 288 288 289 289 293 294 295 292 291 289 285 282 278 275 273 272 270 268 270 275 276 278 279 278 276 275 278 280 277 274 271 271 272 275 279 286 293 298 299 300 300 298 295 289 284 279 275 271 268 267 266 263 260 258 256 253 250 244 238 236 234 236 236 242 242 246 250 255 259 264 270 275 281 288 292 294 295 297 300 301 299 293 287 281 273 265 260 257 254 252 250 248 246 245 244 243 242 241 241 241 240 240 239 239 238 238 237 237 237 237 237 237 238 238 238 239 239 240 240 242 243 245 247 252 256 258 262 263 264 262 261 259 257 257 255 254 257 258 257 256 254 255 255 253 252 249 246 243 239 235 233 236 236 236 230 230 235 242 248 254 259 262 266 270 273 275 278 282 287 288 292 297 301 306
369 373 374 375 376 376 373 373 377 383 392 398 404 409 411 410 407 406 408 414 421 428 431 435 438 437 437 433 427 418 413 411 413 417 420 421 420 418 415 412 411 411 411 412 412 414 414 415 416 417 418 420 421 422 424 425 425 427 427 429 429 430 431 432 433 436 441 446 452 459 464 468 471 474 475 475 474 469 464 456 450 444 439 435 432 429 426 423 420 416 412 408 408 407 408 411 414 419 424 426 426 425 422 421 418 416 413 412 411 411 410 409 411 413 414 415 413 409 403 398 394 388 383 379 376 373 372 374 377 382 390 397 400 403 408 411 416 423 424 416 406 390 382 373 369 365 361 357 353 351 350 351 352 356 362 371 377 384 391 397 397 390 372 357 343 332 324 316 311 307 302 297 292 288 285 283 282 280 278 277 279 280 281 282 282 281 280 279 280 279 281 280 281 282 280 278 275 273 271 268 268 268 272 278 282 288 293 290 289 287 284 281 284 289 295 302 309 316 317 313 309 302 297 291 290 290 290 292 295 296 301 303 304 303 301 297 293 287 283 281 278 275 273 271 273 276 279 281 280 280 276 275 277 279 276 273 273 271 272 275 280 285 292 297 300 302 301 300 298 293 288 284 280 274 272 270 269 267 264 265 262 258 254 246 241 237 236 233 235 237 242 245 249 254 258 262 267 272 278 284 288 290 291 291 291 290 289 284 281 275 269 263 259 256 252 249 249 247 247 246 243 242 241 241 241 241 241 240 240 239 238 238 238 237 237 237 237 237 238 238 239 238 240 240 240 241 242 244 246 249 253 255 258 260 261 260 259 257 255 256 254 253 255 258 260 254 252 253 253 251 250 248 245 242 238 235 233 234 235 234 230 228 236 240 246 252 257 261 264 268 271 274 276 281 285 287 290 295 298 304
366 370 371 373 373 373 369 372 376 380 385 391 397 402 404 403 402 400 401 407 412 421 427 432 435 438 437 433 428 418 412 407 411 412 414 414 413 411 410 407 406 405 406 406 408 409 411 412 413 413 415 416 417 418 420 421 422 422 424 425 425 426 427 428 429 433 438 443 447 455 462 467 470 474 475 475 473 468 461 455 449 445 441 437 434 433 431 427 423 420 417 414 413 413 415 417 422 427 431 434 434 431 428 425 422 419 416 413 412 412 412 413 414 418 420 420 416 411 405 400 394 389 385 380 377 376 375 374 376 379 387 393 398 406 412 416 422 429 428 422 411 392 381 374 370 366 362 358 353 351 351 351 353 356 362 368 375 381 388 393 393 389 375 359 344 333 325 316 311 308 303 299 294 290 287 283 282 280 279 277 278 279 280 281 281 281 279 278 278 278 278 279 279 280 279 277 275 272 269 267 270 272 277 283 296 303 303 299 295 293 290 288 288 292 297 304 313 319 318 314 308 301 294 292 292 292 295 298 301 305 308 311 315 315 310 306 303 293 287 285 282 278 275 273 275 278 281 281 281 279 277 275 277 278 276 273 273 271 272 276 279 284 290 296 300 302 303 302 301 298 292 288 284 277 276 273 271 270 269 270 269 262 254 248 241 237 236 235 234 234 240 245 251 255 259 264 267 273 277 282 286 288 289 289 287 285 282 278 273 270 264 260 257 254 251 249 246 246 246 246 245 243 242 241 241 241 241 240 239 238 238 237 237 237 237 237 237 238 237 238 239 239 239 240 240 241 242 244 245 247 250 252 254 258 258 257 256 255 254 255 253 252 253 253 255 252 251 249 250 249 248 246 244 241 238 235 232 233 235 230 229 229 235 239 244 250 255 259 262 266 268 272 274 279 283 285 288 293 297 301
367 365 368 370 371 370 365 371 376 378 384 387 391 396 397 396 396 394 397 400 405 411 419 424 431 434 434 431 426 417 409 405 408 409 410 410 408 406 404 403 402 401 401 402 404 405 407 408 409 410 411 413 414 415 416 416 417 419 420 422 422 424 424 425 425 430 433 438 442 447 453 459 465 470 473 473 471 466 459 453 447 444 441 439 436 434 432 430 427 424 420 418 418 418 420 422 428 433 438 440 440 436 431 428 425 421 418 416 414 414 415 415 417 422 424 422 418 412 406 400 394 389 385 382 379 377 377 377 377 378 384 391 398 407 416 422 429 437 433 424 412 398 382 375 371 368 364 360 356 352 353 352 353 355 360 365 371 378 384 386 387 385 371 360 345 336 327 319 313 310 306 301 296 292 289 285 282 281 280 278 278 279 279 278 279 279 278 277 276 275 276 275 277 277 277 276 275 271 267 270 272 276 281 294 309 318 319 312 302 298 296 293 289 294 299 305 310 316 317 313 307 298 293 292 293 295 297 306 313 313 313 316 321 320 317 315 308 298 290 288 285 281 278 276 277 280 282 282 281 280 278 275 277 278 277 274 273 272 272 273 277 282 287 293 299 302 304 305 303 301 297 291 284 278 274 274 276 274 270 271 268 264 255 249 242 237 237 236 236 233 242 246 251 256 261 265 269 274 279 282 286 290 290 291 287 283 279 276 272 268 264 260 256 251 249 247 246 244 245 245 244 244 243 242 242 241 240 239 238 238 238 237 236 236 237 237 237 237 237 238 238 238 238 239 240 241 241 243 244 246 248 250 252 254 254 254 254 252 250 252 252 251 251 251 251 251 248 247 248 248 246 245 241 239 236 234 232 233 234 230 229 227 233 238 241 247 252 256 259 263 266 270 272 277 281 284 286 290 293 297
371 366 363 366 368 367 364 370 374 377 380 384 386 389 390 390 389 389 392 397 401 408 414 420 425 428 427 424 419 412 407 403 405 407 406 406 405 403 401 400 400 399 399 399 400 401 404 405 406 407 408 410 411 412 413 413 413 415 416 418 419 421 422 423 424 427 430 435 436 439 443 449 456 461 467 467 466 461 456 451 446 442 440 438 436 435 434 431 428 425 422 421 422 423 424 427 432 438 441 442 441 437 433 429 426 423 419 417 415 415 416 417 419 421 422 422 416 412 405 400 395 391 386 383 382 380 379 379 379 379 384 391 398 408 419 428 436 442 437 429 417 404 382 378 374 372 369 364 357 351 353 352 351 354 360 363 367 373 377 379 380 376 369 358 348 339 330 322 317 314 308 303 299 293 291 287 284 282 280 278 276 279 278 277 277 277 277 275 275 274 273 274 274 274 274 274 273 267 274 272 275 280 287 302 318 328 329 321 314 305 302 298 295 293 299 305 309 315 315 310 303 297 293 292 293 296 299 307 315 320 321 323 327 324 321 316 310 300 292 290 286 282 280 279 279 282 284 283 283 281 278 276 276 277 278 275 273 272 272 273 275 279 284 289 293 297 300 304 301 299 295 290 284 277 275 275 278 279 272 269 265 261 254 249 242 237 237 236 236 233 238 245 250 256 261 266 271 277 282 285 291 292 294 296 294 288 278 274 271 267 264 259 256 253 250 248 245 243 243 243 243 244 243 242 241 240 239 238 237 237 237 236 236 237 237 238 237 237 237 239 238 238 238 238 239 240 241 242 243 244 246 248 251 251 252 251 250 249 248 250 251 249 250 249 249 250 248 247 246 246 245 242 240 237 235 233 231 232 232 229 228 227 231 236 239 243 248 252 254 259 264 268 271 274 279 282 284 287 289 293
374 369 365 363 360 360 361 368 372 375 379 381 383 384 385 386 385 385 387 392 398 405 412 417 421 423 421 417 413 408 405 401 399 401 402 401 400 400 399 399 398 398 397 396 397 398 400 401 403 404 405 407 408 409 410 410 411 412 412 414 415 417 418 421 422 424 427 429 433 434 438 440 444 450 455 458 457 454 451 446 442 439 437 436 434 433 431 429 427 424 423 422 423 424 426 431 435 439 442 442 441 438 434 430 427 423 420 418 416 416 417 419 419 419 420 417 414 411 405 401 397 393 389 386 385 383 383 382 382 383 388 393 401 411 422 430 441 446 444 435 423 408 387 380 378 377 373 367 358 351 351 350 348 350 354 357 361 367 370 372 372 371 366 356 348 340 331 325 320 317 312 307 301 295 292 289 288 285 286 279 276 278 278 277 276 275 275 275 274 274 273 273 272 270 270 271 268 275 278 277 277 284 292 306 326 335 337 328 320 311 307 302 297 295 298 304 307 312 313 307 302 296 293 292 295 298 301 305 313 321 327 331 332 329 326 320 311 302 295 290 287 284 282 281 280 283 286 284 282 281 279 277 275 277 278 275 273 272 273 272 275 279 282 286 289 291 295 299 298 296 294 288 284 278 273 273 276 275 270 266 264 260 255 247 243 238 236 235 235 234 237 245 251 256 261 267 273 279 285 290 294 297 303 303 298 292 282 274 270 266 261 258 255 253 250 248 246 244 243 242 242 242 243 242 240 239 238 237 237 237 237 236 236 237 237 236 237 238 239 240 240 241 240 240 239 239 239 240 242 242 244 247 248 249 248 249 248 247 247 248 248 249 248 248 248 249 248 247 247 247 246 245 242 238 236 234 231 230 232 230 228 226 229 233 236 239 243 246 251 255 261 266 269 272 277 279 281 283 286 288
379 374 372 371 367 364 358 363 368 374 377 379 380 381 382 383 383 382 383 387 393 402 409 413 417 417 415 413 410 406 403 400 396 396 396 397 397 396 396 396 397 396 396 395 395 395 396 398 399 400 402 403 405 405 405 406 408 408 410 411 412 413 416 419 420 421 424 427 430 433 435 437 439 441 444 448 449 447 445 441 438 435 434 432 431 430 428 427 425 423 422 421 423 424 426 429 433 437 441 442 440 437 434 430 427 424 421 418 415 415 417 419 419 419 417 415 412 408 406 402 398 395 393 390 388 387 386 385 385 386 391 396 404 416 426 436 446 451 447 438 428 412 391 381 380 381 376 369 359 350 347 348 346 347 348 350 356 361 364 366 367 368 366 356 346 337 331 326 323 320 316 311 305 300 294 292 290 289 289 283 279 276 277 277 276 276 275 275 274 274 273 271 272 273 272 272 272 275 279 278 282 288 297 311 327 340 345 336 326 318 310 304 301 299 298 301 304 308 310 307 302 297 292 294 296 299 302 306 314 322 330 332 333 332 331 326 312 303 297 292 289 287 284 282 282 282 285 283 282 280 278 277 276 276 277 275 274 273 273 273 276 280 283 285 288 291 294 296 294 293 291 287 282 278 275 273 272 270 267 263 261 258 252 247 243 238 237 235 235 233 240 248 252 257 263 269 276 282 288 294 297 306 312 308 304 296 286 278 271 267 262 257 254 253 251 248 247 246 244 242 241 241 242 244 242 240 238 237 236 236 236 236 236 237 236 237 237 238 240 242 242 242 242 242 240 239 240 241 242 243 242 241 243 245 245 246 246 244 245 246 247 248 247 248 250 250 250 249 248 249 248 246 244 240 237 234 230 229 232 230 228 226 228 231 234 236 239 242 247 251 258 264 266 270 274 277 277 279 283 284
383 380 379 378 374 369 359 359 364 371 375 376 377 378 380 380 380 380 380 380 387 399 406 411 413 412 411 410 407 404 400 398 395 392 393 393 393 393 393 393 394 395 395 394 393 393 394 395 396 397 398 400 402 402 403 403 406 407 407 409 409 411 414 416 419 421 423 426 428 431 434 434 435 437 438 439 440 440 437 436 433 431 428 426 426 425 425 424 423 421 420 421 421 422 424 426 429 433 438 439 438 436 434 431 428 424 421 418 414 414 415 416 417 417 416 416 411 408 406 403 401 398 396 393 392 390 390 389 389 390 393 399 406 418 428 439 449 454 447 440 431 413 391 379 379 380 376 368 358 348 344 345 343 341 343 344 350 354 357 360 363 362 362 357 347 337 332 328 325 323 320 316 311 305 299 294 292 293 293 289 282 279 278 276 274 274 273 273 273 273 273 273 273 273 273 274 274 274 279 281 287 292 304 316 329 341 350 345 331 324 316 308 303 299 297 299 302 304 308 306 302 298 293 295 297 299 302 308 317 324 328 331 331 331 330 327 313 304 298 294 291 290 288 286 285 283 283 282 283 280 279 278 277 276 276 274 273 272 273 273 277 282 286 290 292 295 295 296 294 291 289 285 281 276 274 271 271 269 266 262 259 255 251 246 243 237 237 235 233 233 239 248 253 259 265 271 278 285 290 295 304 313 318 315 307 297 288 280 272 265 263 258 253 252 251 248 247 246 245 243 241 241 240 242 244 243 240 239 237 237 236 236 236 236 236 236 236 238 240 241 242 242 243 242 242 240 239 241 242 242 241 239 240 240 241 242 243 243 245 244 245 246 247 249 251 252 253 253 252 251 250 249 247 243 239 235 231 229 230 228 227 226 228 230 232 234 236 239 242 247 254 260 263 266 272 274 275 276 279 280
385 384 382 381 377 370 364 357 359 367 371 372 373 374 376 377 377 379 379 379 384 391 401 406 406 405 405 405 404 400 399 396 393 391 389 389 390 389 389 390 390 391 392 392 391 392 392 393 394 395 395 397 398 399 400 401 403 404 405 407 407 409 411 414 417 420 423 427 430 431 433 434 434 434 434 434 434 434 432 431 428 425 423 422 422 421 420 419 420 419 417 415 418 418 420 422 424 427 432 435 435 433 432 429 425 422 419 416 412 411 412 414 415 415 414 413 411 408 406 406 404 402 400 398 396 394 393 392 392 393 397 401 406 417 428 438 446 451 446 438 428 411 392 376 374 376 373 366 357 347 342 340 339 337 337 337 342 347 350 355 358 358 358 357 349 339 334 330 328 326 325 321 316 310 304 299 296 296 297 294 286 282 280 278 277 277 276 276 275 275 274 274 274 274 275 275 275 279 279 288 290 298 308 320 333 343 351 351 338 330 322 310 304 301 299 297 299 302 305 303 301 297 293 295 297 299 301 309 318 330 329 327 327 326 327 324 312 305 299 295 294 293 291 289 287 286 285 285 283 280 279 277 276 276 277 274 274 273 272 274 279 285 289 293 297 300 299 297 294 289 287 283 280 277 273 272 270 268 265 262 258 254 250 246 242 238 235 234 233 235 239 249 255 262 266 273 281 288 291 300 307 321 327 322 312 302 296 288 279 270 264 259 253 251 249 247 246 245 244 243 242 241 240 240 242 243 242 240 238 237 236 236 236 236 236 236 236 238 239 241 242 243 243 242 242 239 239 241 242 241 240 238 238 238 239 240 240 244 245 244 243 247 249 251 253 254 255 257 258 255 254 252 249 246 241 236 231 228 228 227 227 225 227 228 230 232 234 236 239 242 249 256 260 263 267 269 270 272 273 274
387 385 382 380 377 372 366 358 354 361 366 368 369 370 372 374 375 376 376 378 382 388 394 398 400 398 397 399 400 398 396 394 392 389 387 386 385 386 385 386 387 387 389 389 389 390 391 391 392 392 393 394 394 396 398 398 402 403 402 404 405 407 410 413 416 420 424 427 430 432 434 434 434 433 433 431 431 430 429 427 425 422 420 419 418 417 416 415 416 415 414 414 414 415 416 417 420 421 425 427 429 429 428 426 422 419 417 413 409 407 407 411 413 413 412 411 410 409 407 408 408 406 405 403 401 400 398 396 396 396 400 404 409 418 427 434 440 441 442 432 422 410 388 374 369 369 368 364 355 347 339 334 332 331 331 332 334 339 343 348 352 354 354 354 350 343 336 333 332 330 330 328 323 316 309 304 301 301 301 297 291 285 283 281 279 277 277 277 276 276 276 275 275 275 276 276 276 278 285 291 297 304 312 321 333 343 351 353 342 333 326 318 305 301 298 297 298 301 302 301 300 297 294 295 297 300 303 308 318 327 329 324 323 323 323 320 312 306 300 296 296 295 293 291 289 289 288 286 283 283 280 279 277 277 277 275 275 274 274 276 281 287 292 295 300 305 305 302 298 290 286 284 281 278 274 271 272 268 264 261 258 254 250 246 243 240 235 232 234 236 240 248 257 263 268 274 283 288 293 302 311 325 330 323 314 309 302 294 286 278 270 261 255 251 249 247 246 245 245 244 246 243 241 241 239 240 241 240 238 238 237 236 236 236 235 236 236 237 239 240 242 244 243 242 240 239 239 240 241 240 238 237 236 237 237 239 241 242 243 240 243 246 251 253 255 258 259 259 261 258 257 255 251 247 244 238 232 229 227 227 227 226 227 227 228 230 231 233 235 238 243 251 254 257 262 264 265 266 266 267
390 385 382 378 376 372 367 360 355 352 361 364 366 367 368 370 372 374 375 376 380 386 390 394 396 394 393 394 395 395 394 392 389 388 386 384 381 381 382 382 383 384 385 385 386 388 388 389 390 390 390 392 393 393 394 396 400 401 400 400 403 406 408 412 416 420 425 429 431 434 436 437 436 434 433 430 429 427 426 424 422 420 418 416 414 413 412 411 411 410 410 409 410 411 412 413 414 416 417 420 421 422 422 420 418 417 414 409 406 402 404 406 409 411 411 410 410 410 409 410 412 412 411 409 406 404 403 402 401 400 402 406 410 415 423 430 433 432 431 422 415 403 381 369 364 361 363 359 352 345 338 330 329 327 327 327 328 330 336 341 346 347 350 350 348 346 340 336 335 334 334 334 328 322 315 310 308 309 307 305 299 290 286 284 282 280 278 278 278 278 277 276 276 276 276 277 278 282 292 295 302 309 318 325 331 340 346 349 345 337 330 320 306 300 297 297 298 299 299 298 298 296 294 294 297 299 300 307 313 321 323 322 321 322 321 317 312 307 303 300 298 297 295 293 292 291 289 288 286 284 283 281 279 277 277 276 277 275 276 278 283 289 294 298 303 309 310 305 298 291 287 284 282 277 275 272 270 267 265 261 257 253 249 246 245 242 234 234 235 236 240 249 256 263 269 275 281 288 294 302 313 327 333 324 318 312 305 295 289 281 272 262 255 251 249 247 246 245 245 245 244 243 243 241 240 241 239 239 238 238 238 237 236 236 236 235 236 237 238 240 241 243 242 241 240 238 238 238 238 237 235 235 235 237 237 237 240 240 240 240 243 245 252 253 255 259 260 261 263 261 259 256 253 248 244 239 233 229 229 227 226 226 226 226 227 228 229 230 231 234 238 243 248 252 255 259 259 259 259 259
393 388 383 380 376 372 367 361 358 353 353 360 362 363 364 365 369 371 374 374 378 384 388 390 391 390 390 391 391 391 390 389 387 386 384 383 380 380 379 378 379 380 382 383 384 384 386 387 386 387 388 389 390 391 392 393 395 396 398 400 402 405 408 412 416 420 424 428 431 434 437 439 437 435 433 431 428 424 423 422 420 418 416 414 411 409 408 408 407 406 406 405 405 406 408 408 409 410 412 413 414 415 415 414 412 411 409 407 403 399 399 401 406 409 409 409 410 411 412 414 417 418 417 414 412 410 408 407 406 405 405 407 412 416 420 428 424 419 412 408 401 389 376 363 359 355 355 353 349 343 336 328 325 322 321 323 324 325 328 334 340 342 343 345 344 343 342 339 338 338 337 336 332 326 321 319 318 320 318 314 308 296 289 287 285 283 280 279 279 279 279 277 277 277 279 283 285 286 295 302 309 316 322 328 332 339 346 349 346 340 331 321 307 300 297 297 297 297 297 298 297 297 295 294 295 298 300 307 314 318 321 322 322 322 320 317 313 308 304 303 301 300 298 297 297 294 293 292 289 286 285 284 281 280 278 278 278 278 278 279 283 290 295 300 305 308 309 302 296 291 287 284 280 277 272 270 269 266 262 260 257 253 249 246 245 240 231 234 235 237 242 248 256 262 269 274 281 287 294 299 310 328 328 324 317 312 305 296 290 281 270 260 256 252 249 247 246 246 245 245 244 244 242 241 239 239 242 240 239 238 237 237 238 237 237 235 235 236 238 239 241 241 241 239 238 236 236 236 236 235 234 234 234 235 236 235 236 238 239 240 243 246 251 255 258 259 262 264 266 264 262 259 254 249 245 240 234 230 232 230 227 226 226 224 226 226 227 228 229 231 234 237 242 247 249 253 254 254 254 254
394 390 385 380 375 372 368 364 360 354 351 357 358 360 361 362 366 370 373 373 374 381 385 387 387 387 387 388 388 388 387 386 384 383 382 381 379 375 374 374 374 376 378 380 382 383 384 384 385 386 387 387 388 388 389 391 394 396 398 401 403 406 410 414 418 420 423 428 432 434 437 439 438 436 432 430 427 423 421 419 418 416 414 412 410 407 406 404 404 403 402 402 401 402 403 403 403 404 405 406 407 407 408 407 405 404 402 401 399 396 394 396 401 405 407 408 410 413 416 419 421 423 421 419 417 415 414 412 411 409 408 409 413 416 417 417 414 407 401 395 389 383 370 360 354 352 350 349 345 339 334 327 321 319 317 319 320 321 323 327 333 337 340 344 343 343 342 340 339 338 337 336 334 331 327 326 328 330 328 323 316 307 295 291 288 285 282 281 281 281 281 281 279 279 283 287 292 296 303 310 316 323 328 331 336 341 345 349 346 341 332 322 310 302 298 297 296 297 297 296 297 297 295 295 296 299 301 307 314 320 321 322 322 322 321 318 314 309 307 306 304 303 301 301 300 298 297 295 293 290 288 286 283 282 280 280 278 279 279 280 284 289 294 299 304 305 304 298 293 289 286 282 279 275 271 268 265 264 261 258 255 252 248 246 245 242 231 234 234 236 240 248 256 262 268 273 279 286 291 295 307 322 325 322 317 310 303 294 286 278 268 261 257 253 250 248 247 246 246 244 243 243 241 241 239 238 241 244 240 238 237 237 238 238 237 236 235 235 237 239 240 239 238 237 236 236 235 235 234 233 233 233 233 233 233 234 235 236 238 239 242 246 252 256 259 263 265 267 268 267 264 261 255 251 245 240 235 231 232 231 228 226 225 225 225 225 225 226 227 229 231 234 237 240 243 247 250 250 251 250
396 392 387 381 377 373 370 366 362 356 351 351 355 357 358 359 363 369 372 372 369 376 380 381 382 383 383 384 384 383 383 383 382 381 380 380 378 375 373 371 371 373 374 378 379 381 382 382 383 384 385 386 386 387 389 391 393 396 398 402 404 408 412 415 419 422 425 428 431 434 436 437 437 436 432 428 424 422 419 417 415 413 412 409 406 405 403 402 400 399 398 397 397 397 398 399 398 399 400 400 401 401 401 401 399 398 396 395 393 392 391 393 397 401 403 407 410 414 419 423 426 428 427 424 422 419 418 417 414 413 412 411 414 415 415 411 406 401 393 387 381 372 362 357 352 348 345 343 339 334 331 326 320 316 314 316 316 317 318 320 327 332 337 341 343 343 341 340 338 338 335 334 335 334 332 335 338 340 339 333 325 315 303 296 291 288 285 283 283 285 286 285 285 284 288 294 296 303 309 317 323 330 335 337 341 344 346 350 347 343 333 322 313 304 300 297 296 297 296 297 296 297 296 296 297 301 303 309 317 325 322 322 322 322 321 320 315 311 309 309 307 306 304 304 303 302 300 298 296 292 289 287 285 283 281 281 281 281 281 281 285 289 293 298 301 300 299 295 289 286 281 278 277 271 269 266 264 262 260 257 255 253 248 246 244 241 231 234 234 235 240 247 254 261 266 272 278 283 287 292 302 318 320 317 312 304 298 290 283 272 265 260 257 254 251 248 247 246 245 244 242 241 240 240 240 238 238 241 242 239 237 237 237 238 237 236 236 234 235 236 237 237 236 236 235 235 234 234 233 233 234 233 233 233 232 234 234 235 235 237 241 247 252 257 262 266 268 270 270 268 266 263 255 253 245 241 235 231 232 232 231 227 225 225 225 225 224 225 226 228 229 231 233 235 238 240 243 246 247 247
398 394 388 383 378 375 372 368 365 360 355 349 349 354 355 357 361 365 368 369 366 369 375 377 378 379 380 381 380 379 379 379 379 379 378 377 376 374 372 370 367 371 371 374 376 379 379 380 381 382 383 384 386 388 389 391 394 396 399 402 405 409 413 416 420 424 427 430 432 434 435 436 435 434 432 427 423 419 416 414 412 410 408 406 404 402 400 399 398 397 396 394 393 393 394 394 394 394 395 396 396 396 396 395 395 393 392 391 389 388 388 389 392 397 401 405 410 415 421 425 431 433 433 430 427 424 422 420 418 416 414 413 415 416 414 410 404 399 391 385 376 368 361 354 349 345 341 338 335 331 328 323 319 315 313 312 312 312 313 316 321 326 332 337 341 341 340 337 337 335 333 332 333 334 336 340 345 348 347 341 332 322 309 301 295 290 288 286 287 289 290 292 291 291 298 301 305 309 316 323 329 336 341 342 344 350 351 349 348 343 334 322 314 306 302 299 297 296 297 296 296 296 296 297 299 303 306 311 320 325 321 322 324 324 321 318 315 312 310 309 309 308 307 307 307 305 303 301 299 296 293 289 287 285 282 282 282 281 282 282 285 289 294 297 298 297 298 295 287 283 279 276 273 270 268 264 262 259 258 257 254 254 247 245 242 237 232 233 233 236 240 247 252 259 264 271 276 279 283 287 297 310 316 312 306 301 295 288 280 273 266 261 257 254 252 249 247 246 245 242 241 242 242 240 238 239 239 238 239 238 237 236 237 237 237 236 236 236 235 234 235 235 235 234 233 234 234 234 234 234 234 234 233 232 233 233 233 234 234 236 241 246 253 260 265 269 271 273 273 270 267 263 255 254 246 241 236 231 231 232 232 229 225 225 224 224 225 224 225 226 227 229 230 232 235 237 239 241 242 243
401 395 389 385 381 377 374 371 368 364 358 351 348 349 352 354 357 361 364 365 364 363 369 373 374 375 375 377 377 376 375 375 374 375 375 375 374 373 371 369 367 369 368 371 373 375 377 377 378 380 383 385 387 389 392 395 398 400 402 405 407 410 413 417 421 426 430 432 434 436 436 435 433 431 428 425 421 417 414 411 409 407 406 403 401 400 398 396 394 393 392 390 390 390 390 390 390 390 390 391 391 391 391 390 391 390 389 387 386 385 383 386 388 393 397 403 409 416 423 430 437 440 439 436 433 429 426 423 421 418 415 414 414 416 411 408 403 397 389 381 372 366 359 353 346 342 338 333 330 326 323 320 317 315 311 308 307 308 309 311 315 320 326 332 336 338 338 337 333 332 330 330 332 336 339 344 349 353 352 346 337 328 317 308 301 294 292 290 291 293 295 298 297 300 303 308 312 316 321 329 335 341 345 347 348 352 355 352 346 341 332 323 315 309 304 301 298 295 294 295 295 295 296 298 300 303 306 313 320 320 320 324 327 325 322 319 317 313 312 311 311 310 310 310 311 309 307 305 302 299 297 294 290 287 284 283 283 282 283 283 285 290 294 295 295 296 295 292 287 280 276 274 272 268 267 263 261 258 256 254 254 253 246 244 240 237 234 230 233 236 241 246 252 257 262 268 272 276 279 282 290 305 310 307 304 297 293 285 278 270 266 262 258 255 252 249 247 246 244 242 243 244 244 242 239 239 241 237 237 237 236 236 236 236 236 235 235 235 234 234 234 234 234 235 235 235 234 234 234 234 234 234 234 233 232 232 233 233 234 235 240 247 253 262 267 271 275 276 274 270 266 262 257 251 247 241 236 230 229 231 231 229 225 225 224 224 224 224 224 224 225 227 228 230 232 234 236 238 238 239
403 397 392 388 384 381 378 374 370 366 362 357 352 348 350 352 355 357 360 361 362 362 362 368 370 372 372 372 372 372 372 371 371 371 371 372 372 371 368 364 370 372 372 372 373 374 376 379 381 381 383 386 389 393 396 398 401 404 406 408 411 412 415 418 422 426 430 434 436 437 436 434 431 429 426 423 419 415 412 409 407 406 403 400 399 398 396 394 391 389 388 387 387 387 387 387 387 387 387 387 387 387 386 387 387 386 385 384 382 381 380 382 385 389 394 400 408 416 425 435 442 447 447 443 437 433 430 426 422 420 417 415 414 413 410 406 403 397 389 380 371 364 358 352 347 342 337 336 332 329 326 322 318 314 311 308 304 304 306 307 309 313 321 326 331 335 338 338 331 329 328 328 330 336 343 353 354 359 358 349 340 330 320 312 305 299 296 295 297 298 300 303 303 304 309 313 318 323 327 335 340 345 349 352 353 355 355 352 344 336 330 324 319 313 308 303 298 295 294 293 293 294 295 297 299 302 305 312 319 318 319 322 325 326 323 320 318 316 314 314 315 313 313 313 314 312 310 308 305 302 300 298 293 289 287 284 283 284 284 284 285 289 293 293 293 291 294 288 284 278 275 272 270 266 264 261 260 257 255 253 254 249 245 244 239 236 234 231 233 235 242 245 250 255 259 264 269 273 276 278 283 297 303 304 301 295 289 283 274 268 265 262 258 255 252 251 249 246 243 245 243 245 245 243 241 239 238 238 240 238 236 237 236 236 236 235 235 235 235 236 235 235 235 236 235 235 235 234 234 234 234 234 234 234 233 232 232 233 233 235 238 245 254 263 269 273 277 277 275 271 265 261 256 250 246 241 236 230 228 229 230 228 226 225 224 224 224 223 223 223 223 226 228 229 229 231 234 235 235 241
407 400 396 391 387 385 381 377 372 368 365 360 355 351 346 353 356 358 359 361 363 362 360 362 366 368 368 368 368 368 368 368 367 367 367 367 367 362 364 369 373 376 375 376 376 377 380 382 383 384 385 389 392 396 399 402 404 406 409 412 414 416 419 421 424 427 430 433 436 437 436 434 429 427 424 420 417 413 410 408 407 405 403 401 397 395 393 392 389 387 385 384 384 384 385 384 383 383 383 383 383 383 382 382 383 383 382 381 379 378 377 378 382 387 392 399 407 415 426 438 447 452 452 448 443 436 431 427 423 421 418 416 415 414 411 408 403 397 388 380 372 366 358 353 348 343 339 338 336 332 328 324 321 316 312 309 305 302 303 304 305 308 313 321 327 330 333 337 330 324 322 325 331 338 344 354 360 363 363 353 340 331 325 315 310 306 303 301 302 303 306 307 308 311 314 318 323 329 334 341 347 350 354 356 357 357 356 354 343 336 330 328 322 315 311 306 298 295 293 292 292 294 295 297 299 301 304 307 313 315 317 319 323 324 324 322 321 320 319 318 317 316 316 316 317 316 314 311 309 306 303 300 294 292 288 285 285 285 284 285 284 289 291 292 290 289 287 284 281 276 274 271 268 265 262 260 259 256 254 252 249 247 245 241 237 235 234 233 231 236 242 246 249 253 257 261 266 269 273 277 279 290 295 297 296 291 286 279 272 268 264 260 257 254 252 252 249 246 244 245 246 247 245 243 241 239 238 238 238 240 239 237 237 238 236 236 235 235 236 237 238 236 236 236 236 235 234 235 235 235 234 234 234 234 234 233 233 232 232 234 236 244 256 265 270 276 278 276 273 270 264 259 254 249 246 242 236 231 227 228 229 228 224 224 224 223 224 223 223 223 222 223 226 227 228 230 231 232 236 241
411 405 400 394 390 387 383 380 376 371 366 360 357 352 346 348 356 358 360 363 365 365 361 359 362 363 364 365 364 365 364 364 364 362 358 360 361 363 370 373 376 379 380 381 380 381 382 384 385 385 389 392 395 398 401 405 408 409 412 415 418 419 422 425 427 429 432 434 435 435 433 431 427 423 422 418 415 412 410 408 406 404 401 399 396 394 392 391 389 386 383 381 381 380 381 381 380 380 380 379 379 379 378 378 379 379 379 378 376 376 373 375 378 383 390 398 405 413 426 438 451 455 454 451 446 440 430 424 423 420 418 416 415 414 412 408 403 398 391 383 376 370 362 354 347 343 340 338 336 334 331 327 325 319 313 308 305 302 301 301 302 304 307 312 318 323 328 329 324 320 318 324 331 337 345 356 359 363 365 354 338 330 324 317 314 310 308 308 307 309 311 313 315 318 320 324 332 336 339 348 354 355 359 363 363 361 359 356 343 336 332 330 325 319 313 307 302 296 293 292 291 291 294 296 299 301 304 306 309 312 315 319 323 323 325 325 324 324 325 324 323 321 319 320 320 319 317 315 312 308 304 301 297 294 289 286 286 285 285 284 283 287 290 290 288 286 284 281 278 274 272 269 266 265 262 259 257 255 253 250 247 245 243 239 236 234 233 233 231 237 241 244 249 252 256 259 263 266 269 273 276 282 289 292 290 287 282 278 270 266 263 259 256 253 252 251 248 246 246 247 248 248 246 243 242 241 240 239 238 238 240 240 237 238 238 237 237 237 238 238 238 236 237 237 236 236 236 236 237 237 235 235 235 235 234 234 233 231 232 233 236 241 249 259 268 278 278 274 272 268 264 259 252 249 245 240 235 230 227 228 228 228 226 224 223 223 226 223 223 223 222 222 224 225 227 228 229 232 237 241
415 409 404 398 393 389 386 383 379 374 368 364 361 356 350 343 352 357 360 363 367 369 367 361 359 359 359 360 360 361 361 361 361 358 366 368 370 373 376 378 380 383 383 384 385 386 386 387 388 388 390 395 399 401 403 407 410 412 414 417 420 422 425 428 431 433 434 436 437 436 434 431 427 423 420 417 415 411 409 406 404 402 400 398 395 393 391 389 387 386 383 380 378 378 378 378 378 377 377 377 376 376 375 375 375 375 375 374 374 373 372 372 374 380 387 394 403 411 422 435 449 456 454 452 445 439 431 423 420 417 414 414 413 412 410 407 405 400 393 387 380 374 365 358 352 347 343 339 337 334 331 328 326 320 315 309 306 304 301 300 300 301 303 306 309 314 320 322 321 317 317 322 329 336 344 355 360 362 363 352 341 331 324 319 315 313 313 312 312 313 316 318 321 322 326 333 338 341 351 356 361 363 368 368 367 365 363 358 347 341 336 331 328 322 315 309 304 300 296 293 291 290 293 295 297 300 303 305 308 311 314 318 323 325 327 329 329 329 330 330 329 327 323 323 323 323 321 318 315 310 305 302 300 295 290 286 285 284 283 283 282 285 287 287 286 284 282 280 278 273 270 267 263 263 262 259 257 254 252 249 246 242 241 237 234 233 232 233 233 238 243 246 249 253 255 257 260 264 266 270 273 277 285 288 288 286 280 272 267 265 260 257 255 253 250 250 248 248 248 248 249 248 245 243 242 241 241 239 239 238 239 242 240 238 239 238 238 238 239 240 239 236 237 237 237 237 237 237 237 237 236 235 235 235 235 234 233 233 231 234 235 238 244 253 264 274 277 272 269 265 261 257 249 247 243 237 232 229 227 228 227 226 225 223 224 223 223 224 222 223 222 222 223 224 226 227 227 229 235 239
419 412 407 401 397 393 388 385 381 377 372 368 366 362 354 344 347 353 359 364 369 371 371 367 362 358 356 355 356 357 358 354 355 364 370 373 376 379 381 382 384 386 388 388 390 390 391 391 391 391 392 397 402 406 407 408 411 414 415 418 419 421 425 429 431 435 437 438 439 437 434 432 427 423 419 416 414 411 408 405 402 400 399 396 393 391 390 388 387 385 383 381 378 376 376 375 375 375 375 375 375 374 373 373 373 372 372 371 371 371 369 370 372 376 385 392 399 408 417 428 442 451 450 448 441 435 427 420 415 412 410 410 410 409 407 405 404 401 396 390 384 377 369 362 356 351 346 342 338 334 331 328 325 321 316 311 307 304 301 297 298 300 301 303 305 307 310 315 314 310 313 321 326 334 343 351 358 361 357 348 339 330 324 321 317 315 316 316 317 319 322 323 325 328 333 338 338 339 344 366 367 372 374 374 372 370 366 363 351 349 344 336 331 326 318 311 307 302 299 296 292 292 292 294 296 298 302 305 308 311 315 319 324 331 332 334 334 334 335 336 334 333 329 328 326 327 325 322 318 315 308 307 301 295 289 286 285 284 283 280 280 282 285 285 285 283 282 278 276 271 267 264 264 262 260 259 256 254 253 251 246 242 237 235 234 233 232 230 236 240 243 245 249 251 254 256 259 262 265 266 267 272 279 283 283 282 274 270 266 263 258 255 253 251 249 248 249 249 250 250 248 246 244 243 243 242 241 241 240 239 239 240 244 240 239 240 240 240 242 241 240 237 238 238 238 237 237 237 237 237 236 236 237 235 234 234 233 234 232 233 235 236 239 249 260 270 275 271 267 262 259 253 246 245 239 233 229 228 227 226 225 223 224 224 224 225 226 225 223 222 222 222 222 223 224 224 225 227 232 237
422 416 410 405 400 396 391 388 385 381 377 373 369 365 360 346 342 350 358 364 369 371 372 371 368 365 360 356 353 352 353 355 360 366 372 377 381 383 385 387 390 391 392 394 395 395 396 397 397 396 396 398 405 410 412 414 415 418 418 419 418 421 424 428 431 435 438 440 440 438 435 432 429 424 418 417 414 411 408 404 401 399 397 395 392 390 387 386 385 384 383 380 378 376 373 373 373 372 372 372 372 371 370 370 370 369 370 369 369 367 365 367 369 374 382 389 397 404 411 420 431 442 444 442 437 431 425 418 410 407 406 406 406 405 405 404 402 400 395 390 385 380 373 365 360 355 350 343 339 336 332 329 325 321 318 313 308 304 301 298 296 298 299 301 301 302 304 306 306 306 308 315 322 329 340 348 354 357 350 342 335 329 325 322 319 318 319 322 323 324 327 329 331 335 340 340 339 340 368 373 375 379 383 382 379 373 370 367 362 357 353 346 334 330 322 315 311 307 302 297 293 291 291 293 294 297 301 304 308 311 315 322 325 332 336 338 339 339 342 343 342 340 338 334 332 331 329 327 321 319 317 312 305 298 291 288 285 283 281 279 279 281 283 284 285 283 281 277 274 269 265 262 259 259 259 257 256 254 253 250 246 242 238 234 233 232 230 233 238 244 242 246 248 251 253 254 257 260 262 263 264 267 273 275 277 276 272 267 264 261 257 254 252 250 248 248 249 250 249 249 247 244 244 244 244 243 242 242 241 240 239 239 243 243 241 241 242 242 241 240 240 241 240 240 240 239 238 238 238 237 236 237 238 237 235 234 234 235 234 232 233 235 238 246 254 264 274 270 265 260 256 250 243 240 234 231 229 228 227 224 225 224 225 226 226 228 227 227 226 223 220 222 222 223 223 223 223 225 230 235
425 419 414 409 403 398 394 391 386 384 381 377 373 369 363 355 341 343 355 363 367 370 372 368 366 366 364 359 354 351 353 356 364 370 377 381 385 388 390 392 394 396 397 398 400 400 400 401 402 401 400 400 406 411 414 417 418 420 420 420 419 419 421 424 429 432 435 438 439 437 434 431 429 426 420 416 413 410 407 403 400 396 395 393 391 388 386 384 383 382 380 378 376 374 372 371 371 370 369 367 367 367 367 367 367 367 367 366 365 363 362 363 367 372 379 386 392 399 405 412 421 430 436 435 433 428 423 415 407 403 401 401 401 401 401 400 398 395 391 387 383 379 375 369 362 357 352 345 340 336 333 329 326 322 318 314 309 306 301 299 297 296 297 299 298 299 300 301 301 302 304 309 316 326 338 343 348 348 343 336 330 327 323 322 320 319 323 326 328 330 332 334 339 342 349 348 340 364 376 380 385 389 389 388 387 379 375 372 368 366 364 356 345 335 326 321 314 310 305 301 295 291 290 292 294 297 300 303 307 311 317 323 327 333 338 342 344 346 350 352 351 348 343 341 339 337 335 333 328 322 319 315 308 301 293 288 285 282 279 279 279 280 280 282 284 283 282 278 272 267 264 259 256 256 256 255 254 253 252 248 245 242 238 234 232 230 234 239 243 243 242 246 247 250 252 253 255 257 260 260 263 265 267 272 273 272 269 265 261 259 256 252 250 249 248 249 250 251 249 248 246 246 245 245 244 243 243 243 242 241 240 239 241 242 242 241 241 242 241 240 241 242 243 243 243 242 242 241 240 239 238 239 241 238 236 236 235 235 234 232 232 233 236 241 248 258 270 267 262 258 253 247 242 238 234 230 229 227 226 225 225 225 226 227 228 229 229 230 227 225 222 221 222 222 221 222 222 225 228 233
427 422 417 411 406 402 398 393 389 387 384 380 376 371 366 360 349 340 350 360 365 367 369 369 366 365 359 354 348 352 355 360 370 376 382 386 390 394 396 398 400 401 402 404 405 406 406 406 407 406 402 401 406 410 413 416 419 420 421 420 418 418 419 421 423 428 432 435 435 433 430 428 427 424 420 415 412 409 406 402 399 395 393 391 390 387 384 383 381 381 379 377 376 374 374 374 373 373 372 370 368 366 364 364 365 365 364 363 362 360 360 361 365 371 377 382 387 394 399 404 411 419 427 429 428 425 420 413 406 398 397 396 396 396 396 395 393 389 385 382 379 377 376 371 365 359 354 349 343 338 334 330 326 323 319 315 311 306 302 299 297 295 296 297 297 297 297 296 297 297 301 304 311 325 335 337 340 338 335 330 327 325 324 321 319 323 327 330 332 335 338 342 345 350 355 363 374 378 383 388 395 396 395 396 392 386 381 376 374 373 376 361 349 340 332 325 318 312 309 303 298 293 291 290 292 294 298 301 306 311 317 324 332 336 340 344 348 352 357 360 361 357 352 347 344 342 340 340 335 327 322 318 310 302 294 289 286 282 278 278 279 279 280 283 284 284 284 280 275 267 262 258 256 256 256 255 254 252 251 247 245 243 238 234 232 232 236 242 244 244 242 246 248 249 252 253 254 255 256 258 259 262 264 268 268 267 266 262 259 257 255 252 250 248 249 250 251 250 249 247 247 247 245 245 245 244 244 244 243 242 241 239 240 242 243 242 242 241 243 243 245 245 247 247 246 246 247 246 244 243 243 243 242 242 240 240 239 237 235 234 232 232 234 238 242 251 266 263 260 255 248 243 240 237 233 230 229 227 226 225 226 227 227 229 231 230 230 230 229 226 224 224 222 221 221 222 222 225 228 232
430 424 420 414 409 405 401 397 394 390 386 382 377 372 367 362 355 340 345 357 363 365 366 365 363 359 354 348 349 354 358 366 375 383 388 393 396 399 402 404 405 406 408 409 410 412 412 412 411 410 405 401 404 409 410 413 416 418 419 419 417 415 417 419 420 424 426 429 431 430 428 427 425 422 419 415 411 407 404 401 398 393 391 389 387 386 384 382 381 380 380 378 377 376 377 377 377 376 374 373 371 368 365 362 362 363 361 360 359 358 359 362 366 371 375 380 384 388 393 397 404 410 419 424 425 422 416 409 402 397 391 390 391 391 389 387 387 386 383 381 379 377 375 373 368 363 358 352 346 339 334 330 327 323 319 316 312 308 303 298 296 294 295 297 297 296 295 294 294 295 297 299 307 317 323 330 329 329 326 325 324 322 320 319 320 324 330 332 335 337 343 348 350 355 361 370 378 384 389 394 401 401 400 400 396 390 386 383 381 380 378 364 352 343 337 328 321 315 311 306 301 297 292 290 290 293 296 300 304 308 317 324 335 341 342 345 353 360 365 370 372 368 362 355 349 345 343 343 341 331 327 320 312 301 295 291 288 285 280 277 277 278 280 283 285 286 286 284 279 268 262 257 256 255 255 254 253 253 250 247 245 244 238 233 229 234 237 240 243 244 242 246 247 248 251 253 253 254 255 256 257 259 261 264 265 264 262 261 257 254 252 251 249 249 251 251 250 250 248 247 248 248 246 246 245 245 245 245 243 242 241 240 240 241 243 243 242 243 245 246 246 249 250 250 248 248 248 247 246 247 246 247 246 245 245 243 242 241 237 234 232 231 232 236 242 249 261 260 256 251 244 241 239 235 231 229 229 227 226 225 226 228 229 229 230 230 230 230 229 227 224 224 222 220 220 221 221 224 226 231
431 427 421 417 413 408 406 403 399 393 387 383 378 373 367 361 355 346 339 354 360 361 361 359 356 354 347 348 353 357 364 373 381 388 395 400 404 407 410 410 412 413 414 416 417 417 417 416 415 413 409 401 399 403 406 408 412 415 415 415 413 410 411 414 417 421 423 426 427 427 425 424 422 419 416 412 408 404 402 399 396 393 389 387 386 385 384 382 381 380 380 379 378 378 378 379 379 378 376 375 373 369 366 362 360 360 359 359 358 357 358 362 366 370 374 377 381 384 387 391 398 405 412 419 421 418 412 406 400 394 389 385 383 382 382 380 382 383 383 380 378 376 374 373 369 364 359 354 348 342 336 331 327 324 320 316 313 309 304 299 295 293 293 295 297 296 295 294 292 292 293 295 300 309 314 319 323 322 320 320 320 318 317 317 320 325 331 334 337 340 346 350 354 361 366 372 380 388 394 400 403 403 403 403 400 395 392 390 386 382 377 367 355 349 342 335 326 318 314 308 306 300 295 291 290 290 294 296 300 305 312 320 329 342 342 348 355 365 372 377 380 380 374 365 356 348 342 338 341 335 331 324 313 304 297 292 289 286 281 278 276 278 280 283 287 287 288 285 278 271 264 256 254 253 253 253 253 252 251 247 245 244 238 232 230 232 236 238 242 244 242 244 245 247 250 252 253 253 254 254 254 256 257 260 261 261 260 258 255 253 251 251 251 251 252 251 250 249 248 249 248 248 247 245 246 246 245 245 244 244 242 241 240 240 241 244 243 243 247 249 249 251 252 251 251 250 249 249 248 250 248 248 248 247 245 244 244 242 237 235 234 234 230 233 240 246 257 256 250 244 241 239 237 234 229 228 227 227 226 227 227 228 228 229 230 230 229 229 229 227 225 224 222 220 220 220 221 223 226 231
429 428 422 417 415 412 411 408 403 398 389 383 379 372 367 361 354 344 337 350 357 357 356 353 348 344 346 353 357 363 373 381 389 396 402 408 412 416 418 419 419 419 421 422 422 423 422 421 419 416 412 404 399 396 398 400 406 409 410 408 407 405 406 407 412 416 419 423 426 426 424 422 419 417 413 409 405 403 401 398 396 393 389 386 385 384 383 382 381 380 380 380 378 378 379 380 380 380 378 376 374 370 367 364 361 359 358 358 357 357 359 362 365 368 372 373 376 379 382 385 391 398 406 413 416 414 409 403 398 391 385 382 378 375 375 375 376 377 378 379 377 376 374 373 370 365 360 355 349 342 337 332 328 324 320 318 314 310 305 299 295 293 292 294 295 294 294 294 292 291 289 292 296 303 308 313 315 315 315 315 315 315 314 315 319 325 331 335 338 343 348 352 357 364 370 376 384 391 398 404 404 405 406 404 403 402 399 395 389 383 377 369 361 353 345 339 332 323 317 313 310 304 300 294 290 290 291 295 298 302 306 315 322 335 340 349 356 367 376 382 384 384 378 368 359 350 340 335 337 332 333 324 312 303 297 292 287 285 281 278 276 277 277 283 286 289 290 287 281 271 264 256 252 251 250 253 252 252 251 246 245 244 240 232 229 232 235 237 240 243 242 244 246 247 249 252 251 252 253 253 252 253 254 256 256 256 256 254 254 253 253 254 254 255 254 252 250 249 249 249 248 248 248 247 246 245 245 245 244 243 243 242 241 240 242 245 246 244 247 249 249 251 251 251 251 252 251 251 250 251 250 250 250 250 247 246 245 242 239 237 236 237 232 231 238 248 252 253 245 239 238 237 235 231 228 227 226 225 226 228 229 229 229 228 227 229 229 228 227 226 223 223 222 221 219 220 221 223 226 230
428 426 423 417 416 418 416 413 407 401 393 384 379 373 366 360 353 346 336 346 352 352 350 347 342 345 352 357 363 372 379 388 396 403 410 416 422 425 428 429 429 429 428 428 429 429 428 426 423 419 414 407 400 396 394 395 399 402 404 401 401 402 403 404 406 411 415 420 424 426 425 422 418 415 411 407 405 402 400 398 395 392 389 386 384 382 382 382 381 378 379 378 378 378 378 380 380 380 379 376 373 371 368 366 363 361 358 357 357 357 359 362 364 366 369 371 372 374 376 379 386 392 398 405 410 408 406 399 393 388 382 378 374 371 371 371 371 372 373 374 374 375 373 371 368 366 361 356 350 343 338 333 329 325 321 318 315 311 308 302 295 291 289 292 294 293 293 292 291 289 287 290 294 300 304 307 309 310 310 311 311 311 312 315 319 328 331 335 340 344 350 354 360 367 373 381 386 393 399 403 403 406 407 408 408 407 404 398 393 386 380 374 367 361 352 343 337 329 322 319 314 309 303 297 291 289 291 294 297 300 304 309 315 327 337 347 356 366 378 381 379 379 376 367 358 348 333 330 330 330 330 322 309 300 296 292 288 285 282 279 276 275 278 281 285 289 291 288 280 273 260 255 249 248 249 252 251 250 250 246 245 243 239 233 229 231 233 235 237 240 241 245 247 247 248 249 250 251 251 252 251 252 253 254 255 254 254 254 255 256 256 257 258 258 256 254 252 250 249 249 248 248 247 247 246 245 245 245 244 244 243 243 241 242 244 245 247 246 247 249 250 251 253 253 254 255 254 254 254 254 253 253 253 253 250 248 246 244 241 237 237 236 233 230 238 247 249 248 241 236 235 234 234 229 227 226 226 226 226 228 230 230 230 231 230 228 226 226 225 224 223 222 221 221 220 220 222 224 226 229
424 423 420 417 418 420 420 416 409 402 395 387 379 374 366 359 353 347 336 341 346 347 344 340 344 353 360 367 372 379 387 395 403 411 418 424 429 434 436 438 438 437 435 435 434 433 432 429 426 421 414 408 403 399 394 392 393 395 397 397 398 399 400 402 403 406 410 415 419 422 422 420 417 413 410 407 404 402 398 397 393 390 388 385 383 381 380 380 380 378 378 378 378 378 379 381 381 380 379 377 375 373 370 367 364 362 359 358 357 357 358 361 362 364 365 366 368 370 372 375 378 384 389 395 401 399 397 394 387 383 378 373 370 368 367 368 368 367 367 367 368 369 369 368 366 364 360 357 351 345 340 334 331 327 323 320 316 312 309 304 297 291 289 290 291 292 293 292 289 287 286 287 292 297 301 303 304 305 306 307 309 310 312 316 321 327 332 338 342 346 351 357 362 368 377 383 389 395 400 403 404 407 410 412 412 410 407 404 400 391 385 382 376 370 360 349 342 336 327 322 319 313 304 300 293 290 289 292 295 299 303 307 309 320 335 350 358 366 378 377 372 370 366 357 350 340 329 323 322 322 321 316 305 298 294 292 289 286 282 279 276 274 276 279 283 286 290 287 280 269 260 252 251 250 248 251 250 250 249 245 245 243 239 235 229 231 232 235 237 238 241 246 247 248 247 247 249 249 250 251 252 251 252 253 254 255 255 256 257 258 260 261 261 260 259 256 252 250 249 249 248 247 246 246 246 245 244 245 244 243 242 241 241 242 244 246 248 249 249 251 253 253 253 255 256 257 257 256 256 256 256 257 255 254 252 251 249 246 243 238 237 235 232 230 238 247 247 245 238 234 233 233 232 229 227 227 226 227 226 227 228 229 234 236 236 234 231 229 229 228 225 222 221 221 220 220 221 225 227 230
419 418 417 418 419 421 422 418 411 403 396 389 380 373 367 359 352 345 339 335 341 336 337 347 354 361 367 374 380 386 393 401 410 418 425 431 435 440 443 445 446 445 443 440 438 437 435 431 428 421 415 406 402 399 394 391 391 392 394 395 396 396 397 399 400 402 404 410 413 415 417 417 415 411 409 407 404 401 397 394 391 388 385 381 380 378 377 377 376 377 377 377 378 378 380 381 381 381 381 380 377 373 370 368 365 363 361 360 358 357 356 359 360 360 362 363 364 366 368 370 374 376 380 385 391 390 388 387 382 377 373 368 366 363 364 364 363 363 362 360 360 358 359 361 362 362 360 357 352 347 342 336 332 329 324 321 318 314 310 306 299 292 288 288 289 291 292 291 288 285 283 286 290 295 298 300 301 302 303 305 306 309 313 318 323 328 333 338 343 347 352 357 363 371 378 385 391 395 398 401 405 409 413 416 416 414 412 410 406 400 394 390 385 381 371 359 348 340 333 325 321 317 309 299 294 290 289 291 293 298 302 303 307 314 326 347 355 361 368 372 368 362 356 350 342 331 321 318 317 313 309 307 299 294 292 291 289 285 281 278 275 274 275 279 284 286 287 286 278 269 261 253 251 251 249 248 248 248 247 246 245 242 240 233 229 231 232 234 236 238 242 247 247 247 245 249 251 251 251 252 252 252 252 254 256 257 257 258 260 263 266 266 263 262 260 256 252 250 249 249 247 247 246 246 245 244 243 243 242 243 244 244 241 243 246 246 249 251 251 252 255 257 255 257 257 258 258 258 259 259 259 260 258 255 253 253 250 247 244 240 238 237 233 230 233 245 245 242 236 233 231 231 230 228 227 227 227 227 227 228 230 232 237 239 238 237 234 231 230 228 225 222 221 220 219 220 223 223 229 232
412 413 414 414 417 420 422 418 411 403 396 387 380 373 364 357 351 346 340 333 334 336 344 354 361 368 374 381 388 395 401 408 417 424 430 436 443 446 451 450 452 451 449 447 443 440 436 431 427 421 414 406 401 397 394 390 389 390 391 393 394 395 396 396 397 398 400 403 408 410 412 412 412 410 409 407 405 401 398 393 389 384 380 378 377 377 376 375 375 375 376 376 376 378 379 380 381 381 381 381 380 375 371 369 366 364 363 362 361 359 359 355 358 358 359 360 361 362 364 366 368 371 374 377 382 383 383 381 378 374 371 367 366 360 360 360 360 360 359 356 354 354 356 356 358 358 357 357 354 349 344 337 333 330 326 323 319 316 312 307 301 294 287 287 288 289 291 290 287 284 283 284 288 293 296 296 298 300 301 303 304 308 313 319 325 329 334 338 343 347 351 358 364 370 379 386 390 394 398 402 407 412 416 419 420 419 417 414 411 405 400 394 391 388 379 366 354 348 338 328 322 317 309 300 295 291 289 290 292 296 300 302 305 310 322 337 348 355 359 361 359 349 344 339 336 324 318 313 310 308 304 300 295 293 292 291 291 288 282 277 274 273 273 278 284 285 284 283 277 269 261 253 250 251 249 249 250 247 245 244 243 242 243 235 229 231 231 234 236 238 240 246 247 246 246 248 251 251 252 252 252 253 253 254 257 259 259 260 264 271 274 271 265 263 260 255 251 250 249 248 247 246 246 245 245 244 245 245 244 245 245 245 241 246 248 248 250 253 252 253 255 258 257 258 259 260 262 261 261 262 262 262 260 257 255 254 252 249 244 240 238 236 235 231 230 241 242 239 235 232 231 230 229 228 227 227 227 228 229 230 232 236 238 239 238 237 236 230 229 227 224 223 221 220 218 220 222 228 230 231
407 407 409 411 414 417 419 416 410 403 394 385 376 369 361 355 350 345 340 332 334 345 352 359 368 375 382 389 395 401 408 414 420 428 434 438 442 447 450 453 455 454 453 451 447 442 437 431 425 419 413 406 400 396 392 388 387 387 388 390 393 394 394 394 395 394 396 398 401 404 406 408 408 408 409 408 407 402 395 388 384 381 379 377 376 376 376 375 375 375 374 374 375 375 377 379 380 380 380 380 378 376 372 370 368 366 365 365 364 362 361 356 353 351 356 357 357 358 359 361 363 366 369 372 375 376 377 376 374 372 369 366 362 359 357 357 357 357 357 355 352 351 351 353 355 355 355 356 354 349 345 340 334 330 327 324 320 317 313 309 302 295 288 285 286 288 289 289 286 284 282 283 286 291 293 293 295 297 299 301 304 308 312 316 323 328 334 337 343 347 352 357 363 367 376 383 387 393 398 402 410 415 419 422 426 426 423 418 413 409 402 397 392 392 387 376 361 352 340 329 323 317 309 301 295 292 287 288 290 295 297 300 303 309 315 326 341 349 352 352 349 340 336 331 328 319 314 310 307 305 302 296 294 293 292 292 293 291 284 277 273 272 272 276 281 283 283 281 276 269 261 253 248 251 250 251 250 245 244 244 244 244 242 235 229 229 231 233 235 237 239 242 244 245 245 248 251 251 251 252 252 252 252 253 256 258 260 262 269 277 280 274 265 262 258 253 251 249 248 248 246 246 246 247 247 245 246 246 246 246 246 243 244 248 251 251 250 253 254 254 256 258 259 259 261 262 264 264 264 264 265 264 262 259 256 256 253 249 244 240 238 237 237 234 229 232 235 234 232 231 230 228 226 227 227 228 229 230 231 233 236 238 240 241 241 238 237 232 228 226 224 222 220 219 219 221 222 227 230 233
401 401 402 404 407 411 412 411 407 400 391 381 372 364 357 352 348 342 332 332 343 353 361 368 376 383 391 396 401 406 412 419 424 428 433 437 440 444 448 452 454 453 453 450 446 441 436 430 424 418 412 405 399 395 391 387 385 386 386 389 391 392 392 392 393 393 394 395 396 398 400 401 403 404 406 406 404 399 393 387 384 381 379 377 377 376 375 375 375 375 374 374 374 374 375 377 379 380 380 379 377 376 373 371 370 369 368 368 367 365 363 359 357 354 350 353 353 354 354 356 358 361 365 369 372 373 374 376 375 371 367 363 360 357 353 352 353 354 353 352 349 348 347 350 352 352 354 355 356 350 346 342 336 331 327 325 322 318 314 309 303 297 291 287 285 287 288 288 284 282 281 282 284 289 290 292 293 295 298 300 303 307 312 317 323 328 332 337 343 347 350 354 360 366 372 380 385 391 397 403 410 416 422 426 432 432 426 422 415 410 404 395 389 389 389 374 363 349 342 331 324 318 310 304 298 293 288 286 288 291 295 298 301 306 311 319 330 340 343 343 338 331 328 325 320 316 310 307 304 302 299 295 293 292 291 292 297 292 284 279 273 270 271 275 279 281 281 280 277 270 261 253 248 250 249 250 248 243 244 244 244 244 242 234 231 230 231 233 234 236 239 240 240 242 247 248 251 250 251 251 252 252 253 253 255 257 260 263 271 279 279 272 265 259 256 252 251 249 249 247 248 255 251 248 247 246 247 247 247 247 245 243 246 250 251 253 251 254 256 257 258 259 260 261 263 264 265 266 267 268 268 266 263 260 259 257 254 250 247 243 241 238 238 236 230 229 230 230 230 230 229 227 227 227 229 229 231 232 234 236 238 238 242 243 242 240 239 235 229 226 223 222 220 219 219 219 222 225 231 233
394 395 395 398 400 403 403 402 401 396 387 378 369 360 354 349 345 339 331 332 349 361 370 378 387 394 400 404 408 411 416 421 424 426 428 431 434 438 442 446 449 450 449 446 442 436 430 426 421 416 411 404 399 395 391 386 384 384 386 386 389 390 391 391 391 392 393 394 395 396 398 398 400 400 400 402 399 396 391 389 387 387 387 381 380 379 378 377 376 376 374 374 374 374 374 374 376 379 379 378 377 377 375 374 372 372 370 370 369 367 365 362 359 355 352 347 345 348 350 351 354 358 362 366 371 374 376 377 376 372 367 363 358 355 351 346 349 349 350 348 347 346 345 346 349 350 351 352 353 351 346 342 337 332 328 326 322 319 315 310 304 297 292 288 284 285 286 287 283 281 280 280 283 287 289 290 293 295 297 299 302 307 312 319 322 327 331 336 342 345 350 354 359 365 369 377 384 390 397 403 409 415 421 429 437 436 429 423 415 409 401 391 384 380 379 372 362 348 339 332 324 317 312 306 301 294 289 285 285 288 292 296 299 302 306 311 321 330 333 333 330 325 322 319 314 312 307 305 301 298 295 293 292 291 289 289 296 295 287 282 274 268 270 274 279 280 282 279 277 271 263 253 248 248 249 250 245 243 242 243 244 244 243 234 230 228 231 232 234 236 239 245 246 245 246 248 249 250 251 251 252 252 252 253 254 257 259 262 270 276 273 269 263 258 254 252 250 249 248 248 249 249 249 247 247 247 248 248 247 246 244 246 249 250 252 254 254 255 258 259 260 262 263 264 266 268 267 269 270 271 269 268 265 263 261 257 255 252 249 246 242 239 237 233 231 229 228 228 229 228 227 227 228 230 232 230 231 234 237 240 240 239 242 244 244 242 240 237 231 227 225 223 220 219 219 219 221 224 230 233
387 387 389 391 392 394 395 395 393 390 384 375 366 358 353 348 342 331 330 339 352 363 375 383 392 398 404 410 414 417 419 422 423 423 422 423 424 428 433 437 441 442 442 441 437 430 425 421 417 413 408 402 397 393 390 386 383 382 385 386 386 388 389 390 390 391 393 394 395 396 397 398 399 399 399 398 398 396 394 396 398 398 396 390 385 382 380 380 380 379 377 375 374 373 373 374 377 380 382 382 381 380 379 378 377 375 374 373 371 368 366 364 361 358 355 352 347 342 338 345 348 354 358 364 370 375 379 379 377 373 368 364 359 354 349 342 343 345 345 345 344 344 344 345 348 351 351 352 352 353 348 342 337 332 329 326 323 319 315 310 304 298 292 287 284 282 283 283 281 279 278 278 281 284 288 289 291 294 296 299 302 307 313 318 321 325 330 334 340 344 348 352 359 363 367 374 381 389 395 402 410 415 423 430 437 438 433 425 416 407 398 388 381 375 371 369 358 347 337 330 324 318 312 307 301 295 290 285 283 286 295 295 296 298 303 309 313 321 323 323 322 320 317 315 313 309 304 301 299 295 293 291 290 289 288 287 293 297 288 282 275 267 269 273 277 280 283 280 275 270 263 253 249 246 247 249 244 243 240 243 243 243 242 233 230 227 231 231 234 235 238 243 245 245 246 247 248 250 251 251 251 252 252 252 253 255 258 261 267 272 270 266 261 257 253 251 250 249 248 249 249 249 247 247 248 247 247 247 247 245 244 247 249 250 252 255 257 258 260 260 262 264 265 267 269 270 271 272 272 273 270 269 266 263 261 259 256 252 248 245 240 239 239 236 232 231 230 229 227 228 228 229 229 232 236 232 233 236 240 241 241 240 243 244 245 243 241 237 232 229 225 222 220 219 219 219 220 222 227 231
379 381 382 384 386 388 389 390 388 384 379 370 362 356 352 347 341 330 330 341 353 363 376 386 393 400 406 411 415 419 421 423 423 420 417 415 414 417 421 425 430 433 433 433 430 424 420 416 414 410 405 400 395 391 388 385 382 382 383 384 385 386 387 389 390 392 394 395 396 397 397 399 399 400 401 400 400 400 402 404 403 402 399 396 392 389 387 386 384 382 380 376 375 374 374 374 378 382 385 385 385 385 384 383 381 378 377 375 372 369 367 364 362 360 357 355 351 349 344 336 341 348 357 365 371 376 382 382 379 374 368 362 357 352 348 342 336 339 340 341 342 343 343 346 349 352 352 351 351 352 350 344 338 333 330 327 323 320 316 312 305 299 291 288 285 282 280 280 280 279 278 277 279 283 286 287 290 292 295 298 303 307 312 317 320 323 328 333 338 342 347 352 357 361 365 371 379 386 393 400 409 415 422 426 432 436 436 425 414 404 393 386 378 370 365 360 354 344 335 329 323 317 311 306 301 295 289 285 283 283 292 293 294 297 302 308 313 318 316 318 318 316 315 313 312 307 302 299 295 292 289 287 287 287 284 285 290 294 288 282 274 266 268 271 275 279 283 280 274 268 263 254 250 247 245 247 244 243 240 243 243 243 241 232 231 227 230 231 233 236 238 239 242 245 246 246 248 250 250 251 251 251 251 252 253 254 257 261 265 269 267 263 259 255 252 251 249 249 249 250 249 249 248 248 248 247 247 247 245 245 245 247 250 252 253 256 260 260 261 263 265 266 268 270 272 273 274 274 274 275 273 269 267 265 262 260 257 253 250 245 244 243 239 238 237 236 234 232 228 228 229 230 231 234 236 235 237 239 241 242 243 242 243 245 245 244 242 239 233 229 226 223 222 220 218 218 219 221 224 228
370 372 378 381 383 384 384 383 381 377 373 365 360 356 352 347 339 329 329 339 352 363 372 385 392 398 404 411 415 418 422 424 422 418 414 409 407 407 410 415 420 423 425 424 421 417 414 411 408 406 402 398 394 388 385 381 378 381 382 383 383 385 387 389 391 395 397 398 399 399 399 400 400 401 402 403 405 406 407 407 405 404 402 400 398 396 394 392 390 388 384 379 375 373 373 376 380 383 387 389 389 390 390 388 384 381 378 376 373 370 367 364 362 359 358 355 354 352 349 344 331 346 353 366 372 380 386 385 380 373 367 362 356 350 346 341 331 333 334 335 337 338 342 346 350 353 353 351 349 349 350 344 338 333 330 327 323 320 317 313 307 299 292 287 286 283 280 278 278 277 276 276 277 281 284 287 288 291 295 297 303 306 311 316 318 321 326 331 337 340 344 349 355 358 363 369 376 382 391 399 406 413 417 424 428 436 443 429 411 402 391 383 374 364 360 355 348 340 333 328 323 317 312 305 300 294 289 284 281 281 286 290 293 297 303 308 313 315 315 316 315 313 312 310 308 306 299 296 292 289 287 286 285 284 282 283 286 288 284 279 274 265 267 270 274 278 282 279 274 270 263 254 249 246 244 244 243 242 239 240 239 237 235 232 230 228 231 232 234 236 237 239 242 245 244 245 246 248 249 250 251 251 250 251 252 253 256 260 263 267 265 260 256 253 251 250 250 249 250 249 249 249 249 248 249 248 247 246 245 246 247 249 252 253 254 258 260 262 264 265 267 269 271 273 275 276 276 277 277 277 274 270 266 265 263 260 257 254 250 247 246 243 241 242 241 239 238 235 233 230 231 232 233 237 237 239 241 245 246 245 244 243 243 245 246 244 242 239 236 231 228 225 223 220 218 218 218 220 222 224
361 360 371 376 377 378 378 378 375 372 367 362 359 357 353 347 340 330 328 339 349 360 369 378 387 393 399 404 411 415 420 424 423 417 411 407 402 400 400 403 409 414 415 415 413 410 407 405 403 401 398 395 390 385 382 378 377 380 381 381 382 385 388 391 394 397 400 401 403 402 402 401 401 402 403 404 405 406 408 408 407 406 406 406 405 403 401 399 396 392 387 381 375 374 373 377 381 385 388 391 393 395 394 391 388 384 379 375 372 369 367 364 361 359 357 355 354 352 350 346 335 343 352 364 375 383 389 387 381 373 367 361 355 348 344 340 333 328 330 331 332 336 340 344 349 353 354 352 349 347 347 344 338 333 330 326 323 321 319 314 308 300 292 287 286 284 281 278 276 276 275 274 276 279 283 285 288 290 294 297 303 309 313 316 316 320 324 329 334 337 342 347 351 355 362 366 372 380 386 396 403 407 412 421 425 435 441 427 409 396 387 379 370 362 355 349 344 337 329 326 324 318 312 304 298 294 288 283 280 280 284 288 292 297 303 308 313 316 315 315 314 312 310 306 302 298 294 291 289 286 285 284 282 280 279 280 280 281 279 279 273 268 265 267 271 276 282 281 276 272 265 253 249 246 244 243 242 240 238 239 237 234 232 230 230 230 232 233 235 237 237 240 242 243 245 245 245 246 248 250 250 250 250 251 251 252 254 257 260 263 261 257 253 251 250 250 250 250 250 249 250 249 248 248 248 248 247 245 246 247 249 250 253 254 256 259 261 263 265 267 270 271 274 277 277 279 279 281 281 280 276 271 268 266 265 262 258 255 251 249 248 246 248 246 244 246 244 242 238 233 232 233 235 238 240 244 248 251 251 248 246 243 244 246 247 245 243 242 239 235 230 229 224 221 218 218 218 219 220 222
356 358 364 366 367 368 369 370 369 367 362 360 358 355 352 347 341 332 327 333 346 356 364 370 378 386 392 397 402 409 417 422 422 418 409 404 399 395 394 394 397 403 406 407 405 402 399 398 398 397 395 391 387 382 377 375 376 380 380 379 382 385 390 393 397 399 403 404 406 406 405 404 404 403 403 404 405 407 409 409 409 409 409 410 410 409 406 402 398 394 388 383 376 373 374 377 381 385 389 393 396 398 397 394 390 385 380 377 372 368 365 362 360 358 355 354 353 350 349 345 337 335 351 364 376 388 391 388 380 373 366 359 353 348 343 338 330 322 325 326 331 335 338 342 348 353 354 352 348 345 344 342 338 333 329 326 324 321 320 316 309 301 292 287 286 285 280 277 274 273 273 273 275 278 281 283 286 289 292 298 304 311 314 316 315 316 320 326 330 335 338 343 348 356 359 364 368 375 381 388 394 400 410 416 425 432 431 420 404 391 380 374 369 358 351 346 340 333 326 325 322 319 311 304 297 294 288 283 280 280 282 287 291 296 302 307 312 314 316 314 313 310 306 303 301 296 293 290 288 285 283 281 279 278 276 276 276 275 274 273 270 266 263 264 269 274 279 280 276 272 268 256 250 246 244 243 243 242 243 243 243 240 232 230 226 231 232 234 235 237 239 241 245 243 244 246 246 245 247 248 249 249 248 249 250 251 253 254 255 256 254 253 251 251 251 250 250 250 250 249 249 249 248 248 248 246 246 248 249 248 249 251 254 256 258 261 262 264 267 269 271 274 278 279 281 282 283 284 285 281 278 274 269 267 266 263 260 257 254 253 250 250 251 249 249 251 252 250 246 239 236 235 236 241 246 250 254 255 255 251 247 244 244 245 246 247 247 246 243 240 236 231 226 221 218 218 217 218 220 222
351 349 354 353 354 355 357 360 362 362 359 358 356 353 350 346 342 334 327 327 340 350 357 363 368 375 381 388 395 402 412 418 420 417 410 402 396 391 388 386 387 391 396 397 395 392 391 391 393 392 390 388 383 379 372 371 374 378 378 379 382 386 391 396 399 402 405 408 409 409 409 408 407 405 405 405 406 407 408 410 410 410 410 411 410 409 407 403 399 394 389 382 376 371 372 377 382 385 389 393 397 399 399 396 391 386 381 377 372 368 364 360 358 356 354 352 351 349 347 344 338 334 349 362 376 390 392 387 380 372 365 357 351 346 341 335 330 320 321 326 328 332 335 338 344 351 354 351 348 344 341 338 336 332 328 326 324 321 319 314 308 301 291 288 287 286 282 277 275 273 272 272 274 276 278 281 283 286 291 292 300 308 311 314 312 313 318 323 327 331 334 339 345 351 356 361 365 369 374 382 389 396 403 413 420 424 421 413 402 388 376 371 364 352 347 342 337 329 323 321 318 314 309 303 298 293 287 280 278 278 280 284 288 294 300 306 311 314 315 315 313 310 305 301 299 296 292 288 286 284 280 277 276 275 274 272 272 271 270 268 266 264 262 262 266 270 274 277 275 272 266 256 249 246 244 242 242 242 243 243 241 236 230 230 226 229 232 234 236 237 238 242 244 245 243 245 246 245 245 246 248 249 247 248 250 251 251 252 252 251 251 251 251 251 251 251 251 250 250 249 249 249 248 246 246 246 248 249 249 249 250 252 255 258 259 262 265 266 268 271 275 277 280 282 285 286 288 288 287 284 280 275 271 270 267 264 262 259 257 255 252 254 255 253 254 257 259 257 252 245 240 238 239 243 249 254 258 259 260 255 249 247 245 247 247 248 249 249 248 244 237 233 227 222 218 218 218 218 220 222
347 345 344 344 344 343 344 348 353 356 355 355 354 351 348 345 340 335 326 326 333 343 349 354 358 362 368 379 387 396 407 411 417 414 409 399 393 388 384 381 380 382 384 385 384 383 383 384 386 387 386 383 379 374 369 368 371 374 376 380 383 388 394 400 404 407 409 412 414 414 413 412 410 409 407 406 406 407 408 409 410 410 410 409 409 407 405 402 398 393 386 380 375 370 372 376 380 384 388 392 396 398 399 397 392 387 381 375 371 366 362 360 356 354 353 351 350 348 345 342 336 331 346 359 376 389 390 384 377 370 362 354 349 344 338 333 327 319 318 322 326 329 331 334 339 346 351 350 346 342 340 337 334 332 328 325 323 320 317 313 308 301 292 287 286 286 282 277 275 273 271 271 273 275 276 277 280 283 287 291 297 301 305 309 308 310 313 318 323 327 331 335 340 346 352 357 362 366 370 377 384 392 399 407 413 417 414 408 399 386 372 367 359 351 344 338 333 327 322 319 315 311 307 303 299 294 287 281 278 276 278 281 286 291 297 302 308 312 316 317 318 313 305 303 299 295 291 287 284 280 277 274 272 272 271 271 270 269 268 267 265 263 260 261 263 266 268 270 273 270 265 256 250 248 244 241 242 242 242 242 240 232 230 228 229 231 232 234 235 236 239 242 243 244 245 244 244 245 245 245 246 246 247 248 250 250 250 251 250 250 250 250 251 250 251 250 250 250 250 250 249 249 248 249 249 247 248 250 251 252 251 253 256 260 261 263 266 267 270 275 275 279 284 287 289 291 293 293 290 287 283 277 275 272 269 268 265 262 261 257 255 257 258 258 260 262 264 263 258 251 245 240 241 246 252 257 261 263 262 258 252 249 246 247 248 249 251 251 250 248 242 236 231 225 220 217 217 217 219 221
346 345 344 343 342 341 340 342 349 351 350 351 349 348 345 342 340 336 325 325 325 335 339 342 346 349 355 366 379 389 399 406 410 410 405 397 389 385 380 376 373 372 374 376 376 375 375 376 379 380 380 378 373 367 365 364 370 374 377 380 386 392 398 403 408 411 414 417 418 418 417 415 413 411 409 408 407 407 406 407 408 408 408 407 406 405 403 400 396 390 383 377 373 368 370 375 379 382 386 389 393 395 395 394 391 385 379 373 369 365 362 358 354 352 351 350 349 346 344 340 334 335 344 355 371 383 385 379 373 366 360 352 346 341 336 330 325 318 316 319 323 326 326 327 333 341 346 348 345 340 337 335 333 330 327 325 322 319 316 312 306 299 292 287 284 284 281 277 275 273 271 271 271 274 275 277 278 280 284 290 294 296 299 301 302 306 309 313 319 323 327 330 336 341 348 353 358 362 365 369 377 385 394 398 404 407 407 402 394 380 367 362 356 349 343 335 330 324 320 316 312 308 305 302 299 294 288 282 278 275 277 280 284 288 294 300 306 311 315 319 322 316 308 303 300 295 291 286 282 278 274 272 270 270 270 268 268 268 267 265 264 261 259 259 261 264 264 267 267 265 262 254 250 246 243 242 242 242 242 242 239 231 229 225 230 234 234 237 234 235 236 237 243 244 244 245 244 244 244 245 245 245 247 248 249 249 250 250 249 250 250 251 251 251 251 250 251 250 251 250 249 249 249 249 249 247 248 250 251 253 253 254 258 261 263 265 268 270 274 275 280 283 288 291 295 297 299 298 295 292 286 281 280 277 273 270 268 266 263 259 258 260 262 264 266 267 269 268 264 257 250 244 242 246 253 260 263 264 262 259 255 251 247 247 248 250 252 254 254 251 246 239 233 228 222 219 217 217 217 219
347 346 346 346 346 347 344 339 343 347 346 346 345 344 342 340 338 335 332 325 324 328 333 335 337 340 344 353 368 382 392 400 405 406 402 395 387 381 376 371 368 365 365 367 367 367 368 368 371 373 374 372 368 363 361 366 371 376 379 384 388 396 401 407 412 415 418 420 421 423 421 419 416 414 412 410 408 407 406 405 405 405 406 405 404 403 401 397 393 386 380 375 371 366 369 373 377 380 383 386 389 391 391 390 387 382 375 369 365 363 360 355 353 351 349 348 346 344 341 338 326 333 341 352 366 375 378 374 369 362 356 350 344 340 335 329 324 314 314 319 321 323 323 323 327 335 339 343 343 338 334 332 330 328 326 324 322 319 316 313 307 300 292 287 284 282 280 277 274 272 270 270 270 273 275 276 276 278 281 286 290 292 294 294 297 301 304 309 315 320 324 327 331 337 343 349 354 358 360 363 369 377 387 389 397 400 398 396 388 374 361 357 351 347 340 333 328 322 319 314 310 306 301 299 296 291 285 281 278 274 276 278 282 287 291 297 302 307 312 317 321 320 307 302 300 295 290 284 278 276 273 270 269 267 267 267 266 266 265 264 262 260 259 257 259 260 261 263 263 261 259 253 250 246 243 242 242 241 241 242 238 230 229 227 233 235 236 236 236 236 237 237 238 242 244 245 244 244 244 244 245 245 246 247 248 248 249 247 249 249 250 251 251 251 251 250 251 250 251 250 250 250 250 250 250 247 249 251 252 255 256 256 258 262 265 267 270 272 275 278 282 287 291 296 301 304 306 303 301 297 292 289 286 281 276 275 272 270 266 261 263 264 267 270 271 273 274 273 268 263 257 250 248 246 253 260 263 264 263 262 257 252 247 248 249 250 253 255 255 251 248 241 235 230 224 220 218 217 217 218
351 357 351 349 349 351 347 340 338 339 342 341 340 339 338 337 335 332 325 324 322 323 325 326 333 335 339 345 360 374 386 392 399 401 398 391 382 377 372 366 363 360 359 359 360 361 361 363 364 365 366 363 362 359 362 367 372 378 382 388 395 401 405 410 414 419 422 423 424 426 425 422 419 416 414 412 410 407 406 404 403 403 403 403 401 399 397 393 389 383 377 372 368 364 367 370 373 376 379 382 384 385 386 385 382 377 370 365 361 358 356 353 351 349 348 347 345 342 338 334 327 332 336 349 361 367 370 368 364 357 351 348 343 338 333 329 321 314 313 319 319 320 320 320 322 328 333 334 338 335 332 330 328 326 326 325 322 319 317 314 310 302 293 287 283 281 280 278 274 272 270 270 269 271 273 273 274 276 278 281 285 287 288 289 292 296 302 306 312 317 321 324 327 333 338 344 349 353 354 355 360 366 376 379 383 387 386 385 379 367 357 351 346 340 335 331 326 322 317 313 307 303 300 295 290 288 282 279 275 273 275 277 281 285 289 294 300 304 309 314 316 316 308 302 299 293 288 282 277 273 271 269 267 267 265 265 265 265 264 263 261 259 257 257 257 259 259 259 259 258 256 253 250 249 244 241 241 240 242 241 234 229 225 231 235 237 240 241 240 238 238 239 240 239 242 244 244 244 244 244 243 244 244 245 246 246 246 246 248 249 250 250 251 251 251 251 251 251 251 250 250 251 251 250 248 249 250 252 254 256 258 260 261 264 267 270 273 275 278 281 287 290 295 301 307 310 313 312 311 306 301 296 291 285 281 280 277 275 271 265 265 268 267 276 277 279 279 277 272 268 263 257 253 250 254 259 264 263 262 263 258 251 248 249 250 251 254 255 255 253 250 243 236 233 228 223 220 217 217 217
360 363 361 354 352 350 347 342 340 338 337 336 337 334 333 333 331 332 329 326 323 323 321 324 328 331 335 340 353 364 375 383 388 392 391 386 379 373 367 361 358 355 354 354 354 356 356 358 360 359 359 358 358 359 363 369 374 381 388 394 399 405 409 413 417 421 424 427 427 427 427 424 421 418 416 414 411 408 406 403 402 399 399 399 398 395 393 389 384 379 374 370 367 363 364 366 369 372 375 378 380 380 380 379 376 372 365 361 358 355 353 351 348 347 346 345 344 341 336 331 317 326 332 344 356 360 361 360 356 351 348 345 342 337 332 327 318 308 312 320 318 318 317 317 318 322 327 331 332 331 330 327 325 325 325 325 324 320 317 315 310 303 295 287 284 280 279 277 275 273 271 271 270 268 271 272 272 273 274 278 280 282 284 285 288 292 298 303 308 312 318 320 323 328 332 339 344 347 346 349 352 356 365 368 371 373 375 373 366 357 350 344 341 338 334 331 327 324 317 311 308 303 297 291 286 283 282 278 274 273 274 276 280 284 287 291 297 301 305 309 312 310 306 301 299 293 288 282 276 272 270 268 266 266 265 264 264 264 263 261 260 259 257 256 256 257 257 258 257 256 254 251 249 249 244 240 240 242 242 236 231 228 228 232 236 237 243 243 243 242 241 240 239 240 239 243 244 243 243 243 242 243 243 244 244 244 245 246 248 249 250 251 250 251 251 251 251 251 251 251 251 251 251 249 250 251 252 253 255 258 260 263 264 266 269 272 275 278 282 285 289 294 301 308 314 319 322 323 319 315 309 304 296 291 288 285 282 279 276 270 270 272 276 281 284 284 283 280 275 271 268 264 258 254 255 257 263 262 261 261 260 252 249 249 251 253 255 255 255 255 251 245 240 236 231 225 220 216 217 217
364 367 366 361 357 354 350 345 343 340 340 340 339 339 340 340 340 340 336 333 330 326 322 321 322 327 330 336 347 358 367 375 377 382 381 378 374 368 361 356 353 351 350 350 350 351 353 354 356 356 356 353 355 360 366 372 379 386 393 399 404 409 413 416 419 422 425 427 427 427 427 425 423 421 418 415 413 409 407 403 400 397 396 395 394 391 389 385 380 375 370 367 364 362 361 364 365 368 371 373 374 374 373 372 370 366 361 358 355 352 349 348 346 346 344 343 342 339 336 330 314 326 329 341 352 354 354 353 350 348 345 342 339 335 330 325 315 302 310 320 318 316 314 314 315 319 323 325 327 326 326 325 323 323 325 326 325 321 316 314 311 305 296 289 284 280 278 277 275 273 272 271 271 270 268 269 269 268 270 273 274 277 279 282 284 288 293 298 304 308 312 315 317 320 323 328 332 336 341 343 344 347 353 356 359 361 364 362 355 351 345 340 338 336 333 330 328 325 319 314 310 306 303 291 286 281 276 275 273 272 273 275 278 282 285 289 294 298 303 306 307 306 303 301 297 294 288 279 276 272 270 269 267 267 266 266 263 262 261 260 259 258 257 256 256 256 256 256 255 254 252 251 249 246 243 240 239 242 239 232 229 225 229 233 237 242 243 243 243 243 243 242 241 240 241 241 242 243 242 242 242 242 243 244 244 244 244 246 247 248 249 249 250 251 251 250 251 251 251 251 251 251 252 251 251 252 254 256 259 260 263 266 267 268 270 275 278 281 284 287 293 299 306 314 322 328 335 335 331 324 319 312 304 299 296 292 287 284 278 273 275 277 281 287 290 291 288 284 279 275 271 267 260 257 259 260 262 261 262 261 260 254 252 250 251 252 254 257 257 256 254 249 243 239 234 227 221 217 216 217
366 368 369 366 361 357 352 347 345 344 343 344 345 345 345 346 348 346 341 336 334 330 326 320 320 321 325 330 340 350 358 364 370 372 373 372 369 362 355 351 348 347 346 345 347 347 348 350 352 353 352 352 357 362 368 376 384 391 397 403 407 411 414 417 420 423 426 427 427 427 426 425 423 421 418 416 413 410 407 404 400 396 393 391 390 387 385 382 377 372 368 366 363 361 358 360 362 363 366 367 368 367 366 366 363 360 357 354 351 349 346 345 344 343 343 341 339 337 334 328 313 323 323 337 349 350 349 347 345 344 342 339 337 333 328 323 314 302 305 316 316 313 311 310 311 315 319 322 322 323 324 324 323 323 325 326 325 321 317 313 310 305 297 290 284 280 278 276 275 273 272 272 272 271 266 267 267 267 266 267 267 272 274 277 280 284 289 293 299 302 306 309 312 315 318 323 327 330 333 337 340 337 341 345 350 351 352 350 350 348 343 338 336 334 331 329 327 326 321 317 314 311 304 291 286 281 278 274 272 271 272 274 277 281 284 287 293 296 301 304 305 304 302 300 298 294 287 280 274 272 271 269 268 267 266 265 263 261 259 258 258 258 256 256 256 256 255 253 252 252 251 250 248 245 242 240 241 241 236 230 228 225 229 233 239 242 242 242 243 243 243 243 242 241 243 244 243 242 243 243 243 243 243 243 244 245 245 245 246 247 247 248 249 250 251 251 251 251 251 252 252 253 253 252 253 254 256 259 261 264 266 268 271 272 273 277 280 283 287 292 297 304 312 321 331 340 346 350 347 340 331 323 316 311 305 300 294 285 276 276 278 281 287 292 296 295 292 288 282 278 274 269 261 261 263 261 261 262 262 261 261 257 254 252 252 253 254 256 258 257 255 250 245 239 234 230 224 219 216 216
368 370 370 366 364 359 354 350 351 349 347 349 350 350 350 349 349 347 344 339 336 333 329 322 319 319 322 327 331 342 349 357 362 366 366 366 364 357 351 347 344 344 343 343 344 344 345 346 349 348 349 355 359 365 372 382 391 396 400 404 409 412 415 418 421 423 425 427 427 426 425 425 423 420 418 415 412 410 407 403 399 396 393 390 387 384 381 378 374 369 366 362 360 359 356 358 359 359 360 363 363 362 362 360 357 356 354 351 348 346 344 343 342 341 341 339 337 334 331 328 312 325 328 339 346 348 346 344 342 341 339 337 334 330 326 321 312 303 298 312 313 310 307 305 307 312 316 318 321 321 322 323 323 323 325 326 324 321 316 313 310 305 298 290 284 280 277 276 275 274 273 272 272 269 264 265 265 263 263 263 263 264 269 273 276 280 283 288 293 297 301 305 308 311 314 317 321 323 326 328 332 329 332 335 340 339 342 343 343 341 338 335 334 332 330 328 325 323 319 315 314 310 301 292 285 280 277 274 271 271 272 273 276 279 283 287 291 296 299 302 305 305 303 301 298 295 289 280 276 273 271 270 269 268 267 265 262 259 259 258 257 256 256 257 257 258 257 254 250 250 250 249 247 244 241 239 241 239 233 229 226 227 229 235 241 242 242 242 242 243 244 243 243 242 243 244 245 244 244 244 244 245 245 245 244 245 245 245 245 246 246 247 248 249 250 251 251 252 252 252 253 254 254 254 255 257 258 261 264 266 269 271 274 276 278 279 283 286 291 297 303 310 317 328 341 351 360 364 361 354 344 337 328 321 315 309 299 286 277 279 282 285 292 297 300 298 294 291 287 282 277 269 265 267 267 263 261 263 262 261 262 261 255 253 252 253 253 255 258 259 255 251 245 239 236 232 227 220 215 216
370 370 370 369 366 361 354 355 354 352 352 353 353 353 352 351 350 347 344 340 336 333 331 327 325 318 318 320 328 337 342 349 355 357 359 359 357 352 347 344 341 341 341 341 341 341 338 342 346 349 352 357 362 370 378 389 396 401 403 406 409 412 415 417 420 422 425 426 427 425 423 422 420 419 416 413 411 408 405 402 398 395 391 388 385 380 377 374 371 368 364 360 358 358 355 356 357 355 355 357 358 358 358 355 353 352 350 348 345 343 342 342 341 340 339 338 334 332 329 326 321 317 326 335 342 345 343 341 339 337 336 333 331 328 323 319 310 302 290 306 310 307 303 300 302 308 312 316 319 320 320 321 322 322 325 326 323 320 316 312 309 305 300 292 284 280 277 275 274 273 272 273 270 268 259 260 261 259 258 256 257 257 259 268 271 275 279 282 289 293 297 300 304 307 311 312 315 317 318 320 324 324 325 329 332 333 335 336 335 336 334 331 330 329 327 324 322 319 316 313 308 302 297 291 284 280 277 273 271 271 271 273 275 279 282 287 291 294 299 304 306 305 303 301 298 295 291 284 277 275 272 271 270 269 269 266 263 260 258 257 257 257 257 258 258 259 260 253 250 248 249 248 247 245 241 238 239 236 232 229 226 226 230 237 242 242 242 241 242 242 243 243 244 242 242 243 244 245 245 245 246 246 246 245 246 247 247 247 247 246 247 247 247 248 248 248 252 253 253 254 255 255 255 255 257 259 260 263 266 268 272 275 277 279 281 282 285 290 295 301 309 316 324 336 350 361 371 376 374 368 356 347 340 331 322 313 300 285 279 282 285 289 296 302 304 302 298 295 291 285 279 275 272 273 268 265 263 263 263 264 264 262 258 254 254 253 251 253 257 258 256 251 247 242 238 232 228 223 218 216
373 372 370 369 366 364 360 358 357 357 357 356 356 355 354 353 351 349 346 342 337 335 333 329 325 320 317 316 324 331 337 342 346 349 351 352 351 347 344 341 339 337 338 338 338 336 340 345 348 352 356 361 367 375 383 392 399 402 405 407 408 410 412 415 418 420 422 424 425 423 420 418 417 415 413 410 408 405 402 398 395 393 389 386 383 379 375 371 367 364 361 358 356 355 352 353 353 352 351 353 355 354 353 350 348 347 346 344 343 342 340 340 340 339 338 336 333 331 327 323 318 308 320 332 339 342 341 338 336 334 332 330 328 325 322 317 309 301 292 300 304 304 299 295 296 301 308 314 316 317 318 319 320 321 324 325 322 319 316 311 308 305 301 294 286 281 277 275 274 274 270 267 265 263 258 257 257 257 258 258 257 256 255 256 266 271 274 278 283 288 294 297 302 305 308 308 310 310 311 314 316 319 321 324 326 327 328 330 330 328 328 327 325 324 323 321 318 315 312 309 304 299 294 288 281 278 275 273 272 270 271 272 274 278 281 285 290 295 299 306 308 305 303 300 297 294 290 285 279 277 275 272 271 269 269 267 264 262 258 257 257 256 257 258 259 260 261 257 250 248 247 246 246 245 240 237 234 233 230 228 226 227 231 238 241 241 241 241 242 242 243 243 243 244 243 244 245 245 245 247 247 247 247 247 247 248 249 249 249 248 248 248 248 249 250 249 250 252 253 255 256 257 256 257 260 262 264 267 269 271 274 278 280 283 284 286 290 293 300 306 313 321 329 342 356 370 380 386 384 377 368 358 347 336 325 312 295 283 282 285 287 293 300 306 308 305 301 298 293 289 285 282 280 274 270 268 266 266 267 267 266 264 258 254 254 252 250 251 254 258 256 252 249 245 241 236 230 224 219 217
376 374 373 371 369 366 364 363 363 363 362 361 359 357 356 355 353 351 348 344 340 338 335 332 327 323 320 315 318 326 332 336 340 342 344 345 344 341 338 336 336 334 334 334 331 338 342 347 352 358 362 367 372 377 384 392 398 402 404 405 405 406 408 411 415 418 420 423 421 420 417 415 412 411 409 406 404 401 398 395 392 390 386 383 380 377 373 370 366 362 357 355 353 352 350 348 349 349 348 350 351 351 348 346 345 344 343 342 341 340 339 339 339 338 337 335 333 330 327 318 310 309 318 333 338 339 340 336 334 332 329 326 325 321 319 314 306 299 292 292 299 299 294 289 289 292 302 308 312 313 315 316 316 319 324 324 322 319 315 311 305 302 299 295 287 280 275 273 272 266 259 258 257 258 257 264 266 268 269 269 270 262 257 253 259 266 269 273 277 283 289 293 297 301 303 304 305 306 307 309 311 313 316 318 322 323 323 323 323 321 320 321 320 320 320 317 315 312 309 304 299 296 290 285 279 274 272 271 270 270 270 271 273 276 280 285 290 296 301 309 311 307 304 303 300 297 291 286 283 281 278 276 272 270 269 267 264 262 258 257 257 258 257 258 260 260 260 257 251 249 246 245 241 243 238 236 233 231 229 228 224 227 231 236 238 239 241 242 242 243 243 243 245 246 245 244 245 247 247 248 249 248 248 248 249 250 251 252 251 251 251 253 255 254 253 251 251 253 256 257 258 258 258 259 261 263 265 269 272 274 278 282 284 287 288 291 293 298 304 310 317 325 334 350 363 376 385 392 391 382 373 361 349 335 321 305 291 284 285 289 291 295 302 310 311 309 305 302 298 292 291 289 285 279 275 273 270 270 270 268 266 266 260 255 256 252 249 250 253 255 255 253 250 247 243 238 233 228 222 217
379 377 376 374 372 372 368 368 368 367 366 365 362 360 359 357 355 353 350 347 345 341 338 336 332 326 322 315 316 319 327 331 335 338 338 338 338 336 335 334 333 331 331 331 332 337 341 347 354 361 366 369 372 376 382 387 394 397 399 401 401 401 404 407 411 414 416 418 418 416 413 410 407 405 404 402 400 398 395 391 388 386 382 380 377 374 370 366 363 359 354 351 349 347 346 340 345 345 344 345 348 347 344 343 342 341 341 340 340 339 339 340 339 338 338 337 334 331 328 320 310 303 319 334 340 337 335 334 332 329 326 323 320 317 315 311 305 297 291 285 294 292 289 285 278 281 289 302 306 308 310 312 313 316 321 324 321 317 313 309 304 299 296 293 287 278 270 266 260 259 258 259 259 260 268 271 271 271 271 268 268 268 261 255 254 257 265 268 272 278 284 289 293 296 299 300 300 302 303 305 305 307 310 312 315 316 317 318 317 316 315 315 315 316 317 316 313 310 306 302 296 292 285 281 277 273 270 269 269 268 269 270 272 275 278 283 290 298 304 313 315 309 307 306 305 302 295 291 287 284 281 278 274 271 269 266 264 261 259 258 258 258 258 259 260 260 259 256 251 249 249 246 243 240 236 235 231 230 228 227 225 229 237 239 239 240 242 242 243 244 244 245 247 249 247 247 247 248 249 249 250 250 250 250 251 252 253 254 255 254 255 259 261 262 261 254 253 253 256 258 259 260 260 261 263 265 268 271 274 277 281 285 287 290 291 294 298 302 307 313 319 328 339 354 368 379 390 395 392 382 370 360 345 328 311 297 288 288 289 292 296 300 306 312 313 312 309 306 302 299 297 294 291 287 281 277 276 274 272 270 269 267 263 260 258 252 249 250 250 253 255 253 250 247 244 240 235 231 224 219
383 381 380 378 376 375 373 373 373 371 370 368 366 364 362 359 357 355 352 349 347 345 342 339 336 330 323 318 313 314 318 326 329 332 333 333 333 332 331 329 328 327 326 329 335 337 339 343 348 356 362 366 369 371 378 383 387 390 391 392 393 395 397 401 404 408 411 412 412 410 407 404 400 400 398 397 395 393 390 387 384 381 379 375 372 369 366 362 359 355 352 349 347 344 342 338 339 341 341 341 343 342 341 340 340 340 339 339 339 339 339 340 340 340 339 339 335 330 326 317 303 302 324 335 343 339 334 330 327 325 321 317 315 311 309 306 302 295 284 278 284 280 277 275 270 269 270 287 298 297 304 309 311 311 318 322 318 313 309 305 300 282 273 274 283 275 262 259 259 260 263 264 266 268 269 270 271 270 268 266 266 265 265 263 253 253 259 266 267 272 279 285 289 292 294 295 297 299 298 299 301 303 304 307 308 311 311 311 311 310 309 310 311 314 315 315 312 309 305 299 294 289 285 279 276 272 269 267 267 266 268 270 271 275 279 283 291 298 307 315 319 313 309 308 309 306 300 296 292 289 285 281 277 272 270 267 265 263 261 259 258 257 257 258 259 259 259 255 252 249 248 246 243 240 238 235 232 229 227 225 226 233 238 243 240 242 243 244 245 246 246 247 249 250 250 249 249 249 250 251 251 251 251 251 253 254 255 257 258 259 260 266 267 266 264 258 256 253 257 260 262 262 263 263 264 268 272 273 276 280 284 287 290 292 295 298 302 307 312 317 322 331 343 355 369 380 388 391 387 376 365 354 335 317 306 295 289 291 294 297 300 304 310 315 317 316 312 311 308 305 303 300 297 292 286 282 280 278 275 273 272 270 268 261 259 253 250 249 249 250 254 253 250 248 245 242 237 231 225 221
387 385 384 382 381 380 379 378 376 375 373 372 370 368 366 363 360 357 354 351 349 346 343 340 337 332 325 320 315 314 312 320 323 327 328 328 328 328 327 326 324 323 331 335 338 340 340 341 344 346 349 354 360 361 368 374 377 380 380 379 381 385 388 392 396 400 404 404 404 403 401 397 394 392 391 390 389 387 385 383 380 377 374 371 368 364 360 357 355 351 349 346 344 341 339 336 332 335 335 336 337 338 337 339 339 339 339 338 337 337 338 339 340 338 337 337 335 330 325 312 309 301 325 335 346 343 337 332 325 320 315 310 307 304 303 300 296 284 274 275 273 271 272 269 269 269 268 268 267 272 289 302 304 306 312 316 312 308 303 297 292 278 262 259 263 261 260 261 268 269 270 271 271 271 270 269 268 267 268 268 268 268 267 267 259 254 254 260 264 269 273 280 285 287 289 292 294 294 295 296 297 298 301 302 303 305 305 305 305 304 304 303 306 312 313 311 311 309 303 299 295 287 283 277 274 270 268 266 265 265 267 269 271 275 279 285 292 300 311 321 322 314 311 309 309 306 303 298 296 294 293 287 279 274 271 268 266 264 262 260 259 257 256 257 258 258 258 257 252 249 248 246 244 241 238 235 232 229 226 224 227 235 242 244 244 243 244 246 248 248 249 249 251 252 251 251 251 251 252 252 252 252 253 253 255 256 257 259 260 262 263 266 268 267 265 262 260 257 259 263 264 264 264 265 266 269 272 277 278 282 286 290 294 297 301 303 307 312 316 321 326 334 347 358 370 379 384 384 379 370 359 344 325 312 302 295 294 296 298 301 306 309 314 319 321 320 317 315 313 311 308 306 302 298 292 287 284 281 278 277 277 275 270 264 260 255 251 250 249 251 252 252 251 246 244 241 238 233 227 224
393 389 388 388 386 384 383 381 379 378 377 376 374 372 369 365 361 359 355 353 350 347 343 340 337 333 326 321 317 313 312 317 319 322 323 324 324 323 323 322 319 325 333 337 340 342 344 345 345 345 345 346 348 350 355 362 366 368 368 368 366 372 374 376 383 389 394 396 396 395 393 390 387 385 384 383 382 381 379 377 375 371 365 366 362 358 353 351 349 346 345 344 343 341 337 334 330 329 331 332 333 334 335 336 338 339 339 338 337 336 335 335 336 336 335 334 332 328 323 318 305 298 321 332 342 345 338 333 324 317 311 306 302 299 298 294 289 274 273 272 272 271 270 269 269 269 268 268 268 267 266 282 292 299 305 309 305 300 294 287 272 261 260 265 263 261 261 273 275 275 274 275 273 275 276 274 271 271 271 271 270 268 267 267 265 258 253 254 263 266 271 275 280 282 285 288 290 291 292 292 293 296 297 298 299 300 299 299 298 298 297 298 301 305 310 310 309 307 302 297 293 287 281 277 273 268 266 264 264 265 266 269 272 276 281 289 297 304 317 326 325 316 312 310 308 306 303 300 298 295 294 288 280 274 270 268 267 265 264 263 261 258 256 256 257 258 257 256 253 249 249 247 246 243 238 234 231 228 225 224 228 235 242 245 246 245 245 248 249 250 250 251 254 254 255 255 254 254 254 253 254 255 254 256 258 260 260 261 263 264 264 266 267 267 266 263 261 257 261 265 265 266 266 267 269 272 275 279 281 286 288 293 298 302 306 309 313 316 321 326 331 337 348 358 368 374 378 376 371 362 350 333 317 308 299 296 298 300 303 307 311 314 319 323 324 324 323 322 320 318 315 312 309 303 298 292 288 286 284 283 282 279 274 266 260 254 252 252 250 250 250 250 249 246 243 241 237 233 229 225
398 393 391 391 390 388 387 386 384 383 382 380 379 375 372 368 364 361 357 353 350 347 343 340 336 332 327 323 317 312 312 312 315 318 319 320 320 320 319 317 319 322 329 335 339 342 343 344 347 348 345 341 342 344 346 350 354 357 359 358 357 358 359 361 367 374 381 384 385 385 383 381 378 377 377 375 373 371 370 369 367 365 361 359 355 352 350 348 347 345 343 341 340 339 337 334 331 326 327 327 327 329 330 332 336 339 339 339 337 336 334 333 332 333 332 331 329 327 321 318 309 296 316 327 335 339 334 329 324 316 307 303 299 296 294 288 280 275 273 272 274 275 275 274 275 273 274 273 271 268 267 266 272 282 298 301 300 293 286 276 262 261 268 267 267 265 274 279 280 276 275 274 275 280 282 279 276 273 272 272 271 269 268 268 267 263 255 253 258 266 269 272 277 278 281 282 286 287 288 290 291 292 293 295 296 295 295 295 294 293 293 293 295 301 305 306 308 305 301 297 292 285 280 275 270 267 265 264 263 264 266 269 273 277 285 295 303 310 320 327 325 317 312 309 306 304 301 298 296 293 289 285 280 276 272 270 269 267 266 265 264 260 258 255 255 257 256 255 252 249 249 249 247 244 240 233 229 227 223 226 229 236 242 246 248 248 247 249 251 251 252 254 256 256 258 257 257 256 256 256 256 258 258 259 260 261 263 263 265 267 266 267 268 268 266 264 263 260 263 265 266 266 268 269 270 274 277 281 285 288 291 297 304 308 311 315 320 323 328 332 337 342 352 359 364 368 369 368 359 352 340 325 315 304 300 302 303 307 309 314 318 320 323 327 328 329 328 328 327 325 322 319 315 309 303 298 295 291 290 288 286 283 278 271 262 255 253 251 249 247 247 248 246 245 243 240 237 234 230 224
401 397 396 395 395 394 393 390 389 387 386 384 383 380 376 372 368 364 359 355 350 346 343 339 335 332 328 325 323 319 312 311 311 314 315 317 318 316 313 315 317 318 323 330 337 341 342 343 343 345 346 340 337 338 339 342 344 348 350 350 350 349 352 354 355 362 368 371 372 372 372 370 368 369 368 368 366 363 362 359 359 357 355 353 352 350 348 347 345 344 343 341 340 338 336 335 334 334 331 324 321 318 318 325 334 339 339 339 338 337 335 333 330 329 327 327 325 324 321 320 311 296 310 323 331 330 329 329 325 319 310 302 297 295 294 292 278 274 275 275 277 279 280 280 280 280 280 280 279 277 272 266 265 265 278 291 290 287 281 266 261 264 270 276 276 275 279 282 284 280 276 275 276 280 284 281 280 279 275 274 272 271 268 267 267 266 259 253 256 263 267 269 272 275 277 279 280 283 285 286 288 289 290 292 293 293 292 291 290 290 290 290 291 294 298 302 303 303 299 295 290 284 278 273 269 265 263 263 262 264 266 270 276 281 289 298 304 313 321 332 333 319 313 309 306 303 300 298 295 291 288 285 282 278 275 273 271 270 269 267 266 264 260 258 256 255 255 254 252 250 249 249 247 244 239 232 228 227 223 226 230 238 243 246 249 249 249 252 251 252 254 255 257 258 259 259 259 259 259 259 259 260 260 261 262 264 266 267 269 270 268 268 269 269 267 266 264 262 264 266 267 268 269 271 273 276 279 282 287 291 295 301 308 315 319 323 327 332 337 343 349 355 356 361 365 366 364 360 353 342 330 322 312 305 305 307 308 313 317 321 325 327 329 331 334 335 335 335 334 333 329 326 320 315 310 305 301 298 295 293 290 287 280 273 266 258 254 251 249 247 246 246 244 242 241 240 237 232 231 227
402 401 402 400 400 399 398 396 393 391 389 387 385 383 380 375 371 367 362 357 353 349 345 341 336 334 331 329 326 322 318 311 310 309 313 314 315 313 313 317 320 321 318 324 332 338 340 340 340 340 343 340 335 333 333 336 339 340 342 343 345 344 346 348 349 352 355 359 360 361 362 360 361 362 362 360 359 359 358 356 355 353 352 351 351 351 349 347 346 345 344 342 342 341 340 340 339 339 338 336 334 330 321 314 331 338 340 339 339 338 336 334 332 330 327 324 321 319 317 315 312 299 302 319 326 329 328 325 323 318 308 300 295 294 292 287 275 275 280 281 283 284 284 283 283 285 286 286 285 283 282 279 271 265 264 280 283 283 272 262 262 268 278 284 282 281 281 283 285 286 282 277 277 278 283 282 282 281 280 277 275 274 270 267 267 266 261 253 253 262 266 267 268 272 274 275 277 279 282 285 286 287 288 289 290 290 290 290 289 288 288 288 289 290 294 296 297 298 296 293 288 281 276 273 268 264 262 263 263 263 267 272 277 284 292 298 305 313 323 332 340 326 315 312 308 304 301 299 296 293 290 286 284 280 278 276 274 272 271 270 269 266 263 259 257 254 254 253 252 249 249 248 245 243 238 231 227 225 225 227 232 239 243 246 249 250 250 252 252 254 255 258 258 260 260 261 261 262 261 261 262 262 262 263 265 266 268 271 274 275 271 269 270 270 269 266 264 263 265 267 268 270 270 272 275 277 281 284 288 293 299 305 312 320 327 331 337 342 348 354 363 369 371 369 368 366 361 356 346 333 325 317 309 310 312 313 317 321 326 330 332 336 338 338 340 341 341 341 340 339 336 332 326 321 316 310 307 304 302 298 294 288 282 275 268 261 257 253 251 248 246 247 246 243 240 239 237 235 233 230
403 405 406 406 406 405 403 401 398 396 392 390 387 385 382 377 373 369 365 360 357 353 349 343 339 336 333 331 328 325 322 317 311 310 309 311 311 310 314 319 322 323 320 319 325 333 336 338 337 337 336 339 336 329 329 329 332 333 335 337 339 341 341 342 343 345 348 352 355 355 355 356 357 357 357 356 356 356 356 355 354 353 352 351 351 350 349 348 348 348 347 346 346 347 345 343 343 342 342 340 337 333 325 312 329 338 339 338 337 337 335 333 332 330 327 324 321 318 315 313 308 302 295 314 321 324 323 321 316 311 305 297 290 287 280 276 276 282 285 286 288 288 288 289 288 288 288 288 290 291 291 287 281 272 264 265 274 273 264 262 264 272 285 289 287 285 285 285 287 289 288 283 280 279 280 281 282 284 284 281 279 276 271 268 267 266 264 255 252 261 264 266 266 269 271 272 274 276 279 282 285 286 288 289 289 289 289 288 288 288 288 288 288 289 290 291 292 293 292 290 287 281 276 272 267 265 262 262 262 263 267 272 277 284 291 297 304 309 317 325 336 332 317 316 312 306 304 303 299 295 293 290 284 282 280 279 277 275 273 272 271 266 264 261 259 254 254 254 252 248 247 245 243 241 236 231 226 223 225 228 234 241 244 246 248 250 252 253 253 254 256 259 260 261 262 262 263 264 263 263 263 263 264 265 266 269 272 275 276 276 273 271 271 271 269 267 265 265 267 268 269 270 272 274 276 279 283 286 290 295 302 309 316 324 333 341 347 353 359 370 378 385 388 384 375 368 362 353 341 330 323 315 311 315 316 322 327 331 336 339 342 345 346 346 346 346 347 348 348 345 342 339 332 326 321 315 311 308 304 301 296 290 283 277 270 263 258 253 249 246 245 245 245 243 243 240 239 236 234 232
402 405 408 409 410 411 410 407 404 400 396 393 390 387 383 379 375 372 367 363 359 356 352 348 343 338 334 331 329 326 322 318 316 313 308 308 306 313 316 319 322 323 321 318 320 327 331 334 334 333 333 332 332 329 328 327 327 327 330 333 336 337 337 338 337 337 343 346 351 352 353 354 354 353 354 354 355 355 354 354 354 353 352 351 351 352 352 351 351 351 350 350 349 348 347 346 345 345 344 342 339 336 327 309 330 336 336 336 336 335 333 331 330 329 326 324 321 317 315 312 307 298 290 303 314 317 316 315 309 302 297 291 283 278 278 289 289 289 290 289 291 290 290 290 290 290 291 292 295 296 297 294 288 279 266 264 263 263 263 262 270 278 289 292 292 290 289 289 289 290 290 288 284 281 280 281 282 284 287 283 282 278 275 272 268 266 263 255 252 253 261 264 265 266 268 270 272 273 276 278 282 285 287 289 289 288 288 288 288 288 288 288 288 288 288 289 289 289 289 288 286 282 277 272 268 264 262 261 262 263 267 272 277 283 289 294 300 304 311 319 325 331 321 320 316 308 308 307 304 301 301 299 291 285 282 280 279 278 277 275 272 268 264 261 258 255 253 253 251 248 245 243 240 238 232 228 226 224 225 230 235 243 245 247 250 252 253 254 255 255 259 261 262 263 263 264 265 265 265 265 266 266 265 266 268 271 274 277 277 276 274 272 272 272 270 268 266 267 269 270 272 273 274 276 278 281 283 287 292 298 305 313 321 331 339 347 355 363 373 383 393 400 403 400 386 372 363 353 342 333 324 320 318 321 325 332 338 344 348 350 354 356 355 352 352 352 353 353 352 351 347 342 338 330 324 318 314 310 307 303 299 292 285 278 271 264 259 253 248 246 246 245 244 242 242 241 240 238 232 228
402 404 408 411 414 415 415 412 408 404 400 397 393 389 386 382 378 374 370 365 361 357 354 349 345 341 336 333 329 325 322 319 317 315 310 308 306 314 317 319 321 322 322 320 316 321 327 331 331 330 330 329 329 330 331 330 328 326 327 329 334 335 335 337 336 333 337 342 347 348 350 351 351 350 350 351 353 353 353 353 353 353 353 352 352 352 353 355 354 353 352 351 351 349 348 347 347 347 345 343 341 338 328 308 326 333 334 334 333 332 331 329 327 326 324 322 319 316 313 310 307 302 291 288 297 300 300 300 297 289 284 279 279 284 294 295 294 293 292 292 293 293 291 291 290 292 294 297 298 299 301 299 294 283 269 264 263 263 266 270 281 288 292 294 295 295 294 293 292 292 292 290 288 284 282 282 282 282 286 285 284 282 278 275 272 268 263 255 251 252 258 263 264 264 266 267 270 272 273 275 278 282 285 287 287 287 288 288 288 288 288 289 288 288 288 287 287 287 288 287 284 281 276 272 268 265 262 261 262 264 267 272 276 280 285 289 294 299 303 310 318 322 322 323 319 313 312 311 309 310 310 309 301 289 284 282 281 279 278 277 273 267 264 260 258 254 252 251 250 247 243 241 237 234 230 227 223 224 225 231 240 244 246 249 252 253 254 256 257 258 260 262 263 264 265 265 266 267 267 267 268 268 267 268 270 272 276 278 278 277 276 274 273 272 271 269 267 269 271 273 275 278 279 278 280 282 285 290 295 300 306 315 328 334 344 354 364 371 384 397 407 413 417 411 396 380 366 354 344 335 327 321 323 327 333 341 349 356 360 363 366 366 364 360 359 359 360 359 357 355 351 346 340 333 327 322 316 312 309 305 299 292 285 279 272 266 261 253 249 248 247 244 242 242 241 240 241 239 236 235
401 405 409 415 422 425 425 421 414 408 402 399 395 391 387 383 381 377 372 368 364 360 354 350 346 342 339 337 332 329 324 320 318 315 313 307 306 312 317 319 320 321 321 320 317 317 321 326 327 327 326 325 326 328 331 333 332 329 325 325 326 327 328 330 330 327 332 336 341 345 346 347 347 347 347 349 350 351 351 350 350 351 352 352 353 354 355 357 357 355 353 352 351 351 350 349 349 348 345 343 341 338 329 306 320 331 331 330 329 329 327 325 324 322 319 318 317 314 310 308 305 302 298 289 286 285 283 282 281 281 282 281 289 297 301 300 298 296 294 293 295 295 292 290 291 293 296 299 301 302 303 302 296 287 274 266 267 279 279 284 287 295 297 298 299 300 299 296 295 293 293 292 289 288 285 283 282 282 283 286 285 283 281 278 275 271 266 259 252 251 252 260 263 264 264 265 266 268 269 271 274 278 281 282 284 285 286 287 288 289 290 291 290 290 288 288 287 286 287 285 283 279 275 271 267 265 263 261 263 266 268 271 275 279 282 286 290 294 299 304 309 315 322 323 322 317 314 315 314 316 319 317 307 292 285 285 283 281 278 276 272 267 263 260 257 255 252 250 249 246 243 239 235 232 229 227 222 224 226 234 241 245 248 251 254 255 256 257 259 260 261 264 265 265 266 267 268 268 269 268 269 270 269 270 272 274 277 279 279 279 278 276 274 273 271 269 268 270 274 276 279 282 283 283 283 285 288 292 298 302 309 318 327 336 348 359 371 381 393 407 420 428 431 425 408 389 372 357 346 338 330 325 329 332 340 350 358 365 369 372 376 374 373 368 365 364 366 365 361 358 354 348 341 334 328 323 318 313 310 304 298 293 287 281 273 266 261 255 247 245 244 243 242 242 242 241 241 241 237 236
400 406 411 418 425 431 431 430 424 414 407 401 397 393 389 385 383 380 376 371 368 363 357 352 348 344 340 337 334 331 327 323 318 316 315 311 304 305 317 318 319 320 320 320 318 313 316 321 323 323 322 320 322 326 328 332 332 331 327 322 322 322 321 321 324 324 329 334 337 341 344 344 345 343 343 346 348 348 347 346 346 348 351 352 352 353 355 356 356 354 353 351 351 350 350 350 349 347 345 343 340 338 330 309 315 328 326 323 322 323 322 321 319 316 313 310 310 311 308 305 302 298 294 287 285 284 286 291 294 295 293 286 298 305 309 306 302 299 296 295 297 297 294 290 291 294 300 302 303 303 304 303 298 293 287 290 290 289 288 290 293 301 303 301 302 302 303 302 299 296 294 293 290 289 288 286 283 282 282 284 285 286 284 282 277 274 270 266 261 253 250 252 258 263 263 263 263 264 265 268 270 274 276 279 281 283 284 286 287 290 291 292 291 290 289 288 286 285 284 283 281 277 275 271 267 265 262 260 265 268 272 273 276 279 281 285 288 292 297 302 307 313 317 323 323 320 317 316 318 320 323 320 310 296 287 285 283 280 277 275 271 266 262 259 257 255 253 251 248 243 238 237 233 231 229 225 223 224 228 240 244 248 250 252 255 257 259 260 261 262 262 264 266 267 268 268 269 270 269 270 271 271 271 271 273 275 278 280 280 280 279 278 276 273 271 268 270 273 276 279 282 286 286 286 286 287 291 294 298 305 312 320 329 340 353 364 377 390 403 416 432 440 443 437 418 398 381 363 350 342 333 330 333 338 346 355 366 374 379 381 384 381 378 375 371 370 373 369 365 360 353 346 340 335 328 324 319 314 308 302 297 291 284 279 273 267 261 253 250 246 245 244 242 242 242 242 241 240 238 235
398 405 411 418 426 432 435 434 431 425 415 406 400 396 393 389 386 382 379 374 369 365 360 355 351 346 342 338 336 333 330 326 323 317 315 312 305 307 316 318 318 319 319 319 317 313 310 316 313 311 311 311 308 310 323 326 328 329 328 324 320 317 313 311 311 320 325 327 331 334 337 337 335 335 329 337 342 342 341 341 342 345 350 351 351 352 353 352 352 353 352 350 350 350 350 350 350 348 346 344 341 336 332 311 309 319 315 312 309 311 313 314 313 308 303 296 298 303 302 298 292 289 287 285 286 291 296 302 302 301 298 288 303 312 314 311 306 302 299 297 298 300 296 292 291 296 304 306 305 304 302 300 301 297 295 295 296 296 296 297 299 303 307 304 304 304 304 305 303 299 295 293 291 289 288 288 286 284 284 284 286 287 287 285 279 275 274 270 266 262 254 250 251 256 260 264 263 263 263 265 266 271 271 274 276 279 282 284 287 289 291 292 292 292 289 286 285 283 282 280 278 276 273 269 266 263 260 260 266 270 274 277 277 279 281 284 287 291 295 299 305 310 315 322 324 321 316 314 315 317 323 321 310 298 288 285 283 279 276 273 269 266 262 259 257 255 253 252 247 243 238 233 230 229 227 222 223 228 234 240 243 248 252 254 257 259 261 262 263 264 264 265 267 268 269 269 270 270 271 272 273 274 274 274 274 276 278 280 281 281 280 278 277 274 272 271 272 275 278 280 283 287 287 287 289 289 292 297 301 307 316 325 334 344 357 370 384 397 412 427 441 452 453 447 431 408 389 371 354 345 336 335 338 343 352 361 372 381 385 387 388 385 381 378 374 374 376 371 366 361 353 346 338 332 327 322 318 312 306 299 295 289 282 277 271 266 259 253 251 248 245 244 243 243 243 241 240 238 237 235
394 402 409 416 424 430 435 434 432 428 423 414 407 401 396 392 387 383 379 374 370 364 359 355 351 348 344 340 337 334 330 327 323 319 314 311 304 309 314 315 317 318 318 318 317 313 308 307 307 307 307 306 306 306 307 307 316 318 306 313 314 308 305 305 305 306 311 305 314 318 317 315 315 316 321 320 321 328 326 324 329 332 338 338 340 342 348 349 347 347 347 345 345 347 349 349 349 349 347 344 341 335 329 314 301 304 297 296 295 294 293 293 293 291 291 291 290 289 294 289 287 287 286 286 295 303 310 311 312 308 304 289 307 315 316 314 308 304 301 299 300 301 299 295 296 303 304 305 307 309 308 308 304 303 303 304 304 302 302 302 303 304 307 306 305 305 305 304 303 301 298 295 292 290 289 289 288 287 286 285 285 288 289 288 279 277 275 272 269 265 260 253 250 251 257 263 263 263 262 262 263 266 268 270 273 276 279 282 286 290 292 293 293 293 291 286 282 280 278 277 276 273 271 268 266 262 258 260 267 271 274 276 277 278 280 282 286 289 294 297 302 306 312 318 320 318 314 311 312 312 314 318 311 298 287 285 282 279 275 271 269 265 262 259 257 255 253 251 246 243 240 235 228 224 221 224 228 231 240 242 248 250 253 256 258 260 262 264 265 266 266 267 269 269 269 271 271 271 273 274 274 275 276 275 275 277 277 280 281 281 280 279 277 275 272 272 274 277 279 281 284 287 289 289 291 293 296 300 304 309 320 326 335 344 361 374 389 404 420 434 449 460 460 452 439 416 396 376 359 349 341 341 342 348 355 365 377 386 390 390 390 387 382 378 375 374 374 370 365 360 354 344 336 329 324 320 315 308 301 295 292 285 280 275 270 263 262 260 254 249 247 245 243 241 241 240 240 239 237 234
391 399 406 414 421 428 431 432 430 426 422 418 413 407 400 395 389 385 380 375 369 363 359 354 350 347 344 341 337 333 330 326 323 318 314 310 303 306 311 312 313 313 315 314 313 311 307 307 310 314 315 309 306 307 306 306 305 305 305 305 304 304 304 303 305 304 303 303 303 303 302 302 302 301 302 305 302 302 306 307 310 312 316 317 318 319 326 333 334 337 337 333 332 332 335 338 337 337 337 334 333 328 323 315 300 298 296 301 301 300 297 294 293 294 295 293 295 290 289 288 288 287 288 299 307 314 321 320 319 317 313 296 305 316 318 315 310 306 303 301 301 302 299 302 304 299 304 308 309 310 311 310 309 309 310 311 311 308 305 306 307 307 308 308 305 304 304 303 302 301 299 296 293 291 290 289 289 288 289 287 285 285 289 288 281 277 276 273 271 267 263 259 254 250 252 259 264 263 262 262 261 263 264 267 270 274 277 281 285 289 292 294 294 293 292 288 283 280 277 273 273 271 269 267 266 261 257 259 267 272 273 275 276 278 279 281 284 287 291 294 299 302 307 312 313 312 309 306 304 306 306 307 306 298 288 284 282 278 275 271 268 265 261 258 256 255 252 250 244 240 240 230 225 221 224 229 236 239 239 244 248 252 254 257 259 261 262 265 266 267 268 269 270 270 270 271 272 273 274 274 275 276 277 277 277 278 279 281 282 282 281 279 278 276 274 274 275 278 280 283 286 288 290 291 293 296 299 302 307 313 321 328 339 349 366 378 393 408 425 440 454 466 467 455 440 420 401 382 364 354 348 346 348 353 359 369 380 389 393 393 389 386 383 377 376 374 372 369 364 360 353 343 335 327 322 318 313 305 297 293 289 284 279 275 269 267 266 261 255 250 246 242 241 240 240 240 240 238 236 234
388 396 403 410 417 422 425 425 423 419 416 414 413 408 402 396 390 385 380 376 369 364 358 354 349 346 342 340 336 331 327 324 321 317 314 308 303 303 307 308 306 306 307 308 308 307 308 309 313 315 314 314 315 318 319 319 317 315 307 320 325 327 324 323 320 322 327 329 331 327 324 322 314 307 306 307 306 308 305 302 301 302 301 300 300 300 300 303 306 309 315 312 313 313 311 312 312 311 311 310 312 312 309 306 298 298 310 314 315 313 310 307 306 306 301 304 305 301 298 299 301 300 295 306 314 321 326 325 324 321 317 308 297 312 318 316 311 307 304 302 301 302 305 303 299 297 305 309 310 312 313 314 314 315 316 317 316 313 311 309 310 310 310 309 305 303 304 303 301 300 298 297 294 292 291 290 289 288 288 289 287 285 284 286 282 279 277 275 272 269 265 262 258 251 250 256 262 263 262 263 261 261 262 266 269 273 277 280 285 289 293 294 294 293 291 288 283 280 276 272 269 268 266 266 267 262 257 258 264 271 272 273 274 276 278 280 282 285 287 291 293 297 299 305 305 305 302 300 298 298 299 300 300 297 290 284 281 277 274 270 267 264 261 258 255 254 251 247 242 235 234 227 223 223 225 233 241 242 245 246 250 252 255 258 261 262 263 266 268 268 269 270 270 270 271 271 272 274 274 275 276 277 278 278 278 279 280 281 282 283 282 280 278 280 276 277 279 281 282 284 287 289 291 293 295 299 302 307 312 318 325 332 340 352 366 381 396 410 427 442 457 469 467 455 441 422 406 384 371 359 354 354 355 360 365 373 383 391 395 394 390 386 382 379 374 373 371 367 363 358 351 342 333 325 321 316 311 305 297 292 287 283 279 275 274 272 268 263 259 253 248 244 242 241 239 238 236 235 235 232
387 394 400 405 412 416 416 415 414 412 410 409 407 405 402 396 390 385 379 374 369 364 360 355 349 345 342 338 333 328 324 321 318 316 314 309 302 303 305 306 307 307 306 307 307 309 312 315 317 318 318 318 320 321 321 320 319 312 318 325 330 332 332 330 327 331 335 341 343 344 343 343 344 341 341 342 341 338 336 331 332 329 326 326 320 314 310 306 301 300 300 300 299 300 299 299 299 299 299 300 299 298 299 298 298 316 326 327 326 325 320 317 315 309 300 311 312 309 308 308 309 307 305 312 317 324 328 328 326 323 320 313 298 310 317 316 312 309 306 304 306 306 304 302 299 300 306 310 311 313 316 318 318 320 321 321 320 318 314 313 313 313 313 310 306 303 303 302 301 299 298 297 295 293 291 290 289 288 287 288 286 286 286 284 282 281 279 276 273 271 267 265 260 254 250 251 263 263 262 263 261 261 261 264 268 272 275 278 283 288 292 295 293 291 290 288 283 278 274 270 268 266 264 265 270 262 257 255 261 268 271 271 273 274 276 277 278 280 282 285 287 290 292 295 296 296 296 295 293 291 292 292 293 292 289 284 279 276 273 269 266 264 260 258 256 254 250 245 239 232 228 224 221 224 225 237 239 247 250 250 252 255 256 259 261 262 264 267 268 269 270 270 271 271 272 273 274 275 275 276 277 278 279 279 280 281 281 282 282 282 283 280 282 280 279 281 283 284 285 286 288 289 292 295 297 300 304 309 314 321 328 335 342 353 367 382 397 412 428 443 459 470 467 453 439 422 406 387 374 365 366 366 366 369 374 379 388 392 395 394 390 387 384 376 373 372 370 367 361 356 349 341 332 325 319 314 309 304 296 291 287 284 281 280 277 274 270 265 260 256 251 246 243 241 239 238 238 236 235 233
386 392 395 400 407 409 411 411 409 408 404 403 401 399 398 395 390 384 379 373 367 363 359 354 350 345 342 337 331 327 324 321 318 315 313 308 302 302 306 309 309 306 311 317 319 319 318 319 321 323 323 324 325 324 324 322 318 323 325 330 333 335 335 334 332 336 338 344 347 349 350 349 348 349 351 352 352 349 347 345 345 345 345 346 344 341 337 333 326 322 320 316 312 312 310 311 314 309 311 313 312 312 314 310 322 328 333 333 332 328 325 320 316 306 313 317 317 316 314 314 314 313 311 315 320 324 328 329 327 325 321 313 300 312 315 314 312 310 309 308 306 306 307 306 303 301 306 310 312 315 317 322 323 324 325 325 325 322 320 317 318 318 317 315 309 304 302 301 301 299 298 296 295 293 292 290 289 288 287 286 287 285 285 285 284 281 280 277 275 272 270 267 265 258 252 248 263 265 262 262 261 260 260 263 267 272 275 278 282 286 289 292 293 291 288 287 283 278 275 270 265 264 263 263 267 260 257 255 258 264 268 270 271 273 275 275 275 276 279 279 280 282 284 286 287 287 288 288 287 285 285 286 287 287 285 282 277 275 272 267 264 262 261 259 257 254 250 245 239 229 224 222 222 223 228 239 243 249 252 253 255 256 258 260 262 263 265 267 269 269 270 270 271 272 273 274 275 275 275 277 278 279 279 281 281 282 282 283 283 283 283 283 283 282 282 283 285 286 287 288 288 290 293 296 299 302 306 311 316 321 330 337 345 355 369 385 399 414 431 444 460 470 466 453 439 422 407 391 377 378 378 378 377 378 381 387 393 397 397 395 390 387 382 376 373 370 368 365 360 353 347 341 333 325 319 314 310 303 295 291 289 286 284 282 279 274 270 265 260 257 253 247 245 241 240 239 238 237 236 233
382 386 390 395 401 405 407 408 406 403 400 397 397 395 393 390 385 383 378 373 367 363 358 353 349 346 343 338 333 328 325 322 317 314 312 308 306 301 309 310 306 309 317 319 319 319 320 321 323 326 328 329 330 330 329 326 321 325 330 334 337 338 338 337 334 340 343 346 349 353 354 356 356 355 357 356 355 354 352 352 352 354 357 357 354 349 346 341 331 335 335 330 327 327 326 326 326 326 324 324 321 322 322 323 330 333 335 333 332 328 325 322 313 312 321 324 323 321 320 319 319 317 315 318 322 325 327 329 327 325 320 312 309 315 316 315 313 312 310 307 306 308 312 312 307 304 307 312 315 317 319 324 326 327 328 328 327 326 324 323 322 321 320 319 313 307 302 301 300 299 297 296 294 294 292 290 290 289 287 286 286 284 284 284 282 281 280 278 276 274 271 269 265 258 254 248 260 263 262 261 261 260 257 260 266 271 275 279 281 284 287 289 290 289 288 284 281 277 274 270 266 263 262 261 261 260 257 254 256 262 266 269 271 272 274 273 274 274 276 276 276 276 275 278 278 279 280 279 280 280 277 278 281 280 278 277 274 272 270 267 264 263 261 260 257 253 250 244 236 227 223 221 223 224 231 239 246 251 253 255 256 258 260 261 262 264 267 268 269 269 270 271 271 272 273 274 275 276 276 278 279 280 281 281 282 283 283 283 284 283 283 283 283 283 284 286 288 288 289 291 292 292 294 297 302 305 309 314 319 325 335 339 349 356 368 386 400 416 431 448 461 471 466 453 438 423 410 397 391 391 393 393 389 388 389 393 399 402 400 395 390 387 382 376 373 369 367 364 358 352 345 340 331 324 320 315 310 302 295 292 289 286 284 283 279 274 269 265 260 256 253 248 245 242 240 239 239 237 236 236
375 381 386 391 397 401 404 405 403 400 396 394 391 389 387 385 383 379 375 369 365 362 358 353 349 347 344 340 335 330 326 323 320 315 310 307 299 303 309 309 305 311 315 317 318 318 321 322 324 327 331 334 335 335 333 331 322 327 332 337 341 341 341 340 339 340 344 348 351 355 359 361 364 364 364 362 362 362 363 364 362 363 362 361 356 353 349 347 345 346 346 342 336 334 333 331 331 329 329 328 328 329 328 327 331 332 332 329 327 326 324 320 310 320 328 329 327 325 324 323 322 320 318 321 324 326 326 327 326 322 313 310 318 319 318 315 313 312 310 309 307 312 315 315 313 309 308 312 316 318 321 325 328 330 331 332 333 332 330 328 326 326 324 322 318 313 306 303 300 299 297 295 294 293 292 290 289 289 288 288 287 284 285 284 283 282 280 278 277 275 272 267 264 264 260 249 252 258 259 259 259 258 257 257 267 273 276 280 281 282 284 286 287 286 286 283 281 276 274 269 265 262 260 260 260 260 257 254 254 260 264 267 269 271 272 274 273 273 274 274 274 273 273 273 273 273 274 273 272 274 272 271 273 274 273 271 271 270 268 266 265 264 263 262 259 254 249 243 233 226 222 222 223 225 233 243 248 252 254 256 257 259 261 262 263 264 267 268 269 270 271 271 272 272 274 275 276 276 277 279 280 281 281 282 283 284 284 284 284 284 284 283 284 285 286 288 290 290 292 294 295 295 297 300 303 306 310 315 321 326 334 342 350 360 372 388 403 418 433 450 464 471 466 452 438 427 416 408 405 406 407 407 404 401 399 401 402 403 399 396 390 386 382 376 373 369 366 363 357 351 345 340 332 325 319 315 310 301 296 294 290 288 285 283 280 275 268 264 260 256 253 250 246 243 240 239 239 238 238 238
364 372 378 386 391 396 399 400 398 394 393 390 387 385 382 381 379 376 371 366 364 361 358 354 350 347 344 341 337 332 328 325 321 317 311 306 300 300 304 306 305 310 313 315 317 318 321 323 325 328 332 336 338 338 335 333 329 325 330 336 340 341 342 343 343 342 343 345 349 353 357 360 362 363 365 363 363 364 365 366 366 365 363 361 358 355 356 358 356 354 355 355 351 345 342 339 336 334 332 332 332 333 331 328 332 332 330 327 326 325 324 319 316 327 332 332 331 329 328 325 324 322 322 323 324 325 324 321 323 322 322 321 321 320 318 318 314 313 312 311 311 315 318 318 317 313 310 313 316 320 323 326 330 333 335 337 338 338 337 334 331 329 326 323 321 318 313 308 303 299 296 294 294 292 291 290 289 288 288 289 287 285 284 283 283 281 280 278 276 274 270 269 269 268 264 254 249 252 256 258 258 257 256 256 267 274 278 281 284 283 283 284 285 285 284 281 279 276 273 267 264 260 259 258 258 258 257 254 253 259 263 267 269 270 272 272 273 273 273 272 271 270 270 269 268 267 268 267 266 266 265 265 267 267 267 266 266 266 265 266 266 266 266 264 259 255 249 242 230 225 221 222 223 230 237 245 249 253 255 257 259 260 262 263 265 266 267 271 270 270 271 272 272 273 274 275 276 276 278 279 281 281 282 283 284 284 285 284 284 285 285 285 285 286 288 290 291 292 294 297 299 299 300 303 305 308 314 317 323 330 337 345 354 364 375 391 406 420 437 452 466 473 466 453 441 433 425 422 418 418 418 419 419 414 410 406 405 404 400 395 389 384 381 376 370 367 365 362 357 353 347 340 333 327 321 315 309 302 299 298 294 291 287 284 280 276 269 265 261 258 255 252 249 243 241 240 240 239 239 241
354 362 372 379 387 393 396 398 397 392 390 387 385 380 378 377 376 372 368 365 363 360 358 355 352 348 345 343 341 335 329 324 320 317 312 308 300 298 299 304 305 308 310 314 316 319 322 325 328 331 333 335 337 339 336 335 333 331 330 332 339 342 343 344 346 347 348 348 348 353 357 360 361 362 364 364 364 364 365 366 366 365 362 361 359 358 359 360 358 358 357 358 356 351 349 346 342 340 337 336 336 335 333 332 333 334 331 329 327 326 323 317 321 331 333 334 334 332 330 329 326 325 324 324 323 323 320 318 322 324 324 322 322 329 327 324 317 315 313 312 315 317 320 321 320 317 313 312 316 321 325 328 332 336 339 342 342 342 342 339 336 332 329 325 322 320 317 312 307 301 296 294 293 292 291 290 289 287 286 288 286 285 283 281 282 281 281 279 276 273 273 273 272 271 269 265 250 248 251 257 259 257 257 255 266 276 281 284 285 284 283 282 282 281 282 279 277 274 270 267 263 260 258 257 257 257 257 254 253 259 263 266 268 271 273 274 276 275 273 272 271 268 266 265 264 264 264 263 263 261 260 259 260 260 261 262 263 263 263 264 265 266 267 265 260 254 248 239 229 224 220 223 230 236 241 247 250 253 256 258 260 261 263 264 266 267 268 271 270 271 272 273 274 275 276 275 276 277 278 280 281 282 283 284 285 286 286 285 286 286 286 286 286 288 289 291 292 292 295 299 304 305 305 305 308 311 314 319 325 332 340 347 356 367 379 395 409 422 439 455 469 474 466 456 446 438 435 433 432 430 429 430 429 426 420 412 405 400 397 392 386 383 379 374 368 365 365 362 357 353 349 342 335 329 323 317 310 306 301 298 297 292 289 285 283 278 273 269 264 260 256 253 249 245 242 241 241 240 241 243
341 352 362 372 380 388 392 394 394 392 390 386 382 378 375 373 372 370 366 362 361 360 357 354 352 349 347 343 341 337 331 325 320 316 311 308 303 299 298 299 305 311 314 316 317 319 321 324 328 332 335 336 338 339 339 338 336 335 337 335 339 342 345 347 349 351 353 354 352 356 359 361 362 363 364 365 366 367 368 368 367 366 364 363 361 361 361 361 360 360 359 358 355 352 351 348 346 343 341 340 339 337 335 334 335 335 333 331 329 329 323 322 325 329 333 334 335 334 332 331 329 327 326 325 323 321 322 324 325 325 326 336 336 335 332 327 321 318 316 314 316 318 321 323 322 320 316 313 316 323 328 331 335 339 342 345 345 345 344 342 339 334 329 326 322 319 317 313 309 304 299 295 294 291 291 291 289 287 286 287 285 284 283 281 280 279 277 276 275 276 275 275 274 273 271 268 261 249 249 250 249 252 252 258 269 276 282 285 287 285 283 280 279 279 279 277 274 273 269 266 262 258 256 255 255 256 255 253 253 259 262 266 270 273 275 278 279 278 275 273 272 268 265 264 262 262 260 259 258 257 255 256 256 256 258 259 259 260 260 261 262 265 266 265 260 253 245 234 227 223 221 227 234 239 243 247 250 253 257 259 261 262 264 266 267 268 269 270 270 271 272 273 274 274 276 276 277 278 280 281 282 283 284 285 286 287 287 287 288 287 286 286 287 288 289 292 293 294 297 302 307 309 309 308 311 313 316 321 328 334 342 349 359 371 382 398 412 425 442 457 470 476 469 460 454 449 446 443 442 440 439 438 434 430 423 413 404 395 390 385 379 376 371 368 366 363 363 363 360 354 350 345 339 333 327 321 315 310 303 300 298 295 292 290 287 281 276 270 264 260 257 254 250 247 243 241 242 242 243 246
330 341 351 360 369 377 385 390 392 391 389 384 380 377 373 371 368 366 364 360 359 356 354 352 352 351 349 346 344 342 336 329 323 318 312 308 304 300 297 298 306 311 315 318 319 321 323 324 325 330 334 337 338 340 341 341 340 340 340 341 341 345 348 350 352 354 356 357 357 358 361 362 363 364 365 366 367 368 369 369 369 367 365 364 362 362 363 363 362 361 361 359 358 355 353 351 349 347 345 343 340 338 338 337 338 337 335 333 330 329 324 327 331 333 334 335 335 335 334 333 332 329 328 326 324 321 328 327 333 336 341 342 342 342 338 333 327 321 319 317 317 319 322 324 324 323 319 315 316 322 329 334 338 341 345 347 346 344 342 341 338 335 330 325 322 318 315 312 308 304 301 296 295 293 291 290 289 287 285 284 283 282 281 281 280 279 279 278 279 278 277 277 276 275 273 271 267 261 250 249 249 249 250 256 268 275 280 283 286 285 281 281 280 278 277 274 272 269 268 263 261 257 255 254 253 254 253 252 253 259 263 267 271 275 279 281 283 282 279 275 273 269 267 264 261 259 258 255 254 253 253 253 252 253 255 256 256 256 257 258 259 262 264 264 258 250 241 230 225 218 222 231 236 240 244 249 251 254 258 259 261 263 265 266 268 269 270 271 271 272 273 274 275 275 277 277 278 280 281 282 283 284 285 286 288 288 288 288 289 288 287 286 287 289 291 293 294 295 298 303 310 314 315 314 315 316 319 324 329 337 344 354 363 374 387 400 415 428 444 459 471 478 474 468 463 458 454 452 449 447 446 442 433 426 418 409 398 385 380 375 370 366 364 363 361 360 361 364 362 359 354 350 344 337 331 325 318 311 305 302 301 298 295 295 291 286 277 270 265 262 258 255 253 250 245 243 243 243 245 248
321 331 340 350 358 369 376 384 388 390 387 383 379 375 372 369 365 362 360 358 357 354 352 351 351 352 351 349 347 344 340 333 328 322 314 308 303 300 297 298 307 312 316 319 321 323 325 325 327 329 331 334 338 340 342 343 344 344 344 345 342 348 350 352 355 357 359 360 360 360 362 363 364 365 365 366 367 369 370 369 369 367 365 364 362 365 368 366 366 364 362 361 359 357 355 354 352 350 348 345 342 342 341 340 339 338 336 334 331 328 327 330 335 336 336 336 337 336 336 336 334 332 330 330 330 324 329 332 338 343 347 349 349 348 345 339 333 326 323 321 318 321 322 325 326 325 322 318 318 322 329 336 340 342 347 349 346 343 339 337 335 333 330 325 320 317 314 311 307 304 301 297 294 293 291 289 289 287 284 283 282 283 282 282 281 281 280 280 279 279 279 279 278 277 274 272 270 265 260 250 250 249 249 252 266 272 276 281 284 287 282 280 279 277 275 273 270 268 265 263 259 256 254 253 251 252 252 250 254 259 264 269 274 278 282 285 288 287 284 279 276 272 269 266 261 256 255 253 251 250 250 249 248 249 250 251 252 253 253 254 256 257 261 261 255 246 235 227 224 219 232 235 240 243 246 249 252 255 258 260 261 264 266 267 268 270 271 270 271 272 273 274 275 276 278 279 278 280 282 284 285 285 286 288 289 289 289 290 291 289 288 288 288 290 292 294 296 297 299 305 312 316 317 315 317 320 322 326 332 339 349 358 368 378 390 404 418 431 445 460 472 478 478 474 468 465 462 458 455 450 442 435 426 416 409 401 391 375 367 363 360 355 354 354 355 355 356 361 363 361 357 352 348 341 334 327 320 312 308 306 304 301 303 301 296 289 279 273 268 264 261 258 255 252 247 245 245 245 247 249
314 321 330 339 349 362 367 375 381 385 384 382 379 376 372 367 363 359 357 354 353 351 350 350 351 352 352 351 349 345 340 334 329 325 317 310 304 299 296 299 310 316 319 321 324 325 327 328 331 332 332 334 336 339 342 344 345 345 346 347 347 348 352 355 357 360 362 362 362 362 362 363 364 365 365 366 367 369 369 369 368 367 365 364 365 368 368 368 367 367 363 363 361 359 357 356 354 352 350 346 345 344 343 341 340 338 337 333 330 329 328 333 337 338 338 338 338 339 338 338 337 335 332 330 328 325 330 337 343 347 352 355 355 354 350 345 339 332 327 325 322 322 323 327 327 326 325 321 320 323 329 335 340 344 346 348 346 342 338 335 332 329 327 324 320 316 313 310 306 304 301 297 294 292 291 288 287 286 285 285 284 284 283 283 282 282 281 281 280 280 280 279 278 277 275 273 270 267 262 256 250 248 248 249 258 268 272 277 282 286 281 280 279 277 275 273 269 267 263 261 258 255 254 252 250 250 250 250 253 260 265 271 276 282 286 290 293 291 288 284 278 274 270 267 262 257 255 252 250 248 247 245 245 245 246 247 248 249 250 251 252 253 254 255 250 240 231 226 222 221 230 237 243 246 248 251 253 257 259 261 263 265 267 268 269 270 271 270 271 272 273 274 275 277 278 279 279 281 282 284 285 286 286 288 289 290 290 291 294 293 289 288 289 291 294 296 297 298 300 306 313 316 317 316 318 321 324 328 334 342 352 362 372 384 396 408 421 434 448 461 472 479 478 474 468 463 460 456 450 443 432 422 412 407 398 389 380 365 355 350 346 343 342 343 345 349 349 354 359 359 357 353 348 342 334 327 319 313 310 307 305 305 307 306 301 293 282 274 271 268 264 260 257 253 249 248 246 247 248 249
308 312 319 328 341 353 360 365 372 377 380 379 379 376 372 367 363 359 355 351 349 347 347 348 350 351 352 353 351 347 342 337 330 325 319 310 304 296 296 305 313 318 323 325 327 329 331 333 335 337 338 340 340 341 343 345 347 348 348 349 351 348 352 356 358 360 363 363 363 363 363 364 364 364 365 366 366 368 368 368 368 367 366 365 366 368 367 367 367 368 367 365 363 361 359 357 355 354 351 349 349 347 345 343 341 339 337 335 332 330 331 335 339 341 340 340 341 341 340 339 338 336 334 332 330 326 332 340 346 351 357 361 361 360 356 350 344 336 330 329 325 323 327 328 328 328 328 325 322 324 329 333 338 342 343 343 343 340 336 332 329 325 323 321 318 315 312 309 306 303 300 298 295 292 290 291 289 288 287 286 286 285 284 283 283 283 282 281 280 281 279 278 278 277 275 272 270 266 263 259 252 249 247 247 254 265 269 275 277 282 280 279 278 278 276 273 270 266 263 259 258 255 253 250 249 248 248 250 254 261 266 272 279 285 290 295 298 296 292 287 280 276 272 268 264 259 255 249 246 245 244 242 241 241 242 243 244 244 245 247 248 250 250 249 244 235 229 225 219 224 233 242 245 249 251 254 256 257 260 262 264 267 267 268 270 271 270 270 271 272 273 274 275 277 278 279 279 281 283 285 285 286 287 288 290 290 291 297 298 294 289 289 291 294 297 298 299 300 302 306 311 315 316 318 320 323 326 330 336 345 355 366 377 389 400 412 425 438 450 462 472 476 473 468 460 454 451 447 439 428 415 404 394 388 387 378 369 356 344 335 330 328 327 330 334 340 342 346 353 355 355 352 347 341 334 327 320 316 312 310 309 310 313 311 306 298 289 277 271 268 265 261 257 255 252 250 248 248 249 249
304 308 312 316 326 340 349 356 362 366 371 373 374 374 373 368 363 359 355 351 347 343 342 346 349 351 353 354 353 350 345 340 333 325 318 310 297 295 297 311 317 322 325 328 331 334 337 339 340 342 343 344 346 347 349 348 349 350 351 352 353 353 355 353 358 360 362 364 364 364 363 364 364 364 364 364 365 366 367 367 367 366 365 364 366 368 368 368 367 368 369 367 364 362 360 358 356 355 354 353 352 352 347 345 343 341 341 339 336 334 336 337 342 341 341 343 344 343 342 340 339 338 336 333 332 330 333 342 349 355 361 366 368 366 361 355 349 342 334 332 328 326 327 328 330 329 329 328 325 325 328 330 333 337 339 339 338 335 334 330 328 324 321 319 316 314 312 309 306 302 299 298 296 292 293 292 291 289 288 288 287 285 284 284 284 284 284 282 281 280 279 278 277 277 276 273 270 266 263 260 254 249 248 248 254 263 268 272 276 278 279 279 279 279 276 273 268 265 261 258 256 253 252 249 247 247 247 250 254 262 268 274 281 288 293 300 306 299 294 289 282 278 274 270 266 261 256 249 243 241 241 239 238 237 238 240 241 242 242 244 246 247 246 244 238 230 227 233 218 228 241 247 249 252 254 257 259 260 262 263 265 267 268 269 270 271 270 271 271 272 273 274 276 277 278 279 280 282 284 286 285 286 287 288 289 290 293 300 301 297 292 289 291 294 298 300 301 302 303 307 311 314 316 319 321 324 327 332 338 346 357 369 380 392 403 416 429 441 452 462 467 467 463 455 448 441 436 431 423 410 400 387 376 371 367 364 357 345 332 322 315 312 312 318 321 327 335 338 344 349 350 348 345 339 333 327 321 317 314 314 314 314 318 316 311 302 293 280 275 271 267 263 261 258 255 252 250 249 250 250
297 302 306 310 314 323 335 343 351 358 362 366 368 370 371 370 365 359 355 351 346 342 339 344 347 351 355 356 356 353 348 342 335 326 317 309 295 294 306 316 324 329 333 335 337 341 344 346 346 347 349 350 350 352 352 352 353 353 355 355 356 357 358 359 358 359 362 363 363 363 364 364 364 363 362 361 362 363 362 363 364 365 364 363 365 367 367 368 368 367 367 366 364 362 360 359 358 357 357 357 357 355 351 350 348 348 345 343 342 342 341 343 345 345 346 346 346 345 344 342 341 340 338 336 335 334 332 343 351 358 366 370 372 370 365 360 354 347 339 335 332 329 328 329 330 330 330 330 327 325 325 327 328 330 333 333 332 331 329 327 325 323 320 317 315 313 312 309 306 301 299 297 295 295 294 294 292 290 289 289 289 287 285 285 285 285 284 284 282 280 278 278 278 276 275 272 270 266 264 260 256 249 248 247 253 262 267 271 275 278 276 278 279 279 279 273 268 264 260 258 256 253 251 249 247 247 247 250 255 262 269 275 282 289 295 310 313 303 293 289 283 279 276 273 268 263 257 248 243 240 238 237 236 235 235 237 239 240 240 243 244 244 242 239 235 228 229 220 221 235 248 253 254 256 258 259 261 262 262 264 265 267 268 269 271 271 271 271 272 273 273 275 275 277 278 279 280 281 284 285 285 285 286 286 287 289 296 302 302 298 294 291 291 295 298 300 302 303 304 306 310 313 316 319 321 324 328 333 339 347 358 371 380 394 405 418 431 441 451 459 459 457 450 441 432 424 418 412 405 393 383 371 363 356 351 349 343 334 323 310 303 298 299 303 309 316 324 330 337 343 346 346 344 339 334 328 324 321 319 318 318 320 321 319 316 307 297 284 278 273 269 265 263 260 257 254 251 251 251 251
290 295 300 304 308 311 318 329 339 344 349 354 360 362 366 367 366 360 355 349 345 340 335 341 345 349 354 357 356 353 348 342 334 327 316 309 293 295 310 318 327 334 340 344 348 351 353 356 358 357 359 359 359 359 358 357 357 357 357 358 359 360 360 361 361 358 362 363 363 364 363 364 363 363 362 361 360 360 361 361 360 361 362 361 363 365 367 367 367 367 366 365 364 362 361 360 360 360 359 360 359 357 357 352 350 349 350 345 346 346 348 348 347 348 349 349 348 348 347 345 343 342 341 339 338 338 332 342 352 360 368 373 375 374 370 365 359 354 345 338 335 332 331 329 329 331 331 331 329 327 324 324 325 325 326 327 327 326 325 324 322 321 318 316 315 312 311 310 307 302 298 298 297 297 297 296 294 291 291 290 289 288 287 285 286 284 284 284 282 280 279 278 276 275 274 272 270 266 263 260 258 250 247 248 254 262 266 270 273 274 275 279 281 283 280 275 271 264 259 257 254 252 250 248 246 245 247 252 256 262 269 275 281 289 296 310 314 307 290 287 282 279 276 274 269 264 261 252 242 238 234 235 234 233 235 236 237 239 240 241 242 242 237 235 234 228 224 219 227 240 253 257 259 259 260 261 263 263 264 265 265 267 268 270 270 270 271 271 272 273 273 274 276 277 278 278 281 281 284 285 284 284 285 286 286 288 295 299 299 297 295 293 291 294 297 300 302 303 305 306 309 312 314 318 320 324 328 333 339 347 356 370 381 394 407 419 430 440 448 452 451 445 435 426 413 405 401 397 387 378 369 359 349 340 334 331 327 320 312 300 290 288 289 292 297 304 314 322 330 337 342 346 347 343 337 330 327 325 323 323 324 324 325 324 317 311 301 288 282 277 272 268 265 262 259 255 253 252 253 251
284 288 293 298 302 305 310 314 321 328 335 344 351 353 355 360 362 360 355 349 343 337 332 338 342 346 351 354 352 349 345 339 332 324 315 307 294 294 312 321 329 337 344 351 357 361 365 369 371 373 372 372 370 367 366 364 362 362 362 363 364 362 363 363 363 363 362 363 362 361 362 363 362 362 361 361 359 359 359 358 359 359 360 360 361 363 363 363 363 364 364 365 364 363 363 365 363 363 361 360 359 359 359 360 359 358 356 353 352 353 352 351 351 351 352 352 351 350 349 348 345 344 343 342 342 342 337 336 351 358 366 374 376 376 373 369 364 360 353 345 339 336 333 331 330 330 331 333 331 329 325 324 322 322 322 323 324 323 322 322 320 319 316 315 313 312 310 309 306 300 299 299 299 299 299 298 296 293 291 290 289 288 288 286 285 284 284 284 283 281 280 278 276 274 273 272 269 265 262 260 258 249 246 248 257 263 266 268 271 272 275 278 283 284 281 278 272 265 260 257 254 252 249 247 246 246 248 252 257 262 269 275 280 287 294 307 306 302 290 285 281 278 276 274 270 263 259 253 243 237 234 232 233 233 235 236 236 237 239 241 241 234 235 234 230 227 219 221 229 241 253 259 261 262 262 262 263 265 265 266 267 268 268 271 271 271 271 272 273 273 274 275 275 276 278 279 281 281 283 283 283 284 284 285 286 288 291 294 296 295 295 294 291 294 296 299 302 303 305 306 307 310 313 316 320 325 328 333 339 345 355 367 378 393 406 418 427 436 442 442 439 432 422 408 397 391 384 379 373 366 355 346 336 327 318 314 312 306 299 290 281 278 280 283 288 295 306 315 325 332 340 346 349 348 343 335 331 329 328 329 329 329 330 327 320 315 305 292 285 280 276 271 268 265 260 257 257 254 253 251
283 283 286 291 296 299 302 306 308 312 321 328 338 344 348 350 352 354 351 347 340 333 329 333 338 342 345 344 341 340 335 332 327 320 313 306 294 297 314 323 331 339 346 354 361 366 371 376 379 382 382 381 380 377 373 372 370 369 368 368 368 369 367 367 368 368 368 368 367 366 363 361 360 359 358 358 357 357 356 355 355 356 357 358 359 360 361 363 363 363 363 363 366 366 365 364 365 365 365 364 363 363 363 365 364 362 360 358 357 356 356 355 355 355 355 354 353 352 351 350 347 346 345 344 344 344 342 335 345 356 363 370 376 376 376 372 367 363 359 353 346 341 337 334 332 331 331 332 332 330 327 324 322 321 321 321 321 320 320 319 319 317 315 313 311 310 308 306 302 306 303 302 302 302 301 300 298 296 293 291 290 288 288 287 285 285 284 283 282 281 280 279 276 274 273 271 269 263 261 259 258 248 247 249 259 263 264 266 268 269 271 275 282 283 282 280 273 267 259 256 254 251 249 246 245 245 248 252 257 262 268 274 279 285 290 303 301 296 289 283 279 277 274 272 270 262 258 252 245 238 233 230 230 232 233 233 235 237 238 239 241 240 237 232 229 223 218 223 235 249 255 260 262 264 264 264 264 264 266 267 267 268 270 271 271 271 272 272 274 274 274 275 276 276 278 279 280 280 281 282 283 283 283 284 285 287 290 292 294 293 294 294 292 293 295 298 300 302 303 305 307 309 312 316 321 324 327 333 339 345 354 364 376 390 404 415 425 432 434 433 428 420 405 389 380 374 368 363 358 351 342 331 321 311 303 299 296 291 287 279 270 270 273 276 280 287 300 310 320 329 338 345 350 351 347 341 335 333 334 334 333 333 334 330 324 317 308 296 289 284 280 275 273 267 262 260 259 257 254 252
283 284 282 286 289 293 295 297 298 302 306 316 327 332 339 341 342 342 342 339 334 329 328 329 331 332 336 335 331 328 325 323 319 316 310 303 293 302 318 326 333 341 348 356 364 370 376 381 386 389 390 390 387 384 381 379 378 376 374 373 373 373 372 372 371 371 371 370 369 368 367 364 362 359 357 355 354 353 353 353 353 354 355 356 356 358 360 362 363 363 364 364 365 365 366 367 368 369 368 368 367 366 368 369 369 367 364 362 362 361 360 359 359 359 358 357 355 354 353 352 350 348 347 347 346 346 344 340 339 351 359 366 372 376 376 375 371 368 364 359 354 347 342 338 335 332 330 331 331 331 329 327 323 322 321 321 320 319 318 317 318 315 313 311 310 308 306 303 308 309 307 307 306 305 303 302 300 297 294 292 290 289 287 286 285 284 283 282 281 280 281 281 277 273 271 270 269 264 260 259 257 247 246 250 259 263 263 264 267 268 268 272 278 280 281 279 272 266 261 256 253 251 248 246 245 245 247 251 257 262 267 273 279 284 288 297 295 292 286 281 277 275 272 270 266 261 257 252 246 240 234 230 229 231 231 231 234 237 239 240 242 240 235 230 227 218 221 231 248 254 257 260 262 265 266 264 264 264 266 267 268 269 270 271 272 272 272 273 274 275 275 275 276 276 278 278 279 279 279 281 282 282 282 283 285 287 289 291 292 293 293 294 293 292 294 297 299 301 303 305 306 309 312 316 319 323 328 333 339 345 354 363 372 385 400 412 419 424 424 422 416 405 386 371 364 358 354 348 344 337 329 319 307 299 290 286 283 279 274 266 262 263 266 270 274 283 293 305 316 325 336 343 348 352 350 344 341 341 341 340 338 337 337 334 328 321 310 300 292 289 284 280 276 270 265 263 260 256 255 253
284 283 283 282 284 286 287 288 290 293 298 304 316 326 330 333 335 334 332 329 326 321 324 325 325 324 324 324 322 321 319 317 314 311 307 302 292 310 322 329 336 343 350 358 365 372 377 383 389 393 395 395 394 390 388 386 384 382 380 379 378 377 376 376 375 374 373 372 371 370 368 366 363 361 358 356 353 351 351 351 351 352 352 353 353 356 358 360 362 363 364 365 366 367 368 370 372 374 373 372 373 373 374 374 373 371 369 367 367 366 365 364 363 363 362 360 358 357 355 354 352 350 349 349 348 348 346 344 339 347 354 361 369 374 376 376 375 372 367 364 358 352 347 343 338 335 331 330 330 330 329 329 325 322 321 320 320 319 318 317 316 314 311 309 308 306 305 305 310 312 311 310 309 309 306 303 301 298 296 293 290 289 288 286 284 283 282 281 281 281 281 281 279 274 271 270 268 264 260 258 256 247 247 251 259 262 263 264 264 265 265 268 273 276 278 275 271 266 262 257 253 250 247 245 243 244 247 252 258 263 267 272 279 284 288 293 293 291 284 280 276 273 271 268 265 261 256 252 248 241 236 231 228 230 230 232 235 238 239 240 241 240 235 230 225 219 223 236 250 257 260 260 262 264 265 263 265 265 265 267 268 270 271 272 273 273 273 275 275 275 276 275 276 276 276 278 278 278 278 279 280 281 281 283 285 287 289 290 292 293 293 294 293 293 295 296 299 300 302 305 306 309 313 316 319 322 328 334 338 345 354 363 371 381 396 407 412 414 413 411 403 389 369 356 348 343 340 336 330 324 316 306 296 288 280 275 271 268 263 257 255 256 260 264 269 276 286 300 311 322 332 341 347 352 350 346 344 348 349 348 346 344 341 338 333 324 314 304 297 292 289 284 278 272 268 266 260 256 254 254
292 284 283 283 283 283 284 285 286 287 290 295 305 317 323 327 329 328 326 324 320 316 317 317 318 319 319 320 320 317 315 312 309 306 302 292 293 316 324 331 337 344 351 358 365 371 377 383 390 396 399 399 398 395 393 391 389 388 386 385 383 382 381 379 378 376 375 374 373 371 369 367 364 362 360 357 355 353 351 350 349 350 350 350 352 354 358 360 362 363 365 366 368 369 371 373 376 378 378 377 378 378 378 377 377 376 374 372 372 371 369 368 367 366 366 363 362 360 359 357 355 353 351 350 350 348 347 346 342 344 350 357 364 369 372 375 376 373 369 365 361 355 350 346 342 338 333 330 329 329 329 327 326 324 322 321 320 322 320 316 314 313 310 308 307 306 307 309 312 313 314 314 312 310 309 305 302 300 297 294 291 289 287 285 284 282 282 280 280 281 280 279 277 273 270 268 265 263 260 258 254 247 246 250 257 260 262 263 263 264 264 265 268 269 271 271 267 265 262 258 254 250 246 244 243 245 247 252 258 263 268 273 279 283 288 290 289 296 280 277 275 272 269 266 263 260 255 251 247 242 236 231 227 229 232 231 234 238 240 241 241 240 236 230 219 221 227 241 250 257 261 261 262 262 264 265 265 265 266 268 270 270 272 273 274 274 275 275 275 275 275 276 276 276 277 276 277 277 277 278 279 280 280 282 285 287 288 290 293 293 293 293 293 293 295 297 299 300 303 304 306 309 313 317 320 325 328 334 339 346 355 364 373 381 393 401 405 405 404 399 389 375 354 343 334 328 325 321 318 313 307 295 285 275 270 265 261 258 253 250 249 250 254 258 262 269 280 292 305 320 329 337 343 348 349 344 348 353 355 354 352 348 346 341 336 329 318 309 301 297 292 287 281 275 270 267 263 259 256 254
298 290 285 284 283 283 282 283 284 286 286 288 297 305 315 320 322 322 322 320 316 313 308 311 313 314 315 315 315 313 309 307 302 299 292 291 297 312 322 329 337 345 352 359 365 371 376 381 388 395 400 402 402 400 399 397 394 393 391 389 388 387 384 383 381 379 377 375 373 372 369 367 365 362 361 358 356 354 351 349 347 348 350 351 354 355 359 361 363 365 366 367 369 370 373 376 379 381 383 383 382 382 383 382 381 381 379 378 377 375 374 373 372 370 370 368 366 363 362 360 357 356 355 353 351 350 348 347 341 345 349 354 358 364 368 372 374 371 369 366 362 358 353 351 346 341 335 332 330 328 328 327 326 324 323 321 320 320 320 315 312 311 310 308 309 311 312 314 317 318 317 316 314 312 310 307 304 302 299 295 292 289 287 285 284 281 281 279 280 279 278 276 274 271 268 266 264 261 258 256 252 247 246 249 256 258 260 261 262 262 263 263 264 265 266 265 264 262 261 256 253 250 246 244 242 244 248 253 259 264 268 274 278 283 287 288 287 290 278 275 272 269 266 264 262 259 254 250 245 241 236 231 228 232 228 230 233 238 240 240 240 240 237 229 218 220 229 243 250 256 261 261 261 262 263 264 265 266 266 268 270 273 273 275 274 275 275 276 276 276 276 276 276 276 276 276 277 276 277 276 277 278 280 282 284 286 288 291 291 292 293 292 292 294 295 297 299 301 303 304 307 310 313 317 320 326 329 336 341 347 357 365 374 382 390 398 400 398 394 387 379 364 345 333 322 315 311 309 306 301 295 286 276 266 261 256 252 247 245 244 243 243 249 253 257 264 269 288 299 309 324 334 338 344 345 343 347 355 358 358 355 352 348 345 341 334 325 315 306 301 296 290 284 278 273 269 265 259 256 255
298 294 288 286 284 282 282 283 283 283 283 284 288 297 304 312 315 315 316 315 313 309 302 308 309 309 310 309 307 304 300 294 289 290 290 290 293 306 313 324 333 342 351 358 364 370 375 380 385 391 397 401 404 404 403 402 401 399 396 394 393 391 388 386 384 381 379 376 374 372 370 367 365 362 360 358 356 354 351 349 346 347 350 351 355 358 360 362 364 365 367 368 370 371 374 377 381 384 387 387 386 386 386 385 385 385 384 382 381 380 378 376 375 374 374 372 369 367 364 363 360 357 356 353 352 351 349 347 343 349 352 354 357 362 366 371 372 371 369 367 364 360 356 354 351 345 339 335 330 329 328 328 326 324 323 322 320 318 316 314 311 310 309 309 312 314 317 319 321 321 321 318 315 313 310 309 306 303 300 296 293 290 288 286 284 283 280 278 277 277 276 273 270 267 265 264 262 260 257 256 251 246 246 248 254 257 258 259 259 261 261 261 261 261 261 261 261 261 259 257 253 250 245 243 242 244 247 254 261 266 271 274 277 281 286 286 284 278 275 271 268 266 264 262 259 256 252 247 244 240 236 232 231 225 227 228 233 239 240 240 240 239 237 225 219 221 231 242 250 256 261 261 261 261 261 263 265 266 268 269 271 273 274 276 275 276 275 275 276 275 276 276 276 277 276 276 276 276 276 275 276 277 279 281 284 286 287 291 290 291 291 291 292 293 295 297 299 301 303 305 308 311 314 318 323 326 332 337 342 349 358 367 375 383 391 396 394 389 384 379 368 353 337 323 311 304 299 296 294 290 286 278 269 259 253 248 244 241 240 240 238 241 244 247 251 259 268 277 288 298 310 322 331 335 338 338 345 354 359 362 360 355 351 346 342 337 330 319 310 305 299 294 286 279 274 270 266 258 258 257
296 293 290 286 284 282 282 282 284 283 283 283 284 287 295 303 307 309 311 310 308 305 297 304 305 304 304 302 299 287 288 289 290 306 306 311 315 306 306 317 325 336 345 355 363 369 374 379 383 389 395 399 402 406 407 407 406 404 402 399 397 394 391 389 386 384 381 378 375 373 370 367 364 361 359 358 356 353 351 348 345 346 349 352 356 359 362 363 364 365 367 368 370 372 374 378 382 385 389 392 392 391 390 389 389 389 387 386 385 384 382 380 379 378 377 375 373 370 367 365 362 359 357 355 353 351 349 348 345 352 356 357 359 363 367 370 371 372 370 368 365 362 359 355 353 350 344 337 333 330 329 328 326 325 323 322 320 317 316 314 311 310 309 310 314 317 320 322 323 323 324 320 317 315 312 310 306 303 300 297 292 289 287 285 283 281 280 278 276 275 273 270 267 265 264 263 261 259 257 256 253 247 246 247 250 255 256 257 258 259 259 259 258 258 258 259 258 260 259 256 253 249 245 242 242 243 248 255 262 267 274 274 276 278 283 283 282 279 269 268 265 264 262 259 256 253 249 246 242 240 236 232 227 224 224 227 232 237 240 239 239 239 238 224 219 220 226 240 249 255 260 262 262 260 260 263 265 267 268 270 273 276 278 278 277 277 276 276 276 275 276 276 276 276 275 275 275 274 274 275 275 277 279 281 283 285 287 289 290 291 291 290 292 293 295 297 299 301 303 306 309 312 316 319 324 329 335 338 344 351 360 369 376 385 391 392 389 380 375 369 358 344 328 314 301 294 289 285 283 281 278 272 261 253 245 241 238 235 234 234 229 234 238 240 243 247 255 264 274 280 292 302 310 322 327 332 340 351 361 366 363 357 352 348 344 340 332 324 315 309 302 296 288 281 274 271 266 259 258 258
302 299 295 292 287 282 281 282 281 284 284 283 282 283 285 292 300 303 303 303 302 301 294 295 296 288 286 288 288 290 300 308 307 322 329 331 332 327 320 313 322 330 339 348 357 368 374 377 382 387 393 399 403 406 410 411 410 409 407 404 401 397 394 391 388 385 382 379 376 373 369 366 364 360 358 356 355 352 350 347 344 346 347 351 355 358 361 363 364 364 365 367 369 371 374 379 383 386 391 395 396 396 394 393 393 392 391 389 388 388 386 384 382 381 379 378 376 373 370 367 365 362 359 356 353 352 351 350 347 354 358 360 363 366 368 371 373 373 371 370 368 364 361 359 354 352 346 341 336 332 328 327 327 325 323 321 320 318 315 313 311 311 311 313 315 319 322 323 324 324 324 320 318 315 313 310 306 303 300 296 292 289 286 284 283 281 279 276 274 272 271 269 268 265 262 261 260 258 257 256 253 247 246 246 248 252 255 255 255 256 256 257 256 255 255 256 258 258 257 254 250 247 244 242 242 243 249 255 261 265 270 272 273 275 279 280 276 270 268 266 263 261 259 256 253 249 246 242 239 235 235 231 227 225 224 225 230 236 237 234 238 240 238 222 219 220 222 232 248 255 260 262 261 259 259 262 264 266 269 271 275 279 283 281 278 277 276 276 276 276 276 276 275 275 275 274 274 273 273 274 274 275 277 279 282 284 286 288 289 290 290 289 291 292 294 296 299 301 304 307 310 313 317 320 325 331 336 341 347 353 363 371 379 387 390 389 382 371 363 357 347 333 320 306 293 286 281 277 274 273 270 265 256 247 241 236 233 229 228 227 223 229 232 234 236 237 242 245 248 255 267 281 291 303 315 325 333 348 356 364 362 355 352 349 346 342 336 329 320 313 304 297 289 281 273 270 266 260 260 261
307 305 301 298 294 287 282 282 281 282 284 285 283 282 283 284 287 295 297 297 297 297 292 285 284 285 287 285 286 298 315 320 313 330 336 340 340 340 336 330 328 326 335 342 350 360 367 374 380 386 392 398 402 406 410 413 414 410 409 407 403 400 397 394 390 386 383 379 376 372 368 365 362 359 357 355 353 350 347 345 343 344 347 350 354 357 360 362 363 363 364 366 368 370 373 378 383 387 393 398 399 398 398 397 396 396 395 393 393 392 390 388 386 383 382 381 378 375 372 369 366 364 360 358 356 355 354 352 349 355 359 362 365 367 370 372 373 374 374 372 370 367 364 360 358 354 350 345 339 334 331 328 327 325 324 323 322 319 317 315 313 312 312 314 317 321 323 324 325 324 324 321 319 317 313 309 306 303 299 296 291 289 285 284 283 281 278 276 273 270 270 269 268 267 264 261 260 258 257 255 252 250 246 246 247 248 253 253 253 252 253 253 254 253 253 254 254 255 255 254 249 245 243 241 241 244 249 255 258 263 267 269 269 271 274 270 269 266 264 262 259 257 255 251 248 245 242 239 235 233 232 229 226 223 222 223 225 229 230 229 234 238 235 226 218 221 220 228 243 255 261 262 261 258 257 260 264 268 270 273 277 282 286 283 280 277 277 276 276 276 275 275 275 274 273 272 273 271 272 273 274 274 276 278 281 283 285 286 287 288 288 289 290 292 294 297 298 300 303 306 312 315 318 322 327 334 338 343 350 357 365 373 380 387 389 383 372 361 352 343 333 322 310 297 286 279 273 269 266 265 262 258 249 243 237 233 229 226 222 221 221 222 224 226 227 228 229 234 237 242 250 260 270 283 300 314 327 343 353 360 360 353 349 347 347 343 338 331 322 315 305 297 288 280 271 268 265 262 259 261
316 312 308 305 301 296 289 283 280 280 282 285 285 283 283 283 283 284 291 293 294 289 283 288 302 313 317 317 314 317 324 333 332 340 344 347 348 350 349 349 340 336 335 340 345 353 362 371 378 386 392 398 401 406 410 415 413 413 412 410 406 403 399 395 391 387 382 378 375 371 367 363 360 357 355 353 351 348 346 344 342 343 345 349 353 355 358 359 360 360 360 363 366 369 370 376 380 387 394 401 402 402 401 401 400 400 399 397 397 396 394 392 390 387 385 383 380 377 374 371 368 365 362 360 359 358 356 354 352 354 359 363 366 368 370 372 374 375 377 376 373 369 365 364 360 357 353 349 345 340 335 332 328 326 325 324 323 320 317 316 313 312 313 314 317 319 323 324 325 324 324 321 319 316 313 310 306 302 299 295 291 288 285 284 283 281 279 277 273 270 268 268 268 268 266 264 261 257 256 255 254 254 250 246 247 246 251 253 252 252 252 251 252 253 252 252 252 253 252 250 247 244 242 241 241 245 250 253 257 261 264 267 267 268 270 266 264 263 261 258 255 253 250 246 244 241 238 235 230 229 228 225 224 222 221 222 223 223 225 225 227 229 230 226 218 220 219 223 238 253 260 262 258 257 256 259 263 267 271 274 278 283 286 285 281 278 277 276 276 276 275 275 274 273 272 272 271 270 270 271 272 273 274 276 281 282 283 285 285 286 287 289 290 292 294 296 298 301 304 307 312 316 321 326 331 338 343 348 354 362 367 373 380 386 384 378 366 352 341 331 323 312 300 290 280 273 269 263 260 257 255 250 244 240 235 230 226 221 218 216 216 217 216 216 217 216 210 213 212 218 235 241 252 265 281 305 318 335 347 355 355 348 342 344 345 342 338 332 325 315 306 297 288 279 268 266 264 260 259 262
323 318 314 311 307 302 295 289 285 281 280 281 285 284 283 282 283 283 283 285 283 283 284 293 319 328 333 338 334 330 334 341 344 351 354 355 357 358 359 359 361 354 349 350 353 351 361 370 378 386 392 398 403 406 411 416 418 417 415 413 409 406 400 396 392 387 382 377 374 370 365 361 357 354 352 351 348 347 344 342 340 341 344 348 350 353 354 356 356 357 359 362 365 367 369 372 378 385 394 403 406 405 405 404 404 404 403 401 401 399 398 396 393 390 387 385 383 380 377 373 370 367 366 363 362 360 357 357 356 352 359 363 366 368 370 373 374 376 378 379 378 375 371 366 363 359 356 352 348 345 339 334 330 327 326 324 323 320 320 319 315 314 314 314 316 317 321 323 324 324 322 320 318 315 312 309 305 301 298 294 291 287 286 285 283 281 279 277 274 271 270 269 267 267 267 266 263 259 257 255 256 255 252 248 246 246 248 248 249 252 253 252 251 251 252 250 250 250 249 247 245 243 243 241 241 245 248 251 255 259 261 264 266 266 266 263 261 259 256 254 252 249 245 242 239 235 232 229 229 225 225 223 222 222 221 220 221 221 221 222 222 224 226 225 219 218 220 222 235 249 258 261 260 255 255 257 262 268 272 276 280 284 286 285 281 278 277 276 276 275 275 274 273 272 271 270 270 269 268 269 270 272 273 275 278 280 281 282 284 285 286 288 290 292 294 296 298 301 304 309 313 318 323 328 335 341 347 352 358 364 369 375 381 383 379 372 361 346 336 325 315 303 293 282 274 269 264 259 254 252 248 246 240 237 233 227 224 219 215 212 212 211 209 208 207 205 204 206 205 205 205 226 237 250 266 287 306 325 340 351 351 343 338 339 343 341 337 331 323 313 303 295 286 276 268 265 262 260 260 263
330 325 323 319 312 309 301 296 290 284 280 279 283 285 284 283 283 283 282 282 283 282 290 302 320 330 339 345 348 349 350 351 353 356 362 365 366 366 369 368 369 367 365 361 362 366 371 377 383 389 392 401 405 409 414 418 420 419 418 414 411 406 402 397 391 386 381 376 372 368 364 359 355 353 350 348 346 344 341 339 336 338 343 347 349 349 351 352 353 355 358 361 363 366 367 370 376 382 392 401 405 407 407 407 407 407 407 406 404 403 400 398 395 392 389 387 384 382 378 376 373 371 368 366 365 363 361 360 358 355 358 362 365 368 369 371 372 375 377 380 381 379 376 371 364 361 358 353 350 347 342 336 332 329 329 325 325 323 321 319 317 315 313 313 315 316 317 320 323 323 321 320 318 315 312 308 304 300 297 294 290 287 286 285 283 281 280 277 274 272 271 270 269 266 265 265 263 262 260 256 255 256 254 249 246 245 246 246 247 248 252 253 252 251 250 248 247 246 246 245 244 244 243 241 242 243 247 249 253 256 258 261 262 263 262 259 257 254 251 249 247 244 240 236 233 231 227 229 224 222 222 222 221 220 220 220 220 219 219 220 220 220 221 222 221 217 219 221 233 247 255 258 260 253 253 256 261 267 273 277 283 283 285 286 281 278 277 276 275 274 274 273 272 271 270 268 267 267 266 268 269 271 273 274 276 278 280 282 282 284 286 287 289 292 294 296 299 302 305 310 315 321 327 332 338 344 350 357 362 368 373 379 380 380 376 369 360 347 335 324 311 298 288 279 271 266 260 255 250 246 243 241 238 233 231 225 219 214 212 210 209 209 207 206 205 209 208 208 207 206 204 207 225 235 254 276 297 316 335 345 347 338 335 335 339 339 335 330 322 311 301 291 282 273 265 263 262 260 260 263
335 332 328 323 319 314 307 301 296 290 282 278 279 284 283 285 281 281 281 281 288 293 297 308 319 330 340 347 352 356 358 360 361 361 365 370 375 377 377 377 376 376 374 372 374 375 380 384 390 395 401 405 409 413 417 421 423 422 419 417 412 408 402 397 391 386 381 376 371 367 362 357 354 352 349 345 344 342 339 338 334 336 341 344 345 346 347 348 350 353 356 360 363 365 367 370 374 380 391 399 405 408 409 409 410 410 409 408 406 404 401 399 396 394 391 388 386 384 381 378 377 374 371 369 368 365 364 362 361 358 359 360 364 368 370 371 372 373 376 377 380 380 379 376 368 364 359 355 351 347 344 340 335 335 333 330 328 324 323 321 319 316 313 313 313 313 314 316 320 320 319 319 318 315 312 308 303 299 296 292 289 287 286 285 284 283 280 277 274 273 273 271 268 267 267 266 266 266 264 259 257 255 254 250 247 246 245 246 247 247 247 248 249 248 247 246 246 245 245 244 244 242 241 240 241 241 245 247 250 253 256 258 259 260 259 255 252 251 249 247 242 240 237 233 230 228 226 223 222 221 221 221 220 220 219 219 220 219 218 217 219 219 219 220 220 217 219 220 229 244 251 254 257 253 251 254 259 265 271 278 282 284 285 285 283 280 277 276 275 274 273 272 271 270 268 266 265 265 265 266 268 269 271 273 275 277 278 280 283 285 286 287 289 291 294 296 299 303 308 313 318 324 330 334 340 347 352 359 366 370 375 380 381 381 376 370 361 350 340 327 313 297 284 276 270 264 258 251 246 242 236 238 233 228 223 218 213 211 209 209 208 208 207 205 207 209 209 209 207 206 206 204 212 222 236 261 286 306 322 334 343 335 333 332 336 337 335 329 320 309 298 290 280 272 265 263 263 260 260 263
341 336 331 328 324 319 314 308 301 296 289 279 278 278 282 285 280 280 280 283 294 298 304 310 318 329 339 348 355 361 365 367 367 367 370 374 380 381 384 385 385 384 383 383 384 385 387 391 396 401 406 410 415 419 422 424 426 425 422 419 414 409 404 398 392 386 381 375 371 365 360 357 354 350 346 343 341 339 337 336 333 335 337 340 342 343 344 346 349 352 356 359 360 362 366 369 372 378 390 399 405 409 410 410 412 412 410 408 406 404 402 399 397 395 393 391 388 386 384 381 379 378 375 373 371 369 367 366 364 363 364 364 365 368 370 372 374 374 374 374 376 378 377 375 372 366 361 356 353 348 345 341 339 339 338 337 334 331 328 324 323 318 314 313 312 312 312 313 318 318 319 318 317 314 312 307 303 299 295 293 290 289 287 287 286 285 282 278 275 274 273 273 271 269 269 269 268 267 265 261 260 258 255 252 248 246 244 244 246 247 247 246 246 246 246 246 246 246 245 245 241 240 240 239 240 240 242 245 247 250 252 254 256 256 253 252 249 248 245 243 240 237 234 231 229 227 224 222 222 222 221 220 220 219 219 218 218 218 219 219 216 219 219 219 219 219 218 219 225 240 247 250 250 249 249 252 256 263 269 275 281 283 284 284 283 281 278 276 275 274 272 271 269 268 267 265 263 263 264 265 266 268 269 271 273 275 277 280 282 283 285 287 289 291 294 296 300 305 309 314 319 324 329 334 340 346 353 358 364 368 374 379 384 383 378 371 361 350 341 330 317 301 284 275 268 262 256 250 244 237 230 232 227 222 217 214 211 210 209 208 208 208 206 205 210 210 210 210 209 206 205 204 205 214 226 250 278 298 316 329 336 331 328 330 333 335 333 327 317 305 296 285 277 270 265 263 263 261 260 264
345 341 336 331 326 323 318 312 307 300 295 284 282 279 279 279 280 280 280 285 296 301 307 313 319 328 338 347 357 364 370 373 373 374 376 379 384 388 390 391 392 392 391 392 393 394 397 399 402 408 412 416 420 424 427 429 430 429 426 422 417 411 405 400 393 387 381 376 371 366 362 358 354 352 349 346 342 340 337 334 332 331 333 336 338 339 341 342 349 355 357 357 358 360 363 367 371 374 384 403 407 410 409 408 410 410 409 406 404 402 400 398 398 396 395 394 392 390 388 385 383 382 379 376 374 372 371 369 367 367 368 368 369 369 372 373 374 375 375 374 375 376 375 373 369 367 363 359 354 351 347 344 343 344 345 343 341 337 334 330 325 320 317 315 312 312 312 312 315 316 317 319 316 314 311 308 304 299 295 293 291 290 288 288 288 287 283 279 276 275 274 274 272 273 273 272 271 269 264 261 260 259 259 253 251 247 245 245 245 246 246 247 247 247 246 247 246 246 245 245 238 238 238 237 239 242 240 243 244 246 249 251 252 252 250 249 247 246 243 240 236 234 231 230 228 225 223 222 221 220 220 220 220 219 219 219 219 219 219 221 219 216 218 219 219 219 216 219 223 234 243 247 246 246 246 250 253 259 266 273 278 281 283 283 283 283 282 278 276 275 272 270 268 267 264 263 262 261 261 262 264 265 267 269 272 274 277 279 281 284 286 287 289 291 294 297 301 306 310 317 318 327 330 334 339 344 349 352 358 364 371 379 385 384 380 370 360 350 341 329 318 303 287 274 268 262 255 249 244 235 228 222 220 216 213 212 212 206 206 206 206 205 206 214 215 215 214 212 211 211 206 204 204 206 218 242 272 293 312 324 331 328 325 329 331 332 329 324 314 301 292 285 274 268 264 264 264 262 263 263
350 344 338 333 330 324 320 317 314 306 298 290 281 278 279 279 279 279 280 285 296 302 307 315 321 327 337 347 358 366 373 376 378 380 380 384 389 391 397 399 400 400 401 400 401 402 404 406 409 414 417 422 425 428 430 433 434 434 429 424 420 414 408 402 395 388 382 377 373 369 364 360 357 353 351 347 344 341 339 337 333 329 331 333 335 335 338 345 352 357 357 356 356 358 361 365 369 372 379 395 406 408 408 408 407 407 405 403 400 399 397 397 397 397 397 397 396 394 392 390 387 385 383 380 378 376 374 372 370 370 371 371 371 372 373 374 375 376 376 376 375 373 371 370 367 365 362 360 356 351 349 347 347 349 348 348 345 344 340 335 330 324 320 317 313 313 313 312 312 315 316 319 319 314 311 309 305 299 296 292 291 290 290 289 288 287 284 281 277 276 275 275 272 272 275 275 274 271 266 261 259 258 258 255 250 249 245 244 245 246 245 246 247 247 247 246 245 245 244 239 238 236 238 238 239 241 238 239 241 244 246 248 248 248 248 247 246 244 238 237 234 232 230 229 226 224 223 221 220 220 220 220 219 219 219 220 220 220 221 221 220 220 218 218 219 219 217 219 222 229 238 241 242 242 244 246 250 255 262 269 275 279 281 282 284 284 285 281 278 276 273 269 267 265 262 261 260 259 260 261 262 263 266 269 272 274 276 278 280 283 285 287 289 291 294 297 302 307 313 318 323 328 331 332 336 339 343 346 350 357 366 374 380 383 376 367 356 345 337 327 316 303 288 275 267 261 254 248 240 233 227 221 214 214 212 205 206 206 206 207 206 206 216 220 223 220 217 215 213 212 205 203 204 206 209 233 266 289 306 321 327 322 322 325 329 330 326 320 311 298 290 282 272 267 264 262 261 260 260 262
352 346 340 336 333 327 323 320 318 311 304 294 286 277 278 278 278 279 280 285 294 302 309 315 321 327 335 345 358 367 374 379 381 384 386 389 395 399 404 406 407 408 407 407 409 410 412 414 417 420 424 428 430 431 433 435 436 434 432 427 422 417 411 405 398 391 385 380 376 371 367 362 361 356 352 349 346 343 340 337 334 331 328 331 331 334 338 345 350 354 354 352 353 355 357 361 364 368 374 383 397 404 406 405 405 404 401 399 398 397 396 395 396 398 400 400 400 399 396 394 391 389 386 384 381 379 377 376 374 374 375 374 375 375 375 376 377 377 377 376 376 374 371 370 367 364 361 359 357 354 352 350 350 351 351 352 352 350 346 343 337 332 326 320 316 314 312 312 312 312 315 318 320 317 312 309 304 300 296 293 291 290 289 289 287 286 284 281 278 276 275 274 272 272 273 275 274 272 267 261 259 257 256 255 254 250 247 244 244 244 243 244 245 246 246 245 244 244 243 243 243 243 243 243 243 241 241 240 238 241 243 245 245 245 246 245 244 240 238 236 234 231 230 228 226 223 222 220 220 220 220 219 220 220 220 220 221 222 223 221 220 222 219 218 216 218 218 219 221 226 234 238 238 239 241 243 246 251 258 265 271 276 280 281 283 286 288 283 279 276 272 268 266 262 260 259 258 258 259 260 262 264 267 270 272 275 277 279 281 283 285 287 289 291 294 298 303 309 318 320 325 331 332 334 333 334 334 334 339 348 356 364 371 375 369 361 349 338 331 322 311 300 288 276 264 258 251 244 236 229 222 216 214 213 205 206 207 207 207 206 207 220 224 230 232 226 221 216 219 215 205 202 204 205 207 228 264 283 302 317 321 319 319 321 326 327 324 316 307 294 286 279 272 267 264 263 261 259 258 259
352 345 341 337 334 328 325 321 318 315 309 300 292 279 276 277 277 279 283 287 294 302 309 315 322 328 335 342 355 367 375 381 384 388 392 396 402 406 409 412 413 415 414 413 416 418 419 421 422 426 430 431 434 434 435 436 436 435 434 429 425 420 414 408 401 395 389 384 379 375 371 367 365 360 356 352 348 346 343 339 335 331 328 327 329 331 336 342 346 349 350 348 349 352 353 356 359 362 365 373 382 395 400 402 402 400 396 396 395 394 394 394 396 398 401 403 403 403 400 398 396 393 390 388 385 383 381 380 376 379 379 378 379 379 379 379 379 379 378 378 376 375 374 371 367 363 361 360 358 356 354 355 354 354 354 355 357 356 353 350 345 338 333 325 318 315 314 312 311 312 313 317 319 316 314 309 304 301 296 292 291 290 289 287 287 285 283 281 278 277 275 274 272 270 271 273 272 269 267 262 258 257 255 254 252 251 249 246 245 244 243 242 243 244 245 244 245 244 243 237 236 236 238 236 235 235 236 236 237 238 241 242 243 244 243 242 242 240 238 235 233 230 228 226 224 223 221 220 220 219 219 219 219 220 220 221 222 222 223 219 218 218 218 218 218 218 218 217 220 224 231 234 236 237 238 239 242 246 251 260 266 274 280 268 271 271 291 286 280 275 270 265 262 260 258 258 257 258 259 261 263 265 268 271 274 276 278 280 282 284 286 288 290 292 295 299 304 311 317 322 328 331 333 333 331 327 325 325 327 335 344 352 357 361 359 351 340 331 322 315 305 295 286 276 263 252 244 235 230 221 214 213 213 206 207 208 207 207 207 210 220 227 235 239 240 229 222 221 225 217 213 204 203 205 206 230 257 283 299 312 318 317 316 319 322 323 320 315 305 292 284 278 272 267 264 263 262 260 258 258
349 344 340 336 332 327 324 321 319 316 311 304 295 286 277 277 277 280 286 291 296 302 310 316 322 327 334 341 352 365 375 381 387 391 397 404 408 412 416 418 420 421 421 421 423 425 427 427 429 431 433 435 436 436 435 435 434 434 432 430 426 422 417 411 405 399 393 388 383 379 375 371 367 362 359 355 351 348 344 341 337 332 328 324 328 329 333 339 343 345 345 344 346 348 350 352 354 356 359 364 374 383 390 395 395 394 394 391 390 391 391 394 396 398 401 404 405 405 403 402 399 396 393 391 390 388 385 384 380 383 384 384 384 383 382 382 381 381 380 380 379 378 376 374 370 362 361 359 358 357 356 358 358 357 356 357 360 361 357 354 349 342 337 331 323 317 314 312 311 311 311 316 317 318 316 310 305 300 296 292 290 290 289 288 285 284 282 280 278 277 275 274 272 269 269 270 268 266 264 262 258 256 255 254 254 253 250 248 248 247 245 242 242 241 241 239 244 238 237 236 235 235 239 237 234 233 233 233 234 237 239 241 241 242 241 240 238 238 236 233 231 229 228 226 224 222 220 220 218 220 220 221 222 223 223 223 222 221 222 221 220 222 217 218 217 218 218 217 219 221 228 231 233 233 235 236 238 241 247 253 261 267 275 270 266 267 291 289 282 275 267 262 259 257 257 257 256 257 260 262 264 267 269 272 275 278 280 282 283 285 287 289 291 293 296 299 303 310 318 324 329 332 332 330 326 320 315 315 316 321 329 336 343 348 346 340 332 323 314 306 298 288 280 270 258 246 235 228 222 215 213 213 213 205 208 208 207 208 212 220 230 239 245 250 245 231 224 225 228 218 213 205 202 204 206 230 254 283 297 309 314 313 313 315 320 321 318 312 301 290 283 277 273 268 264 263 261 260 258 258
346 341 337 334 330 327 322 319 318 317 312 306 299 287 276 277 277 283 290 294 300 305 310 315 320 327 334 340 349 362 374 382 387 394 401 408 414 417 420 423 425 424 424 425 427 429 432 433 433 435 435 437 437 436 436 434 433 432 432 430 427 423 418 413 408 403 398 392 388 383 378 374 369 364 361 358 353 349 345 341 337 332 328 324 324 327 329 334 338 340 341 341 343 345 347 349 350 352 354 357 363 369 379 386 388 387 388 387 387 388 390 392 394 397 400 403 406 406 406 405 403 400 397 395 394 392 390 387 388 389 390 389 388 388 386 386 386 385 383 382 381 379 379 376 375 370 364 359 357 356 355 355 358 359 357 357 358 360 359 356 352 347 343 337 327 322 316 313 311 310 311 313 315 315 315 311 305 300 296 292 291 289 288 287 285 283 282 280 278 277 275 274 271 269 268 268 266 264 263 260 257 256 255 255 253 252 250 249 249 249 249 247 246 244 240 239 239 238 238 238 235 235 235 233 233 233 233 232 232 235 237 239 240 240 238 236 237 236 235 233 230 229 227 225 223 221 220 218 219 221 224 225 227 228 227 226 225 223 221 221 221 222 217 218 218 218 218 217 219 219 224 228 229 230 231 233 233 237 242 249 255 262 266 272 271 273 288 288 280 269 261 258 256 255 255 254 256 258 260 262 265 268 271 274 276 279 282 283 284 286 288 290 292 293 294 298 303 310 318 324 329 329 330 327 319 312 306 305 305 308 315 320 327 332 332 328 321 315 307 298 289 280 271 262 251 237 227 221 216 213 212 212 206 208 208 208 208 215 225 234 245 251 255 256 248 234 225 224 220 216 214 208 202 203 207 230 253 280 298 307 310 309 311 314 319 319 315 309 297 287 282 277 273 268 265 263 261 259 258 258
341 338 335 330 329 325 320 318 316 316 312 306 298 289 277 277 276 285 292 298 303 304 308 314 320 327 334 341 349 360 373 381 389 395 402 412 417 420 423 424 424 424 425 426 428 430 431 432 434 435 434 435 435 435 434 432 432 431 431 430 427 424 419 416 411 406 401 395 389 384 379 374 370 366 362 359 355 351 347 342 337 333 329 325 322 323 324 328 333 336 337 337 339 341 345 346 347 348 350 353 355 360 365 371 375 378 380 381 384 387 389 391 394 396 399 403 405 407 407 406 405 404 402 399 399 397 395 391 393 395 396 396 396 393 391 391 389 389 388 385 384 382 380 378 376 373 368 362 356 355 354 354 355 356 356 355 355 357 358 357 354 350 346 340 332 323 318 314 312 311 311 312 314 314 314 311 305 300 295 293 291 290 288 286 284 283 281 280 278 277 276 275 273 270 268 268 267 266 264 262 261 259 259 259 257 255 252 250 249 249 249 249 249 247 246 246 245 243 244 244 243 240 234 235 234 234 234 232 231 234 235 237 239 238 237 235 236 234 233 232 230 229 226 225 223 220 219 219 221 226 229 230 232 233 232 230 230 226 223 221 220 221 217 218 218 217 218 215 218 218 221 225 226 228 228 230 230 232 236 243 250 256 260 266 272 276 278 272 267 263 259 256 254 254 254 255 257 259 262 264 266 270 273 276 279 281 283 285 286 287 289 291 291 290 292 297 303 310 317 323 325 326 326 323 315 306 299 297 296 297 302 306 310 316 319 315 310 305 297 289 279 270 263 252 241 228 219 216 213 213 211 205 207 208 208 208 218 226 238 248 257 260 261 259 248 235 226 219 217 214 212 212 202 203 207 229 252 278 295 304 306 306 311 314 317 319 316 308 296 287 282 276 271 268 266 264 262 259 258 258
341 337 331 329 327 324 320 317 314 312 310 304 298 291 277 277 276 276 290 293 299 305 311 316 322 327 334 340 348 358 371 381 390 397 404 413 418 422 422 424 424 424 424 425 426 428 429 431 431 431 431 431 431 431 431 430 430 430 430 431 429 425 423 418 414 408 402 396 391 385 380 376 371 368 363 360 356 350 346 343 338 333 329 326 323 319 321 323 326 330 332 333 335 337 341 342 344 344 346 348 351 353 355 359 364 368 374 379 383 386 387 390 392 394 397 402 404 407 408 409 407 406 406 404 403 402 399 397 398 401 401 401 400 399 397 396 394 393 391 389 388 384 384 382 379 376 373 369 362 357 353 354 354 354 353 353 353 353 353 353 354 350 346 341 335 327 319 314 312 311 310 312 314 314 313 310 305 300 296 293 292 289 287 285 284 282 281 279 278 276 275 274 273 271 269 269 269 268 266 265 265 263 264 265 263 261 257 254 249 249 249 250 250 249 248 248 248 249 247 246 246 245 245 242 236 235 235 234 232 232 234 235 237 238 237 235 234 233 231 229 229 228 226 222 220 220 219 220 222 229 233 234 234 234 234 233 231 228 225 223 221 220 217 217 217 216 218 218 217 218 219 222 224 226 227 227 228 228 231 235 243 249 253 258 259 261 265 263 262 259 257 253 253 252 254 256 258 261 263 267 269 273 277 279 283 285 287 287 288 289 290 290 288 287 289 294 301 308 315 319 320 320 320 319 310 302 294 289 289 288 286 293 296 300 303 302 298 293 287 280 270 262 252 243 231 220 215 213 212 211 208 206 208 208 208 217 228 237 249 261 267 270 267 259 248 236 225 217 215 213 212 212 204 202 207 228 253 274 291 301 303 304 308 314 317 320 316 308 294 285 281 277 271 268 265 263 262 259 258 258
337 334 330 326 324 321 318 314 310 309 306 301 296 289 277 276 277 275 289 299 305 310 315 318 322 329 335 342 350 358 372 382 392 398 405 414 420 421 421 423 424 423 423 423 424 425 427 427 427 427 428 428 427 427 427 427 427 428 430 431 429 426 423 419 414 409 403 398 393 386 381 377 372 367 363 360 355 352 347 343 338 333 329 326 323 319 319 321 321 324 326 328 330 333 335 338 339 341 342 344 346 348 350 354 358 360 362 375 382 385 385 388 391 394 397 400 403 406 409 410 409 410 409 408 407 406 404 401 403 405 405 404 404 404 402 401 399 398 396 394 393 390 388 385 381 378 375 373 367 361 353 353 352 351 351 351 351 349 349 350 350 348 345 341 337 329 321 315 313 311 310 311 313 314 312 309 305 301 296 293 291 289 286 284 283 281 280 279 278 277 275 274 273 271 271 271 270 270 270 269 269 269 270 273 272 266 261 257 252 249 249 250 250 249 248 248 248 249 248 247 247 246 246 241 237 236 236 235 233 231 233 234 235 236 235 234 233 232 229 229 228 225 222 218 220 220 220 221 223 230 234 236 236 236 236 234 232 229 226 224 223 222 220 217 217 215 218 218 216 218 218 220 223 226 227 228 228 228 229 230 235 243 248 251 254 256 258 258 258 255 254 250 250 252 254 257 259 263 266 269 273 277 280 284 287 289 289 289 289 288 290 288 284 282 284 290 297 304 310 312 313 312 312 311 305 297 289 283 279 279 278 280 283 285 286 287 286 283 278 272 262 254 242 230 222 216 213 211 210 209 207 208 209 209 216 227 236 247 258 269 274 275 267 259 247 236 226 218 214 213 212 210 206 201 209 234 254 274 290 297 301 302 307 313 319 321 318 307 293 285 281 276 272 268 266 263 261 259 258 258
335 332 328 324 322 317 316 312 308 304 301 298 293 285 277 275 275 276 292 300 306 312 316 317 322 329 336 344 351 359 369 381 394 401 406 415 419 420 421 422 423 422 422 421 422 423 423 423 422 422 422 421 421 422 422 423 425 427 429 429 429 427 423 419 415 410 405 399 393 387 381 376 372 366 362 358 355 351 348 343 338 334 330 326 322 319 317 318 320 321 324 325 326 327 331 333 335 336 338 340 342 344 347 350 353 353 361 369 378 380 382 386 389 393 397 400 403 406 409 411 413 413 413 412 411 410 409 407 410 411 411 411 409 407 407 404 403 402 401 400 398 395 393 389 385 380 377 374 370 364 356 351 350 349 348 348 347 346 347 347 346 345 344 339 335 327 321 315 312 310 309 310 313 314 313 310 306 301 297 294 291 289 286 284 282 281 280 279 278 276 275 274 272 272 272 272 272 273 274 275 274 275 276 277 273 267 262 259 253 249 248 249 250 249 249 248 247 247 247 247 247 246 245 241 238 237 236 236 234 229 231 232 233 235 234 233 231 229 228 227 225 221 220 220 220 221 221 222 226 231 234 236 237 237 236 235 233 231 227 226 224 223 223 222 217 215 217 217 216 218 218 219 222 226 227 228 228 229 229 229 231 237 243 248 251 253 255 255 255 253 250 249 250 252 255 258 261 265 268 272 276 279 284 287 290 293 292 290 288 287 287 285 280 277 279 285 291 299 304 306 303 303 304 303 299 292 282 276 272 271 270 272 273 274 273 272 272 271 268 261 252 242 230 222 218 214 211 211 209 207 206 209 209 215 224 234 245 255 265 274 278 275 267 257 249 237 225 218 214 213 211 207 207 201 210 238 261 274 289 295 297 300 306 313 319 323 320 307 292 285 281 276 272 270 266 264 261 259 258 257
332 329 326 324 320 317 315 311 304 302 297 293 288 283 280 275 275 286 298 305 309 312 316 321 325 330 338 346 353 360 368 385 393 401 406 413 416 418 418 418 416 417 418 418 418 419 419 417 417 416 416 415 416 416 417 419 421 423 427 429 429 426 422 418 414 409 404 397 391 385 380 374 369 365 360 357 354 351 347 343 339 335 332 326 323 321 318 316 318 319 321 322 324 326 327 329 332 333 334 337 339 341 343 345 349 351 356 363 369 374 380 384 387 391 395 399 402 405 408 412 416 417 417 415 413 412 411 411 414 415 416 416 415 413 412 409 407 406 405 405 402 399 396 392 388 383 379 376 372 369 360 353 346 346 343 345 342 343 344 344 343 343 341 338 333 327 321 316 312 309 308 310 313 314 313 311 306 300 297 295 292 290 286 284 283 280 279 279 278 276 275 274 273 272 272 273 274 275 277 278 277 279 281 281 269 263 259 256 251 249 248 248 249 250 250 248 248 248 246 246 247 246 244 239 237 236 235 235 234 231 228 230 232 233 233 232 229 228 226 225 222 220 220 220 221 222 223 224 228 233 235 237 238 237 237 236 234 233 229 227 226 223 222 223 222 215 217 217 215 218 218 217 221 225 226 227 228 229 230 229 230 233 240 245 248 250 252 252 252 251 244 247 250 254 257 260 263 267 271 275 279 282 285 290 293 293 293 289 285 283 281 278 274 271 275 278 285 291 295 294 292 294 294 293 291 285 277 272 267 265 264 264 265 265 264 264 262 258 255 249 241 231 222 218 215 212 210 209 208 206 210 209 213 221 231 241 250 260 267 274 276 273 265 256 248 237 225 216 214 213 211 206 206 202 215 242 266 277 289 292 295 300 304 313 319 322 320 307 291 285 281 277 274 270 266 264 261 259 257 257
331 327 324 322 318 314 312 306 302 296 292 289 286 274 275 274 279 293 301 308 313 317 320 324 326 333 340 348 355 363 370 386 394 402 406 411 415 414 412 408 410 409 411 411 413 413 414 412 412 411 410 410 410 410 412 415 418 422 425 427 428 426 421 417 412 407 400 394 388 382 378 372 367 363 358 354 352 348 346 343 340 336 332 326 323 321 319 316 316 317 319 320 322 323 324 327 329 331 333 334 336 338 340 343 345 347 351 355 361 370 375 380 385 390 393 397 400 404 408 412 416 420 419 418 416 415 414 415 418 420 420 421 420 420 417 415 412 411 410 410 407 404 400 396 391 387 382 378 374 370 364 357 348 344 341 341 341 340 340 340 339 340 339 336 332 327 321 315 312 308 306 309 312 313 312 310 305 301 298 295 293 290 287 285 283 282 280 279 278 276 275 275 273 272 272 273 273 276 278 277 278 279 279 271 266 262 258 254 250 250 248 247 249 251 251 251 249 248 246 246 247 246 243 238 237 236 235 235 233 232 228 227 225 227 232 229 230 228 225 222 220 219 220 221 223 224 225 227 230 234 236 237 238 238 237 237 235 234 232 230 228 225 223 222 222 219 217 217 216 217 217 217 218 223 226 227 228 229 230 230 230 232 238 242 245 248 250 250 249 249 242 246 250 253 258 261 264 268 273 279 281 285 286 289 292 294 290 284 279 276 273 269 266 266 270 273 278 284 286 284 283 283 284 284 283 278 271 268 261 259 258 258 258 256 253 251 250 246 242 236 232 223 217 214 211 210 209 208 206 210 212 214 220 228 238 247 254 261 265 269 270 267 261 254 246 238 227 215 213 213 210 206 206 202 220 247 265 276 285 289 294 298 303 312 320 323 321 309 293 286 282 278 276 270 266 263 261 259 257 256
328 326 322 321 316 314 311 305 298 293 288 283 282 275 275 274 285 297 303 310 316 319 321 323 328 335 343 350 358 365 371 382 394 400 403 407 411 412 408 402 400 399 402 405 408 408 407 406 405 405 404 404 405 406 408 411 416 419 422 424 424 422 417 413 408 402 396 389 384 379 374 369 365 360 356 353 349 346 345 342 340 336 332 327 324 322 320 318 316 316 317 318 320 321 322 324 326 328 330 332 334 336 337 340 341 343 346 350 355 364 371 376 383 388 392 396 399 403 407 411 416 419 419 420 418 416 416 417 421 424 424 425 426 426 423 420 418 415 415 414 411 408 403 398 393 389 384 379 375 370 366 360 351 345 339 338 338 337 337 336 336 336 336 333 330 325 320 315 311 308 306 307 310 312 311 308 304 301 298 295 293 290 288 286 284 282 281 280 278 276 275 274 274 273 272 272 273 275 277 276 275 276 274 268 263 261 258 254 249 250 249 247 248 250 251 252 251 248 246 245 245 245 241 240 237 235 234 234 232 232 231 229 228 226 229 227 228 226 223 221 220 221 222 224 227 229 230 231 233 234 235 236 237 237 238 237 238 237 236 233 231 229 226 224 222 222 216 217 217 217 218 218 217 221 225 226 227 230 230 230 229 230 235 239 242 245 248 248 247 246 242 242 248 252 257 261 264 270 277 282 284 286 286 286 288 288 285 277 271 266 264 260 260 264 267 268 273 277 278 276 275 275 275 275 274 269 265 258 255 253 253 251 251 247 244 240 237 235 232 228 226 218 212 211 210 209 208 207 211 214 218 223 230 237 243 250 255 258 260 263 263 261 256 251 244 237 225 214 212 212 209 205 201 208 230 250 264 278 282 286 292 296 302 312 319 324 321 311 295 288 283 281 277 270 266 264 261 259 256 256
326 322 319 317 314 307 306 302 297 291 287 282 277 275 274 275 287 299 304 312 317 321 321 325 330 336 345 352 359 366 373 383 394 401 405 408 409 408 404 398 394 392 391 395 400 401 401 399 398 398 397 398 399 400 404 408 413 416 418 420 418 415 412 407 402 394 388 383 378 375 371 366 362 358 354 350 348 345 343 342 340 337 332 328 325 323 321 319 317 315 315 316 317 318 319 321 323 325 327 330 331 333 334 336 338 341 342 345 349 357 366 373 381 387 391 394 396 401 404 408 413 416 417 418 418 417 415 416 422 427 428 429 431 433 433 428 424 421 420 416 414 411 406 401 395 392 386 380 375 371 366 361 355 348 342 336 334 335 334 334 333 332 333 331 328 325 319 314 311 308 305 306 309 310 310 306 303 301 299 296 294 292 289 286 284 283 282 281 279 276 275 274 273 273 272 272 272 273 274 274 272 271 269 265 260 258 256 253 249 249 250 247 247 249 251 252 251 247 242 240 240 240 238 238 236 234 233 233 232 231 230 229 229 226 224 223 222 221 221 221 219 224 227 230 233 233 234 235 236 236 237 238 239 239 238 238 238 239 238 237 234 232 229 226 223 222 216 217 217 215 218 217 217 220 223 226 227 229 229 230 229 229 232 236 238 239 243 244 245 244 240 240 245 249 254 258 262 267 275 282 286 285 285 285 284 282 277 270 264 259 255 254 257 260 262 265 268 268 267 266 268 269 268 266 264 262 257 253 249 247 247 246 244 239 237 233 231 229 227 223 218 214 210 210 209 208 208 213 216 220 226 232 239 245 249 252 254 256 258 260 258 254 250 245 240 232 220 212 212 210 204 205 201 213 234 251 263 275 280 285 291 295 303 312 321 326 322 313 298 290 286 284 278 272 269 265 261 259 256 257
323 320 317 314 311 309 302 293 291 286 285 276 275 273 275 279 291 300 307 312 317 319 321 325 331 337 345 353 360 367 373 382 392 400 404 406 407 404 401 395 390 387 384 384 387 393 393 391 389 389 390 391 390 392 399 406 410 413 415 415 414 410 405 400 395 388 383 378 374 371 367 362 359 355 352 349 346 343 342 341 340 337 334 331 328 325 323 321 319 317 313 314 314 316 318 319 321 323 325 327 329 331 332 334 336 338 339 340 345 353 362 370 379 385 389 392 394 397 401 404 408 411 412 414 415 415 414 417 423 427 432 434 436 439 438 435 431 427 424 421 418 413 408 403 398 393 388 382 375 370 366 362 355 350 343 338 333 330 330 329 330 330 330 329 326 322 318 314 312 308 305 305 307 308 309 305 303 301 299 296 294 293 289 287 285 283 283 282 281 277 275 273 272 272 271 270 270 272 273 272 271 268 267 261 257 254 253 251 248 248 249 248 247 248 249 248 246 243 239 237 237 237 237 236 234 233 232 232 231 230 229 229 228 228 226 223 222 221 221 221 226 230 232 235 238 238 239 239 239 239 239 240 241 240 239 239 239 239 239 238 237 235 232 229 225 223 220 216 215 215 215 217 217 218 220 223 225 227 228 229 229 228 229 232 234 237 239 240 242 241 238 238 240 244 249 254 259 264 272 278 283 283 282 281 278 276 270 265 257 252 250 251 253 256 259 262 265 266 267 265 264 262 260 260 258 256 250 246 244 241 241 239 237 233 232 230 229 224 222 218 214 210 211 208 207 210 215 219 224 229 235 241 246 252 253 253 253 255 256 255 253 250 246 241 234 227 216 212 211 209 203 204 202 217 236 252 265 272 279 283 290 295 303 312 321 326 324 316 302 294 289 285 280 274 271 267 262 260 255 257
321 319 315 311 309 305 302 296 288 282 277 274 275 274 274 285 294 302 307 310 313 315 316 324 332 338 345 354 362 368 374 384 390 399 402 405 405 401 397 391 385 381 378 377 378 382 385 383 381 381 381 381 380 388 395 402 406 410 410 411 409 405 401 395 388 382 378 374 370 366 363 359 355 353 349 346 343 342 341 340 341 339 338 336 333 330 327 323 322 317 314 312 313 315 316 317 319 321 323 325 326 329 330 332 333 335 336 337 341 348 357 367 377 382 386 388 390 393 397 399 403 405 408 409 409 411 413 417 422 427 433 438 441 442 443 440 438 434 431 427 422 417 411 405 401 396 390 383 377 370 366 362 356 351 345 342 336 332 328 328 326 326 326 326 325 321 317 314 311 308 304 303 305 307 305 303 302 300 299 296 294 292 290 287 285 283 283 282 280 278 275 273 272 271 270 268 268 269 271 270 268 266 262 256 255 252 250 248 246 247 247 248 245 247 248 248 245 241 238 236 236 235 236 234 232 231 231 230 230 229 228 228 228 228 226 223 221 221 221 224 228 233 236 239 242 243 242 241 241 242 242 242 242 241 240 240 240 239 239 239 239 237 234 230 227 224 222 222 221 219 219 216 216 216 218 221 223 225 227 228 228 228 228 230 231 233 235 238 240 239 238 235 236 239 245 250 255 259 266 272 276 277 277 276 274 269 264 257 250 247 247 248 249 253 256 260 262 262 261 258 257 257 256 255 253 249 244 240 239 236 233 232 231 229 228 226 224 221 217 212 210 211 207 207 212 217 222 228 234 239 244 250 253 255 254 253 253 253 252 250 249 247 241 235 227 219 213 211 209 207 205 201 205 221 237 251 262 270 276 282 289 293 299 311 321 327 327 319 306 300 295 288 282 275 270 266 262 260 257 257
319 317 313 310 306 301 297 293 286 282 273 274 274 274 276 287 294 300 305 308 310 314 319 325 332 339 346 354 362 370 374 383 391 396 401 402 402 397 396 388 382 377 372 372 372 373 376 373 372 374 374 372 378 384 391 398 403 407 407 406 404 399 394 388 382 377 373 370 365 361 358 355 348 345 345 343 341 340 339 339 339 341 342 340 337 335 330 325 323 318 315 312 312 313 314 315 317 319 319 320 320 324 329 331 333 333 333 335 339 346 355 364 372 379 383 385 386 388 391 394 397 400 402 404 405 408 412 416 421 426 430 437 442 445 449 448 446 441 438 432 427 420 415 407 402 396 390 384 377 372 367 362 358 352 348 344 339 334 329 327 325 325 323 322 322 320 318 313 309 307 304 302 303 304 303 302 302 299 297 296 294 292 290 288 286 284 282 281 280 278 275 273 271 270 269 268 267 267 265 267 262 260 263 263 260 256 252 250 248 246 244 244 240 239 237 240 246 243 238 235 233 234 233 232 232 231 230 229 228 228 228 228 227 227 223 221 222 220 224 229 233 236 239 242 245 246 245 245 244 244 245 244 243 242 242 242 241 240 239 239 239 238 236 232 230 227 224 223 222 221 220 218 217 215 216 219 220 222 225 227 227 227 227 228 230 231 233 236 237 237 239 235 231 237 241 247 251 255 261 267 269 269 270 270 267 260 255 250 246 243 243 244 247 249 254 259 261 257 253 252 252 251 251 250 247 244 238 234 232 232 228 227 226 225 224 222 219 216 212 210 209 206 211 216 221 227 234 239 244 249 254 257 257 257 255 252 251 252 249 247 247 244 238 230 223 215 211 210 208 205 203 201 213 223 238 250 258 266 273 279 285 290 298 308 319 327 328 321 311 305 299 293 284 275 268 264 262 261 257 254
318 314 310 308 304 300 294 287 282 275 273 273 273 273 279 286 294 301 305 309 311 314 318 324 331 339 346 354 362 369 374 381 387 394 397 400 398 396 394 388 381 374 369 366 365 364 364 366 365 366 367 367 374 381 386 393 399 401 401 401 394 390 386 382 377 373 369 366 361 357 354 349 345 345 344 340 339 338 337 338 339 341 343 343 342 340 337 331 327 320 313 312 311 312 313 314 316 317 319 320 320 320 327 329 330 331 332 333 337 346 354 361 368 374 378 382 383 384 387 389 392 394 397 400 403 405 411 415 421 424 430 435 443 448 453 456 453 448 443 438 432 425 417 411 404 397 391 385 378 373 367 363 359 355 351 346 342 334 330 328 326 324 322 318 318 314 313 309 306 306 303 301 298 301 303 302 301 299 297 295 294 292 291 288 286 285 282 281 280 278 276 273 271 270 269 267 266 266 266 267 267 268 268 266 264 259 256 253 251 249 247 243 248 248 240 235 237 245 241 235 232 230 230 231 231 230 229 228 227 228 228 227 227 225 222 221 220 222 230 233 237 240 241 243 246 247 247 247 247 247 246 246 245 244 243 243 242 241 241 240 239 238 236 234 231 228 226 224 223 222 221 219 218 216 214 217 218 220 224 225 227 226 227 227 228 229 232 233 235 237 238 237 230 234 239 244 248 252 255 261 262 263 262 260 259 253 249 244 241 237 239 241 244 248 252 257 257 254 250 248 248 247 246 246 241 237 233 228 226 225 223 222 221 220 219 216 213 211 211 208 208 214 219 225 232 239 246 251 256 259 261 261 259 257 254 251 251 250 247 245 244 241 234 224 218 211 210 209 206 203 202 209 215 227 239 249 258 265 272 277 283 289 297 306 317 326 327 322 315 308 302 295 286 273 266 263 261 258 255 254
317 314 310 306 301 294 293 284 280 275 272 273 273 274 286 293 297 302 304 305 312 315 319 325 331 337 345 352 359 366 371 377 383 389 391 396 396 394 390 386 379 372 367 361 359 358 359 358 359 360 359 365 370 376 380 387 392 395 394 393 388 384 381 377 373 369 364 361 358 353 350 344 344 344 344 338 337 336 336 337 339 341 345 346 346 345 341 335 328 321 316 312 311 310 312 312 314 314 317 318 320 319 326 327 329 330 331 333 337 345 353 359 365 370 375 379 379 381 383 385 385 389 392 396 399 403 409 414 420 424 430 435 443 449 456 455 454 450 446 441 435 429 422 413 407 399 392 386 380 374 368 363 358 355 350 347 344 340 333 327 325 324 322 319 319 318 317 313 309 307 304 302 298 296 296 301 300 299 297 295 294 293 291 289 287 285 282 280 279 277 275 273 271 268 268 268 267 268 268 270 271 270 267 267 267 266 261 257 253 252 252 251 248 246 246 247 236 232 239 234 231 229 228 229 229 228 228 227 227 227 227 226 226 224 222 221 222 227 234 237 240 243 245 246 248 249 250 250 250 249 248 248 247 246 245 244 243 242 242 241 241 239 237 237 234 230 228 225 224 223 222 220 219 218 216 215 217 218 220 225 226 226 226 226 227 227 228 230 233 235 236 236 227 232 236 241 244 250 252 255 256 255 253 252 250 247 242 236 233 233 235 239 241 246 250 252 251 249 247 245 244 243 241 239 235 230 227 223 221 220 219 218 217 217 214 212 209 208 207 210 216 223 231 238 244 252 258 263 267 267 265 262 261 259 254 251 250 248 245 242 241 240 232 221 213 210 205 203 203 202 206 210 220 230 241 250 259 264 269 274 280 286 293 303 312 323 325 321 315 310 305 296 286 272 264 261 259 256 253 253
313 308 309 305 300 295 287 281 277 273 273 272 272 278 288 296 301 306 310 313 314 317 321 326 332 339 346 352 358 362 368 372 377 384 387 390 391 389 385 382 376 369 363 357 356 353 353 353 354 353 357 361 366 370 376 382 386 390 390 387 384 380 376 372 368 365 360 357 353 349 345 343 344 344 339 336 334 334 335 336 339 341 345 348 349 348 345 338 329 323 315 313 310 310 312 314 315 315 317 318 319 321 324 326 329 331 332 334 337 346 352 357 361 367 371 374 375 376 379 381 383 387 390 392 397 402 408 412 420 424 429 434 441 448 453 458 455 451 447 442 437 431 423 416 408 400 394 387 381 376 370 365 360 356 354 352 349 343 334 328 325 322 321 320 318 317 316 313 309 307 305 301 304 303 296 298 299 297 295 294 293 293 293 291 288 285 283 281 279 277 275 272 270 269 269 269 268 268 269 271 271 270 269 267 266 267 264 261 257 255 254 253 250 245 249 249 246 234 232 232 230 228 227 227 228 227 227 226 226 226 226 226 225 223 221 222 229 235 238 240 243 246 248 250 251 252 253 253 255 252 251 250 249 248 247 246 245 244 243 243 242 241 239 237 234 232 230 226 225 224 222 222 220 218 216 215 217 217 218 220 223 224 224 225 224 225 226 228 230 233 234 234 226 229 233 238 242 247 250 249 248 247 245 243 242 241 235 228 227 227 231 234 238 242 245 246 244 242 239 240 238 237 234 231 227 224 222 219 217 216 216 213 212 213 207 208 209 210 213 219 225 234 242 252 260 267 271 274 275 273 268 265 262 258 254 251 249 246 244 242 239 238 229 218 209 203 202 202 202 204 207 214 224 233 243 251 259 263 268 272 277 283 290 300 310 319 322 321 315 310 304 295 286 273 263 260 260 256 253 253
312 309 302 303 298 292 287 280 275 272 272 272 271 281 288 298 305 309 313 317 319 319 324 328 333 339 345 351 356 360 364 368 371 377 380 384 387 384 382 378 372 367 361 356 349 349 347 349 347 351 353 357 362 367 372 378 383 385 386 384 381 377 372 368 365 361 357 354 349 347 343 343 343 338 335 333 331 332 334 336 338 340 345 349 351 350 347 340 331 322 315 313 309 311 314 315 316 318 320 322 323 326 327 328 329 331 333 334 338 344 350 354 358 363 368 368 368 367 371 373 376 380 383 388 394 400 407 412 419 424 428 433 439 447 452 457 456 451 447 445 439 433 425 416 409 400 395 388 383 378 372 367 364 361 357 355 352 346 340 329 326 322 320 319 317 315 313 311 308 305 304 306 308 305 300 294 292 295 293 292 291 292 293 291 288 286 285 282 279 276 274 271 271 271 270 269 269 269 269 271 270 270 269 269 268 266 263 262 260 259 257 254 253 248 243 242 236 232 231 229 229 227 226 226 226 226 226 226 225 225 225 225 223 221 221 227 235 239 242 245 247 249 251 253 254 255 256 256 256 255 254 252 251 249 248 248 247 245 244 243 243 242 240 239 236 236 235 230 227 225 225 224 222 221 219 216 215 217 217 218 220 221 222 223 222 222 223 226 228 230 231 232 229 225 230 234 237 242 243 240 238 238 237 233 232 230 226 223 222 225 227 228 230 234 237 236 235 234 233 232 231 230 228 224 222 220 217 215 213 212 212 210 209 207 210 211 213 214 220 226 236 245 256 266 275 281 283 282 280 276 269 265 262 259 255 252 249 245 243 241 239 235 225 214 203 200 200 202 202 205 210 217 225 235 241 249 258 262 266 271 275 281 286 294 305 313 317 317 314 309 303 295 286 272 264 261 259 256 252 252
314 309 302 297 293 289 285 280 273 272 272 272 276 284 293 301 308 312 316 320 323 324 326 329 331 340 344 350 355 357 360 364 366 370 373 376 379 379 377 373 367 364 357 353 348 344 344 345 344 347 350 355 358 365 368 373 379 382 382 380 378 373 368 365 361 358 354 351 347 345 341 340 337 334 332 332 329 331 332 335 337 340 346 346 352 352 350 341 331 322 315 313 310 313 316 317 319 320 323 325 326 328 330 330 331 332 334 335 338 342 346 351 355 359 361 359 369 373 377 380 382 387 390 394 399 399 405 411 418 424 429 434 438 443 449 456 457 456 452 447 442 436 427 418 410 401 396 389 384 378 375 371 367 364 361 359 354 350 341 332 326 323 321 319 317 314 312 311 309 308 307 309 310 306 302 299 296 292 289 289 291 290 290 290 288 287 285 282 279 276 273 274 273 271 271 270 270 269 269 270 269 269 269 269 268 265 264 262 263 261 260 258 255 252 245 239 235 232 230 229 227 226 225 225 225 225 225 225 224 224 224 223 222 222 223 233 239 243 246 250 252 253 254 256 256 258 259 259 259 258 257 255 253 251 249 249 248 248 247 245 244 243 241 239 238 237 237 233 228 228 227 227 225 224 222 218 217 214 216 217 218 219 220 221 221 220 222 224 226 227 228 228 227 222 226 228 232 235 233 234 232 231 229 231 223 221 221 220 220 221 221 222 224 225 225 227 227 227 225 225 224 222 221 219 217 215 213 212 211 211 210 209 210 210 211 214 218 222 229 235 246 258 272 280 289 293 292 288 285 279 270 266 263 259 256 252 248 244 241 240 238 233 224 212 199 202 202 202 203 207 211 221 228 234 241 248 256 260 264 268 273 279 283 287 298 306 311 312 311 306 300 292 283 271 264 261 259 254 252 251
312 310 306 296 289 285 282 278 274 272 272 271 280 292 300 306 310 313 316 321 326 329 330 331 331 337 345 348 352 354 356 359 363 362 366 369 372 372 371 367 363 360 355 349 345 343 340 341 341 344 347 352 358 361 367 372 375 379 380 378 375 370 366 362 359 355 352 349 345 342 338 335 335 332 330 329 326 329 332 334 336 339 346 336 339 341 344 340 331 320 315 311 312 315 318 320 323 324 326 328 329 330 332 333 334 335 335 336 338 341 344 348 349 352 362 368 372 377 381 384 386 390 395 398 402 409 411 413 417 423 428 433 438 442 447 453 457 459 457 451 445 437 429 418 410 403 398 393 388 382 379 374 370 368 363 361 355 352 345 335 328 325 322 320 319 317 317 315 312 309 309 310 310 307 303 301 299 296 291 287 287 286 287 288 287 286 285 281 278 275 274 274 272 272 272 272 272 271 270 270 269 269 269 268 268 267 265 266 265 264 262 260 257 253 249 242 237 234 230 228 227 226 226 223 224 224 224 223 223 223 223 222 222 221 230 237 242 248 251 255 257 258 258 259 260 260 261 262 261 260 259 257 255 254 251 250 249 249 248 246 245 244 242 240 238 236 235 232 233 232 231 230 228 226 223 221 219 216 214 216 217 218 219 219 219 219 220 221 222 224 224 224 224 221 223 224 227 226 226 226 227 227 225 221 220 218 218 219 218 218 219 219 219 220 221 221 221 221 219 219 217 216 215 213 212 211 211 211 211 208 209 211 212 212 214 218 224 231 238 247 259 271 281 292 301 303 302 295 288 280 271 266 262 258 255 250 246 244 241 239 236 231 220 210 202 202 202 203 203 208 217 225 229 233 239 245 252 257 261 267 268 274 278 283 293 300 305 307 307 302 296 287 281 271 263 260 256 253 251 251
308 308 307 297 290 284 281 276 273 272 271 272 285 295 304 310 314 315 318 321 327 331 336 337 335 336 341 345 348 351 353 355 357 357 358 362 365 366 365 363 359 356 351 346 343 340 337 337 338 341 344 350 354 359 362 367 373 376 377 375 372 367 364 360 357 352 349 346 344 340 336 332 332 331 328 325 325 328 330 333 335 340 338 330 325 326 338 339 329 320 314 306 315 318 320 322 325 327 329 331 331 333 334 335 335 335 336 336 339 341 344 346 350 357 363 368 374 381 387 390 390 395 401 409 408 419 420 421 422 427 430 435 439 442 446 452 458 459 457 452 447 439 431 423 414 407 401 396 390 386 382 377 374 369 366 362 357 352 346 337 329 326 325 323 321 320 322 319 315 311 310 309 310 307 303 300 299 296 289 287 286 284 283 284 282 280 279 278 277 276 275 275 274 274 274 274 273 273 273 271 270 270 270 270 270 270 269 269 271 270 265 262 258 254 248 243 236 233 229 227 227 227 224 223 223 223 223 223 222 222 221 221 219 224 233 239 246 251 256 259 261 262 263 263 263 262 263 264 264 263 262 260 257 254 253 251 251 249 248 247 246 245 243 241 239 238 235 235 236 236 235 233 231 230 226 223 220 218 216 214 216 217 218 218 218 219 219 220 220 220 220 219 218 217 219 219 220 222 222 223 224 225 224 219 218 217 216 216 216 216 216 217 217 217 218 218 217 215 214 213 212 212 212 212 211 212 211 208 207 211 212 213 214 217 221 227 235 242 248 257 270 282 294 304 311 313 309 299 291 282 275 268 263 258 255 252 248 243 241 236 233 225 217 208 200 202 203 203 206 209 220 227 231 236 240 244 249 255 259 262 265 271 273 279 287 295 300 302 302 299 290 283 276 267 261 258 255 252 250 250
306 304 301 295 290 284 281 275 272 271 270 274 287 296 304 310 314 316 320 324 328 333 338 341 340 337 339 342 345 347 349 350 351 352 352 354 357 358 357 356 353 350 346 342 340 337 335 335 336 337 342 346 351 356 359 364 369 372 373 372 370 365 362 358 355 351 348 344 341 339 335 330 328 328 326 322 323 325 324 297 320 320 327 329 325 323 334 337 325 317 312 309 307 322 323 325 328 329 331 332 333 335 336 337 337 336 336 336 337 340 342 344 351 357 363 370 379 386 391 395 396 400 406 416 413 426 428 428 428 432 435 438 442 445 448 453 457 461 459 454 449 443 435 427 419 410 403 400 396 391 386 381 376 371 367 363 356 352 346 338 330 327 326 325 323 322 324 320 316 311 310 308 308 306 302 300 298 292 293 291 289 287 285 282 281 282 284 283 281 279 277 276 275 275 276 276 275 275 275 274 273 272 273 274 275 274 273 273 273 272 267 263 259 254 248 243 235 232 229 227 226 224 223 222 222 221 222 223 223 223 222 221 224 228 235 241 248 254 259 262 264 265 266 266 265 265 266 266 266 265 264 262 259 256 254 252 250 250 249 248 247 245 244 242 240 239 238 237 238 237 237 235 234 232 229 225 222 221 219 216 215 215 217 216 217 217 218 219 219 218 218 217 217 215 214 216 215 216 217 216 219 220 220 217 216 215 215 215 214 214 214 214 215 215 214 214 213 212 212 211 211 211 211 209 209 207 209 211 213 214 215 218 222 227 233 237 242 250 257 267 279 292 305 314 320 322 317 305 294 285 276 269 265 260 255 253 249 243 238 235 228 222 214 204 201 202 202 202 207 212 224 230 234 236 240 243 246 250 254 258 263 267 270 276 283 292 297 299 298 294 287 279 273 265 260 256 253 251 250 248
302 302 300 294 287 283 280 274 272 271 271 275 288 297 303 309 313 315 319 324 328 333 338 342 342 339 338 339 341 343 345 345 346 346 347 347 349 351 351 350 348 345 342 338 335 334 329 332 333 336 338 342 348 352 356 361 365 369 370 370 367 364 360 356 353 350 347 343 339 337 334 330 327 325 323 320 323 328 309 296 295 295 327 324 323 322 335 342 325 316 307 313 305 323 325 327 328 329 331 333 334 335 336 337 337 335 334 335 336 338 340 345 351 357 364 371 380 389 395 399 402 404 412 419 418 434 435 436 436 438 442 443 446 450 453 456 459 463 463 458 454 448 441 434 426 420 412 406 401 396 390 384 378 372 367 362 358 353 348 339 331 329 327 326 324 324 324 321 317 312 310 308 307 305 302 299 294 297 295 292 290 288 287 288 289 289 289 287 284 281 279 277 276 277 277 276 276 277 276 276 275 275 275 276 277 277 275 274 272 271 268 263 259 253 248 243 237 231 227 226 226 224 222 222 224 223 223 222 222 222 222 223 225 229 235 242 249 255 259 262 265 267 268 266 266 267 268 267 267 267 265 264 261 258 255 252 251 250 249 248 246 245 244 243 242 241 241 240 239 238 237 237 236 235 232 229 226 226 221 218 216 215 215 216 216 217 217 217 217 217 216 215 216 214 214 211 211 212 212 212 212 212 213 214 214 214 214 213 213 213 213 213 213 213 212 212 210 209 208 209 209 209 209 215 215 213 215 215 217 220 223 227 232 237 241 246 252 260 267 275 287 300 312 321 327 331 324 311 299 288 278 272 268 263 259 255 249 244 239 233 226 221 213 201 201 202 202 203 207 216 226 232 235 237 239 242 244 248 253 257 261 266 270 275 284 292 296 296 294 288 282 275 269 262 257 254 251 250 248 247
301 298 297 292 285 281 277 275 271 271 271 276 287 295 303 307 310 315 319 323 327 332 335 339 341 340 338 335 337 339 341 342 342 341 342 341 341 344 345 344 342 341 339 335 331 328 331 330 332 334 336 341 346 349 353 358 360 364 366 364 364 361 358 354 351 348 345 341 338 335 332 329 326 324 322 320 320 316 317 313 303 295 313 325 323 322 334 337 323 316 308 306 313 322 325 327 328 328 331 332 333 334 335 336 336 334 333 334 335 337 340 345 350 356 365 372 382 390 398 402 406 409 416 424 425 441 442 442 442 443 447 448 450 453 456 459 462 467 467 463 460 454 447 442 434 427 419 410 404 399 393 387 379 373 367 362 357 353 348 342 333 329 327 327 326 325 325 323 319 313 311 308 306 305 302 299 298 299 297 292 290 289 289 290 291 292 292 289 285 281 279 278 277 277 278 278 277 278 278 277 277 276 276 276 277 278 277 275 274 270 268 262 258 253 247 241 237 230 226 226 224 224 222 224 223 225 226 224 226 226 224 224 226 231 236 242 249 255 258 262 264 267 268 268 268 269 269 269 269 268 267 265 262 259 256 253 252 251 249 249 248 246 245 244 243 243 243 243 241 240 239 239 238 237 236 232 233 233 227 222 218 216 214 214 216 216 216 216 216 216 215 215 216 215 212 213 215 214 215 214 213 211 211 210 211 211 210 210 210 211 211 210 210 210 210 209 209 213 214 215 216 216 217 219 217 218 219 224 226 228 232 237 241 245 248 254 260 267 274 283 292 305 317 328 334 335 329 316 303 290 280 274 270 266 262 257 251 245 240 234 227 220 212 201 201 201 202 203 209 219 227 233 236 237 238 240 243 247 251 255 260 265 269 274 286 292 294 293 290 285 279 272 266 259 255 252 249 249 248 246
305 299 294 287 284 281 277 273 270 271 270 278 285 293 299 302 309 313 318 322 327 330 333 336 338 340 335 335 334 335 337 338 337 337 337 336 335 336 338 338 337 335 334 330 327 325 329 328 329 331 334 338 342 346 350 354 357 359 361 361 360 358 356 353 349 346 345 340 337 335 333 328 325 324 321 319 319 316 316 315 312 304 311 330 323 322 330 337 319 313 307 311 314 321 325 327 328 328 329 330 331 333 334 335 334 333 331 332 333 336 339 345 351 357 365 373 383 391 398 405 410 413 419 427 436 443 447 449 450 449 452 453 454 457 460 463 466 469 470 468 466 463 456 451 443 434 425 418 407 401 395 387 380 374 369 363 358 354 349 343 336 331 328 327 327 325 326 324 322 315 311 309 306 305 302 298 301 299 297 294 292 291 290 291 292 291 291 289 285 281 279 279 278 278 279 278 278 278 279 279 278 278 277 278 278 278 278 275 273 270 266 261 256 252 246 240 235 230 225 226 224 223 223 223 224 226 227 226 225 225 224 225 228 232 236 242 248 253 257 261 264 266 267 268 270 270 270 270 270 268 267 266 263 260 256 254 253 251 250 249 248 247 246 246 246 246 245 245 243 242 241 241 241 240 238 235 236 234 231 224 221 220 216 215 215 215 216 215 214 213 214 216 216 213 212 217 218 218 216 215 214 214 214 214 214 214 214 213 213 212 212 213 213 213 214 215 217 220 218 222 222 222 222 224 224 225 228 234 237 239 242 246 251 255 259 264 269 275 282 290 299 310 323 332 339 340 335 323 308 294 282 276 272 269 265 261 257 250 243 235 228 219 210 200 201 202 202 204 210 220 227 231 234 234 237 239 242 246 251 255 259 263 267 277 287 291 292 291 286 281 276 270 263 258 253 250 248 246 246 244
306 295 292 286 282 280 277 273 271 271 272 278 283 290 294 300 306 311 316 321 324 327 330 333 335 335 335 332 330 331 332 333 333 333 332 330 331 331 330 332 330 329 328 326 323 326 326 326 327 329 333 336 339 342 347 350 352 354 356 356 356 356 351 348 342 340 341 338 337 335 334 329 326 322 319 317 315 315 315 326 320 317 320 333 324 321 321 334 318 312 306 311 313 320 324 326 327 327 328 328 330 332 332 332 331 329 330 330 332 335 339 345 351 357 363 373 382 391 400 408 412 416 422 429 437 444 451 454 456 454 454 456 457 459 461 465 468 471 474 473 473 471 464 459 451 441 431 423 414 404 397 389 382 373 368 363 359 353 350 345 338 333 329 327 326 325 324 324 322 317 311 308 306 304 301 302 302 301 299 295 294 293 291 291 290 289 289 286 284 281 279 279 278 277 278 278 278 278 279 279 279 279 279 279 278 277 277 273 271 269 264 261 255 250 245 240 233 228 227 225 224 223 223 224 225 226 227 227 226 225 224 227 230 233 236 241 246 252 256 260 263 265 267 268 270 270 271 271 271 269 268 266 263 260 258 255 253 252 250 250 250 249 249 249 249 249 248 247 246 245 244 244 244 243 240 239 237 235 231 228 225 223 221 218 216 214 215 215 214 214 214 214 213 214 218 220 221 219 218 217 216 216 215 216 216 215 215 215 214 215 213 214 216 218 221 223 224 225 224 227 228 229 228 229 231 232 239 244 247 250 255 260 264 267 270 275 279 284 290 297 305 316 328 339 344 346 340 328 314 297 286 279 275 272 268 266 262 255 247 240 229 221 209 199 201 202 202 208 210 221 226 229 230 233 236 239 241 246 251 255 260 264 269 280 288 291 291 288 283 278 272 267 261 255 251 249 246 244 243 243
304 295 289 282 281 281 275 272 270 269 273 278 281 285 290 296 305 311 317 322 322 325 328 330 331 332 332 330 329 327 328 328 329 328 327 326 327 326 326 326 325 325 324 321 323 323 323 323 325 328 331 334 337 340 342 346 347 349 351 351 351 353 337 337 337 338 337 338 334 334 335 331 326 323 323 326 319 311 315 332 334 331 330 338 334 322 326 328 316 310 303 310 312 318 322 326 327 327 328 328 329 330 330 330 329 328 329 329 331 335 339 344 351 357 363 374 381 391 400 408 414 418 424 430 438 446 453 458 460 458 456 458 459 459 462 465 469 472 475 475 479 475 469 463 455 445 436 426 414 405 397 389 382 375 370 364 358 354 350 345 342 335 330 326 325 325 322 321 320 318 312 309 307 302 305 304 304 303 301 298 296 294 292 291 290 288 286 284 282 281 279 278 277 276 276 277 277 278 279 279 279 279 279 278 278 276 275 272 270 268 264 259 254 250 245 239 233 228 226 225 224 223 224 224 226 226 226 226 226 224 225 228 231 234 237 241 246 251 255 259 262 265 266 268 270 271 271 271 270 269 268 266 263 261 259 256 255 253 252 251 252 251 252 253 252 252 251 250 249 248 248 247 246 245 243 243 241 239 237 233 231 227 225 221 219 218 217 216 215 215 213 214 216 217 220 222 223 224 223 222 222 220 220 219 218 218 217 217 216 214 214 217 220 224 227 229 230 229 229 229 233 233 235 236 238 244 249 252 258 266 270 274 277 279 282 285 289 294 299 305 313 322 333 343 349 353 345 336 322 303 292 285 280 275 272 270 264 259 253 246 236 225 213 201 201 201 205 209 211 219 224 225 230 234 236 239 242 248 253 257 260 263 271 282 288 291 289 286 280 274 270 265 258 253 248 246 245 243 242 242
296 294 288 283 281 279 274 271 270 270 274 278 280 282 287 292 302 310 317 322 322 326 327 328 328 329 329 328 327 324 322 324 324 323 322 322 322 321 321 321 321 321 319 317 321 320 320 321 325 330 332 333 334 336 339 341 343 344 346 347 348 349 337 337 337 338 338 336 335 334 333 330 326 324 322 324 316 310 313 316 318 323 321 326 328 321 320 318 314 310 302 310 313 318 323 325 327 327 327 327 328 328 327 328 328 326 327 328 330 334 339 343 350 356 363 372 381 390 399 407 413 417 423 430 439 447 452 456 458 458 457 458 458 460 463 466 468 471 475 479 482 479 473 468 460 450 440 430 418 408 399 391 382 377 370 365 359 355 351 347 343 338 331 327 326 324 321 319 318 316 312 310 305 305 305 304 305 305 303 301 297 295 292 290 289 287 285 284 282 280 279 277 276 275 275 276 277 277 278 278 277 277 277 278 277 275 273 271 269 267 264 257 253 249 245 240 232 227 225 224 224 222 224 225 226 225 225 226 225 226 228 229 231 234 238 241 246 251 254 258 260 263 265 267 269 270 270 270 270 269 267 265 264 261 259 257 256 255 254 254 253 255 255 256 255 254 254 253 252 251 251 250 248 247 247 246 244 243 241 238 236 233 230 226 223 222 222 218 218 216 217 216 216 217 220 222 225 228 228 229 227 224 224 223 221 221 221 220 217 214 215 219 224 229 232 234 234 234 234 233 236 239 241 245 248 250 259 263 269 275 283 287 291 296 298 300 302 305 309 314 320 332 341 351 359 361 354 344 331 315 302 293 286 281 277 273 272 270 260 256 244 232 215 204 199 201 207 209 212 214 221 224 230 236 235 238 244 248 253 258 264 266 273 285 289 290 288 283 277 271 267 262 254 249 246 244 244 243 243 241
293 291 286 282 280 279 273 270 270 269 274 277 279 281 284 290 300 309 315 320 322 325 326 327 327 326 326 325 325 322 318 319 320 318 318 318 317 317 317 316 317 317 315 317 318 318 319 322 328 331 333 333 334 336 337 338 340 341 342 344 338 338 337 337 337 338 337 336 334 333 333 330 326 324 322 318 314 310 310 313 315 316 317 319 320 319 316 314 309 305 301 303 314 319 323 325 325 326 325 325 325 325 325 326 325 325 327 327 330 335 340 343 349 354 361 370 380 388 398 405 412 416 423 430 436 443 450 453 454 456 455 456 457 460 462 466 468 470 474 478 481 480 476 469 462 454 443 432 421 412 403 391 384 378 371 366 361 356 351 347 344 340 334 328 325 324 321 318 316 314 312 309 309 307 306 305 305 305 305 302 299 296 293 291 288 287 285 283 282 280 278 276 274 273 273 274 276 276 277 276 276 275 275 275 275 274 272 270 267 265 263 258 252 248 245 239 231 226 225 224 223 223 224 224 227 225 226 226 226 227 228 230 233 235 238 242 246 250 253 256 259 262 264 265 267 268 269 269 269 268 267 266 263 262 260 258 256 257 257 257 257 257 259 259 258 258 258 258 257 255 254 253 251 250 250 249 248 246 246 243 241 239 237 233 230 227 224 221 219 218 218 218 217 220 222 225 227 230 231 232 232 230 232 232 226 227 225 224 221 215 218 223 229 234 236 237 239 239 239 238 241 244 247 251 253 260 266 270 276 285 292 299 305 311 314 316 317 320 321 326 331 340 350 360 367 369 362 351 338 326 312 304 296 291 286 283 282 280 273 265 255 240 222 205 199 201 207 209 211 215 219 221 225 230 233 238 244 249 254 259 264 268 276 285 290 290 285 281 274 270 264 259 251 247 245 242 242 242 241 242
293 288 284 282 281 274 270 270 271 270 273 276 279 280 284 288 296 307 314 319 321 323 325 326 326 325 325 323 321 319 317 315 315 314 313 314 314 314 314 314 314 313 313 315 316 316 320 324 329 331 332 332 333 335 335 336 337 339 341 341 342 337 337 337 337 338 337 338 334 333 333 330 326 326 322 320 315 310 306 309 312 313 315 315 316 315 314 310 306 303 294 305 315 319 323 324 325 324 323 323 321 320 322 325 325 325 324 325 328 334 339 342 348 352 359 367 377 385 395 403 409 415 420 427 434 438 445 447 450 451 452 450 455 458 460 464 468 470 474 478 478 480 476 469 463 455 446 436 426 415 405 397 386 380 374 367 361 357 353 348 345 340 336 331 326 323 321 319 316 314 314 314 312 308 306 305 305 304 305 302 300 296 294 291 289 286 284 283 281 279 276 275 272 271 270 271 273 275 275 275 274 272 272 272 273 272 270 268 266 263 261 257 252 247 243 238 230 227 224 224 224 223 224 224 227 227 227 227 227 227 230 233 234 236 239 242 246 249 253 256 258 260 263 264 265 266 267 267 268 268 266 266 263 262 260 259 259 259 260 260 260 261 262 262 263 262 262 261 259 258 257 256 254 253 252 252 251 250 249 247 246 244 242 239 237 233 230 226 222 221 219 221 221 222 224 227 230 232 234 234 235 236 238 238 232 235 234 231 224 217 221 227 235 239 240 242 244 245 245 243 245 249 251 255 259 266 271 276 283 291 300 308 315 323 327 330 334 336 337 339 343 351 359 369 378 378 369 356 344 332 322 313 307 302 297 295 293 289 281 272 260 250 230 209 199 203 207 209 211 213 216 218 222 227 232 237 244 250 254 260 265 270 278 283 287 287 283 278 273 267 262 256 249 245 242 242 241 241 240 239
294 290 284 280 277 272 270 269 269 272 276 277 277 279 284 288 292 299 311 315 318 321 325 326 326 326 324 321 318 317 315 313 312 311 310 311 311 311 311 311 310 309 310 311 312 317 321 326 328 329 331 332 333 332 334 334 336 337 339 340 340 337 337 338 337 338 337 338 333 333 333 331 328 325 324 320 316 311 306 307 309 311 313 313 314 313 312 309 305 297 294 306 313 319 322 323 323 322 321 321 320 323 323 325 326 325 324 324 328 333 337 342 346 352 358 364 373 383 393 400 406 409 416 423 428 436 440 443 446 447 445 446 448 454 459 464 468 471 474 477 477 477 475 470 465 456 449 439 429 420 409 398 388 381 375 368 362 358 354 349 345 340 337 333 327 324 323 320 318 316 315 314 314 311 307 306 305 304 303 301 299 296 294 291 290 287 284 283 281 278 275 273 271 270 268 267 269 271 272 272 271 269 268 269 270 269 268 267 265 262 259 255 249 245 240 234 229 225 224 224 223 222 224 226 227 227 227 227 227 229 232 234 235 237 239 242 246 250 253 255 257 259 261 263 263 265 266 266 266 266 266 265 264 263 263 262 261 262 263 263 263 264 265 265 266 264 263 264 263 261 259 258 257 255 255 254 254 253 252 252 250 248 245 243 242 239 235 231 228 224 224 225 228 229 229 229 232 238 236 236 237 239 240 239 237 237 237 234 223 222 225 232 239 242 244 246 248 249 248 247 249 253 255 259 264 270 276 282 289 298 307 315 325 333 340 344 349 350 351 352 354 361 367 378 383 380 369 357 346 335 327 321 315 311 307 305 302 297 289 279 267 254 238 220 202 200 206 209 211 212 214 216 221 227 232 237 243 249 253 260 265 270 278 282 285 284 280 274 269 265 261 254 247 243 241 241 241 240 239 238
287 288 283 279 274 272 270 269 270 271 276 277 277 278 282 287 291 292 303 308 314 320 323 325 325 324 321 319 317 315 313 311 310 310 310 309 309 309 308 307 306 305 307 311 315 318 321 325 326 328 329 330 331 330 331 331 333 334 336 338 339 337 337 337 337 338 338 337 333 334 333 330 328 325 322 319 315 311 307 302 305 308 310 312 311 311 311 307 302 296 295 307 313 318 321 322 321 320 319 319 320 321 322 323 324 322 319 323 328 332 337 342 347 351 356 361 369 380 389 396 401 404 408 415 423 428 434 436 440 441 441 443 447 455 463 465 469 473 475 476 476 476 473 469 465 457 448 438 430 420 412 402 390 381 374 368 362 358 354 348 344 341 337 332 327 326 325 322 320 318 315 314 314 314 309 306 304 303 302 300 298 295 294 292 290 288 285 283 280 277 275 272 270 268 267 265 265 266 268 268 267 265 264 264 265 266 265 265 264 261 258 253 248 242 238 232 228 225 224 223 223 223 225 226 227 228 228 228 228 231 234 236 238 239 240 243 246 249 252 255 257 258 260 261 263 264 265 265 265 265 265 265 264 263 263 264 264 264 266 266 266 267 267 267 267 266 266 267 266 263 262 261 260 258 257 257 257 256 256 255 253 251 249 248 246 243 239 236 232 230 227 228 230 234 233 231 234 238 238 239 240 241 242 241 239 238 236 230 222 223 229 236 242 245 248 249 251 251 251 251 253 255 260 263 268 272 279 285 294 304 314 323 332 343 351 358 362 361 362 363 367 370 376 383 381 375 366 355 344 335 329 324 319 317 315 315 312 306 296 285 273 262 246 227 206 198 204 209 211 212 212 217 220 226 231 238 244 248 254 264 269 274 278 282 283 279 274 271 266 263 259 252 245 242 240 240 241 240 239 238
285 285 281 278 273 271 270 269 269 270 275 276 276 277 280 284 287 289 293 300 311 318 322 323 322 321 319 317 315 314 312 312 311 309 310 308 307 307 306 305 299 304 309 312 314 316 320 323 323 324 326 327 328 328 328 329 331 332 334 335 337 337 336 335 338 338 338 335 333 333 333 329 326 323 320 317 314 311 307 303 302 306 308 309 308 309 308 304 301 289 300 308 313 317 319 320 319 318 315 317 320 320 321 321 320 319 318 322 327 333 337 341 345 350 353 359 366 374 383 390 396 400 402 408 416 420 425 428 432 432 434 442 449 458 465 468 470 475 476 477 476 474 471 467 463 457 449 438 430 422 412 402 387 379 373 368 361 357 353 348 344 340 336 330 331 331 327 325 323 321 318 315 313 311 308 307 306 304 303 300 297 295 293 292 290 289 286 283 281 278 275 272 270 268 266 264 262 262 263 263 262 260 259 259 260 261 261 261 260 260 256 252 246 240 234 230 228 225 224 224 223 223 224 227 228 228 228 229 229 232 237 240 242 243 242 242 245 248 251 254 256 258 260 261 262 263 264 265 265 265 265 265 264 265 265 266 267 267 269 269 269 269 269 269 270 269 269 268 268 267 265 264 262 261 260 260 259 258 258 257 256 254 252 251 249 246 244 240 235 236 230 235 238 237 236 231 235 238 240 242 242 242 243 242 241 238 235 227 221 226 234 240 245 248 249 251 252 253 254 254 256 259 261 265 271 276 282 290 298 308 319 331 341 351 361 369 373 372 373 374 376 378 382 381 376 369 360 348 337 331 326 322 318 319 319 321 319 312 301 288 277 265 250 234 212 197 202 208 210 210 212 215 219 225 231 237 243 249 260 269 275 280 280 281 279 273 269 265 263 260 256 250 244 241 239 240 241 240 240 238
284 281 278 277 272 271 270 269 269 270 273 275 276 276 278 282 284 286 288 292 305 314 319 320 319 318 317 315 314 313 312 311 310 309 309 308 306 305 304 301 298 305 308 310 312 314 318 320 320 321 322 324 325 325 325 327 328 330 332 333 334 333 332 333 336 333 333 333 333 333 333 327 325 322 318 316 313 311 307 303 298 304 307 307 306 305 305 302 298 290 301 309 312 315 317 317 317 316 313 317 317 318 319 318 317 317 319 321 326 331 336 340 343 348 351 357 363 370 379 386 391 392 396 399 406 412 417 420 418 430 439 447 453 460 466 472 475 476 477 477 476 473 469 465 462 455 447 439 429 421 412 401 387 377 372 366 361 356 352 348 344 340 335 334 337 336 333 329 327 324 321 318 315 313 311 309 307 305 303 301 298 295 293 291 290 289 287 286 283 280 278 275 272 270 268 266 264 262 260 259 258 256 256 255 256 256 257 256 256 255 253 250 244 237 233 230 226 225 224 225 224 224 225 229 231 229 229 229 230 233 238 242 244 245 244 244 245 249 251 253 255 257 259 261 262 263 264 265 265 265 265 265 265 266 267 268 268 269 271 271 271 272 271 271 272 272 272 272 271 269 268 266 264 263 261 260 260 260 260 259 258 257 255 253 252 250 247 243 240 238 234 239 240 239 235 234 236 239 241 243 244 243 243 242 241 237 233 227 222 228 237 243 247 249 251 252 254 255 257 258 258 261 264 269 274 279 285 293 301 311 323 334 346 358 369 376 382 382 381 381 382 382 380 375 367 359 349 337 331 321 316 316 315 314 318 320 319 313 303 291 279 268 253 240 218 201 199 204 208 208 211 214 219 224 231 237 242 252 264 273 281 285 283 278 275 268 264 261 259 258 254 249 242 240 239 240 240 241 241 239
282 280 277 274 273 271 269 269 269 270 271 274 275 275 276 278 281 281 284 288 297 310 315 317 317 315 314 313 312 312 311 310 310 309 308 306 305 304 302 293 302 304 306 308 310 313 315 316 317 318 320 321 322 322 323 325 326 328 330 331 333 331 330 330 333 333 333 333 333 333 331 326 323 321 318 315 313 310 306 301 296 301 304 304 302 302 301 300 293 287 301 298 309 312 314 315 314 306 314 314 315 316 316 316 315 315 317 320 325 330 335 338 342 345 349 355 360 367 374 381 386 388 389 393 398 405 409 407 424 435 445 453 458 463 469 475 478 478 478 478 476 472 468 464 459 454 444 437 427 420 412 401 388 374 368 362 358 354 351 347 344 339 337 342 344 344 340 335 330 328 325 322 319 316 313 309 309 307 305 302 299 296 293 292 290 289 288 288 286 283 281 278 276 273 270 268 266 263 260 258 256 254 252 252 253 253 252 252 252 251 249 245 240 235 231 229 227 224 224 224 224 223 225 230 231 231 230 229 230 232 239 243 246 246 248 247 247 249 251 253 254 256 258 260 262 262 264 265 265 265 265 266 267 268 269 269 270 271 272 274 274 273 274 275 275 275 274 274 274 273 271 269 267 265 262 262 262 262 262 261 260 259 257 256 254 252 249 247 243 239 240 240 240 238 235 236 238 240 242 244 246 245 245 244 241 235 232 228 222 230 238 244 248 250 252 254 256 257 259 260 261 263 268 272 277 283 287 294 303 313 326 337 348 360 371 380 390 390 387 383 380 378 373 367 358 348 338 326 315 305 301 301 301 306 310 314 313 307 301 289 279 266 255 241 226 204 197 203 204 206 210 214 217 224 230 235 241 252 265 275 285 287 284 277 270 265 262 259 256 254 251 247 241 239 238 239 240 241 241 239
282 279 278 275 272 271 269 269 268 269 270 271 272 273 270 268 274 279 282 284 291 302 310 313 315 313 312 310 308 310 310 310 309 309 308 305 304 303 300 290 300 303 304 304 307 309 310 311 313 315 317 318 318 318 321 322 327 326 328 328 326 329 328 329 330 331 333 334 336 340 329 325 323 320 317 314 311 308 304 300 293 298 300 301 299 299 298 297 288 288 297 302 305 308 311 312 305 311 312 312 313 314 313 313 313 313 316 320 324 329 333 337 340 343 346 351 357 362 368 375 380 381 383 387 391 388 404 416 427 442 450 458 463 467 473 478 482 481 480 479 476 472 467 463 458 451 442 432 425 419 410 401 387 373 365 360 356 353 350 346 342 341 344 346 350 350 348 342 338 331 329 326 322 318 314 312 311 308 306 304 300 297 294 292 290 289 288 289 288 287 285 283 281 278 274 271 269 266 262 261 259 257 254 252 250 250 249 248 248 247 246 242 238 234 231 229 226 224 226 225 224 224 225 230 233 232 231 230 231 235 240 244 247 249 249 250 249 251 253 254 255 257 259 260 262 263 263 264 265 265 266 267 268 270 270 271 273 273 273 275 276 276 277 278 277 276 275 275 275 275 273 272 269 267 265 264 263 263 262 262 262 260 259 257 256 254 251 249 245 241 240 239 237 237 238 239 240 242 244 245 247 247 246 245 241 237 234 230 225 230 238 244 249 251 253 255 258 260 261 263 264 266 269 273 281 285 291 296 306 314 326 338 349 361 372 383 390 391 388 384 379 373 367 358 349 339 329 318 305 298 295 293 291 293 298 302 301 298 292 285 275 265 252 242 228 211 201 199 203 203 206 212 216 224 229 235 241 251 263 274 285 288 285 275 267 262 258 255 253 251 249 246 241 238 238 240 240 240 240 239
280 279 278 276 271 271 269 269 268 269 268 269 268 268 268 267 267 267 278 279 285 294 303 307 310 309 308 307 305 306 307 307 308 307 306 305 305 303 299 289 297 299 300 301 303 304 306 307 310 311 313 314 315 316 317 319 321 323 322 323 324 327 329 330 330 330 330 329 337 335 325 324 322 319 316 313 309 306 303 300 295 294 296 297 296 296 296 294 285 293 296 299 302 305 308 308 303 309 309 310 311 311 310 310 311 313 316 320 324 328 332 335 338 341 344 348 354 359 364 369 373 375 379 375 390 400 410 421 431 446 456 463 468 472 476 480 484 484 480 479 476 472 468 462 456 449 440 428 417 412 407 398 388 377 366 361 356 352 346 347 346 346 348 352 356 356 355 352 347 340 333 329 326 322 319 316 314 311 307 304 302 299 296 293 291 288 287 288 287 288 289 288 285 281 278 275 273 269 265 263 260 258 255 252 247 247 247 246 245 244 242 240 236 232 230 228 226 225 226 225 224 224 224 230 234 232 232 232 233 238 243 245 249 251 252 252 252 253 255 256 257 258 260 261 264 264 264 265 265 266 267 268 270 271 272 273 275 275 275 276 277 277 278 280 278 278 277 277 276 277 276 274 272 268 266 264 264 263 263 263 262 262 261 259 257 256 253 252 249 244 241 239 239 240 239 241 243 244 245 246 248 249 247 245 242 238 235 232 225 231 238 245 248 251 253 256 260 263 264 266 268 269 273 277 281 287 293 297 305 316 325 338 348 360 371 383 389 389 387 382 377 371 364 354 343 335 324 312 300 293 287 286 284 282 283 283 286 284 279 274 269 260 248 240 228 215 204 199 203 203 204 213 218 223 229 236 242 251 261 271 281 287 284 274 265 259 256 253 250 249 247 247 242 237 238 240 241 241 240 239
279 279 279 275 270 270 269 269 269 267 268 268 268 268 268 272 267 267 267 273 278 286 295 300 303 304 304 303 301 301 302 303 304 305 305 304 304 302 299 292 293 296 297 298 299 300 301 303 305 307 309 310 310 312 314 316 317 318 320 320 325 327 330 331 331 331 330 329 327 324 323 323 321 318 314 311 307 305 302 298 294 291 294 294 295 295 294 293 287 292 296 298 300 302 303 301 305 306 306 307 308 308 307 310 310 312 315 319 324 327 330 333 336 338 341 346 352 356 360 364 363 367 377 385 394 401 414 424 433 448 458 466 471 475 480 483 486 486 482 479 475 472 466 460 455 448 438 429 420 411 403 394 382 377 369 362 356 352 352 351 352 352 357 360 363 362 361 358 354 349 342 333 330 326 322 318 317 314 311 307 306 302 298 295 292 291 287 286 286 286 287 290 290 288 285 281 277 272 268 267 263 260 257 254 249 244 245 244 244 242 239 236 233 231 229 227 225 226 226 224 224 224 224 229 234 234 234 234 236 239 244 247 250 253 254 254 255 255 257 258 260 260 262 264 265 266 266 266 267 267 269 270 272 273 274 275 276 277 277 277 278 279 280 280 280 280 280 279 279 278 277 275 272 270 266 265 265 264 264 264 263 264 261 260 258 257 254 253 249 246 244 242 242 242 244 244 245 247 247 248 249 249 248 246 243 239 236 233 228 232 238 245 248 251 254 257 261 264 267 269 272 274 276 278 283 288 294 301 307 316 327 337 347 360 371 381 386 385 384 379 375 369 361 354 344 334 323 312 300 290 283 279 276 274 273 271 269 270 268 266 258 251 243 236 227 217 204 200 198 203 202 213 218 224 230 237 243 250 260 267 277 280 281 271 263 256 253 250 247 247 245 246 243 237 238 240 240 240 240 240
279 279 279 277 270 270 269 268 269 268 268 268 270 269 270 271 270 267 266 269 269 273 282 291 295 297 298 297 296 296 296 297 298 301 302 303 301 300 298 294 287 294 295 296 296 296 298 299 301 303 304 305 306 309 311 312 314 316 316 321 325 328 330 331 331 331 330 329 327 325 322 321 319 316 313 309 306 303 300 297 292 289 291 292 294 293 293 290 284 291 294 295 297 297 299 300 305 304 303 305 306 306 307 309 309 311 315 319 322 325 327 330 333 336 340 344 348 353 357 357 365 372 378 388 396 405 415 426 434 445 459 468 472 477 481 485 486 485 482 479 476 473 466 460 454 448 440 431 422 412 405 398 388 379 369 362 357 356 356 355 356 359 363 366 369 370 368 365 359 355 350 343 335 330 326 322 320 316 313 310 308 305 301 297 295 293 290 285 283 284 283 284 289 292 291 287 282 277 273 269 265 262 259 256 251 246 242 242 242 240 237 234 232 230 229 226 225 225 225 224 224 224 224 229 233 235 236 236 238 242 245 249 252 254 257 258 258 259 259 260 262 263 264 266 267 268 268 268 269 269 270 272 274 275 276 276 278 279 278 279 280 281 281 282 282 282 282 282 281 279 278 275 274 271 267 266 266 265 265 265 264 263 262 260 259 257 255 253 251 247 245 246 246 247 248 248 248 249 250 251 251 250 249 247 244 239 237 234 231 231 239 245 248 251 254 258 261 265 268 271 274 276 281 284 287 292 299 305 310 318 327 337 347 360 369 377 380 381 380 376 371 366 360 351 343 333 323 313 300 290 281 272 271 269 266 264 262 261 259 256 250 244 238 231 225 215 205 204 199 202 202 213 218 225 231 237 243 250 258 264 271 275 273 266 260 254 250 247 245 244 243 245 244 237 237 239 240 239 240 240
278 278 278 278 273 272 271 272 272 276 274 276 279 276 275 275 273 271 269 267 267 265 265 281 286 290 290 290 290 290 291 292 293 291 297 299 298 297 295 293 287 293 293 293 293 293 295 296 297 299 300 302 303 306 307 309 310 311 316 322 325 329 330 331 331 331 330 328 327 325 321 320 317 315 312 308 305 302 300 298 294 286 291 291 292 291 290 282 281 286 294 295 296 298 299 302 303 302 301 302 303 301 303 306 309 310 314 318 319 322 326 329 332 335 339 342 346 350 354 359 368 374 380 389 398 407 416 425 434 444 458 465 472 477 481 483 485 485 482 479 475 472 468 460 454 448 442 433 423 414 406 400 393 384 371 364 362 361 359 360 363 368 371 373 376 378 376 374 368 363 357 352 343 335 330 327 324 320 316 312 310 307 304 300 298 296 292 287 284 282 282 281 283 291 291 289 286 281 277 274 270 265 260 255 252 248 243 238 239 238 236 233 231 230 228 226 225 225 224 224 224 224 225 229 233 235 236 238 241 244 247 250 253 255 258 260 261 261 262 262 263 265 266 267 269 270 270 270 270 271 272 273 276 277 278 278 279 279 280 281 282 281 282 283 284 284 284 283 282 280 279 276 274 272 268 267 265 264 264 264 263 263 261 260 259 257 256 254 251 249 250 250 251 253 252 252 252 252 252 252 252 251 249 248 245 240 237 235 232 233 239 245 248 251 255 258 262 265 269 273 277 280 282 287 289 296 302 307 313 319 329 339 350 359 367 372 376 376 375 372 368 363 357 349 340 330 319 310 299 288 278 269 262 261 260 257 257 255 253 250 245 239 233 229 223 216 205 204 199 201 202 214 219 225 232 236 241 250 257 262 266 269 267 263 257 251 247 245 243 242 241 244 242 237 238 239 239 238 239 239
277 277 277 277 275 277 280 287 288 287 291 290 292 292 290 285 278 275 271 267 267 266 266 268 270 280 283 285 285 286 285 286 287 288 291 293 293 294 293 291 282 293 292 291 291 291 292 293 293 294 296 299 301 303 304 306 307 310 314 319 325 327 330 331 331 330 329 328 326 323 321 318 316 313 312 307 304 302 300 297 295 289 290 290 290 290 288 280 285 292 293 295 296 297 298 298 299 298 299 298 298 303 305 307 309 311 315 316 318 321 325 328 331 334 337 339 343 349 354 362 368 375 382 390 398 409 416 424 431 442 453 462 470 475 478 481 483 484 482 479 475 471 466 460 454 448 442 433 424 415 408 402 396 386 375 368 366 363 363 366 371 374 379 381 384 385 384 381 376 371 366 359 353 344 337 332 328 324 321 317 313 310 306 302 300 298 293 289 285 282 280 280 278 285 290 288 286 283 280 277 273 268 262 255 251 247 241 237 236 235 234 232 230 229 227 226 226 226 225 224 224 224 225 230 234 237 239 240 243 245 248 251 255 257 260 262 263 264 264 264 265 266 267 269 270 272 272 272 273 273 276 275 278 278 279 281 280 280 282 282 282 283 284 285 285 283 284 283 282 281 279 276 275 272 269 267 266 264 263 263 262 262 261 260 258 257 256 255 252 253 253 255 257 258 258 257 256 255 255 253 253 252 249 247 245 242 238 236 233 232 239 242 246 250 254 258 263 267 271 275 280 283 287 291 294 298 305 309 317 325 333 344 353 360 365 368 369 369 368 367 363 358 352 344 335 325 315 306 296 285 276 267 260 255 255 253 252 249 245 244 241 237 229 225 220 216 206 204 203 197 202 214 220 226 232 236 243 249 255 258 262 263 263 260 255 248 244 241 240 239 238 240 240 237 238 239 239 238 238 239
277 277 277 276 282 290 298 301 303 300 299 301 301 302 298 294 287 280 276 270 268 267 267 269 269 275 274 278 281 281 282 282 283 283 284 287 288 289 290 289 282 290 290 290 289 289 289 290 291 292 294 295 297 299 300 303 303 309 314 318 323 327 329 330 330 329 328 327 325 322 321 317 314 312 311 307 304 301 299 294 292 287 288 289 290 290 283 279 289 292 293 294 294 295 295 296 295 297 293 296 301 303 305 306 310 313 317 318 319 322 324 326 331 331 336 340 343 351 356 364 370 377 384 391 398 406 415 421 426 438 447 456 466 472 476 478 482 483 482 479 475 470 466 460 454 444 437 430 421 413 407 401 395 387 378 373 369 365 365 374 380 383 389 390 390 391 390 388 384 378 373 368 361 352 343 337 334 330 326 322 317 312 310 305 301 298 295 292 288 284 281 277 276 276 282 284 282 280 279 277 273 269 263 256 251 246 241 236 234 233 233 232 230 228 228 227 226 226 225 224 224 224 226 231 235 239 240 243 245 248 250 254 256 259 262 264 266 266 266 266 267 267 269 271 272 274 275 275 276 277 278 278 279 280 282 282 283 281 282 282 283 285 284 284 284 285 284 283 282 282 279 277 275 272 269 266 265 263 263 262 261 261 261 259 258 256 256 255 255 255 258 261 263 264 265 264 261 259 257 256 255 252 250 248 246 243 239 236 234 232 238 242 245 249 253 258 262 266 271 276 280 285 290 295 299 303 308 315 322 329 340 347 356 361 364 366 365 362 361 357 354 348 343 334 326 318 309 300 290 281 273 266 259 253 249 248 243 240 236 238 236 232 227 222 218 213 207 204 203 199 199 212 220 227 234 238 243 248 253 256 257 258 259 257 251 246 243 240 237 237 235 238 240 237 238 239 238 237 237 238
277 276 276 280 289 299 305 307 308 309 306 305 306 305 302 297 294 289 285 280 276 271 269 265 269 268 270 272 275 277 278 279 279 279 280 283 285 286 287 286 281 287 288 288 289 288 286 287 288 291 291 292 292 297 296 298 302 307 312 317 321 326 329 329 329 328 327 326 324 321 319 317 314 309 309 306 304 301 298 292 280 285 290 287 288 289 282 276 288 291 292 284 291 293 289 291 291 298 301 303 303 303 304 308 311 315 318 320 321 324 327 329 332 335 337 341 344 351 356 365 371 378 384 390 398 406 411 417 423 431 443 452 462 468 473 477 480 483 483 480 476 471 466 463 456 444 436 426 413 410 399 395 390 386 381 373 369 364 368 380 387 394 397 397 398 397 395 393 390 386 381 375 368 361 351 343 338 335 332 327 321 319 315 310 305 300 297 294 290 286 282 278 275 272 273 274 274 273 272 271 270 266 262 257 251 246 242 236 233 233 232 231 230 228 228 227 226 226 226 224 223 224 226 231 236 240 242 245 248 252 254 256 259 261 264 266 267 268 268 268 268 269 271 272 274 276 277 278 279 280 280 281 282 282 284 284 283 283 283 283 284 284 285 285 285 285 284 283 282 281 279 277 274 272 269 266 264 263 262 261 261 261 260 259 258 257 257 256 257 262 264 266 268 271 273 270 266 263 259 258 257 254 251 248 246 243 240 237 234 233 237 241 245 249 253 257 261 266 271 277 281 286 293 299 303 308 313 319 326 335 342 353 361 365 366 364 360 355 351 345 340 334 330 324 317 310 300 291 282 275 268 264 258 253 248 242 239 231 229 225 228 228 225 221 218 213 207 205 203 201 199 210 222 228 237 240 245 248 251 252 253 253 254 251 247 243 240 237 234 234 233 235 237 236 238 240 237 235 236 236
276 276 278 284 295 305 310 312 312 313 312 310 310 309 307 304 299 296 292 288 285 280 274 268 265 266 267 268 269 271 274 275 275 277 277 278 281 283 284 281 283 286 286 287 287 287 285 284 285 285 290 287 288 291 290 293 299 304 310 314 318 323 326 327 327 327 326 324 322 321 318 315 312 310 307 305 301 299 290 278 283 288 287 286 286 285 287 279 280 279 275 288 287 287 294 297 299 301 304 306 305 305 306 310 313 315 318 320 322 325 327 329 332 335 338 341 345 350 357 364 373 380 384 390 397 403 408 413 418 426 437 450 460 466 472 477 480 483 484 482 479 473 469 465 460 448 439 432 423 415 410 405 401 394 385 375 366 362 367 382 391 399 403 403 403 402 400 399 396 393 389 385 376 367 359 351 345 341 336 333 329 323 321 315 308 303 300 296 291 287 284 281 277 273 271 269 269 268 267 265 263 261 258 255 251 245 241 236 233 232 231 230 229 228 227 227 226 226 226 224 224 225 227 231 236 241 244 247 251 255 257 258 261 264 266 268 269 269 269 269 269 270 272 274 275 276 278 280 281 282 282 283 284 285 285 285 285 284 285 285 285 286 286 286 286 285 284 283 282 281 279 277 274 271 269 266 264 263 262 261 260 260 259 258 258 257 257 257 261 265 269 271 274 279 282 278 272 266 263 260 258 255 252 249 246 243 240 237 236 234 237 240 244 248 253 256 261 265 271 276 281 287 293 299 305 310 316 323 330 339 348 358 368 370 368 362 355 348 341 331 325 319 313 309 304 298 291 283 276 270 265 262 255 251 245 244 247 245 242 232 230 221 217 216 215 211 207 204 202 201 198 209 224 232 239 243 245 246 247 248 249 250 249 247 243 239 236 233 231 230 230 232 236 236 237 238 235 234 234 235
275 278 279 289 299 308 314 318 317 318 317 316 314 314 311 307 303 299 295 291 287 283 280 274 268 266 265 266 267 268 270 271 272 274 275 276 277 280 281 270 282 285 286 286 286 285 285 283 283 283 284 283 283 283 282 284 292 299 305 310 314 319 323 325 325 325 324 323 321 319 317 315 312 309 294 293 283 279 279 272 274 276 277 279 279 280 270 276 285 288 293 297 296 298 300 302 304 304 307 307 307 308 310 307 311 313 317 321 323 325 327 328 331 333 337 341 344 350 355 363 373 378 383 388 394 399 405 410 415 421 433 446 458 465 470 475 481 484 486 485 481 477 471 467 461 454 443 437 431 424 417 414 409 401 390 377 365 359 361 379 391 400 405 406 404 403 403 403 402 400 397 394 389 378 367 361 357 353 348 340 338 334 329 323 317 310 302 298 294 289 286 283 279 275 271 266 266 264 263 262 259 256 254 252 250 244 241 237 232 231 230 230 229 228 228 227 226 226 226 224 223 224 226 232 237 243 247 250 254 257 260 262 263 266 268 269 271 271 271 271 271 272 274 275 276 278 280 281 282 284 284 285 285 286 286 286 286 287 287 287 287 287 287 286 286 286 286 284 282 281 279 277 274 272 269 266 264 264 261 260 260 259 259 258 257 257 258 258 264 269 273 276 279 285 290 283 277 270 266 262 260 257 253 250 246 243 241 238 237 236 236 240 245 248 252 257 261 266 271 276 280 288 294 301 307 313 319 327 334 342 351 361 370 374 370 360 350 341 331 325 317 313 306 300 295 290 286 279 274 270 266 263 257 250 255 254 253 246 241 236 230 222 217 213 208 209 204 202 202 199 200 218 228 236 241 245 245 245 245 246 246 246 245 243 240 235 233 230 228 227 228 231 234 235 235 236 233 232 232 232
277 277 279 290 301 308 314 318 320 322 324 321 319 318 316 312 307 302 300 296 292 288 284 279 274 268 265 265 265 267 268 268 269 271 273 273 273 274 278 275 283 285 286 286 286 285 284 282 280 280 277 277 277 279 280 279 280 292 300 305 310 314 319 320 322 322 322 321 320 318 316 314 311 308 300 280 277 274 271 271 270 267 269 280 274 268 281 293 298 300 301 303 303 305 306 307 307 308 308 308 309 311 313 313 310 313 317 320 323 325 326 328 330 332 336 339 344 349 355 361 368 377 381 386 391 394 400 406 413 419 429 441 453 464 470 475 481 486 487 487 485 480 476 470 465 461 453 444 439 433 428 424 420 412 397 381 367 358 355 374 386 394 398 401 402 401 401 405 405 405 404 402 398 390 380 374 367 363 360 356 350 346 341 335 329 322 312 302 296 292 287 284 280 275 271 268 264 257 260 258 255 253 250 248 246 243 241 237 232 229 230 229 228 228 227 227 226 226 226 224 224 224 226 232 237 242 247 252 256 260 263 265 265 266 269 271 272 273 273 273 273 274 275 277 278 279 280 282 283 284 285 286 287 288 288 288 288 288 287 287 289 288 287 288 286 285 285 283 282 280 278 277 274 271 269 267 265 263 262 260 260 258 258 258 258 258 259 262 268 272 276 279 284 290 293 288 280 273 268 264 261 258 255 251 248 245 242 240 239 238 236 240 244 248 254 258 261 266 272 277 283 289 295 303 309 316 323 328 335 345 353 361 368 374 370 360 347 336 328 322 315 309 303 297 292 287 283 278 274 270 268 264 256 259 261 259 259 252 245 235 229 224 218 217 214 208 204 202 199 197 210 220 230 238 242 246 246 244 244 243 243 243 241 239 237 233 230 227 225 225 227 228 231 233 234 233 231 229 230 228
276 277 279 288 299 307 311 317 320 323 323 321 321 320 319 315 313 309 306 303 299 296 292 288 283 278 270 265 265 265 265 264 266 266 270 269 268 268 267 277 282 284 285 286 286 285 284 281 277 276 274 276 278 277 278 278 279 287 294 300 305 309 312 314 317 318 319 319 318 316 315 312 310 295 282 274 274 286 291 288 285 278 271 265 265 271 293 300 301 304 305 307 308 310 310 311 310 310 309 310 311 313 314 313 313 313 316 320 323 324 326 327 329 332 335 338 343 348 354 360 366 374 378 381 386 391 396 403 410 417 427 436 448 462 469 475 481 487 490 490 489 486 480 476 471 467 461 455 449 443 436 432 425 418 404 386 369 358 353 369 377 387 391 394 395 396 399 401 405 407 407 405 401 395 387 382 377 375 371 367 361 357 353 348 342 333 325 314 304 294 289 284 279 275 270 267 264 262 258 253 252 250 248 246 244 242 240 237 233 230 229 229 228 227 227 226 227 226 225 225 225 225 227 233 237 241 247 254 256 260 263 266 268 269 270 272 273 275 275 275 275 275 276 278 279 280 281 283 284 284 285 286 288 289 289 289 288 289 288 288 288 289 287 287 286 285 284 283 282 280 278 276 274 271 269 267 265 263 262 261 260 260 259 259 259 260 262 266 271 275 280 282 286 293 296 292 282 276 270 266 262 259 257 253 249 246 244 242 241 240 237 241 246 249 254 259 263 267 272 280 286 292 298 306 313 320 325 331 337 346 354 360 368 371 369 360 347 336 327 320 313 308 300 295 292 284 280 277 274 271 268 256 263 267 266 269 267 262 252 241 231 224 219 216 216 207 206 198 197 202 212 218 229 236 242 245 246 243 241 241 241 240 238 235 233 230 226 224 223 222 223 226 228 230 230 229 226 227 226 225
276 279 282 287 294 300 306 313 318 321 322 320 319 320 320 318 316 312 309 306 304 302 300 296 291 286 282 274 266 265 265 263 266 264 264 263 264 264 264 273 279 282 284 285 285 285 283 280 276 274 276 279 281 282 281 278 277 280 287 296 299 303 306 309 312 313 315 315 314 313 312 310 304 284 279 283 296 296 294 291 289 287 285 279 265 265 285 300 303 304 307 309 310 311 313 313 313 312 311 312 313 315 314 313 314 314 316 318 320 323 325 327 329 332 333 337 341 346 351 357 363 369 375 378 382 387 391 399 407 414 421 434 445 458 468 474 480 487 491 494 493 491 486 482 478 474 468 465 458 451 444 437 432 425 410 389 371 358 352 355 367 371 381 384 387 391 395 399 404 407 408 407 403 399 394 390 387 385 381 377 373 365 363 360 354 346 336 325 315 302 292 286 281 275 270 267 263 260 257 252 250 247 246 245 243 242 240 237 233 230 228 228 228 227 227 226 227 226 224 224 225 224 228 233 237 240 246 252 257 260 263 266 269 269 272 273 275 276 277 277 277 276 276 278 280 280 282 283 284 284 286 286 287 289 289 289 289 289 289 289 289 289 288 287 286 286 284 283 282 280 278 276 274 272 270 268 266 264 263 262 261 260 260 259 259 261 263 268 272 276 280 283 286 292 296 292 283 279 273 269 264 261 258 255 251 248 245 244 243 241 239 241 244 249 253 258 264 269 275 282 289 296 303 311 318 323 329 335 340 348 356 361 366 369 367 361 348 337 330 323 315 308 301 294 288 282 277 275 273 271 262 265 270 272 276 279 277 269 259 247 233 224 218 215 212 206 198 197 204 210 213 217 227 236 241 245 246 242 240 239 238 237 235 233 229 226 223 221 220 220 222 224 226 227 227 226 223 223 223 222
276 280 282 285 289 293 298 307 313 317 318 320 319 320 319 319 318 316 313 310 308 306 305 302 298 294 289 284 275 268 265 264 264 263 264 264 263 263 264 264 266 274 282 283 283 282 280 277 268 276 280 283 284 284 284 280 278 278 280 287 293 298 300 303 307 308 311 311 311 311 310 308 301 278 276 295 298 296 293 291 289 287 284 278 263 263 293 301 303 305 307 310 312 314 314 315 315 314 313 313 315 314 315 315 314 315 317 319 321 323 325 327 329 331 332 335 338 342 348 355 360 364 368 373 378 382 387 394 403 411 420 431 442 454 464 472 480 487 493 496 497 494 492 488 484 480 476 473 469 463 454 445 437 429 416 393 373 358 351 350 356 359 364 371 379 383 390 395 399 403 405 406 404 400 398 398 397 395 392 388 385 381 375 370 365 358 348 340 326 313 301 290 283 276 270 266 262 259 255 252 249 247 244 244 242 240 238 235 232 230 229 228 228 227 227 227 227 226 225 225 225 224 228 233 237 240 245 250 256 260 263 266 269 270 272 274 276 277 279 279 278 278 278 277 280 282 283 283 284 284 285 286 287 288 289 289 289 290 289 290 290 289 289 287 286 285 285 283 281 280 278 277 274 272 270 268 267 265 264 263 262 261 261 261 261 263 265 269 273 276 279 282 286 290 293 290 283 279 275 271 266 262 259 256 253 250 247 245 244 243 242 242 245 250 254 259 265 271 277 284 291 299 307 315 321 329 334 342 347 354 359 365 368 370 368 363 354 342 331 325 317 309 303 295 290 284 279 275 271 268 265 268 273 277 283 287 284 277 265 251 235 225 219 217 213 206 197 199 207 213 214 217 224 234 239 244 244 241 238 237 236 235 233 231 228 225 222 220 218 218 221 221 223 225 225 224 220 220 220 219
274 279 280 283 285 289 295 301 306 309 314 316 317 318 317 317 317 316 315 313 311 310 308 306 304 300 295 288 283 279 272 267 265 264 264 264 264 263 263 262 262 262 261 276 280 279 277 275 265 280 284 287 287 288 287 283 279 279 279 281 286 290 292 298 302 304 305 307 308 308 307 304 299 277 277 299 298 296 293 290 287 285 280 273 262 270 291 298 301 305 308 310 312 314 316 316 316 316 315 315 317 315 315 314 315 316 317 320 323 324 325 327 329 330 332 335 337 340 345 351 357 360 363 368 374 380 385 390 400 408 418 430 440 452 462 470 478 485 492 496 499 499 496 493 490 486 484 482 474 469 459 450 441 428 415 395 376 359 351 347 348 350 354 361 368 376 381 388 394 398 402 403 403 403 400 402 403 403 403 401 397 392 387 381 376 371 361 350 340 327 312 301 290 279 273 267 261 257 255 252 250 249 245 242 241 238 236 234 231 230 230 228 227 227 227 227 226 226 225 225 224 225 229 233 237 241 245 250 255 259 263 267 270 272 274 275 277 279 279 280 281 280 280 278 281 283 285 284 284 284 286 286 286 288 289 290 290 290 290 290 291 290 289 288 286 285 284 283 281 279 278 277 275 273 271 269 268 266 265 264 264 263 262 262 263 265 268 270 274 277 280 282 285 288 290 288 284 280 278 272 269 263 260 257 255 252 249 246 245 244 243 244 246 251 256 262 266 273 278 286 292 302 311 319 326 333 340 348 356 360 365 370 373 375 373 368 360 350 338 327 320 311 304 297 290 286 281 277 273 269 269 271 275 279 286 290 288 281 270 253 236 227 222 218 212 204 199 198 209 215 217 219 227 230 235 241 242 240 237 235 235 234 229 227 224 221 219 219 218 216 218 218 221 222 221 219 217 216 216 217
267 275 277 281 284 287 291 296 302 304 307 310 312 312 312 313 313 313 314 312 311 310 308 307 305 305 300 294 289 284 282 274 270 267 266 265 265 263 262 262 261 263 262 261 262 261 264 272 266 282 286 289 291 291 290 289 285 279 280 280 280 283 286 290 294 298 300 303 304 304 304 303 298 276 277 295 297 294 291 289 286 283 275 263 264 274 285 294 301 305 308 310 312 314 316 318 318 318 317 316 316 316 315 315 315 317 319 321 323 325 326 327 328 329 331 333 336 339 342 347 353 356 360 364 370 376 381 388 395 405 415 429 439 449 458 468 476 482 489 495 499 501 500 498 495 494 492 489 482 473 463 453 440 427 413 395 374 360 351 345 344 345 347 351 358 367 375 383 387 392 396 399 400 400 400 401 404 407 407 408 405 402 398 392 387 382 375 367 355 343 327 312 301 285 276 268 261 256 253 251 250 247 244 243 241 238 235 233 232 231 229 228 227 227 227 227 226 226 225 223 225 226 229 233 237 241 245 249 255 259 263 268 271 274 276 278 279 281 282 283 282 282 282 280 282 284 285 285 285 285 286 286 287 287 288 289 290 291 291 290 291 291 291 289 287 285 284 283 281 279 278 276 275 274 272 271 269 267 266 264 264 264 264 264 265 267 270 272 275 277 280 282 285 287 287 287 284 282 278 273 271 266 262 259 256 253 250 248 246 245 243 245 247 252 257 262 268 273 280 287 296 305 315 324 333 342 349 357 365 369 374 377 380 381 380 377 369 358 347 336 323 314 305 300 294 288 282 279 276 273 272 275 277 281 286 291 291 285 275 256 239 231 226 219 212 200 198 197 209 215 220 223 224 227 232 237 239 238 235 233 233 231 229 224 222 218 216 217 216 213 214 215 218 219 219 217 215 214 211 213
266 269 272 275 280 284 287 292 295 298 302 303 304 305 308 307 307 308 308 308 307 307 306 305 304 302 299 297 294 290 287 283 276 272 268 266 265 266 265 262 263 263 263 261 261 261 261 260 262 280 284 288 291 292 293 293 292 290 286 281 280 280 280 284 288 293 296 299 300 301 301 299 280 275 277 297 296 293 290 287 284 280 269 263 278 288 293 298 302 306 308 311 313 315 318 319 319 319 319 317 316 315 315 315 316 317 320 321 324 325 325 326 327 329 330 332 334 337 341 344 349 352 355 361 367 372 379 385 393 401 413 425 436 447 456 465 473 480 487 493 497 501 501 500 498 497 495 490 483 474 463 451 439 424 408 392 375 359 350 343 336 341 345 346 349 359 369 374 380 387 391 394 395 396 396 398 401 407 410 411 410 408 407 403 398 391 386 380 370 360 345 328 314 299 282 272 264 257 251 249 247 244 242 241 239 236 234 232 231 230 229 228 228 227 227 227 226 226 225 223 226 226 230 233 236 241 244 249 253 259 263 268 273 276 279 279 281 282 283 284 285 284 282 282 281 284 285 285 286 287 287 287 288 288 287 288 289 290 290 290 290 291 291 291 288 285 284 283 281 280 278 276 275 274 273 272 270 269 267 266 265 266 265 266 267 269 271 273 275 278 280 282 284 285 286 286 284 282 279 275 272 268 265 260 257 254 252 249 247 245 245 247 249 253 259 265 271 277 283 289 297 306 318 328 339 347 357 365 373 378 383 386 388 389 387 384 378 368 357 345 332 319 311 302 296 290 284 281 279 275 275 278 281 283 286 292 293 288 277 259 243 235 228 221 213 199 197 197 209 215 218 220 218 224 228 230 233 233 231 229 228 226 223 220 217 214 214 215 213 212 211 213 216 217 217 215 213 212 210 208
263 266 268 272 276 279 282 285 289 293 296 298 299 300 301 301 303 303 304 304 304 303 303 302 301 301 299 297 295 294 291 288 284 278 275 271 268 268 267 266 265 264 264 263 262 261 260 260 260 259 281 286 289 292 295 297 297 297 295 291 289 282 281 279 280 287 290 293 295 296 293 277 276 277 280 293 292 291 289 286 281 275 264 266 282 292 296 299 302 305 309 311 314 315 316 319 320 321 320 318 316 315 315 314 315 317 319 322 323 324 324 325 327 327 329 331 333 335 338 342 345 349 352 358 363 368 376 382 388 398 409 422 433 444 454 463 470 477 483 490 494 497 499 500 499 497 495 488 480 470 459 447 434 420 403 388 372 360 347 341 332 336 339 342 345 348 358 366 373 378 385 387 389 391 391 393 396 400 406 410 412 412 411 409 406 402 397 391 383 375 362 343 323 307 291 276 270 261 254 249 245 242 240 239 237 236 233 232 230 230 228 228 228 228 227 226 227 226 225 224 225 227 231 234 237 241 244 248 253 257 263 269 274 278 280 281 282 283 285 286 285 284 284 283 282 284 286 286 287 287 288 287 287 287 287 287 288 289 289 289 289 289 289 289 287 284 283 282 281 279 278 277 275 275 273 272 271 270 269 268 267 267 267 267 269 271 272 274 277 279 280 282 285 286 286 287 286 282 279 276 273 270 267 263 259 256 253 251 248 247 247 248 251 255 261 267 274 281 286 291 298 310 319 329 342 351 362 372 381 386 391 395 395 397 395 390 385 376 365 354 339 326 316 307 300 293 288 284 280 278 280 282 283 286 289 294 296 291 281 264 249 238 232 224 213 201 198 198 207 213 215 213 215 219 224 223 224 225 225 224 221 217 217 214 213 211 213 212 212 208 209 211 213 213 213 212 211 208 206 200
262 263 266 269 273 276 278 281 285 288 291 293 294 296 298 299 299 299 301 303 302 302 301 300 300 299 298 296 294 292 291 288 284 281 279 275 272 270 269 268 266 266 265 265 266 264 262 260 259 259 267 283 289 294 297 300 301 301 300 299 297 293 288 280 279 278 283 286 287 285 279 275 279 284 289 292 291 290 287 285 281 272 263 266 283 291 295 298 301 305 308 311 313 315 315 317 320 322 321 318 316 314 313 314 315 317 319 321 323 323 324 325 325 326 327 329 331 332 336 339 342 346 350 355 360 365 372 377 385 393 404 416 429 440 449 459 467 474 481 486 491 494 496 496 496 494 492 487 478 464 451 439 426 413 397 382 369 355 346 339 332 331 335 338 340 343 347 357 363 370 376 380 382 384 385 387 390 395 401 404 408 412 413 413 412 409 405 399 393 387 377 361 343 321 303 284 275 266 258 252 246 242 238 237 236 235 233 232 231 230 229 228 227 227 227 226 227 226 225 225 225 228 232 235 238 241 245 248 251 255 259 268 274 277 280 280 281 282 283 286 285 284 284 283 282 283 284 286 287 287 288 288 287 286 287 285 287 287 288 288 287 287 286 286 286 283 282 281 281 279 278 277 276 275 274 273 272 271 270 269 269 268 268 269 270 272 274 275 276 279 280 282 284 285 286 285 284 281 278 275 273 270 268 265 262 258 255 252 250 248 246 249 252 256 262 268 275 281 287 292 298 310 320 330 341 350 365 375 383 391 396 399 399 400 399 394 388 378 371 360 349 335 322 310 302 297 291 288 284 283 285 287 289 292 295 299 300 297 288 274 256 242 232 225 215 202 196 199 205 213 211 210 212 216 219 219 220 222 222 221 220 217 217 216 213 209 211 211 209 205 207 210 211 210 210 210 207 204 199 196
261 262 265 268 271 272 274 277 281 284 286 288 290 292 295 296 296 298 301 300 301 301 300 300 300 298 296 295 293 291 289 287 285 282 280 277 275 274 274 274 273 271 267 269 267 265 261 264 259 259 273 281 288 296 301 303 304 304 303 302 301 299 294 287 281 278 277 279 279 276 276 278 289 291 293 292 291 289 286 284 280 272 262 267 280 289 293 295 299 304 308 310 312 313 314 315 319 320 318 316 315 313 312 311 313 315 317 319 321 322 323 323 323 324 324 326 328 330 332 333 335 343 347 353 358 363 369 375 381 387 396 406 419 432 444 452 461 470 475 481 487 490 489 489 489 487 485 482 476 465 447 431 417 403 389 377 363 353 345 337 330 328 332 334 336 337 341 346 353 359 367 371 374 376 377 380 383 388 394 399 402 407 410 412 414 413 410 405 400 393 385 373 355 338 318 298 282 269 262 256 249 242 237 235 235 234 232 230 231 229 229 228 227 228 229 228 226 226 225 225 226 231 235 237 239 242 245 248 250 254 259 264 272 275 277 279 280 281 281 284 284 284 284 283 283 282 284 284 286 287 287 287 287 286 285 284 285 286 286 285 285 286 286 285 284 283 281 281 281 279 278 278 277 275 275 274 273 272 272 271 270 270 270 271 272 273 275 276 277 278 280 282 284 283 284 284 283 281 278 276 273 271 270 267 264 261 257 253 251 249 248 250 252 257 262 267 274 281 286 292 298 309 321 331 342 352 363 372 383 392 397 398 399 399 399 394 389 381 372 361 353 343 331 320 309 301 295 291 287 288 289 292 295 299 302 305 307 306 297 284 264 247 235 227 219 208 195 197 205 208 209 209 211 214 215 217 216 218 218 218 217 216 215 214 213 210 209 211 209 207 206 209 210 208 207 206 202 199 197 197
260 262 265 266 268 270 272 275 277 280 282 284 287 290 291 293 295 298 299 300 300 301 301 301 298 297 296 293 291 290 288 286 284 283 282 279 278 276 276 275 275 273 268 268 268 266 264 262 259 259 263 278 288 298 304 307 307 307 306 304 302 299 296 290 283 279 278 279 276 276 277 291 292 293 293 292 291 289 286 284 280 274 263 264 278 285 289 292 297 302 305 307 309 309 311 313 314 316 316 314 312 311 310 310 311 313 315 317 320 322 322 321 321 321 322 323 325 326 327 332 336 343 348 352 358 361 366 372 376 381 387 395 407 417 428 437 446 455 463 471 476 480 481 481 481 478 476 473 468 461 447 426 411 396 383 373 363 352 343 335 327 322 327 330 332 334 337 339 345 347 355 361 366 369 371 373 377 381 387 392 397 401 404 407 408 407 406 403 400 396 389 380 368 348 330 312 292 278 267 260 253 245 240 235 232 232 230 229 231 228 227 228 228 229 229 228 227 226 225 224 226 232 237 238 240 242 245 247 249 253 257 261 268 272 275 277 279 279 281 282 283 283 283 283 283 283 283 284 285 286 286 286 285 286 284 283 283 284 284 283 283 283 283 283 282 281 281 280 280 280 278 278 277 277 276 274 274 273 273 273 272 272 272 272 273 274 275 276 277 278 280 281 282 283 282 283 282 281 278 276 275 273 270 268 265 262 258 254 252 250 248 250 253 257 261 266 271 278 284 289 295 305 319 330 340 352 360 369 378 387 393 396 396 395 394 391 386 381 373 363 353 345 337 328 320 312 302 296 290 292 296 298 301 304 307 311 314 314 309 293 273 255 241 231 224 212 197 197 200 207 209 209 210 211 212 214 213 214 215 215 214 213 212 212 211 210 209 209 206 201 205 206 208 206 204 203 199 197 198 197
258 263 264 264 267 272 273 274 275 277 279 282 283 286 289 292 294 296 297 299 300 300 301 301 299 298 295 293 291 289 287 285 284 282 283 281 279 279 278 277 275 273 269 270 270 268 267 265 259 258 259 274 286 296 305 310 311 310 307 305 301 298 295 289 284 280 281 277 277 278 281 291 292 292 293 293 291 289 286 283 281 275 262 262 275 280 285 289 294 298 301 303 305 305 306 308 309 310 310 310 308 308 307 307 309 311 312 315 318 321 321 320 319 319 319 320 322 321 325 325 335 342 345 351 354 359 362 367 370 375 380 386 393 403 411 416 424 433 441 450 457 467 471 473 472 468 464 459 456 452 441 423 405 392 378 367 359 350 343 336 328 319 320 326 329 331 333 334 339 341 346 350 356 359 362 365 368 374 380 385 390 395 398 400 399 398 396 393 392 390 386 381 373 360 344 326 306 285 274 264 256 246 243 237 233 232 230 229 229 228 227 227 229 229 228 227 226 225 225 225 225 231 236 238 240 243 245 246 248 252 254 260 264 269 272 275 276 278 279 280 281 282 282 283 284 283 283 283 284 284 285 285 284 282 283 282 281 281 282 281 281 281 281 281 280 279 280 280 279 279 278 278 277 277 276 275 275 274 273 274 274 275 274 273 274 275 276 277 278 278 280 281 281 282 282 283 283 281 278 276 275 273 270 269 266 263 260 257 254 252 248 250 253 256 260 265 270 276 281 286 292 300 314 326 337 348 358 364 373 381 388 390 390 390 388 386 382 377 371 363 353 345 338 332 326 319 309 301 294 298 301 303 307 310 313 318 321 321 316 301 285 267 250 236 228 219 200 196 201 206 208 208 209 211 212 211 211 211 211 211 211 210 210 209 209 209 203 197 197 197 197 201 204 204 201 200 198 198 198 197
258 261 262 263 265 269 274 275 275 276 277 279 280 283 286 291 293 294 296 298 299 300 300 300 299 297 295 293 291 288 287 285 283 281 282 281 280 281 280 279 277 273 269 273 274 273 270 268 266 260 258 273 284 294 304 309 311 311 308 305 300 296 291 287 285 283 279 278 281 288 288 290 291 292 293 292 290 290 286 284 281 277 262 259 269 277 281 286 290 294 297 299 300 300 302 302 303 304 304 304 304 304 303 306 307 308 310 313 316 318 318 318 317 316 316 317 318 318 318 322 328 337 341 345 349 355 358 361 364 368 372 377 383 390 396 402 407 415 421 430 436 443 449 457 458 455 450 447 441 437 430 419 402 388 376 365 358 350 343 337 330 322 312 320 324 327 331 332 335 337 339 341 346 347 351 355 359 366 371 376 381 387 389 391 390 388 386 383 381 380 379 377 371 362 350 335 317 299 280 269 261 249 244 241 234 231 230 231 229 228 228 228 228 228 227 227 227 226 225 225 225 229 235 238 240 243 245 246 247 250 252 257 261 266 269 271 274 275 277 278 279 280 282 283 283 284 284 283 284 284 283 284 284 283 282 280 280 279 280 280 279 279 279 279 279 278 279 279 278 277 277 277 277 277 277 276 276 275 274 274 274 274 275 275 276 276 276 276 278 279 280 280 280 280 281 283 282 280 278 276 274 273 271 269 268 265 262 258 255 253 250 251 254 257 260 263 268 273 278 283 289 296 308 320 332 341 349 357 364 371 377 381 383 382 382 379 377 372 366 360 353 344 338 335 330 324 315 307 300 305 306 307 312 316 321 326 329 327 322 311 297 277 257 245 235 225 204 194 199 204 207 208 210 216 218 215 212 210 210 210 209 209 209 209 209 207 197 197 197 196 196 195 194 196 196 197 196 197 197 196
257 257 259 263 265 268 271 271 272 273 276 276 278 282 284 289 291 294 296 297 299 299 299 298 298 296 295 292 290 288 286 283 281 280 282 281 279 280 280 278 276 273 271 276 279 277 276 272 269 263 258 276 284 294 301 308 310 310 308 304 299 294 290 286 285 284 281 282 286 287 287 290 290 291 291 291 290 288 286 284 281 278 269 255 261 274 278 282 287 290 293 295 296 295 295 291 296 298 300 301 298 298 302 303 304 305 308 311 314 315 316 315 315 314 313 314 315 315 316 320 323 330 335 339 343 347 352 355 358 362 365 368 373 379 383 388 393 398 403 410 418 423 429 435 437 436 431 427 428 425 419 411 398 386 373 363 356 350 343 336 331 324 314 312 321 324 327 330 331 333 334 336 339 340 343 346 351 357 363 369 373 377 380 381 380 377 375 372 372 372 370 370 366 359 349 337 324 307 289 277 265 252 246 240 235 233 230 231 229 228 228 228 228 227 228 228 227 227 225 226 226 227 234 238 241 243 246 245 247 249 252 255 258 262 265 268 270 272 273 275 277 279 280 282 284 284 284 284 283 283 282 283 282 281 281 280 279 279 278 278 277 278 278 278 277 277 277 278 278 276 277 277 277 277 276 276 276 276 275 275 275 275 276 275 276 276 277 277 278 279 279 279 280 279 281 282 281 280 278 275 274 273 271 270 269 266 263 259 256 253 251 251 254 257 260 263 266 270 274 280 285 290 299 313 324 333 342 348 355 363 366 370 374 375 377 376 373 367 362 357 349 343 338 335 330 325 317 309 308 310 311 315 320 326 331 335 335 332 325 315 301 284 269 254 242 221 208 198 196 203 205 206 208 210 212 212 212 209 209 209 208 209 209 208 206 198 198 197 196 193 193 194 193 195 194 193 193 192 193 194
254 258 263 265 265 267 268 269 270 271 274 276 277 279 284 287 290 292 295 297 299 299 298 297 296 295 293 291 289 287 285 283 281 280 282 280 278 277 278 278 275 272 273 281 284 287 283 279 273 268 259 276 287 293 301 307 309 308 307 303 299 294 290 288 286 285 282 285 285 286 287 289 289 289 290 289 289 287 286 283 281 280 271 256 254 265 274 277 280 284 287 288 290 286 280 280 285 291 295 289 298 300 300 301 302 303 306 310 311 312 313 313 312 311 311 312 311 309 313 316 319 322 327 333 336 340 345 348 353 355 358 361 363 368 372 375 379 384 388 393 398 403 408 414 416 415 413 412 412 411 409 402 392 381 370 362 355 348 342 335 329 323 316 305 315 321 324 327 328 329 330 333 333 335 337 341 344 348 355 360 363 367 369 370 369 366 364 362 361 361 362 362 359 353 346 337 326 312 298 284 272 258 247 241 235 233 230 228 228 227 228 228 228 228 229 228 227 226 225 226 226 227 232 237 241 244 249 246 245 248 250 253 256 260 262 264 267 269 270 273 275 276 279 282 283 284 284 283 283 281 282 280 281 280 280 280 280 280 279 277 276 277 276 276 277 275 276 276 276 275 275 276 277 275 276 277 277 276 276 276 276 276 276 276 277 277 278 278 278 279 279 279 280 281 281 281 280 279 277 275 275 274 272 271 269 267 264 260 258 255 253 252 254 257 259 263 265 268 272 277 280 286 293 302 312 322 330 338 344 350 356 363 366 369 371 372 370 364 359 353 347 341 337 333 331 325 318 314 314 315 318 325 330 335 340 341 340 335 326 315 303 289 274 262 251 241 224 208 195 197 203 204 205 207 207 209 209 209 208 208 208 206 206 201 198 198 195 194 194 198 198 197 197 196 196 195 195 195 194 194
254 261 268 268 267 267 267 267 269 270 272 273 277 281 283 284 287 290 293 296 297 297 297 296 294 293 291 290 289 286 284 282 280 280 281 278 275 275 273 275 274 272 278 284 287 288 287 284 277 272 262 270 287 295 302 308 309 308 307 302 299 296 292 290 289 286 283 283 284 284 284 284 286 287 289 288 287 285 284 282 280 280 276 266 256 253 263 271 277 277 279 279 277 277 277 278 278 280 287 294 295 296 297 299 300 302 304 306 308 309 310 310 309 309 309 308 308 306 310 312 315 318 322 327 331 333 338 340 343 346 350 351 354 357 361 363 366 370 373 376 382 385 389 393 396 396 394 394 397 397 396 390 383 374 366 359 351 345 338 333 327 321 314 305 303 314 318 322 324 325 327 328 329 330 330 333 336 339 347 351 353 355 357 358 357 354 352 350 349 349 349 349 348 345 340 333 324 314 302 289 277 265 252 243 236 232 232 230 228 229 228 229 229 228 229 228 227 224 226 225 226 227 230 236 240 244 248 247 245 246 248 251 253 256 259 262 264 266 268 270 273 275 277 281 282 283 285 284 282 282 280 280 280 280 279 280 279 279 277 276 275 276 274 274 274 274 274 274 274 274 274 276 276 275 275 276 276 276 276 277 276 276 277 277 278 278 278 278 280 280 280 281 281 280 280 280 279 279 278 276 275 274 271 271 270 267 265 262 259 256 254 253 254 256 259 261 264 266 270 273 277 282 287 295 302 310 317 326 332 339 346 353 359 364 369 369 367 362 356 351 345 340 335 332 328 324 320 321 319 323 328 334 340 344 347 346 343 336 326 315 302 290 277 269 261 254 241 225 211 199 194 195 197 197 198 199 206 207 206 206 206 203 200 199 197 195 195 196 198 198 198 198 199 202 204 197 195 196 195 195
256 260 263 264 267 269 268 268 268 269 270 271 276 280 281 283 285 288 290 293 294 295 295 294 293 291 290 289 288 287 285 283 281 279 278 276 275 273 273 273 273 272 279 284 288 289 287 282 277 271 260 263 285 298 304 306 308 308 307 303 299 295 293 290 289 286 285 283 282 282 284 284 284 285 287 285 284 283 282 281 281 280 279 264 266 254 253 261 269 275 276 274 278 277 280 277 279 279 281 284 292 291 295 296 298 300 302 304 304 306 307 307 306 306 304 305 302 305 308 309 312 315 317 321 325 329 331 330 334 337 340 341 342 344 345 348 351 354 359 362 365 370 373 376 378 379 377 378 382 382 381 379 374 367 360 353 348 340 336 331 324 318 313 305 294 301 313 317 319 321 322 323 324 324 324 328 332 334 337 340 341 343 343 344 345 343 341 338 336 335 336 336 336 333 330 325 318 309 302 291 279 269 256 244 237 232 230 228 228 228 229 229 229 229 229 228 226 226 226 226 226 227 229 233 239 243 247 246 244 245 246 248 251 254 257 259 261 263 265 267 270 273 275 278 281 283 284 284 282 281 279 279 278 278 279 279 278 277 277 275 275 273 272 273 273 272 273 274 273 273 273 275 274 274 275 276 276 277 276 276 276 277 277 277 278 278 279 280 280 280 281 281 280 280 281 281 281 280 277 275 275 273 271 270 269 268 265 263 260 258 256 255 253 256 259 261 264 267 269 272 276 280 285 290 296 303 309 317 325 332 340 348 355 364 370 370 367 362 356 350 345 339 335 331 329 324 324 326 327 327 336 343 349 353 353 350 345 337 326 315 303 293 285 278 272 267 256 246 236 225 213 200 198 197 194 194 194 197 204 203 201 200 195 194 194 199 199 196 196 200 202 204 204 205 209 206 203 204 206 207
254 257 260 261 263 264 264 266 270 270 272 274 276 277 279 280 283 286 289 290 291 293 293 292 290 291 289 288 286 286 284 284 284 282 279 276 274 274 273 273 272 273 278 283 286 287 284 280 274 268 259 258 269 296 300 305 305 304 306 301 300 296 293 290 289 286 286 283 283 281 282 283 282 283 284 283 283 283 283 284 282 279 275 272 277 262 253 251 258 267 271 275 278 279 280 281 286 282 280 280 281 291 292 293 295 298 300 300 301 303 303 303 303 302 301 296 300 303 305 307 309 312 313 316 320 324 326 325 325 327 330 330 332 333 334 335 339 339 343 346 349 355 358 361 364 364 362 362 366 367 368 367 363 358 353 347 342 336 332 327 321 316 312 305 291 294 305 310 314 315 316 317 319 318 319 321 322 324 327 330 330 330 328 330 331 327 326 324 322 320 324 326 326 323 319 314 307 300 294 288 279 269 256 245 237 232 228 228 227 227 226 227 229 229 229 227 226 226 226 226 227 226 228 231 237 240 244 245 243 243 245 247 250 253 254 256 258 260 263 265 268 271 274 276 279 281 284 284 281 280 279 278 277 277 277 278 277 277 276 275 274 272 272 273 272 270 271 271 271 271 272 273 273 274 275 275 275 277 276 276 277 278 278 277 278 278 279 280 280 280 280 281 281 281 281 281 281 279 278 276 275 273 272 271 270 269 266 263 260 259 257 255 254 257 259 261 264 267 269 272 275 279 283 287 294 300 305 314 320 328 336 344 355 364 370 371 368 364 356 350 344 340 336 333 330 326 328 330 332 338 345 353 358 361 360 356 349 340 328 317 309 300 293 288 283 277 269 257 248 239 232 224 214 204 200 199 198 196 194 194 194 194 194 201 201 201 200 198 197 201 204 205 208 206 213 211 209 206 204 205
253 254 256 260 263 262 261 262 265 268 270 273 274 273 276 278 281 283 285 287 289 291 291 290 289 289 288 287 286 285 284 284 284 281 278 275 276 275 273 272 273 274 279 282 283 283 282 278 272 266 256 258 262 283 297 301 304 303 303 301 299 297 295 291 289 287 286 285 282 281 282 283 283 283 282 283 285 286 286 287 286 283 279 277 278 275 261 253 252 254 258 269 275 280 280 283 286 287 282 278 278 282 287 291 288 280 283 291 298 299 297 300 299 298 297 289 298 300 303 304 306 308 310 313 316 317 320 321 321 321 321 321 323 323 325 326 327 329 333 336 338 339 345 348 350 350 351 350 353 355 356 356 354 351 346 342 336 332 328 324 318 314 310 304 291 290 303 307 309 310 311 312 314 313 313 314 316 317 316 318 320 320 320 319 317 315 313 311 311 310 314 315 315 314 310 304 297 289 285 279 273 263 255 246 238 231 229 228 227 228 229 228 228 229 229 226 226 226 226 227 228 227 228 230 235 237 241 243 243 242 242 245 247 250 252 254 256 259 261 264 266 269 272 274 277 280 282 283 282 280 279 278 275 275 276 276 276 276 275 275 273 273 271 270 270 270 269 269 270 270 270 271 272 273 274 275 276 277 275 276 277 277 278 278 278 279 280 279 281 281 280 280 281 280 281 280 280 279 278 277 275 274 272 272 270 269 267 264 261 259 257 255 254 257 259 261 263 266 269 271 275 278 282 287 292 297 305 312 318 326 333 342 353 364 371 374 371 366 359 352 346 340 336 334 332 331 332 334 339 347 354 361 366 368 368 362 354 344 334 323 317 309 303 296 291 283 275 267 257 248 241 234 228 222 211 204 200 201 200 202 204 207 209 209 207 206 203 200 200 199 205 206 210 214 215 212 211 209 205 206
250 251 254 258 261 261 260 262 263 266 269 272 272 270 273 274 278 282 283 284 287 288 287 288 288 287 286 285 285 285 284 284 284 280 277 275 274 274 274 274 275 277 280 282 283 282 281 277 271 263 256 258 261 279 295 298 301 302 301 300 298 296 293 292 290 287 286 285 283 282 282 282 283 283 284 286 289 291 290 290 289 287 284 281 279 278 273 264 253 251 254 264 270 276 279 282 285 287 286 280 277 276 276 275 275 275 274 274 280 290 288 296 295 293 292 289 295 297 301 302 303 304 307 309 310 312 313 315 316 316 316 315 317 318 317 319 319 319 323 325 328 329 332 334 336 338 338 339 340 343 345 345 344 343 338 334 331 327 324 320 315 311 307 302 292 283 297 301 304 306 308 307 309 309 308 308 309 309 307 310 312 312 311 309 308 305 302 300 299 298 300 303 306 303 300 294 286 283 277 271 264 258 252 244 233 230 228 229 227 229 229 228 227 229 229 225 227 226 226 227 227 229 228 229 232 236 238 241 241 241 241 242 244 247 250 252 254 256 259 262 265 269 272 275 276 277 280 281 280 278 277 276 275 274 275 275 275 274 274 273 272 270 269 269 268 269 269 268 269 269 269 271 270 271 274 273 274 276 275 276 277 277 278 278 279 279 280 280 280 281 280 280 281 281 281 279 280 279 278 276 274 273 272 270 269 267 265 263 261 260 258 256 255 257 259 261 263 266 268 272 275 278 282 287 292 297 304 311 315 323 331 340 354 364 372 376 374 368 361 355 349 342 338 335 332 333 335 338 344 352 360 366 371 376 375 370 363 353 345 335 327 320 313 306 298 290 281 273 266 256 248 241 235 230 226 222 219 219 218 218 219 221 220 215 213 211 207 203 199 200 205 207 212 215 217 213 210 207 207 210
249 250 250 254 255 258 259 261 263 266 269 272 271 269 271 273 277 280 279 281 283 284 284 285 285 284 284 284 284 284 283 283 282 279 277 275 274 274 274 273 275 276 280 282 283 282 280 276 269 258 256 261 260 284 293 298 299 300 300 300 298 295 293 292 290 288 286 285 285 283 284 282 283 283 288 291 292 293 293 292 291 289 287 285 282 279 278 274 266 254 250 259 264 268 274 278 283 286 287 285 280 281 286 288 290 291 287 273 271 273 280 291 292 290 284 289 292 295 297 299 301 303 304 305 306 307 309 310 312 312 311 311 311 311 312 312 312 313 316 315 318 319 322 324 327 328 328 330 330 331 333 334 335 334 330 328 326 324 320 316 312 308 304 299 291 279 288 295 299 303 305 307 308 306 304 301 301 301 300 301 303 304 301 300 299 297 294 291 292 288 289 292 293 290 285 281 277 272 269 263 256 253 248 237 236 228 229 228 227 228 228 227 228 226 228 225 227 226 226 227 228 228 227 228 231 234 237 239 240 239 240 241 242 246 248 250 252 254 256 260 264 267 270 275 275 277 277 279 279 277 276 275 273 272 271 273 273 274 273 272 270 269 268 268 268 267 267 268 267 267 268 269 269 270 272 272 274 274 275 275 276 277 277 278 278 279 279 280 280 281 280 280 280 280 280 279 279 279 277 275 274 273 271 269 268 267 265 263 262 260 259 258 256 257 259 261 263 266 268 272 276 278 282 286 290 296 302 311 316 322 331 339 355 365 372 378 377 373 364 359 353 347 340 336 334 333 337 340 346 355 363 367 373 378 381 378 372 364 354 347 340 332 323 316 307 299 289 280 271 264 255 247 242 237 233 229 228 226 228 229 227 227 226 221 218 215 209 206 200 201 205 208 212 217 217 213 208 206 208 211
250 249 249 249 250 255 257 260 262 264 266 267 268 267 269 272 276 276 276 277 279 281 282 282 282 282 282 284 283 283 282 282 282 281 277 274 272 273 273 273 274 277 278 282 283 282 280 277 270 258 259 262 260 284 292 297 298 299 299 298 298 295 293 291 290 289 287 284 284 284 284 282 283 286 289 292 294 295 295 294 293 292 289 288 285 283 280 276 272 263 251 250 255 260 262 269 277 283 286 285 284 285 287 288 288 290 291 291 278 273 267 283 287 286 278 286 285 292 297 300 301 302 302 302 302 303 305 307 308 308 308 308 307 307 307 307 306 307 309 311 311 313 315 316 319 319 320 319 319 319 321 323 324 324 323 321 319 319 316 312 308 304 301 294 283 276 277 289 295 300 303 305 305 305 301 295 295 294 293 294 294 293 293 292 290 287 284 282 283 283 281 280 280 278 275 268 265 264 259 255 246 242 234 230 229 229 229 228 228 230 229 228 228 228 226 226 227 226 227 228 228 228 228 229 230 232 234 237 239 238 239 239 241 243 246 248 250 252 254 258 262 265 268 272 273 274 275 276 276 276 275 274 271 270 270 271 271 271 272 270 269 268 267 266 265 266 267 266 266 266 267 268 269 270 269 270 272 273 274 275 275 276 276 277 278 279 279 280 280 280 280 280 279 279 280 279 278 277 277 275 274 272 271 269 268 267 266 264 262 261 260 259 257 257 259 261 263 265 268 271 275 278 282 286 290 296 302 309 315 323 331 342 356 366 374 378 379 373 367 362 358 353 346 340 337 335 336 340 344 354 362 369 374 380 385 385 380 373 366 359 351 342 335 326 317 306 297 287 278 270 261 252 247 243 239 236 234 232 233 233 232 231 230 225 221 219 212 208 202 202 205 207 213 217 215 212 208 208 211 214
250 250 249 248 249 250 255 258 260 262 263 264 265 265 266 271 274 275 274 274 276 278 278 279 280 281 281 282 282 281 281 281 280 279 276 273 271 273 273 274 275 278 281 283 283 282 281 277 271 262 257 257 273 282 289 295 296 297 297 296 295 294 293 292 290 289 287 285 283 284 285 283 285 287 290 292 294 295 295 295 295 294 291 290 288 286 283 281 278 273 262 252 249 253 253 256 265 278 282 284 285 285 287 288 287 287 289 289 290 289 275 268 276 281 275 286 291 295 298 299 300 300 300 301 301 302 303 303 303 304 304 304 303 302 303 302 302 302 301 304 304 304 308 309 309 310 312 312 310 308 310 311 312 314 314 311 312 312 309 306 303 300 297 291 284 278 276 280 290 295 302 304 305 303 298 289 290 289 286 285 287 286 285 283 281 279 276 275 275 275 272 272 268 264 263 262 258 254 250 244 235 235 231 230 229 229 228 228 228 227 229 229 229 228 226 226 227 227 228 229 229 229 228 229 228 230 232 235 236 237 237 238 240 242 244 246 248 250 252 255 259 262 265 267 269 270 271 272 273 274 274 272 270 269 269 268 269 269 270 268 268 267 266 265 264 264 264 264 264 265 265 267 268 268 268 270 270 272 272 274 274 275 276 276 278 278 278 278 279 279 280 280 280 279 280 279 278 277 277 275 274 272 271 269 268 267 266 264 263 261 259 259 258 257 258 260 262 265 267 270 274 276 280 285 290 296 302 308 315 325 335 345 358 367 374 378 378 375 374 366 362 359 354 347 342 338 337 339 343 351 360 369 376 382 389 391 387 381 374 367 359 351 344 336 326 316 305 294 286 277 267 259 251 247 244 240 238 235 237 236 235 234 232 227 224 221 215 210 202 203 206 209 213 214 215 210 208 210 213 216
252 250 249 249 249 248 248 251 257 260 260 261 262 263 265 270 274 273 273 272 274 275 275 276 277 279 279 279 279 279 279 279 279 278 275 272 272 273 274 276 278 281 283 284 284 285 283 280 273 262 256 257 270 278 287 292 295 296 296 294 294 291 292 290 290 288 286 284 283 283 283 284 285 288 290 292 294 294 295 295 295 294 292 291 289 288 286 284 282 278 274 266 258 248 249 248 254 266 277 280 280 284 286 287 288 287 286 287 287 274 268 262 273 271 284 289 293 296 298 300 300 299 299 299 299 300 300 299 300 301 301 302 299 299 298 297 297 296 297 296 296 296 298 299 301 302 304 303 302 300 300 299 301 303 304 304 304 304 302 300 296 294 292 289 284 279 272 271 281 290 297 301 303 303 299 289 281 282 280 278 279 278 276 275 273 271 269 269 268 265 264 264 260 257 253 251 250 245 239 233 234 231 232 230 230 229 228 228 228 227 228 229 229 229 227 224 226 227 229 230 231 230 229 230 229 228 230 233 235 236 236 237 238 240 243 245 247 248 250 252 256 259 262 265 266 268 270 272 272 273 272 270 269 267 268 266 267 267 267 267 266 265 265 263 263 263 263 264 263 264 264 265 265 266 267 268 269 271 271 273 274 274 275 276 277 278 278 278 279 280 280 279 279 279 280 279 278 278 277 276 274 272 270 269 268 267 266 265 263 262 261 260 259 258 258 260 262 264 267 269 272 276 280 285 290 296 302 309 316 327 337 348 357 366 374 380 380 378 374 369 367 365 360 354 348 342 339 339 342 347 359 367 375 384 392 395 392 387 381 374 367 359 352 343 333 322 310 300 292 284 275 266 257 251 247 245 241 240 240 239 237 237 234 230 226 221 216 211 204 203 208 210 214 213 212 209 211 214 214 217
254 253 251 249 249 249 249 249 252 257 257 258 259 261 265 270 273 271 270 270 272 271 272 273 274 276 276 276 276 277 277 277 276 276 273 271 270 271 274 278 281 283 285 285 286 285 284 281 278 259 257 260 265 275 284 289 292 294 294 293 292 290 290 289 288 287 285 284 283 282 284 284 286 288 290 292 293 294 294 294 294 293 293 291 290 288 287 286 285 283 279 276 269 261 248 247 248 257 265 272 275 281 285 286 287 287 284 285 285 273 257 257 266 277 285 290 294 297 299 301 300 299 298 298 298 298 297 298 297 298 298 298 297 296 295 293 292 292 291 291 291 291 292 294 294 295 296 296 295 295 292 292 294 295 295 295 295 295 294 291 290 289 286 283 280 275 269 265 274 284 290 297 300 299 292 283 277 277 275 271 271 271 271 266 267 264 263 262 259 258 257 255 254 250 247 246 243 237 234 235 231 229 230 230 230 229 228 228 229 229 229 229 227 226 225 226 227 228 230 231 232 232 231 230 230 229 229 231 233 234 235 236 237 239 241 244 245 246 248 250 253 256 259 262 264 266 267 268 269 269 269 268 268 266 266 265 265 264 266 265 264 264 264 263 261 262 262 261 262 263 263 263 264 264 265 267 267 269 269 271 273 273 274 274 275 277 278 278 278 279 279 280 278 279 280 279 279 279 277 275 274 272 270 270 269 268 267 265 264 263 262 261 260 259 259 260 262 263 266 268 271 274 279 284 289 295 301 309 317 327 338 349 358 366 374 380 382 379 376 374 373 371 368 361 354 347 342 341 342 347 353 363 371 382 388 393 393 391 387 383 376 366 359 349 338 326 316 306 298 290 281 273 264 257 252 248 246 244 243 242 240 239 234 231 226 221 216 211 204 206 209 211 214 212 212 211 214 217 218 219
257 255 253 251 251 249 249 248 249 252 254 254 255 261 265 268 270 268 268 267 268 268 270 270 273 272 274 272 273 273 273 274 273 273 272 270 270 270 274 278 283 286 288 288 287 286 284 281 278 270 256 260 264 270 279 285 290 291 292 290 289 288 287 286 286 285 284 284 283 283 283 285 286 288 290 292 293 294 294 294 293 292 292 291 289 289 288 287 286 284 282 279 275 267 249 247 246 247 259 265 267 276 280 283 284 284 283 283 283 280 266 255 260 268 284 292 296 298 300 301 301 301 300 299 297 296 296 296 294 293 296 295 293 294 293 289 289 288 287 286 285 287 288 288 290 293 292 290 289 288 287 287 287 288 288 288 288 287 287 287 284 282 279 276 274 271 264 259 269 276 281 288 289 287 281 277 276 269 269 266 263 263 263 259 258 256 254 253 251 251 248 248 248 244 243 241 237 236 233 231 230 230 229 229 229 229 228 230 230 230 229 228 227 225 226 226 228 229 232 232 234 235 234 233 232 230 229 230 231 233 234 235 236 238 240 242 243 245 246 249 251 253 256 258 261 262 264 265 266 268 267 267 267 264 265 263 263 263 263 263 263 263 262 261 261 260 260 260 261 261 261 262 262 263 263 266 266 267 268 269 270 272 273 274 274 275 277 277 277 278 278 278 278 279 279 279 278 278 277 275 273 272 271 270 269 268 267 266 265 264 263 262 261 261 261 260 262 263 265 268 271 274 278 282 288 294 301 308 316 324 337 347 358 365 372 376 380 380 378 377 376 375 372 365 359 353 347 343 343 347 351 357 369 378 385 388 386 391 393 389 380 370 363 356 345 332 321 311 301 294 286 279 270 261 256 251 249 248 246 244 243 239 234 231 225 220 215 206 209 209 212 212 214 215 217 218 216 220 221 222
259 258 257 253 252 250 249 248 249 248 249 253 254 256 259 264 265 266 265 265 266 266 266 268 271 271 270 269 270 270 271 271 271 270 271 271 272 273 274 280 285 287 289 287 286 285 284 282 278 276 259 256 260 260 271 281 285 287 287 287 287 287 285 285 285 285 284 284 284 284 285 286 287 289 290 291 292 292 292 292 292 292 292 291 290 289 288 288 287 286 284 281 278 273 266 257 246 246 246 258 260 265 272 278 281 281 281 280 279 274 253 254 262 282 290 295 298 300 302 303 303 302 302 300 298 296 295 294 292 291 293 291 291 291 290 286 285 285 284 281 281 282 283 283 287 288 286 284 284 284 282 281 280 280 281 281 280 279 277 279 277 276 274 271 270 267 262 252 265 270 274 277 278 277 273 270 267 260 258 257 254 253 252 249 249 246 245 245 244 243 242 243 242 240 237 236 234 231 231 230 229 229 229 229 229 229 229 230 230 230 229 227 225 226 226 228 229 231 233 234 236 237 236 236 234 233 231 230 230 231 233 234 235 236 239 240 242 243 245 247 249 250 253 255 258 260 261 262 263 265 265 264 263 263 262 261 260 261 261 261 261 261 260 260 261 260 258 259 259 260 260 261 260 261 263 263 264 265 267 267 268 270 271 271 272 274 276 276 277 278 278 277 278 278 279 278 277 277 277 276 273 272 271 270 269 268 267 266 265 264 264 263 263 262 262 262 262 263 265 267 270 274 277 281 287 293 300 307 314 322 333 344 355 364 370 375 380 381 380 379 379 377 374 367 362 357 352 346 345 345 349 352 361 373 379 381 384 386 390 387 381 372 364 356 348 337 323 313 304 297 289 282 274 265 258 254 251 252 249 246 243 240 237 230 224 219 215 208 211 214 214 214 215 217 219 218 218 220 223 225
261 261 258 257 258 254 251 249 249 248 248 251 251 254 256 259 261 260 262 262 263 262 264 269 270 269 266 265 266 268 268 270 269 268 271 270 273 273 276 281 286 288 288 288 286 285 284 282 280 276 266 256 256 262 261 265 280 281 283 284 284 285 284 284 283 284 283 284 284 286 286 287 289 290 291 291 291 291 292 292 292 292 292 290 290 289 288 288 287 287 285 283 280 276 271 265 255 246 245 244 251 258 261 264 275 276 276 275 269 253 250 269 286 291 295 299 301 303 304 305 306 305 303 302 300 298 296 294 293 291 292 290 289 288 286 284 283 282 280 279 278 278 280 280 282 282 281 282 281 278 277 276 275 276 275 275 274 272 271 271 272 269 268 266 264 262 260 250 258 263 266 267 267 267 264 261 258 249 248 248 246 243 242 241 241 237 237 236 236 236 237 236 236 236 236 231 230 229 229 229 229 229 229 228 229 230 231 231 230 229 225 227 226 227 228 230 230 232 234 236 238 239 239 239 237 236 234 230 230 231 232 233 234 235 238 239 240 242 243 245 246 248 251 253 255 256 259 260 260 262 263 262 262 262 261 260 259 258 258 259 258 258 258 258 259 258 257 258 258 258 258 260 260 260 261 262 263 264 265 266 267 268 269 270 271 273 275 276 276 276 277 277 277 279 279 277 277 277 277 275 273 271 271 270 269 268 267 266 266 265 265 265 264 263 263 263 262 264 266 267 270 273 277 281 286 292 298 306 310 319 328 340 351 360 367 373 379 380 380 379 377 375 371 366 362 358 355 351 348 347 348 350 355 365 374 377 380 381 380 380 376 369 361 355 348 339 327 315 307 299 291 285 277 268 260 256 256 255 251 248 245 242 238 230 224 219 216 211 214 216 217 217 219 218 219 220 222 223 225 228
264 262 261 262 261 257 255 252 250 249 248 249 248 250 250 250 255 256 257 258 258 257 264 268 268 264 262 262 264 266 268 269 268 267 271 270 273 274 277 282 286 288 288 288 286 285 283 282 280 277 274 259 254 262 262 262 269 278 280 281 282 283 282 283 283 283 284 283 286 286 286 287 292 293 291 291 291 291 291 291 292 292 292 290 290 289 288 288 288 286 286 285 282 279 274 267 264 256 248 245 244 247 254 256 260 264 269 267 261 247 256 281 289 295 299 301 304 306 307 308 309 308 307 306 304 302 299 297 294 292 290 288 287 286 283 282 281 279 277 276 275 276 277 276 277 276 278 277 276 274 273 272 271 271 269 267 267 265 265 265 265 265 263 262 259 258 257 249 251 255 257 257 257 256 253 251 247 242 241 238 236 235 232 230 229 228 229 230 230 230 230 230 227 228 231 230 229 229 229 229 229 229 229 230 230 230 230 230 229 227 227 226 226 228 230 231 232 234 235 238 240 242 243 243 241 240 237 233 230 230 231 232 233 235 237 238 239 240 242 243 245 246 249 250 252 253 255 256 257 259 260 260 261 260 259 258 256 256 256 256 256 256 256 256 257 255 255 256 256 257 257 257 257 259 260 260 262 262 264 264 265 267 268 268 270 271 273 274 274 274 275 276 276 278 278 277 277 277 276 275 273 272 270 270 269 268 268 268 267 266 266 265 265 265 264 264 264 265 267 268 270 272 276 281 286 292 297 305 309 315 324 332 342 352 361 369 376 376 376 375 374 372 367 364 362 358 355 353 350 348 347 349 352 356 365 371 374 373 369 369 367 361 357 350 345 337 328 318 309 301 292 285 277 269 262 258 257 255 251 248 246 243 238 230 223 219 215 212 218 219 219 220 221 220 221 223 225 226 228 232
267 265 265 266 262 262 260 257 254 250 249 248 248 249 248 248 248 250 252 253 253 257 263 265 264 261 260 262 263 266 265 264 267 264 268 272 274 276 279 283 286 287 287 288 287 285 283 281 278 277 274 265 255 260 263 261 263 267 270 274 279 281 280 280 281 281 283 283 286 289 291 292 292 292 291 290 290 290 290 291 292 292 291 290 290 290 289 289 289 287 288 285 284 281 277 273 268 262 257 250 245 244 242 248 251 257 258 251 246 249 274 282 287 293 300 302 306 309 311 312 311 311 310 309 307 305 303 300 297 292 288 287 285 284 282 281 280 277 275 272 272 274 274 272 272 275 275 274 273 271 269 268 266 265 264 264 262 259 260 261 260 260 258 258 256 255 252 250 244 249 250 249 246 238 238 236 232 232 231 231 231 230 230 228 230 230 229 229 229 229 229 229 229 230 231 230 229 229 229 229 229 231 231 230 230 230 230 228 227 227 227 226 227 229 232 232 233 234 236 238 241 244 245 246 247 243 239 236 232 230 230 231 232 234 236 237 238 239 240 242 244 244 247 248 250 251 252 253 254 256 257 258 257 257 257 256 254 254 253 254 254 253 254 254 255 253 252 254 254 255 255 255 256 258 258 259 260 261 262 263 264 265 267 268 269 270 271 271 273 273 275 276 276 276 276 276 276 276 275 274 273 272 271 270 270 269 269 268 267 267 267 266 267 266 266 265 265 265 267 269 271 273 276 280 286 291 297 302 308 314 322 329 337 345 353 362 368 370 371 371 369 367 364 362 359 357 355 353 351 349 347 348 350 353 359 365 367 366 363 358 352 348 345 341 337 332 324 316 309 300 292 284 276 268 263 260 258 255 252 248 245 243 237 228 221 219 214 216 221 221 220 221 222 222 223 226 227 229 233 238
271 268 269 268 267 267 265 260 257 255 251 247 248 247 247 248 247 248 247 249 250 255 260 263 260 258 259 262 265 266 262 261 264 262 268 272 273 279 281 284 286 287 287 286 286 284 282 280 277 276 274 270 257 256 259 258 260 264 267 267 270 277 277 278 279 280 283 285 288 290 292 293 292 290 290 289 288 288 289 289 291 291 290 289 289 288 288 288 288 289 287 286 284 283 280 277 272 268 264 259 254 247 243 242 242 243 249 243 248 256 269 276 282 291 298 302 307 309 311 312 313 313 313 312 310 308 306 303 300 296 293 289 281 283 281 280 278 275 272 270 271 272 270 269 269 272 271 271 270 268 266 264 262 262 261 260 258 256 254 254 256 256 255 254 253 251 249 245 241 243 241 238 237 231 231 231 230 231 230 228 229 228 230 230 230 230 230 230 229 229 229 229 229 229 229 229 229 229 229 228 229 229 230 230 229 229 228 227 227 228 227 228 229 229 231 232 233 235 236 239 242 245 248 249 249 245 242 238 235 233 231 230 232 233 235 236 237 238 239 241 242 243 245 246 248 249 250 251 252 253 254 255 255 255 254 254 253 252 252 251 251 251 251 252 253 252 251 252 253 254 254 254 255 256 257 258 259 260 260 262 262 264 265 266 267 268 270 270 272 273 274 274 275 276 276 276 276 276 275 274 273 272 271 271 270 269 269 268 268 268 267 268 268 268 267 267 267 267 268 270 272 274 277 281 286 292 297 302 308 314 322 329 335 341 347 354 361 362 363 366 365 362 361 360 357 355 354 353 351 349 347 348 349 350 355 359 361 360 355 349 344 338 333 330 327 324 318 313 306 298 290 282 275 268 265 261 258 254 251 248 246 241 233 226 219 215 214 219 222 222 222 222 223 224 226 228 230 233 238 240
273 272 271 270 269 269 269 265 261 259 253 250 248 247 248 248 248 248 248 247 248 250 251 255 253 258 261 262 262 259 258 258 259 265 270 271 275 279 282 285 286 286 286 286 284 282 281 278 277 275 274 271 262 254 255 254 259 257 264 267 268 270 272 275 277 281 285 287 289 290 290 290 291 290 290 289 287 287 287 287 288 288 287 287 286 285 286 285 285 285 285 285 286 284 282 280 277 273 269 266 263 258 254 248 243 241 242 243 247 259 264 267 267 278 291 299 304 307 309 311 313 314 314 313 312 311 309 306 303 299 295 290 279 281 281 278 270 272 269 266 271 268 267 266 267 267 268 268 267 265 264 261 259 257 258 257 255 252 251 250 250 251 250 250 249 246 241 241 240 238 236 234 231 230 231 230 230 230 230 230 230 229 231 231 230 231 230 230 230 230 229 229 229 229 229 229 229 228 229 229 229 229 228 228 228 227 227 227 228 228 228 230 232 230 231 233 234 236 237 240 243 246 249 251 250 248 245 242 238 235 233 231 231 232 234 236 237 238 239 239 240 242 243 244 246 247 248 248 249 250 252 253 253 252 252 252 251 251 250 250 249 249 249 250 251 251 250 250 251 252 253 253 254 254 255 256 257 259 259 261 261 263 263 264 265 266 268 269 270 272 272 272 273 275 275 276 276 276 275 274 273 272 271 271 271 270 269 268 269 269 269 269 269 269 269 268 269 269 269 271 273 276 279 282 287 292 300 305 310 316 323 328 335 340 345 351 356 357 359 360 361 360 359 358 357 355 354 353 351 349 348 348 348 350 352 355 356 355 350 343 338 332 326 322 318 314 310 306 301 294 288 280 273 268 264 261 257 255 252 249 245 238 232 225 221 216 217 221 223 223 223 223 225 226 228 230 233 237 241 243
276 275 274 273 272 272 271 268 265 262 257 250 249 249 249 248 248 247 248 248 248 247 247 249 250 254 255 256 255 255 254 255 261 265 268 271 276 279 282 284 285 285 284 283 283 281 279 277 276 273 272 271 268 264 262 260 255 256 259 265 269 269 270 274 277 281 284 287 287 288 288 288 288 288 287 286 286 286 285 284 286 285 284 286 284 284 284 283 282 282 283 284 285 285 284 283 280 277 274 271 268 265 262 257 251 246 242 241 240 240 260 262 264 266 270 284 294 299 304 307 310 313 314 314 313 312 311 308 306 302 298 292 286 281 275 273 268 271 269 265 268 265 265 265 263 264 266 265 264 262 260 258 256 255 255 255 253 249 248 247 247 247 245 244 240 236 237 238 237 237 235 232 230 231 231 230 230 230 231 231 231 230 231 231 231 231 231 231 231 230 229 230 229 229 229 229 228 228 228 228 229 229 229 228 228 227 228 226 228 231 233 233 234 232 231 233 236 237 238 240 243 246 251 253 252 251 248 244 241 239 237 235 234 233 232 234 236 237 238 239 239 240 241 243 244 245 246 246 246 247 249 249 249 249 250 250 249 248 249 248 248 248 248 249 249 249 249 250 250 251 251 252 252 253 254 255 256 257 258 259 260 260 261 262 264 264 266 268 268 271 271 271 272 274 274 275 276 276 276 274 273 273 272 272 271 269 269 270 270 270 269 270 270 270 270 270 271 271 271 272 274 277 280 283 288 295 301 307 312 319 326 332 336 343 346 351 354 355 357 357 358 358 358 358 356 355 355 353 351 350 348 348 348 349 350 351 352 351 347 341 334 327 320 316 312 309 304 300 295 290 283 277 270 265 263 259 256 254 252 248 242 236 231 225 224 218 220 221 224 224 224 225 227 229 231 232 236 239 242 245
279 278 277 276 275 275 275 273 270 265 260 254 251 250 249 249 248 248 248 248 249 248 248 248 247 246 250 249 251 251 250 253 257 261 266 271 276 279 282 283 283 283 282 281 280 278 277 275 274 272 271 270 268 266 267 267 264 251 255 259 266 268 268 270 277 281 283 285 286 287 287 287 287 286 285 284 284 284 283 283 285 282 281 284 282 283 283 281 280 280 281 282 282 284 284 284 283 281 278 276 272 269 267 265 261 254 245 243 239 240 246 254 258 261 266 278 286 291 294 297 301 305 309 311 312 311 311 309 308 304 300 295 291 288 283 279 272 266 256 266 265 263 262 261 260 262 262 261 260 260 258 255 254 252 253 251 249 245 243 242 241 241 239 236 235 237 236 235 235 235 233 231 231 231 231 230 231 232 231 231 231 231 232 231 231 231 231 231 231 230 230 230 229 229 228 228 228 228 228 228 228 228 228 228 228 228 227 229 233 237 238 236 235 234 232 234 237 238 239 241 244 247 251 254 254 253 250 247 243 241 240 237 235 233 232 233 234 235 236 238 238 239 240 241 242 243 244 244 245 246 246 245 246 246 247 247 247 247 247 247 247 246 247 247 248 248 248 248 249 249 250 251 251 251 252 254 255 255 256 258 258 259 260 261 262 263 264 266 266 268 270 270 271 273 274 274 275 276 275 275 273 273 272 271 271 270 270 270 270 270 271 271 271 272 272 273 273 274 273 274 275 278 281 284 288 294 300 307 314 322 328 335 341 347 352 354 353 354 355 355 356 358 358 358 357 355 355 353 351 350 349 349 349 348 349 349 349 346 342 337 332 323 318 312 308 304 299 295 291 286 280 274 269 264 262 257 254 252 250 247 240 234 229 225 224 219 222 223 223 224 225 227 229 231 234 236 238 241 243 244
282 281 281 280 279 279 278 277 274 268 264 257 254 250 250 249 249 249 248 247 247 247 248 248 248 248 247 247 247 249 249 250 251 257 262 269 275 277 279 281 281 281 280 278 278 276 275 273 272 271 270 269 267 267 267 267 268 267 257 252 264 268 266 268 277 281 283 285 286 287 288 287 284 284 282 282 283 283 281 282 282 280 280 283 280 282 281 280 279 280 280 279 280 281 282 282 282 281 281 279 276 273 271 268 265 262 252 245 243 239 239 246 256 256 264 275 280 285 288 291 294 296 300 302 305 306 308 308 307 305 301 297 293 290 286 282 277 272 266 252 263 261 260 259 258 259 259 257 257 258 255 253 252 247 248 244 241 239 238 239 238 236 236 236 235 235 234 234 233 233 231 231 231 231 230 231 231 232 232 231 231 232 232 232 232 232 232 231 231 230 230 229 229 229 229 229 229 229 228 229 229 228 228 227 228 228 230 234 238 241 242 240 238 237 235 234 237 239 240 243 245 247 251 254 255 254 253 249 246 244 242 240 238 235 233 232 232 235 235 236 238 239 240 240 240 242 242 242 243 244 244 244 244 244 244 245 245 245 246 246 246 246 246 246 246 247 247 247 248 248 249 250 250 251 251 253 254 254 255 256 257 257 259 260 261 262 263 265 264 266 268 269 271 271 273 274 275 275 275 275 274 273 272 272 271 270 270 270 271 271 272 272 273 273 274 275 275 275 276 276 277 279 282 286 289 294 300 308 316 325 332 339 344 351 357 358 356 355 355 355 355 356 357 357 357 357 356 353 352 351 351 352 351 349 348 346 344 342 339 335 329 320 315 310 304 299 296 292 288 284 279 274 268 263 259 256 253 251 249 243 238 232 227 225 221 220 224 226 224 225 226 229 231 233 237 238 241 243 244 244
285 284 283 282 282 282 281 279 278 274 270 266 261 257 257 254 251 251 249 250 249 247 247 247 247 247 248 248 248 247 247 247 248 249 252 260 266 274 276 277 277 277 276 276 275 273 273 272 270 270 268 268 266 266 265 265 266 267 262 252 264 268 265 272 279 282 284 286 286 287 287 285 283 281 280 280 283 281 280 282 279 278 278 280 280 280 279 278 277 278 277 276 277 278 279 279 279 279 279 279 278 276 274 272 268 264 258 250 244 241 239 243 248 250 267 272 276 279 283 286 289 291 291 293 295 297 298 298 299 298 296 293 290 288 287 283 278 272 268 252 258 258 256 258 256 256 254 251 256 253 249 246 244 243 240 237 237 236 236 237 236 236 236 235 235 235 234 231 232 232 231 231 231 230 230 231 232 232 231 230 230 231 231 231 231 231 231 230 229 229 229 229 229 229 229 229 228 229 228 228 228 228 229 231 231 232 235 241 244 246 246 244 241 239 237 236 236 236 241 243 245 248 251 253 255 255 254 252 249 248 246 244 242 240 236 236 235 236 236 235 237 238 239 239 239 240 240 241 242 242 242 242 242 243 243 243 243 244 244 245 245 245 245 245 246 246 246 247 247 247 248 248 249 250 251 252 253 254 255 255 255 256 258 259 259 260 261 263 263 264 266 269 269 271 273 273 274 275 275 275 274 273 273 272 272 271 270 271 272 272 273 273 274 275 276 277 277 278 278 280 281 281 284 287 292 297 301 307 315 325 333 340 346 354 360 362 358 355 355 356 355 356 357 357 358 356 356 355 353 352 352 351 352 352 350 348 345 340 336 335 330 322 314 310 305 300 294 287 283 276 272 271 266 262 257 255 253 251 245 240 234 228 223 223 221 220 227 227 225 226 228 231 233 236 239 241 242 244 244 244
287 287 286 286 285 285 285 283 280 277 275 274 272 269 261 260 259 258 255 254 253 251 248 246 247 248 248 249 248 248 248 247 247 246 247 250 253 262 270 272 273 272 272 272 271 270 270 269 269 268 267 265 264 262 261 262 263 262 254 252 268 267 264 276 281 284 285 288 287 288 286 284 283 280 278 278 282 281 280 279 277 276 276 279 280 279 278 276 277 277 275 274 275 274 275 275 276 275 275 275 276 275 274 273 270 267 262 256 250 243 238 239 244 252 266 269 270 274 278 280 282 284 285 287 289 289 288 286 284 281 279 276 273 271 273 274 269 263 260 261 258 246 245 247 252 246 246 242 244 243 239 238 237 238 238 236 236 236 235 235 235 235 236 235 235 233 231 230 231 230 231 231 230 231 232 232 231 231 231 231 230 230 230 230 230 230 230 230 230 230 230 230 229 229 228 231 230 229 229 229 228 228 230 232 235 238 241 245 249 250 250 249 245 241 240 239 240 240 239 244 247 249 250 253 255 256 256 255 253 252 250 249 246 244 241 238 237 237 238 237 236 237 237 238 238 238 239 239 240 241 241 241 241 241 241 242 242 243 243 244 244 244 244 245 245 246 245 246 246 246 246 247 248 249 250 251 252 253 253 254 254 255 256 257 258 258 260 262 262 263 265 268 268 269 272 272 273 274 275 275 275 273 272 272 271 272 271 271 272 272 274 274 275 276 278 279 280 280 280 282 283 285 287 290 294 298 302 307 316 325 334 340 347 356 362 364 362 356 356 355 355 356 357 358 357 357 356 356 354 354 354 354 354 355 353 349 347 343 340 338 332 324 316 311 304 299 295 291 287 283 276 270 263 258 255 253 251 246 244 238 231 228 224 223 227 228 228 229 226 228 231 232 234 237 240 242 244 245 245 246
290 291 290 289 288 288 287 285 283 280 277 276 274 271 269 270 267 264 261 260 259 257 255 251 248 248 248 249 248 248 248 248 248 246 246 247 245 251 259 265 266 264 268 268 265 267 266 266 267 267 265 263 261 255 257 257 256 255 252 249 271 265 264 277 282 286 288 289 289 288 287 284 282 279 277 277 278 279 279 277 275 273 274 277 277 277 276 274 275 276 274 273 273 271 271 272 273 273 272 272 273 272 272 272 270 268 265 260 254 247 240 238 243 252 260 264 265 271 274 275 276 279 280 280 282 282 280 278 275 272 268 264 262 259 256 253 251 249 248 245 244 243 243 243 241 239 238 238 237 236 236 236 236 236 236 235 235 235 235 234 234 234 235 235 232 231 232 231 231 231 230 230 231 233 232 232 232 232 233 232 232 232 231 230 230 230 230 230 230 230 230 230 230 230 230 231 231 230 230 229 229 230 235 239 240 242 246 249 253 255 255 252 249 245 243 241 242 243 243 242 247 249 250 253 255 257 257 256 256 256 254 252 251 247 244 241 241 240 239 239 238 237 238 238 238 239 239 240 240 239 240 240 240 240 240 241 241 242 242 243 243 243 243 244 244 245 244 245 246 246 246 246 247 247 248 249 250 251 252 253 253 254 255 255 256 257 258 260 261 262 264 266 268 269 271 271 273 274 274 274 274 273 273 272 271 272 271 272 272 274 274 275 276 278 280 281 282 283 283 285 286 288 289 292 295 300 305 309 315 325 333 339 347 356 361 363 361 357 356 356 356 356 357 358 358 358 358 358 356 356 356 357 358 359 357 354 350 347 344 342 339 331 323 314 306 300 295 291 286 282 275 268 262 258 254 249 244 243 238 234 229 226 225 225 229 230 230 231 227 229 232 234 235 238 241 243 245 245 247 245
293 294 293 292 292 291 289 287 285 282 278 278 277 275 273 271 269 266 267 269 266 264 259 255 251 249 249 249 248 248 248 247 247 248 247 247 246 246 252 254 259 259 263 264 263 262 263 265 264 263 262 260 256 252 252 254 255 248 252 256 258 262 268 277 283 287 290 292 292 291 288 287 283 280 278 276 274 275 276 274 273 271 273 273 273 274 273 273 275 274 273 272 271 270 269 270 270 270 270 270 270 269 269 268 268 268 265 261 257 250 242 237 244 249 255 260 262 265 268 269 272 273 274 274 274 271 270 267 263 259 256 254 251 250 247 245 242 241 239 240 240 241 241 240 240 238 238 237 236 237 237 235 235 235 235 235 234 234 234 235 233 232 232 231 232 231 231 231 231 231 231 231 233 232 232 232 233 233 233 233 232 232 233 232 232 232 231 231 230 230 230 230 230 230 231 232 232 232 232 231 233 236 241 245 245 246 250 253 259 260 259 257 254 251 248 245 246 246 246 246 246 249 251 253 255 257 257 258 260 260 258 257 254 251 248 245 243 242 241 241 240 240 240 240 240 240 240 241 241 240 240 239 240 240 240 240 241 241 242 242 242 242 243 243 244 244 243 244 244 245 245 245 247 247 248 248 249 250 251 252 253 253 254 254 255 256 257 259 260 260 262 264 267 268 269 271 272 273 274 274 273 274 274 273 273 272 273 273 274 275 274 275 276 278 281 283 285 285 286 287 289 291 293 296 298 303 307 313 318 324 331 340 347 356 360 361 359 358 357 356 356 357 357 358 358 359 359 358 357 358 360 361 363 361 359 356 353 349 347 346 344 338 331 320 310 301 295 290 285 279 273 267 261 258 256 252 248 243 240 235 230 227 224 228 231 231 232 233 229 231 233 235 237 240 243 244 245 246 246 246
296 296 295 295 294 292 291 289 287 284 281 281 280 278 276 275 273 270 272 271 269 265 260 257 255 253 249 249 248 248 248 247 247 247 247 246 246 246 246 246 248 254 255 257 257 258 257 258 261 259 258 257 243 244 252 252 251 251 253 255 258 267 271 277 283 286 291 294 295 294 291 288 284 281 279 275 273 274 275 272 271 271 272 272 271 270 270 272 272 271 270 271 269 268 267 268 268 268 268 267 266 266 265 265 264 264 263 260 256 251 242 237 241 247 250 253 257 259 261 262 263 263 264 263 261 259 257 255 250 247 244 243 242 242 241 240 238 237 237 239 239 239 239 240 239 238 237 237 235 235 235 235 234 234 235 234 234 234 235 234 233 231 232 231 231 231 231 231 231 231 232 233 233 233 232 233 233 233 233 233 232 232 232 232 232 232 232 232 231 231 230 231 230 231 231 233 234 235 236 235 237 241 245 247 248 250 253 256 262 265 264 261 260 256 253 250 248 248 248 249 249 249 251 253 255 257 258 260 262 263 263 260 257 254 251 248 246 244 243 243 242 242 242 242 242 241 241 242 241 241 240 240 240 240 240 240 240 240 241 241 241 241 242 242 243 243 243 244 243 244 244 245 246 246 247 247 248 249 249 250 251 252 252 253 254 255 255 257 258 259 261 264 265 268 268 270 271 272 273 274 273 273 274 274 273 273 274 274 274 275 276 275 276 279 282 284 286 288 289 291 292 294 297 300 303 306 310 315 321 327 334 340 348 355 359 359 358 358 357 357 357 357 357 359 360 360 359 359 358 360 363 365 365 363 361 358 354 351 348 349 346 342 335 325 315 304 296 289 284 278 271 266 261 258 255 251 247 244 240 235 230 226 224 230 232 233 235 234 230 232 234 237 240 243 244 245 245 247 247 246
297 298 297 297 296 294 293 291 289 287 284 285 283 281 280 279 277 276 272 268 265 263 261 258 255 251 250 249 248 249 248 247 247 247 246 246 246 246 246 246 246 245 246 247 249 251 251 252 254 256 253 253 244 245 248 246 245 253 253 256 259 265 272 276 282 288 291 294 295 296 294 291 287 283 280 277 274 275 273 270 269 270 270 268 267 267 269 271 270 268 269 268 268 266 266 266 265 266 266 263 263 263 263 262 261 260 260 257 253 250 244 237 238 243 248 250 251 252 255 255 253 252 252 249 247 246 244 241 239 239 239 236 236 237 238 237 238 237 236 237 238 239 238 238 237 237 236 236 235 235 235 235 235 234 233 234 234 234 233 231 232 232 231 231 231 231 231 231 232 232 233 233 233 233 233 233 233 233 233 233 233 233 232 232 232 232 232 232 232 231 231 232 233 234 238 238 237 238 239 239 241 245 247 250 251 254 256 260 264 268 267 267 265 262 258 255 252 251 251 251 251 250 251 253 255 258 259 261 263 265 265 264 259 257 255 252 249 247 245 244 244 243 243 242 243 243 243 243 243 242 241 241 240 239 240 240 240 240 240 240 240 241 241 241 242 243 242 243 243 243 244 244 245 246 246 247 247 249 249 250 250 250 251 252 253 253 254 255 257 258 260 262 264 266 267 269 270 271 273 273 273 273 274 273 274 274 274 274 275 275 276 276 277 279 283 285 288 290 292 294 296 299 302 304 307 311 315 319 325 332 336 343 349 354 358 357 357 359 358 357 358 358 358 361 361 361 360 359 360 362 364 367 367 364 362 358 355 352 350 350 346 342 336 328 319 308 298 289 283 277 271 265 261 256 253 251 247 244 241 236 231 226 227 231 233 234 238 236 232 233 235 238 241 244 246 245 246 248 247 247
299 299 299 298 297 296 294 292 290 288 287 287 285 284 283 282 279 277 272 267 265 263 262 257 252 251 249 250 253 253 251 250 249 248 245 246 245 246 246 246 246 245 245 245 246 246 246 248 248 248 247 246 244 245 245 251 250 251 253 256 259 262 269 273 279 285 290 293 296 296 294 292 289 285 281 279 277 274 272 270 269 269 268 265 264 266 268 268 267 268 268 266 265 264 264 263 264 264 262 260 260 260 260 258 257 255 254 251 245 242 239 238 237 239 242 243 240 239 239 236 235 236 234 235 236 236 235 235 234 236 236 235 235 234 233 234 234 235 234 236 238 237 237 237 237 236 236 236 235 235 236 235 235 234 233 232 232 231 232 232 232 232 232 232 231 231 231 231 232 233 233 233 233 233 233 233 232 233 233 233 233 233 233 232 232 232 232 232 231 233 235 236 238 242 244 243 242 240 240 242 243 246 250 253 255 258 261 263 267 271 274 272 270 266 264 261 256 254 252 253 253 252 253 253 255 258 260 262 264 266 267 267 265 261 259 256 252 250 248 246 245 245 244 244 245 244 243 243 243 242 242 241 240 240 240 240 240 240 240 240 240 241 241 241 242 242 242 242 242 243 243 244 245 245 246 247 247 248 248 249 249 250 250 251 251 252 253 254 255 257 259 260 262 264 267 268 269 271 272 273 273 273 273 274 274 274 274 274 275 275 276 277 279 281 283 286 290 293 296 298 300 303 305 309 312 316 321 325 331 337 342 347 351 354 356 357 358 358 358 357 358 358 361 365 363 361 360 361 361 362 364 367 367 364 361 358 355 352 351 347 344 341 336 329 319 310 299 289 283 277 271 265 261 256 251 250 248 246 242 236 231 225 227 232 234 236 238 236 234 235 237 240 243 244 245 245 246 248 247 248
300 300 299 299 298 296 293 291 290 288 288 288 288 287 286 284 281 278 272 267 263 261 259 253 251 253 255 254 254 253 253 254 256 252 247 244 245 245 245 246 245 245 245 245 245 245 245 246 245 245 244 244 244 244 245 246 249 252 251 255 261 260 268 274 278 281 286 291 292 293 293 292 289 288 284 281 278 277 273 271 270 270 268 265 262 266 267 266 265 267 266 264 263 262 261 261 262 261 259 257 257 258 257 251 252 245 240 237 236 237 237 237 236 238 237 235 236 235 236 236 236 236 236 237 235 236 236 235 235 235 235 235 235 235 235 235 234 234 234 234 235 236 236 236 236 236 236 236 235 236 235 234 234 233 232 231 230 232 232 232 231 232 232 232 232 232 232 232 232 232 232 232 232 232 233 232 232 233 233 233 233 233 233 232 232 232 232 232 234 237 238 238 241 245 248 248 245 244 243 245 246 248 252 257 259 260 264 267 269 275 279 278 274 272 270 265 262 258 256 255 255 255 256 256 256 258 260 262 264 267 269 270 269 266 263 260 256 253 250 248 247 246 245 246 245 245 244 244 244 243 243 242 241 240 240 239 240 240 240 240 241 241 241 241 241 241 242 241 242 242 243 244 245 245 246 246 247 247 248 248 249 249 250 250 251 251 252 253 254 255 256 258 261 263 266 268 269 270 271 272 272 273 273 273 273 273 274 274 275 276 276 277 280 282 285 290 293 298 300 303 305 307 310 313 316 320 325 330 335 342 347 351 353 355 355 357 357 358 358 357 358 359 367 370 366 362 361 361 361 362 364 367 366 364 361 358 355 352 349 346 343 339 335 328 319 310 300 291 284 277 271 266 262 258 253 251 248 246 242 237 232 229 232 234 237 239 240 239 236 236 238 241 244 245 245 245 246 248 247 247
300 300 299 299 296 294 294 292 291 289 289 289 289 289 287 284 280 277 272 268 261 252 250 256 256 257 259 258 257 257 257 257 261 257 250 245 244 244 244 245 245 245 245 245 245 245 245 243 245 244 244 244 243 244 244 245 245 251 250 252 258 258 265 273 277 279 283 286 288 289 290 290 288 288 286 283 281 277 274 272 272 269 268 265 264 262 264 262 264 264 263 262 261 260 259 259 259 258 256 255 255 255 250 239 238 237 237 237 236 236 236 238 235 235 237 236 237 236 237 236 236 236 237 237 236 235 235 235 235 235 235 235 235 235 235 235 234 234 234 234 234 234 235 235 235 234 234 235 235 233 234 233 232 232 231 232 232 232 232 232 232 232 232 232 233 233 233 233 233 232 232 232 232 232 232 232 233 233 233 233 233 234 233 233 232 232 232 235 238 239 241 241 245 248 251 251 250 248 247 247 248 249 254 260 263 264 267 270 274 277 281 283 275 275 276 272 266 263 260 258 258 258 258 259 259 258 260 262 265 267 270 272 272 270 267 264 259 256 254 252 249 248 247 246 246 245 245 246 245 244 244 243 242 241 241 240 240 241 241 240 241 241 240 241 241 241 241 242 242 242 243 243 244 244 245 246 247 247 248 249 248 249 250 250 250 251 252 252 253 254 255 257 259 262 264 267 268 269 270 271 272 272 272 273 273 271 273 271 273 275 276 277 280 283 286 292 296 303 308 310 311 312 312 316 320 324 328 334 340 346 351 354 354 355 355 356 357 357 357 357 358 364 371 374 368 362 361 362 362 362 364 365 365 363 360 358 355 351 347 343 340 337 333 327 319 310 300 290 284 278 272 267 262 259 255 252 250 247 242 237 234 230 228 235 239 240 242 239 238 238 238 241 244 245 245 246 247 247 248 249
299 299 298 297 295 293 293 292 290 290 288 288 288 287 286 282 278 274 269 263 254 256 259 260 261 261 260 260 259 260 258 258 260 259 252 246 245 244 244 244 244 244 244 245 245 245 245 244 244 243 244 244 244 244 244 244 246 246 246 248 250 250 264 273 278 281 283 286 288 288 288 288 287 288 287 285 282 277 275 273 270 268 267 265 266 263 259 259 261 261 260 259 259 259 259 256 255 254 253 253 253 246 236 237 237 237 236 236 238 235 236 237 236 238 237 237 237 236 236 236 236 237 236 236 236 236 235 235 235 235 235 235 235 235 235 235 234 234 234 234 234 234 234 234 234 234 233 233 232 232 232 232 232 232 232 232 232 232 232 233 233 234 234 233 234 234 234 234 235 234 234 233 234 234 234 233 233 233 233 233 234 234 234 231 232 233 234 237 239 241 243 245 248 252 254 254 254 253 251 250 251 252 256 263 267 270 272 275 278 281 285 287 289 284 282 278 272 268 263 261 260 260 261 261 261 261 261 263 265 267 270 274 275 273 270 266 263 260 257 255 252 251 249 248 247 246 246 246 245 245 245 243 243 242 241 241 241 241 241 241 241 241 241 241 240 241 242 242 243 243 243 243 244 245 244 246 247 247 248 248 248 249 249 250 250 250 251 252 252 253 254 256 258 260 262 265 268 268 270 271 271 271 271 272 272 271 271 271 272 274 276 277 279 283 287 293 298 306 314 316 317 318 317 318 322 326 330 337 344 349 354 354 354 354 354 355 356 356 357 358 360 365 370 372 369 363 362 362 362 362 362 364 364 363 360 358 355 350 346 340 337 333 331 325 317 310 300 291 284 278 271 266 262 258 255 252 249 244 239 236 233 230 230 236 240 242 243 240 240 240 240 242 245 245 245 247 248 249 250 250
297 297 297 296 295 293 292 291 290 288 287 286 286 284 282 278 275 271 268 260 256 263 260 260 261 262 263 262 261 262 260 259 259 259 254 248 245 245 245 245 245 245 244 244 244 245 245 245 244 244 245 243 244 245 244 244 244 247 245 246 248 252 260 270 276 280 283 285 287 286 287 287 287 287 287 285 282 278 277 274 270 268 266 266 267 263 262 258 257 258 258 258 258 258 256 253 253 250 250 250 242 237 237 237 237 238 236 236 237 238 237 237 237 238 238 237 237 237 237 237 237 237 236 236 236 236 236 235 235 234 234 235 235 235 235 234 234 234 233 234 234 233 234 233 233 233 233 234 233 233 233 233 232 232 232 233 234 236 238 238 237 236 235 236 236 236 234 236 236 235 236 239 239 239 238 237 237 237 236 234 234 234 232 235 235 234 235 237 240 242 246 249 253 256 258 258 259 257 255 254 253 254 257 265 272 275 277 282 283 286 289 292 293 292 288 284 280 272 266 263 263 262 263 264 264 264 263 264 267 268 270 273 276 274 273 271 267 264 261 259 256 253 251 249 248 247 247 247 246 246 245 247 244 243 242 242 242 242 241 241 240 241 241 241 242 242 242 242 242 243 243 243 244 245 245 245 247 246 247 247 248 248 248 249 249 250 250 251 252 252 253 255 257 259 261 264 267 267 268 270 271 271 271 271 271 270 270 271 272 272 275 276 279 282 287 293 300 309 316 321 322 323 324 322 324 327 332 337 344 349 352 354 352 353 354 354 355 356 357 359 360 363 365 366 367 363 362 362 362 362 362 362 363 362 361 358 355 351 346 340 335 331 328 322 316 309 301 291 284 278 272 267 263 259 255 252 249 245 242 238 234 229 233 238 241 244 244 242 242 242 243 243 245 246 248 249 249 250 250 250
297 296 296 295 294 292 291 289 287 286 285 284 283 280 277 275 272 269 264 252 259 264 264 262 262 263 264 263 263 265 262 262 262 260 257 253 252 247 248 247 247 245 244 243 243 244 245 244 244 244 244 244 245 242 243 244 245 244 246 246 248 250 256 266 272 277 281 284 285 285 285 285 284 284 286 285 284 280 277 273 270 268 265 267 266 263 261 259 256 254 256 256 257 256 253 251 250 245 241 238 237 237 237 239 235 237 237 238 238 238 238 237 237 238 238 238 237 237 237 237 237 237 237 237 237 236 236 235 235 235 235 235 235 235 235 234 234 234 233 233 234 233 234 234 233 233 233 232 233 233 233 233 233 231 235 240 241 243 248 247 246 245 243 243 243 242 239 239 239 240 241 242 242 242 242 240 240 239 238 237 234 234 236 236 236 236 237 238 240 243 249 253 258 261 262 262 262 261 260 258 256 257 259 267 276 280 284 288 291 293 297 299 300 297 293 290 286 278 271 267 266 264 265 266 266 267 266 265 267 268 271 273 274 276 275 274 272 269 265 262 259 256 254 251 249 248 247 247 247 247 246 246 245 244 245 243 243 243 242 242 241 241 241 241 241 241 242 242 242 243 243 244 244 244 245 245 244 246 247 247 248 247 248 248 248 250 250 251 251 252 252 254 256 258 259 262 266 267 268 269 270 270 270 270 270 270 270 270 271 272 273 275 278 281 285 294 301 310 319 327 329 330 331 328 327 329 332 336 343 347 349 350 350 351 352 352 353 355 356 358 360 361 361 362 361 363 362 362 362 361 362 362 362 362 361 358 356 351 346 340 334 329 323 318 313 307 301 291 283 278 272 267 264 261 257 254 250 245 243 238 233 230 234 238 242 245 244 244 243 242 243 244 245 247 249 250 250 249 251 250
296 294 293 292 291 290 288 287 286 285 283 281 279 277 274 272 270 267 261 252 263 264 264 264 264 264 265 264 264 266 265 265 265 264 261 255 252 257 257 253 252 249 247 245 244 243 243 244 244 244 244 243 243 243 243 245 245 244 245 246 247 249 254 260 267 272 277 280 282 281 283 283 282 282 283 284 283 279 276 272 268 266 266 266 264 262 261 260 258 253 248 255 256 253 251 245 241 238 238 237 239 237 237 237 237 237 238 238 238 238 238 238 238 239 238 238 237 238 238 238 238 237 237 237 237 236 236 235 235 236 236 235 235 235 235 234 234 234 234 233 233 234 234 234 232 232 234 233 233 233 232 233 232 237 243 248 251 252 252 250 249 252 253 253 251 248 245 243 243 243 244 244 243 244 243 242 241 241 240 239 235 235 237 238 238 239 240 240 241 244 250 257 262 266 267 266 266 266 265 263 260 260 262 268 278 283 289 294 297 301 304 307 309 307 302 296 291 283 274 269 267 266 268 269 269 267 269 267 267 269 271 273 275 277 277 277 275 273 270 266 263 260 257 254 251 249 248 248 247 247 247 247 246 245 245 245 244 244 244 243 242 242 241 242 241 242 242 242 242 242 242 243 243 242 245 246 246 246 247 247 247 248 248 249 248 248 250 250 252 252 252 253 255 258 258 260 264 267 268 268 269 269 270 270 270 270 269 270 270 271 272 275 277 280 285 292 300 309 319 330 335 336 337 333 330 330 332 335 339 344 345 347 347 348 349 350 352 353 354 356 358 359 359 359 360 361 362 362 362 361 361 361 361 362 363 360 357 352 345 339 332 327 321 315 309 305 298 290 283 277 272 268 265 263 260 255 250 246 243 239 233 231 234 237 241 246 245 243 242 243 244 245 246 248 250 252 251 250 250 249
294 293 293 291 289 288 285 285 283 282 280 278 276 273 272 271 270 267 261 255 264 265 264 264 264 264 265 266 266 267 268 268 268 267 265 261 261 263 260 258 262 260 258 258 258 254 248 243 243 243 244 244 243 243 243 243 244 244 245 244 245 244 252 250 254 263 270 274 275 277 279 279 280 280 279 280 280 278 275 271 267 263 266 264 262 262 261 260 258 256 249 250 252 249 242 240 240 239 238 237 238 238 237 237 237 238 238 238 238 238 238 237 238 238 239 238 238 238 238 238 238 238 237 237 237 236 236 236 236 237 237 236 236 236 236 235 234 234 234 234 234 233 234 233 233 233 233 233 232 232 233 231 240 247 250 254 255 256 255 255 254 256 259 259 256 253 250 248 247 247 248 246 245 245 245 244 244 244 244 242 237 235 238 238 240 241 242 243 244 246 252 261 266 270 271 271 270 271 271 267 264 262 265 269 279 288 295 299 303 307 311 315 319 315 309 301 297 290 280 273 271 270 269 271 271 272 264 271 269 270 272 274 276 277 278 278 278 277 275 271 268 263 260 257 253 250 250 249 248 248 248 248 247 246 246 245 245 246 245 244 243 242 242 243 242 242 243 243 243 242 242 243 243 243 244 245 246 246 247 247 247 248 248 248 249 249 249 250 250 251 252 253 253 256 257 259 262 266 267 267 268 269 270 270 269 269 269 270 270 272 273 275 276 280 285 292 298 307 316 326 335 340 339 333 330 330 331 334 336 340 341 342 344 345 347 348 350 351 353 354 357 358 357 359 361 362 362 362 362 361 361 361 360 361 362 360 357 352 345 337 331 325 319 313 309 302 296 289 283 278 273 268 265 263 260 255 249 246 244 239 233 232 234 237 241 246 246 244 244 244 244 244 246 249 251 253 252 250 251 251
292 291 290 288 287 286 283 281 280 278 277 275 274 272 273 271 269 266 262 257 264 266 265 264 264 265 266 267 268 269 270 270 270 271 269 269 266 260 263 268 268 267 266 266 266 264 262 254 247 242 243 243 242 243 243 243 243 244 243 244 245 245 245 247 246 247 253 262 267 270 273 274 276 276 275 274 275 275 273 269 265 262 263 262 261 260 259 258 256 254 254 247 244 242 241 239 238 238 238 236 237 236 237 238 238 238 238 237 237 238 237 238 239 239 239 239 239 238 238 239 239 238 238 237 237 237 237 237 237 237 237 236 236 235 235 234 234 234 234 233 233 233 233 233 233 234 234 233 232 232 233 244 250 253 255 258 259 260 259 258 258 261 264 263 260 256 254 252 251 251 253 251 250 249 248 248 249 248 247 245 240 235 234 239 239 240 242 243 244 247 253 263 269 274 275 275 276 273 273 270 266 266 268 272 281 291 299 305 310 314 318 320 325 321 314 307 301 294 287 279 273 271 270 272 272 273 274 274 273 271 273 275 277 278 278 279 280 280 278 275 272 268 263 258 255 252 251 250 249 249 249 249 248 247 246 246 246 246 246 245 245 243 243 243 242 243 244 245 244 244 244 244 242 244 245 245 246 246 247 247 247 247 248 248 249 249 249 249 250 252 252 252 253 254 257 258 260 264 266 267 268 268 269 269 269 269 269 270 270 271 273 275 276 280 285 291 297 303 311 320 330 336 333 330 329 330 331 331 334 336 338 340 342 344 345 347 348 350 352 353 354 356 356 358 361 362 361 362 361 361 360 361 361 360 363 362 358 352 342 334 329 323 317 312 305 300 294 288 282 276 272 268 265 262 259 255 249 247 243 240 234 233 234 238 242 246 245 244 245 245 245 245 247 249 251 253 254 253 253 254
290 289 290 289 287 285 283 281 279 278 276 275 275 272 269 272 268 264 260 256 264 265 266 265 266 267 268 269 268 271 271 272 273 273 270 267 268 269 269 271 272 271 271 271 270 268 265 263 261 255 248 244 244 244 242 243 243 243 242 243 242 243 245 245 245 245 245 245 253 262 265 268 269 269 269 268 268 268 267 265 263 254 257 257 257 257 257 255 252 246 243 243 239 241 240 239 238 238 237 238 238 237 238 239 240 240 240 240 240 239 238 239 239 239 240 239 239 239 239 239 239 239 238 238 238 238 238 238 237 237 238 237 237 238 239 239 239 239 239 239 238 235 234 234 233 234 234 233 233 238 247 250 255 258 259 262 263 262 262 262 264 266 267 265 262 260 257 256 254 256 257 257 257 256 255 254 253 253 250 248 246 244 239 236 235 237 239 241 241 246 251 262 270 278 281 281 280 278 275 272 268 267 270 274 283 295 303 309 315 320 324 327 329 328 321 314 307 299 291 284 277 274 272 272 273 274 275 275 266 275 274 276 277 278 279 279 281 281 280 277 274 271 268 263 258 254 252 251 250 250 250 250 250 249 249 247 246 247 246 246 246 245 244 243 243 243 245 245 246 245 245 244 243 244 245 246 247 247 247 247 247 247 248 248 249 249 249 250 249 252 251 252 253 254 255 257 259 263 265 266 267 268 268 268 268 268 269 270 270 270 272 273 275 279 285 291 296 301 307 312 320 328 326 325 326 328 329 330 332 334 336 338 341 343 345 347 350 352 353 354 355 355 356 358 361 361 361 361 361 360 360 360 360 361 364 361 358 350 340 332 326 321 315 310 304 298 293 287 281 276 271 268 265 261 259 254 250 247 243 239 235 234 235 238 241 244 245 245 248 247 246 246 248 250 252 253 252 252 252 254
287 288 289 288 286 284 282 280 278 277 275 273 274 274 269 260 259 259 260 258 266 265 266 267 267 268 270 270 271 273 275 276 276 275 269 272 275 273 273 273 275 274 274 274 273 271 269 268 268 262 258 252 246 244 244 245 243 243 243 242 243 242 243 243 245 245 245 245 244 248 251 256 259 261 261 260 260 261 260 259 255 250 246 246 243 242 242 244 241 240 241 241 241 243 239 239 238 237 237 237 237 238 240 240 241 242 240 240 240 239 238 239 239 239 240 240 240 239 239 239 240 240 240 240 240 240 239 239 239 240 239 240 242 242 244 244 245 245 244 245 244 242 238 237 234 236 237 238 238 243 251 253 257 261 262 264 265 266 265 265 268 268 267 267 265 262 260 260 258 259 260 261 262 262 261 260 258 257 254 252 250 248 246 242 238 235 236 236 239 245 251 259 271 280 285 286 285 283 278 273 270 271 273 277 287 298 306 313 320 326 330 333 334 331 325 319 313 304 295 288 281 276 275 274 274 275 276 278 265 267 276 276 277 279 280 280 281 281 280 278 276 274 271 267 261 257 254 252 251 251 251 251 251 250 249 248 247 247 247 247 246 246 244 244 244 243 245 246 247 246 245 245 244 243 244 243 247 246 246 247 247 247 248 248 249 249 249 249 250 251 251 252 252 253 254 256 258 262 264 265 266 267 267 267 268 268 269 270 269 270 271 273 275 279 284 289 295 300 304 307 312 316 320 321 323 326 327 329 331 333 335 338 341 344 346 349 352 353 355 357 358 357 358 358 360 361 361 361 361 360 359 360 360 360 362 359 355 348 338 329 324 319 313 307 302 296 292 285 280 275 270 268 264 260 258 254 250 248 244 240 236 235 235 237 240 242 244 246 249 248 248 249 250 252 251 251 252 252 253 255
287 285 285 284 283 282 280 278 277 276 274 270 273 271 261 259 259 258 259 261 267 267 267 267 269 270 271 271 274 276 277 278 277 274 272 276 278 275 275 276 276 276 276 275 275 273 270 271 268 264 262 258 247 248 245 244 244 244 243 243 243 243 243 242 242 243 245 244 243 247 243 245 248 250 250 251 250 248 246 246 245 244 244 243 241 241 241 241 240 239 239 240 240 239 241 238 238 238 238 238 237 240 240 241 240 240 240 240 240 238 238 239 240 240 240 240 240 240 240 240 240 241 241 241 241 241 241 242 243 243 243 243 244 246 248 248 247 246 246 245 244 242 241 240 236 237 240 242 241 243 249 252 257 262 263 266 267 268 268 268 270 269 269 269 267 265 264 263 262 263 264 265 265 265 266 265 263 261 258 257 253 250 248 245 243 239 236 237 238 244 249 256 270 280 285 288 288 286 282 276 271 275 277 281 291 301 309 317 324 330 334 337 339 336 330 324 318 311 301 294 288 281 278 276 276 277 277 278 276 264 264 264 278 280 281 282 282 282 281 280 278 276 274 270 265 259 257 254 253 252 252 252 252 251 251 249 248 247 247 248 247 246 245 246 246 244 245 246 247 247 246 245 244 244 245 244 243 245 246 247 247 247 248 248 249 249 249 250 251 251 250 251 252 253 253 254 257 260 263 264 266 267 266 267 267 268 269 269 269 270 271 273 275 279 283 288 293 297 301 304 307 310 314 318 320 323 325 328 330 333 335 338 341 344 347 351 353 356 358 360 361 361 361 360 361 361 361 361 361 360 359 359 360 360 359 357 352 345 336 328 322 316 311 305 300 294 289 283 278 274 270 268 264 260 255 250 248 246 242 240 239 235 235 237 239 243 244 246 249 249 249 249 250 251 251 252 253 253 253 253
286 283 282 282 280 280 278 276 275 275 273 270 267 260 259 259 259 261 262 265 268 267 268 269 270 272 274 273 277 278 279 279 277 277 279 279 280 280 279 279 279 278 278 276 275 273 271 269 266 261 255 251 257 258 254 247 244 244 244 244 244 242 243 241 243 242 243 244 245 245 243 244 244 243 243 243 242 242 243 241 242 242 242 242 241 241 239 239 239 239 239 239 239 239 239 240 238 238 238 238 239 241 241 241 240 240 240 240 239 238 238 239 240 240 241 239 240 241 241 241 243 243 243 243 243 244 244 244 244 244 245 245 247 250 251 250 250 249 250 248 246 245 244 243 238 235 240 245 246 246 248 252 256 261 264 266 268 270 271 271 272 271 271 270 269 268 267 266 265 267 267 268 268 269 270 269 266 264 262 259 257 253 250 247 244 241 237 237 237 243 248 254 263 278 284 287 290 289 285 278 272 276 279 285 295 303 311 320 328 333 338 341 344 342 334 329 323 316 308 301 293 285 281 278 278 278 277 278 280 264 264 264 280 282 283 284 283 283 282 281 279 277 275 272 268 261 258 256 254 253 253 253 253 253 252 250 249 249 248 248 247 247 246 246 246 244 246 247 248 247 246 246 245 245 245 244 244 244 245 246 246 247 248 248 249 249 249 250 250 250 251 251 251 252 252 253 256 259 262 263 265 266 267 267 267 268 268 268 269 271 272 273 276 280 284 287 292 296 299 301 304 308 311 314 317 321 324 327 330 333 336 339 342 345 348 352 355 359 363 365 366 366 365 363 362 362 361 361 360 360 359 359 359 360 357 355 350 343 335 326 320 314 309 304 298 293 287 281 276 273 270 267 263 256 257 253 250 250 247 244 240 236 235 240 240 243 245 247 249 249 249 251 251 251 252 252 254 254 254 253
285 282 281 280 280 279 278 275 273 272 272 271 261 259 258 264 263 264 266 267 270 269 269 271 273 273 274 276 278 279 280 280 277 282 283 282 281 282 281 280 280 280 277 274 275 274 271 268 266 266 264 260 262 265 260 255 254 251 248 244 244 243 243 242 242 242 242 242 242 241 242 242 241 241 241 241 242 242 242 241 241 242 241 241 240 240 239 239 239 239 239 239 239 239 238 237 240 238 238 238 241 241 241 241 241 241 240 239 237 237 238 239 240 241 241 240 240 241 240 243 245 245 246 247 246 245 246 246 246 246 248 248 249 250 252 252 253 253 252 251 249 248 247 247 244 239 238 242 244 247 248 251 255 260 265 268 270 272 273 274 274 273 273 272 271 270 269 268 268 271 271 271 271 271 272 272 271 267 264 262 258 256 251 248 245 242 238 237 237 239 245 251 258 272 280 285 289 290 288 280 274 276 281 289 297 305 313 321 330 335 339 343 345 345 339 333 327 321 314 307 300 291 284 280 279 277 278 279 280 278 264 264 264 283 284 285 285 284 284 282 280 278 276 274 270 264 260 258 256 255 254 254 254 254 254 253 251 251 250 248 248 248 247 247 247 245 246 247 248 248 247 246 246 246 246 245 245 245 244 246 247 247 247 248 249 249 250 250 250 250 251 251 251 251 251 252 255 258 261 263 264 265 266 266 266 267 267 267 268 269 271 273 276 280 284 287 291 294 296 299 302 306 308 310 315 320 324 327 330 333 337 340 343 346 350 353 356 361 364 368 369 370 369 368 364 362 361 360 361 360 359 358 358 358 357 353 349 342 334 326 319 313 308 303 297 292 284 278 274 271 269 265 264 262 258 254 251 250 247 244 241 238 236 242 242 243 245 247 249 249 251 251 252 254 252 253 254 255 254 253
283 281 281 279 278 278 276 264 263 262 262 260 262 259 266 266 268 270 269 270 271 271 272 274 276 276 277 279 281 282 283 280 283 285 285 284 282 282 282 280 278 279 278 278 277 277 274 273 271 269 267 265 265 268 263 258 263 259 258 254 249 244 243 242 243 243 243 243 243 243 243 242 241 241 241 241 241 241 242 242 241 241 241 240 240 239 239 239 239 239 239 239 239 238 238 238 238 239 236 239 241 242 242 242 241 240 238 237 237 238 239 239 240 241 241 241 243 242 243 246 250 249 249 250 251 250 249 250 250 249 248 250 251 251 252 254 255 255 254 254 253 252 252 251 249 246 239 238 243 247 248 251 254 259 265 269 271 273 275 276 277 276 276 275 273 272 270 269 270 273 275 274 273 273 273 273 273 271 268 264 261 258 252 248 245 243 239 237 237 238 241 248 254 263 274 280 284 290 290 284 274 276 281 290 299 307 315 322 331 336 340 343 345 346 342 336 330 325 320 313 307 297 288 284 281 280 279 280 280 281 279 264 264 276 286 290 286 286 285 283 280 279 277 274 271 266 262 260 258 256 256 255 255 255 255 255 253 250 249 249 249 249 248 248 248 246 247 248 248 249 248 247 247 247 247 246 245 245 245 245 246 247 248 249 249 249 250 250 250 250 251 250 251 252 251 252 254 258 260 262 263 265 265 266 266 266 266 267 268 270 271 272 275 280 284 287 291 293 296 298 301 302 306 311 315 320 324 327 330 334 339 341 345 347 351 355 358 362 366 368 372 372 371 370 366 364 362 361 359 358 358 358 358 357 356 352 348 341 333 326 318 313 306 302 296 291 283 279 275 272 270 269 266 264 259 255 253 250 247 244 241 238 236 242 243 244 246 247 249 250 252 251 254 254 254 255 255 255 254 254
281 280 278 278 275 272 264 264 264 263 262 260 261 265 269 270 271 271 272 272 273 272 274 278 279 278 280 282 283 284 283 285 287 287 287 286 283 282 283 283 282 282 282 280 279 279 277 275 273 271 269 267 266 268 262 262 267 262 264 261 257 253 248 244 244 243 244 244 244 243 243 242 241 241 241 241 241 241 240 242 241 241 241 241 240 240 239 239 240 239 239 238 239 238 238 238 237 238 239 240 240 240 241 240 239 238 237 237 238 239 239 239 242 243 242 241 240 242 245 248 252 252 253 253 253 253 251 252 252 251 251 253 253 253 253 255 257 257 257 257 257 255 255 254 252 250 244 237 241 246 249 250 254 259 265 269 272 275 276 278 279 280 279 277 276 273 272 271 272 275 277 277 276 275 274 274 274 273 270 266 262 258 253 249 245 243 240 237 238 237 241 246 251 259 268 275 280 284 287 282 276 276 281 290 300 308 316 325 330 336 340 343 345 346 344 338 334 329 325 319 312 303 294 288 284 282 281 281 281 281 282 281 274 283 287 291 294 286 285 283 281 279 277 275 273 269 265 262 260 258 257 256 256 257 255 256 254 252 250 250 250 249 248 248 248 247 248 248 249 249 249 248 247 247 248 247 246 246 246 246 245 246 248 249 249 250 250 250 250 250 251 251 251 250 251 252 254 257 259 262 263 263 265 266 265 266 266 267 268 269 269 271 274 280 284 288 291 293 296 298 300 303 307 312 315 320 324 328 332 336 341 343 346 349 352 354 358 362 365 368 370 371 371 370 366 364 363 361 359 359 359 358 358 357 355 353 348 342 335 328 320 313 307 302 296 291 284 280 276 273 271 270 267 263 260 256 254 251 248 244 242 239 238 243 246 246 247 248 249 250 252 253 254 255 256 255 254 253 253 255
280 280 277 275 271 265 265 264 264 264 263 262 264 269 272 272 273 273 273 274 274 276 279 280 281 281 284 285 284 283 287 289 289 289 288 288 285 286 288 289 287 287 287 286 283 281 280 279 275 273 272 270 270 271 265 265 269 264 264 264 264 262 259 255 250 247 245 245 244 244 243 242 241 241 241 241 241 241 241 240 241 240 240 240 240 239 239 239 239 239 238 239 238 238 237 238 237 238 238 238 239 238 239 239 238 238 238 239 239 239 241 241 243 243 242 242 241 242 246 250 253 253 253 254 254 254 253 254 253 252 252 254 255 256 257 258 259 260 260 260 260 259 258 257 256 254 251 240 237 243 247 249 253 258 265 270 273 275 277 280 281 283 282 281 279 277 275 272 273 276 278 280 279 277 276 275 275 273 272 268 264 260 255 249 246 243 240 239 239 239 241 245 250 256 264 270 274 278 276 278 274 275 280 288 298 305 312 320 329 335 339 344 345 346 346 341 337 333 328 323 318 310 303 292 287 284 283 283 283 283 282 282 282 284 287 291 301 293 284 283 281 280 278 276 271 271 268 264 262 260 258 256 256 255 255 256 255 253 252 251 250 250 249 249 248 248 249 249 249 249 249 248 248 247 248 247 247 247 246 246 245 246 247 248 250 250 250 250 250 250 250 251 250 250 251 252 253 256 257 260 259 264 265 265 266 266 266 267 267 268 270 271 276 280 283 288 291 293 295 298 301 304 307 312 316 320 324 329 334 337 342 345 348 351 353 355 357 360 362 364 365 365 367 367 366 364 363 361 360 359 359 359 359 358 355 353 348 344 338 332 324 315 308 303 297 292 285 281 278 276 273 269 267 264 261 258 256 252 248 245 242 243 243 240 247 247 250 252 251 251 253 254 256 257 257 255 254 254 254 255
278 278 275 271 267 264 265 265 266 266 267 270 270 272 274 274 273 275 276 276 277 280 282 283 282 283 287 286 286 289 290 291 291 291 291 289 290 292 293 293 292 292 292 290 286 284 283 282 279 276 276 274 272 274 267 267 269 267 265 266 269 268 265 262 259 255 247 246 246 245 243 242 241 241 240 241 241 241 240 240 240 241 240 239 240 240 239 240 239 239 239 239 238 238 238 238 238 238 238 238 238 238 239 241 241 241 240 240 241 243 244 243 245 246 243 243 242 242 246 249 253 254 254 254 254 255 254 255 256 255 254 254 259 260 260 262 262 262 263 264 264 263 262 261 259 257 255 250 246 238 238 246 251 256 263 269 274 277 279 281 283 285 286 285 284 282 279 277 275 277 279 280 280 279 278 276 274 273 272 269 264 260 255 250 247 244 240 243 239 239 241 245 248 254 260 266 269 272 274 273 272 274 279 285 294 301 307 316 326 334 338 343 345 346 346 343 341 337 333 328 322 317 311 301 292 287 285 284 284 283 283 283 283 285 287 291 299 304 293 283 281 280 278 276 273 270 269 267 263 260 259 258 257 256 256 256 255 255 253 252 252 251 249 249 248 249 249 249 250 250 249 249 248 248 248 248 248 247 247 246 246 246 247 249 250 250 250 251 250 250 250 250 250 250 251 252 252 254 256 260 260 264 265 266 266 267 267 267 269 270 271 273 277 280 284 288 291 294 296 298 302 305 308 312 316 320 325 330 336 340 345 347 349 352 354 355 356 358 359 360 361 361 363 364 363 363 362 362 360 359 360 360 359 358 356 353 348 344 340 333 326 316 309 303 298 292 286 281 279 276 274 270 268 264 261 259 256 252 248 245 245 246 246 239 245 249 251 254 254 254 253 255 257 257 257 256 254 254 256 257
276 274 272 269 265 266 265 268 269 270 272 274 274 275 275 275 276 278 278 280 280 283 283 284 286 287 288 289 292 293 294 294 293 292 292 295 296 297 298 298 298 297 296 293 290 288 286 285 283 278 276 276 275 276 270 269 272 269 266 267 270 269 267 265 263 261 255 249 253 250 246 244 243 242 240 240 240 241 240 240 240 239 239 240 239 240 240 239 239 239 239 239 239 239 239 239 240 239 238 239 240 240 241 242 243 245 246 246 245 247 248 248 247 247 243 243 242 243 245 250 253 254 254 254 255 256 256 256 257 258 258 255 261 262 263 264 265 265 266 266 266 266 265 264 263 260 258 254 250 244 239 242 248 253 261 267 274 278 281 282 285 287 288 289 289 287 285 280 279 278 278 280 281 280 279 277 274 272 272 269 265 261 256 252 248 244 242 246 241 239 239 244 247 252 257 263 267 269 270 269 270 272 276 282 289 297 303 311 320 331 337 341 345 346 347 347 344 341 336 332 327 322 316 309 298 290 287 286 285 284 285 284 284 284 297 295 296 302 301 291 283 280 279 277 275 272 269 268 266 262 261 259 258 258 257 257 257 256 256 254 252 251 251 249 249 249 249 250 250 250 250 249 249 249 248 248 248 248 247 246 246 246 246 247 248 249 249 251 250 249 249 250 250 252 251 252 253 254 257 260 262 263 264 266 266 267 267 267 269 270 274 274 277 281 285 288 292 295 298 301 303 306 309 313 317 321 327 333 338 343 348 351 352 354 355 356 356 357 358 358 360 359 361 360 361 361 360 361 361 361 360 360 359 359 357 354 349 345 340 334 327 318 311 305 299 293 287 284 281 277 274 271 267 264 262 258 256 252 249 247 247 249 248 240 246 251 254 257 257 255 255 257 258 258 258 257 257 257 259 261
276 273 270 266 267 266 269 270 274 273 274 276 276 277 277 278 280 281 281 281 283 285 287 289 289 290 292 293 295 296 295 297 295 296 298 299 301 301 303 304 304 303 301 298 295 292 289 286 285 280 278 278 277 278 275 272 273 272 268 268 270 271 269 267 266 251 258 260 258 256 254 249 248 246 244 242 241 239 239 239 240 240 240 240 239 239 239 239 240 239 239 240 239 238 240 239 239 239 239 242 243 245 246 247 248 249 250 250 250 251 250 249 248 246 243 243 243 243 243 249 253 255 254 254 256 257 258 258 258 258 260 257 262 264 266 267 267 268 269 268 268 269 268 267 265 263 261 258 254 249 239 239 245 250 257 266 273 279 282 285 287 289 292 292 292 291 290 286 282 280 280 281 282 281 279 277 274 272 270 269 265 261 258 252 248 245 242 247 248 244 240 239 245 250 255 260 263 265 265 267 268 270 275 279 285 294 298 304 313 323 332 338 342 345 347 347 347 345 341 336 332 325 320 313 305 293 290 289 287 286 286 285 284 284 299 290 299 293 297 292 285 281 280 278 276 274 272 269 266 264 263 261 260 260 259 258 258 257 255 256 255 252 252 251 251 251 250 250 250 250 250 250 250 249 249 248 248 248 248 247 247 247 247 247 247 247 248 249 248 249 250 250 251 252 252 253 255 256 258 260 261 263 265 266 267 267 267 268 269 271 273 275 278 281 284 288 292 295 299 302 305 308 311 314 319 323 329 335 341 346 349 354 355 356 357 357 357 357 357 358 358 358 359 359 360 360 361 360 360 358 359 360 360 361 360 357 351 346 341 334 328 319 312 305 299 294 288 284 281 277 276 273 269 266 262 259 257 253 251 249 249 249 247 242 248 253 257 258 258 257 257 258 259 259 259 260 260 260 262 265
276 273 270 267 267 270 273 274 274 274 275 277 277 279 280 281 283 284 285 286 286 287 290 292 293 295 294 296 298 299 299 299 299 301 302 304 306 308 310 310 310 309 306 304 300 297 293 289 287 284 281 279 277 280 276 276 274 276 271 268 269 263 262 260 254 266 266 264 264 261 259 257 253 252 249 246 245 242 240 240 240 240 240 240 239 239 239 240 241 240 240 240 239 239 240 240 241 242 246 246 248 249 251 251 253 253 253 254 253 253 251 250 250 246 244 243 244 243 243 248 253 255 255 256 259 259 259 260 259 261 262 260 261 265 268 269 270 271 271 271 271 271 270 269 267 265 262 260 257 254 242 240 240 245 252 265 274 279 283 286 289 292 295 296 296 295 294 290 285 283 281 281 281 281 279 277 274 271 269 268 266 263 258 253 249 246 243 246 249 249 246 240 241 249 254 257 260 261 262 263 265 267 272 277 282 288 295 300 306 315 324 333 339 343 345 347 349 348 347 343 339 332 324 318 309 300 294 292 289 288 286 286 286 286 286 303 297 289 289 291 286 282 280 278 276 275 273 270 267 264 263 262 261 259 258 258 257 256 256 257 256 254 253 253 252 252 252 251 251 250 250 250 250 250 249 249 249 249 248 248 247 248 248 248 249 249 249 248 249 250 251 251 250 251 252 253 255 256 259 260 261 263 264 265 266 267 268 268 269 271 273 275 278 281 285 289 292 296 299 303 306 309 313 317 321 326 332 338 345 349 352 356 358 358 358 357 357 358 358 358 359 359 359 360 360 360 361 360 359 357 359 360 360 362 361 358 353 347 341 335 327 320 312 306 300 294 288 285 282 280 278 275 271 267 263 260 257 255 253 250 249 250 247 243 250 254 258 260 260 259 258 261 261 260 262 263 262 264 266 269
276 272 269 267 271 274 274 276 276 277 277 277 279 282 283 284 286 287 287 288 288 290 293 296 296 298 299 300 301 302 302 302 303 305 307 309 310 313 316 316 315 313 311 308 304 301 297 293 290 289 285 282 278 278 276 273 271 265 263 262 259 265 271 265 269 271 270 267 265 263 265 263 259 256 252 252 252 249 245 243 243 241 240 240 240 240 240 241 242 242 242 241 240 242 243 243 245 247 250 252 252 253 254 256 257 257 257 257 256 255 253 252 251 249 244 244 244 243 244 248 253 255 257 257 260 262 261 261 260 262 263 260 261 266 268 270 271 273 274 274 274 273 271 270 268 267 264 261 259 255 244 241 241 242 249 262 274 280 284 287 292 294 296 298 300 298 297 292 288 284 283 281 280 281 279 277 274 271 268 267 266 262 259 254 251 247 245 245 249 250 249 245 239 245 251 255 257 258 260 260 262 264 268 275 280 285 291 298 303 309 318 327 335 339 343 346 348 351 351 349 345 340 333 324 316 307 298 295 292 290 288 288 286 286 286 286 286 286 287 286 283 281 279 278 277 275 274 271 268 265 262 262 261 259 259 259 258 257 257 257 257 256 254 254 253 253 252 251 251 251 250 250 250 250 250 249 249 249 249 248 248 249 248 248 249 250 251 250 250 250 251 251 251 251 252 253 256 257 259 260 261 262 264 266 267 268 270 270 270 272 274 276 278 281 284 289 293 297 300 304 306 310 314 319 325 330 339 349 349 352 355 358 359 359 358 358 358 359 359 359 359 361 361 360 361 361 360 359 356 356 357 359 360 361 361 359 354 349 342 335 327 320 313 307 302 295 291 287 284 282 279 275 271 267 264 262 258 257 254 251 251 250 243 246 252 255 259 261 261 261 261 262 262 261 263 265 265 267 269 271
274 271 270 266 269 276 276 277 278 279 279 279 282 284 285 288 290 289 292 291 292 294 296 298 300 302 303 304 304 305 305 306 307 309 311 313 316 319 321 321 319 317 314 311 308 304 300 298 293 290 289 285 281 281 282 275 264 266 265 267 271 275 273 273 271 272 272 270 270 268 269 267 264 260 257 257 258 258 251 246 244 243 243 243 242 241 242 243 242 243 243 243 243 244 245 246 248 251 254 256 257 257 258 259 261 261 260 260 259 257 256 254 253 250 247 244 244 245 244 249 253 255 256 258 259 263 264 262 261 262 264 259 263 265 271 271 273 274 276 276 276 275 272 271 270 269 266 261 258 253 254 246 242 241 245 258 267 277 282 288 292 297 300 302 303 302 300 297 291 286 284 282 281 280 279 276 273 270 267 266 265 263 259 256 252 249 246 246 250 251 251 250 245 241 240 251 255 255 257 259 260 262 265 272 277 282 288 293 299 305 312 321 328 335 339 343 346 351 353 352 350 345 340 332 323 314 303 298 294 292 291 290 289 287 287 287 287 288 288 287 286 284 282 279 277 276 275 273 271 266 264 262 261 261 260 259 259 258 258 258 258 258 257 255 254 253 254 253 252 251 251 250 250 250 250 250 250 250 249 249 248 248 249 251 250 251 251 251 251 252 251 252 252 252 251 253 256 257 259 261 261 262 263 265 267 270 273 272 273 273 274 276 279 282 285 289 293 297 300 304 307 311 315 321 327 333 348 355 356 357 359 361 361 361 359 359 359 359 359 359 361 361 361 361 361 360 359 356 356 355 356 358 359 360 360 360 355 348 342 335 328 321 314 308 303 299 295 290 287 283 279 275 270 268 265 263 260 258 256 253 253 251 245 247 253 257 259 261 262 263 262 263 264 264 265 266 267 271 274 276
273 271 269 267 272 274 277 281 280 280 280 283 286 287 289 290 290 293 294 294 296 298 300 301 304 306 307 307 308 308 309 310 311 313 315 317 320 323 325 325 323 320 317 313 310 306 302 299 296 293 290 290 285 283 270 267 267 271 274 278 278 278 277 275 274 273 272 273 273 272 273 269 268 265 261 260 261 259 252 249 250 247 247 246 244 244 244 244 244 245 245 246 247 246 247 249 252 254 258 260 261 262 262 263 264 264 264 263 262 261 259 257 255 253 251 246 245 244 245 250 253 255 258 258 261 265 266 264 262 261 263 259 263 269 272 274 276 277 277 278 278 277 275 267 264 265 263 258 256 255 254 249 244 242 241 251 258 268 278 284 290 296 301 304 307 307 305 300 293 287 285 283 282 280 279 277 274 271 267 265 263 262 260 257 253 250 247 246 249 251 250 251 250 246 244 242 253 254 255 255 257 259 262 267 274 278 284 289 295 302 309 317 324 331 336 340 344 349 352 355 354 350 347 340 331 322 313 302 297 294 292 291 291 290 289 289 289 289 289 288 287 284 281 279 278 277 276 274 272 269 265 263 262 261 261 260 260 259 259 259 259 259 259 257 255 254 255 254 253 252 251 251 250 251 251 250 250 250 249 249 249 249 249 250 250 251 252 252 252 252 252 252 253 252 252 254 256 257 259 261 262 262 264 266 269 272 274 275 277 275 274 277 279 282 285 289 293 296 301 304 307 312 317 323 329 339 346 358 365 367 364 362 362 360 359 360 360 360 359 359 361 361 360 360 360 360 359 357 355 355 355 357 358 359 360 359 355 348 341 336 330 323 316 311 306 302 297 292 288 283 279 275 271 268 266 263 261 259 258 258 256 252 245 249 253 258 260 261 263 264 264 264 264 266 268 268 270 274 277 278
273 270 268 268 277 275 277 280 281 282 282 284 288 289 292 293 294 296 298 298 300 302 303 304 308 310 311 311 312 312 313 314 315 317 319 320 323 326 328 327 325 322 319 315 311 307 303 300 296 292 292 291 285 271 268 270 280 281 281 283 282 280 278 277 276 275 276 277 276 274 275 272 270 269 265 263 263 258 254 256 253 252 253 250 246 248 249 247 244 247 248 250 249 249 251 252 254 256 261 264 265 267 266 267 267 268 268 266 265 263 261 259 257 255 252 249 246 246 245 247 254 256 260 261 265 266 265 264 265 265 265 259 260 269 273 275 278 279 279 279 280 279 277 275 270 267 263 261 262 261 258 253 247 243 241 242 251 261 270 278 286 293 299 304 307 309 309 304 297 288 285 283 282 282 280 277 274 271 267 264 262 261 260 257 253 251 249 249 249 250 251 252 251 249 246 243 251 252 252 253 255 257 260 264 271 276 281 286 292 299 306 314 320 327 333 338 342 346 350 356 358 356 351 344 339 330 321 312 301 297 294 293 292 292 290 290 290 290 290 289 287 284 281 280 279 277 276 276 274 272 266 264 263 263 262 261 261 260 259 259 259 260 260 259 257 256 255 255 254 253 252 251 251 251 250 251 250 249 248 249 249 249 250 250 250 252 253 253 253 253 253 253 253 253 253 253 256 257 259 261 261 262 265 267 270 273 276 280 282 280 277 277 280 282 286 289 292 296 300 304 308 313 319 324 331 342 351 358 366 370 375 366 362 360 360 359 359 358 358 358 359 359 359 359 360 360 359 356 355 354 355 356 357 357 358 356 353 347 342 338 332 325 319 314 310 305 299 294 289 284 280 275 273 270 267 265 262 260 260 259 256 252 246 250 254 258 261 263 264 266 266 266 267 269 270 270 273 276 278 279
273 270 269 269 278 279 277 280 283 284 285 288 289 291 294 295 298 300 303 304 304 305 307 310 312 314 315 315 316 316 317 318 319 321 322 323 326 328 329 328 326 323 319 316 312 309 304 300 297 281 281 277 270 273 281 285 288 287 287 286 285 283 283 281 278 278 278 277 275 275 276 273 272 272 271 267 264 257 260 258 257 259 257 252 247 250 250 247 249 249 250 252 253 251 253 255 255 259 264 268 269 270 271 271 270 271 272 270 268 266 264 262 259 256 253 250 247 246 246 246 255 257 260 263 265 266 265 265 268 269 266 262 261 261 270 275 277 279 281 282 282 281 279 277 274 271 268 266 267 264 261 256 250 245 241 243 244 254 261 269 277 286 293 300 305 309 309 304 291 290 286 283 283 283 281 278 275 271 267 264 261 260 259 257 255 253 253 253 253 253 252 253 252 250 249 246 247 246 248 249 251 254 257 261 266 273 278 283 290 297 304 311 318 324 330 336 340 344 349 353 360 360 355 348 343 337 328 319 309 302 297 295 293 292 291 291 290 291 291 291 289 286 283 281 280 279 277 277 276 274 270 266 265 264 263 261 261 260 259 259 259 259 260 260 259 257 256 256 254 253 252 251 251 251 251 250 250 250 249 250 249 250 250 251 252 253 253 255 254 254 253 253 253 253 252 254 255 257 259 260 261 263 265 266 269 273 281 286 287 284 281 279 280 283 286 288 291 295 299 303 308 313 319 324 334 344 353 359 365 373 377 371 362 360 359 358 358 358 358 359 359 359 359 359 359 359 357 356 355 355 355 355 354 354 356 355 352 349 344 342 337 329 321 317 313 308 302 296 290 285 280 276 273 270 268 265 265 263 263 261 258 254 247 251 255 259 262 263 264 266 267 267 269 271 271 273 275 277 278 279
271 269 270 270 279 281 281 280 285 284 288 291 293 290 295 298 301 306 308 308 309 310 311 313 316 318 319 319 319 320 321 321 323 324 324 325 326 327 328 327 325 322 319 316 313 310 304 298 283 291 291 274 275 287 290 291 292 293 292 291 290 289 288 285 283 281 280 276 276 277 277 274 274 273 273 269 261 267 265 262 259 259 258 254 250 251 251 249 250 251 252 254 255 254 256 257 258 262 267 271 273 274 274 274 273 274 274 274 272 270 267 264 260 258 255 250 247 246 246 245 255 259 262 264 264 267 268 269 269 270 268 264 262 262 268 276 278 280 282 283 283 282 280 279 275 272 269 270 268 266 263 260 254 248 245 243 243 247 256 260 268 278 283 293 299 305 308 292 298 289 287 284 283 284 281 279 276 272 268 264 261 259 258 257 256 254 254 254 254 254 253 253 252 251 250 250 245 246 247 248 249 251 253 257 263 269 275 280 286 293 301 308 317 322 329 334 341 345 348 353 360 364 360 354 348 342 335 326 317 309 300 297 295 294 292 291 291 291 290 290 289 287 285 283 282 280 278 278 278 276 271 268 266 264 263 263 261 260 260 259 260 260 261 261 260 258 257 256 255 254 253 252 252 251 251 250 250 250 250 250 250 250 251 251 253 255 256 256 255 255 254 254 253 253 253 254 255 256 258 260 262 262 264 266 269 273 281 289 295 292 285 283 282 283 285 288 290 295 298 301 305 312 317 323 333 344 351 359 365 373 375 371 364 359 359 358 357 357 358 359 359 359 359 358 359 359 357 357 357 355 355 354 353 353 353 353 351 349 347 345 340 332 324 320 316 310 306 297 291 285 281 276 273 271 269 267 267 265 263 261 258 254 247 252 256 260 263 264 266 267 268 269 269 271 273 274 276 278 279 280
271 271 278 273 280 281 283 284 284 286 290 293 294 293 298 299 305 308 311 312 313 314 314 317 319 321 322 323 323 323 323 324 325 326 326 326 326 326 326 325 323 320 318 314 312 309 293 290 298 290 281 275 285 294 297 297 297 297 298 296 295 293 292 289 285 283 281 280 280 278 277 275 273 273 271 270 270 271 267 265 262 260 259 258 256 252 252 251 254 255 255 256 257 257 259 261 264 267 272 274 277 277 277 277 276 275 275 275 275 274 270 266 263 260 256 251 247 246 246 247 254 258 262 265 266 265 269 270 270 271 270 268 265 263 264 273 279 281 283 284 284 283 281 280 277 274 269 270 270 268 265 262 258 252 247 244 244 246 251 255 261 270 277 282 291 300 306 294 292 291 286 284 284 284 282 279 276 273 269 265 261 259 258 257 255 255 255 254 254 254 254 253 252 249 251 248 248 250 250 247 247 248 251 254 259 265 271 277 284 291 298 306 315 321 328 334 340 343 347 350 358 366 364 360 353 345 340 332 324 316 308 300 297 295 294 292 292 291 291 289 289 289 287 284 282 279 279 278 279 277 273 269 266 264 263 263 262 260 260 260 260 260 260 261 260 259 257 256 255 255 254 252 252 251 251 250 251 250 250 250 250 251 252 253 254 256 258 259 256 256 256 254 254 254 254 254 255 256 258 259 261 262 264 266 270 273 279 290 297 296 291 287 285 283 286 288 290 293 297 300 304 310 315 322 330 342 351 356 362 369 373 370 363 359 359 357 358 359 359 359 359 358 358 357 357 357 357 357 357 355 355 354 352 351 351 351 351 351 350 347 342 334 328 323 318 312 307 300 293 287 281 277 275 273 271 267 267 265 263 259 257 253 249 254 257 261 264 265 267 268 269 271 271 272 273 276 277 279 280 281
272 273 279 280 281 282 284 287 287 290 290 295 295 295 301 301 307 311 313 315 316 317 318 320 322 324 325 326 326 326 326 326 327 327 327 326 325 325 324 322 321 319 317 314 309 295 291 298 285 281 283 289 290 295 298 301 302 302 302 300 298 297 294 292 289 286 283 280 279 280 278 278 275 272 273 274 273 273 271 267 264 262 262 262 261 259 254 254 258 258 258 259 260 261 263 267 271 274 275 277 279 280 280 279 279 278 277 276 275 274 273 268 265 262 258 253 247 247 247 247 254 258 261 266 269 268 269 271 270 269 270 269 267 263 271 275 278 281 284 285 285 284 282 281 278 275 272 270 270 268 266 264 261 255 250 246 243 246 249 252 256 262 269 276 283 290 299 303 302 296 287 285 283 284 282 280 278 275 270 267 262 259 258 257 257 255 255 255 255 254 253 252 252 252 250 250 250 251 251 250 247 248 249 252 255 262 268 274 280 287 295 304 312 320 327 332 338 342 346 349 354 364 367 363 359 350 344 338 331 322 313 303 299 297 296 293 293 291 290 289 288 287 286 284 281 280 278 278 279 277 274 270 267 265 264 263 263 261 260 260 260 260 260 260 260 259 258 257 256 255 254 253 252 251 251 251 251 250 251 251 251 251 252 253 256 258 260 261 259 258 257 255 255 254 254 254 254 255 257 259 261 262 264 266 269 273 277 288 295 299 295 293 288 286 286 288 290 293 295 298 302 308 312 319 328 338 347 351 360 366 365 366 362 359 356 355 356 357 359 358 357 358 358 356 355 356 356 358 358 357 355 354 352 349 349 350 351 352 351 347 344 336 330 325 320 315 309 301 295 288 282 278 276 274 271 269 267 267 265 261 258 256 251 252 258 261 265 265 267 269 271 272 273 274 274 276 278 280 281 282
273 277 280 282 282 284 286 288 288 291 293 296 298 297 303 304 308 314 317 318 320 321 322 323 325 326 327 328 328 328 328 329 328 328 327 326 324 324 323 321 319 317 315 312 298 303 304 298 295 294 294 298 299 299 301 304 306 306 306 303 300 299 298 295 292 286 283 282 280 281 279 279 276 277 277 275 274 276 272 271 268 265 265 267 266 264 260 257 262 262 262 263 264 267 271 274 276 279 280 281 281 282 282 282 282 281 280 278 277 275 273 270 267 263 259 255 249 248 248 248 254 257 261 267 270 270 271 273 269 266 265 265 270 270 276 278 279 282 284 285 285 285 284 282 280 277 274 273 271 269 268 266 263 259 254 247 245 245 248 251 254 259 263 270 277 283 289 293 295 292 288 285 283 283 282 281 279 277 272 269 264 260 258 257 256 256 256 255 253 252 254 254 253 253 252 251 251 252 251 251 250 247 248 249 253 258 265 271 276 283 292 300 309 316 325 330 335 339 343 347 352 358 367 367 364 355 346 341 335 326 316 306 301 299 296 294 291 291 291 291 289 288 287 285 283 281 279 278 278 278 275 271 268 267 266 264 263 262 261 260 260 260 259 259 259 259 258 257 256 255 254 253 252 252 251 251 251 251 251 251 252 252 253 255 258 260 262 263 262 260 260 258 256 255 256 255 254 255 256 258 260 262 264 266 269 272 276 284 295 294 300 298 291 288 287 288 291 292 294 298 301 306 310 315 323 332 342 348 356 363 361 362 361 358 355 355 355 357 358 358 357 357 356 356 354 354 354 357 358 357 356 354 352 349 347 348 349 352 351 347 343 336 332 326 320 314 310 303 295 289 283 279 276 273 271 269 268 267 265 261 259 257 254 250 257 261 265 266 267 270 272 274 275 276 276 277 279 281 282 283
274 277 280 282 284 286 286 289 290 292 296 298 300 298 305 306 309 316 319 321 323 324 325 326 326 327 329 330 330 330 330 330 329 328 327 325 323 322 321 320 318 316 313 304 303 305 304 295 300 299 297 297 298 301 304 307 309 310 310 308 305 303 300 297 294 291 288 285 282 280 280 279 279 281 281 281 281 280 276 275 272 269 268 270 271 271 254 263 267 266 266 267 270 273 277 280 282 283 282 284 284 283 284 284 283 282 281 279 278 276 274 271 267 264 260 256 252 249 249 248 255 257 260 266 270 271 272 272 270 269 269 269 270 275 277 277 279 282 284 285 285 285 285 283 280 278 276 274 272 270 269 267 264 259 253 251 247 245 247 251 254 258 261 266 272 280 285 288 289 289 289 285 283 282 281 280 279 277 275 272 267 262 259 257 257 257 255 255 254 254 255 255 255 254 254 253 253 252 252 252 251 249 248 249 251 255 262 267 272 279 288 295 304 312 321 326 332 336 340 345 350 357 364 368 367 361 353 344 339 331 320 308 302 300 297 296 293 292 292 292 291 290 289 286 286 282 280 279 278 278 275 273 269 266 265 263 263 262 261 261 260 260 260 260 260 260 258 257 256 255 254 253 253 252 252 252 251 252 251 252 252 252 253 257 260 262 264 266 264 262 260 260 258 258 255 255 254 255 256 257 259 262 264 266 269 271 276 281 288 283 284 301 296 291 290 289 291 292 294 298 301 306 309 313 319 327 335 343 351 356 355 358 358 356 355 354 354 355 356 356 356 357 357 355 354 353 354 356 357 357 356 354 352 349 346 348 348 350 348 346 341 336 331 325 319 315 309 303 296 289 284 281 277 273 271 270 269 267 265 262 260 258 255 252 256 261 264 266 267 269 272 276 277 278 278 279 281 282 282 282
277 278 281 283 285 287 289 289 291 293 297 300 301 300 306 308 311 317 321 324 326 327 328 328 329 329 332 332 332 332 331 330 329 327 325 323 322 321 320 318 316 316 311 301 307 306 305 298 300 300 299 298 299 301 305 308 311 312 312 311 309 307 303 299 295 293 290 288 285 286 286 286 286 290 289 288 287 285 282 280 275 272 272 272 273 266 264 272 271 272 272 274 277 281 284 286 287 288 288 287 287 286 286 285 284 284 283 281 279 277 275 272 269 265 261 257 252 249 249 249 251 257 261 266 271 273 273 272 272 271 271 268 269 276 277 278 278 280 283 285 285 285 285 284 282 280 277 275 272 271 270 266 260 259 260 255 250 246 245 251 254 256 260 263 268 276 279 283 286 287 285 282 282 282 281 280 279 277 276 274 270 265 261 259 258 257 255 255 256 256 256 256 256 256 257 255 254 253 253 253 252 252 250 249 250 253 258 263 268 275 284 292 301 308 315 322 327 332 336 341 347 352 360 369 370 366 359 349 342 336 325 313 306 303 299 296 295 293 292 291 291 289 288 285 285 284 280 279 278 277 275 272 271 267 265 264 263 263 262 261 261 260 260 261 259 261 259 257 256 255 254 254 253 253 252 252 252 253 253 253 253 253 254 259 262 264 265 267 267 265 263 260 260 258 256 255 255 255 255 256 258 260 263 265 268 271 274 279 283 286 284 299 299 294 290 289 291 293 295 298 301 306 309 312 317 323 327 332 339 346 348 350 352 354 355 354 354 355 355 355 356 356 356 356 354 353 353 354 355 356 356 354 351 348 345 346 346 347 345 343 339 334 329 323 318 314 309 303 296 291 286 283 279 273 271 271 270 267 266 261 259 258 257 253 255 261 264 266 268 270 273 276 279 279 280 280 282 283 284 283
279 279 282 284 286 287 289 291 293 294 298 301 301 301 306 309 313 319 323 327 329 331 331 331 332 332 333 333 333 331 330 329 327 326 324 322 321 320 319 317 316 312 301 307 306 305 303 298 296 302 300 300 300 302 305 310 313 315 315 314 313 309 306 302 298 296 294 292 291 292 292 294 293 293 295 292 291 289 287 285 282 280 278 276 276 274 273 278 280 279 279 281 284 287 290 291 292 292 291 291 290 289 289 288 286 285 284 282 279 277 275 273 270 266 262 258 255 250 250 249 249 258 262 268 272 273 273 273 274 273 272 270 269 269 278 278 278 281 282 284 284 285 285 284 282 281 278 276 272 271 268 263 263 264 262 258 255 252 247 245 252 255 259 263 267 272 275 279 284 284 284 282 280 280 279 279 277 276 275 273 272 268 265 262 259 257 255 256 255 256 258 258 259 260 260 258 256 255 254 254 253 253 251 249 249 253 256 261 265 271 279 288 296 304 310 318 325 328 333 339 344 349 355 366 370 370 365 356 346 337 328 320 310 304 300 297 296 295 294 293 291 290 289 287 285 283 281 279 277 277 275 273 273 270 266 265 263 263 262 261 261 261 261 261 261 260 259 258 257 255 255 254 254 254 253 253 253 254 254 254 254 254 257 260 264 266 267 269 268 267 265 264 261 259 258 256 255 256 255 256 257 260 263 265 267 270 273 277 281 288 292 296 296 294 291 290 291 293 295 298 301 306 309 312 317 320 324 328 333 338 342 345 348 351 354 354 355 355 355 355 356 356 356 355 354 353 352 354 353 353 353 350 348 345 343 345 345 344 342 340 335 330 325 319 315 313 307 301 295 290 286 282 277 274 272 271 268 268 264 259 258 257 254 253 256 260 262 265 268 270 272 276 279 280 281 281 282 283 284 284
278 281 283 285 287 288 290 292 294 295 298 301 301 303 308 310 314 321 326 331 332 333 335 334 335 335 335 335 333 330 329 326 326 325 323 321 320 319 317 316 313 303 308 307 305 303 300 299 299 298 303 302 301 302 305 310 314 317 319 318 316 312 309 305 303 300 298 297 297 299 299 299 301 303 303 302 300 298 296 293 290 286 283 279 279 272 274 284 287 288 288 289 291 293 294 296 296 295 295 295 293 292 291 290 288 287 285 283 280 278 276 274 271 268 264 259 256 250 250 250 249 259 263 268 270 273 274 274 275 275 276 275 272 271 272 279 280 281 282 283 283 284 284 283 282 281 279 276 274 271 269 268 264 267 264 261 258 255 252 248 247 250 257 262 265 269 272 276 280 282 282 282 280 279 278 277 276 275 275 273 272 269 265 263 261 259 256 256 256 256 258 260 261 262 262 261 259 257 255 255 255 254 252 250 249 252 253 257 262 267 275 283 292 298 307 314 320 326 331 336 341 349 353 361 368 370 367 361 350 339 331 324 315 306 302 299 297 296 296 295 293 291 290 289 287 284 282 279 278 277 276 275 274 272 268 266 265 264 263 262 262 261 261 261 260 260 259 258 257 256 255 255 254 254 254 253 254 254 255 256 256 256 259 262 265 267 269 270 270 269 267 266 264 262 258 257 256 256 256 256 256 259 261 265 267 269 272 276 280 284 287 290 291 290 290 290 291 292 295 297 300 306 309 313 315 319 322 326 329 334 338 342 345 348 352 354 355 356 358 357 357 356 354 353 353 352 351 351 351 350 350 347 345 343 340 342 341 340 338 336 332 327 321 316 315 312 306 300 294 290 286 280 277 274 272 272 268 266 262 260 259 257 254 255 256 260 262 264 267 269 272 276 278 281 282 282 282 284 284 284
278 282 283 286 288 289 291 294 296 297 295 301 303 305 309 310 313 320 326 331 334 336 337 338 338 339 339 337 335 331 329 328 326 324 322 321 320 318 316 313 308 309 308 307 305 303 301 302 302 302 302 305 304 303 305 311 315 319 322 322 318 318 315 311 309 306 305 303 304 306 308 311 312 313 312 311 308 306 304 301 297 292 288 283 281 272 277 288 292 294 295 296 297 299 299 299 298 298 297 297 296 294 293 292 291 288 287 285 282 280 277 274 272 268 265 261 257 252 251 250 250 260 264 267 270 273 275 276 277 277 278 278 275 273 273 277 280 281 281 281 282 282 282 281 281 280 279 278 275 273 269 269 267 268 266 263 260 256 256 254 248 247 254 260 264 268 271 272 276 279 280 280 279 277 277 277 275 275 274 274 272 271 268 266 263 260 257 257 256 257 259 261 263 263 264 264 263 260 258 256 256 255 253 251 250 249 252 255 259 264 271 280 286 293 300 308 316 323 329 334 339 347 355 361 367 369 368 363 353 341 335 328 320 313 306 301 300 298 295 295 295 293 292 290 286 283 281 280 278 277 276 275 275 274 271 268 266 265 263 263 263 262 262 261 260 260 260 259 258 257 256 255 255 254 254 253 254 255 256 258 258 259 262 264 267 268 270 271 272 271 269 268 265 262 261 258 258 257 256 255 257 258 260 264 265 268 272 275 279 283 286 288 289 290 291 291 291 292 294 298 302 304 309 312 315 318 321 324 327 331 334 338 341 346 350 353 355 358 360 361 358 357 354 353 352 350 350 349 347 346 346 344 342 340 338 338 337 336 334 331 328 323 319 315 313 309 303 298 293 289 285 281 277 275 273 270 268 264 262 261 259 256 257 257 256 259 261 263 265 268 272 275 278 280 281 283 283 284 284 283
280 283 283 286 289 291 293 295 297 297 299 299 304 306 308 311 315 319 324 331 336 339 340 341 342 342 341 339 336 334 332 329 326 324 322 320 319 316 314 308 310 310 309 307 307 304 302 304 304 303 302 301 306 305 306 311 316 320 324 324 324 322 319 317 315 312 311 310 311 313 318 320 322 322 321 319 318 316 311 306 300 296 290 286 279 267 283 291 296 298 299 300 302 302 302 301 300 300 299 299 297 297 296 294 292 290 288 286 283 280 278 275 273 270 266 262 255 251 251 250 250 251 263 267 270 273 275 277 278 279 280 279 278 274 273 277 280 280 280 280 280 281 282 281 280 279 276 277 275 272 269 268 267 268 268 265 261 260 259 256 254 249 254 257 263 267 269 271 273 276 277 278 278 276 276 275 276 275 275 274 273 271 269 267 264 262 259 257 257 258 260 262 264 265 265 266 265 264 261 259 257 256 255 252 250 251 251 253 257 261 267 276 282 290 297 304 312 320 327 331 339 347 356 365 368 369 368 361 352 345 339 332 325 319 312 307 303 301 298 297 296 294 293 291 288 285 283 282 280 278 278 277 275 274 273 271 268 266 265 264 263 263 262 262 261 261 261 260 259 257 256 255 255 255 255 255 254 255 258 260 261 261 263 265 268 270 270 272 273 273 271 269 267 265 263 261 258 257 256 256 257 258 260 263 264 267 271 275 279 282 285 287 289 290 290 290 291 293 296 299 304 308 310 312 315 319 320 323 326 329 332 336 340 345 348 352 356 361 363 363 361 357 354 352 350 349 348 345 344 343 342 341 339 336 335 333 332 331 330 328 324 320 316 313 311 306 300 295 292 288 284 280 278 276 274 271 268 265 263 261 258 256 259 261 261 258 260 262 265 268 271 274 278 281 283 283 283 284 284 282
280 283 286 286 289 291 293 296 298 299 302 299 304 307 309 312 315 317 323 329 335 340 342 344 345 345 344 341 338 336 331 328 326 323 321 319 318 315 310 311 311 310 308 308 309 306 304 307 306 306 306 304 303 305 309 312 316 321 327 329 329 327 325 323 322 320 319 317 318 320 325 329 331 330 329 327 324 320 314 309 302 295 291 287 279 269 287 295 299 302 303 304 305 305 304 303 302 301 300 299 298 297 296 295 293 291 289 287 284 281 278 275 273 272 269 265 258 251 249 251 251 251 260 266 270 272 275 277 278 279 280 278 279 279 276 277 280 280 281 281 280 280 281 281 280 277 278 277 274 271 269 269 269 268 267 266 265 264 261 260 258 254 248 252 261 266 268 270 271 273 275 276 277 276 275 275 275 275 274 273 273 272 270 268 266 264 262 258 258 260 262 264 265 267 267 268 267 266 265 262 260 258 256 254 252 251 251 252 255 259 264 272 280 287 294 301 308 316 323 330 338 348 357 366 370 370 365 361 355 349 343 337 332 325 319 312 307 304 302 300 298 296 294 293 291 287 285 283 281 280 279 277 276 275 274 273 270 267 266 266 265 263 263 263 263 262 262 260 260 258 257 256 256 256 256 256 256 257 259 262 265 265 264 267 270 271 272 273 274 274 273 271 269 266 265 263 261 258 257 257 257 257 260 261 264 268 271 275 277 281 284 285 287 288 289 289 291 293 296 300 306 310 313 316 318 319 320 322 324 327 330 334 338 343 348 352 357 362 367 367 364 360 355 352 349 349 347 344 343 340 339 336 334 332 332 330 329 328 327 326 321 318 314 311 310 305 299 294 291 285 280 277 277 275 273 268 266 265 263 259 258 259 259 261 260 258 260 262 264 266 270 274 278 282 284 284 284 285 284 282
281 284 287 288 293 294 295 297 297 300 302 300 305 307 309 312 315 319 323 329 335 340 343 345 346 346 345 342 338 334 330 327 325 323 320 318 315 312 313 312 311 310 310 310 310 309 306 309 307 308 307 307 306 304 308 311 317 322 329 332 333 333 331 330 329 320 325 324 325 327 331 336 337 337 335 331 328 323 317 307 301 296 292 288 280 280 293 301 305 306 306 307 307 306 305 304 302 301 301 299 299 298 297 296 294 292 290 288 284 282 280 277 275 273 270 265 260 251 250 251 252 252 261 266 270 273 274 276 277 278 279 280 281 281 280 278 279 281 282 281 281 281 280 279 279 279 279 278 277 275 273 272 271 269 268 268 267 266 265 264 262 259 252 249 254 263 267 269 270 271 272 274 274 274 274 273 273 273 274 273 273 272 270 268 267 265 262 258 260 262 264 265 267 269 269 269 269 268 268 266 263 260 258 256 254 252 252 252 252 257 261 268 276 283 290 297 305 311 320 326 335 345 355 366 372 372 368 363 358 353 348 344 337 331 326 321 315 311 307 305 302 298 296 294 292 290 287 284 282 281 279 279 278 276 276 275 272 270 267 267 266 265 264 264 264 263 262 260 260 260 259 257 257 256 257 258 258 259 261 264 267 268 268 270 270 272 273 274 274 275 274 273 271 269 267 264 262 258 258 257 257 257 259 261 263 266 271 273 274 278 281 283 286 287 288 289 291 293 296 301 307 311 315 320 322 323 323 324 324 327 329 332 336 341 347 352 358 364 369 371 367 362 356 352 349 348 346 343 342 339 337 334 333 332 329 329 326 323 324 323 319 316 312 310 302 300 294 292 290 287 284 280 276 271 268 266 264 264 261 259 261 261 261 261 259 259 260 261 262 266 271 275 279 283 285 285 286 285 284 283
282 285 289 291 293 295 296 297 299 301 304 302 305 308 310 312 316 319 322 327 333 339 343 345 346 346 344 341 337 333 330 327 325 322 320 318 315 314 314 313 313 312 311 311 311 310 308 310 310 310 309 308 309 309 307 311 319 325 330 335 337 337 337 336 335 333 331 331 331 334 337 340 342 340 337 333 327 321 313 307 301 296 292 288 282 278 296 305 308 308 308 309 307 307 305 304 303 301 300 299 298 297 295 295 294 292 291 289 287 285 282 279 277 275 272 268 263 252 251 252 252 253 260 265 269 272 273 277 278 278 280 281 281 280 282 280 277 280 282 281 281 282 281 281 280 280 279 278 277 276 275 273 272 270 269 269 269 268 267 266 264 261 256 250 249 253 262 267 269 270 271 272 271 272 273 271 271 272 273 272 272 271 270 268 267 266 262 259 262 264 266 267 269 269 270 270 271 271 270 269 267 263 261 258 256 254 252 252 253 254 258 265 274 280 286 294 300 307 315 322 331 341 355 366 375 377 372 367 361 357 353 350 345 341 336 331 325 318 313 309 305 302 299 296 294 293 288 285 283 282 281 280 279 278 277 275 275 273 270 271 269 268 266 266 265 263 262 261 261 260 260 259 257 257 258 259 259 260 263 266 270 271 272 272 272 273 274 274 274 275 274 274 272 271 268 266 263 261 259 258 257 258 259 261 264 266 270 270 273 277 280 281 283 286 286 289 291 293 296 301 307 313 318 323 328 328 327 328 327 327 329 332 335 340 345 352 358 366 373 374 370 365 359 353 349 347 345 343 341 339 338 336 334 332 330 329 327 326 324 321 317 312 310 307 306 301 298 295 293 289 285 281 277 274 271 267 265 263 261 262 262 262 261 261 259 259 260 261 262 265 270 276 280 283 286 288 287 285 284 281
283 286 289 292 295 296 297 298 300 302 304 304 304 308 310 312 316 318 322 326 331 336 341 343 344 344 343 340 336 333 329 326 324 322 320 317 315 315 315 314 314 313 313 313 312 311 312 313 313 312 311 310 310 308 308 313 320 327 333 337 340 341 341 341 339 338 337 336 337 339 341 344 344 342 338 333 327 320 313 306 301 297 292 288 283 273 292 304 309 310 310 309 308 307 305 304 302 300 299 298 296 295 294 294 292 292 292 290 290 287 284 281 278 276 273 270 265 258 251 252 253 260 263 265 265 269 269 271 276 280 282 282 281 281 280 282 278 280 282 282 281 282 281 280 280 280 279 278 277 276 276 274 272 270 270 270 270 269 270 268 266 264 260 255 250 250 256 266 268 269 270 270 270 271 271 271 270 271 271 271 270 269 268 267 267 266 263 259 264 266 267 268 270 270 271 272 272 272 272 271 269 266 263 260 258 256 253 253 253 254 256 261 268 276 283 291 297 302 308 316 326 337 350 363 374 381 379 375 369 363 360 354 350 347 342 338 333 328 323 317 309 306 302 300 295 293 290 287 285 284 283 281 280 279 278 277 277 274 273 274 273 272 269 268 267 265 264 262 262 261 260 259 258 258 259 259 260 262 264 267 271 273 273 273 274 274 275 274 276 275 274 274 273 272 271 268 266 263 261 259 258 258 259 261 263 267 267 269 272 275 276 280 284 285 286 288 290 293 297 302 309 315 321 327 332 334 332 332 330 328 330 332 337 340 345 352 360 367 375 376 373 369 362 356 351 348 347 345 344 343 341 340 338 336 332 331 330 329 327 324 319 316 313 313 308 303 301 298 295 290 286 281 278 274 271 267 264 263 264 264 264 264 264 262 260 260 259 260 261 265 271 276 280 284 286 288 288 287 284 280
287 288 291 294 296 297 298 300 301 302 305 305 306 308 311 314 315 318 321 325 329 334 338 340 343 342 341 339 337 333 329 326 324 322 320 317 315 316 316 316 315 315 315 314 313 317 316 316 316 315 313 312 309 307 310 315 320 327 333 338 343 344 345 344 344 343 342 342 342 344 345 346 345 343 338 332 327 320 314 307 301 296 291 288 285 275 288 296 304 307 308 307 306 306 303 302 300 298 297 296 294 293 293 292 292 292 292 293 292 289 285 281 279 276 273 270 266 261 252 252 253 260 264 267 269 267 268 272 275 279 280 283 282 282 281 279 280 281 282 282 282 282 281 280 280 281 279 278 277 277 276 275 273 272 271 271 271 270 270 270 268 265 261 258 254 250 250 260 265 268 269 269 270 270 269 269 269 269 270 270 269 269 269 268 264 264 262 260 263 266 268 269 270 271 272 273 273 273 273 273 271 269 266 263 260 257 256 254 253 253 255 257 264 272 280 288 294 299 305 311 319 331 341 357 369 379 382 382 378 374 367 362 355 351 348 344 341 336 334 329 321 315 306 301 297 293 291 288 286 285 285 283 281 280 279 278 277 275 275 277 277 277 275 272 271 268 265 264 263 262 261 260 260 260 260 260 262 263 265 268 271 274 274 274 275 275 275 276 275 275 275 275 275 274 273 271 267 265 262 260 258 258 259 262 264 266 265 268 270 274 277 281 284 285 286 287 290 293 296 303 310 315 323 328 333 337 337 335 334 332 331 334 337 341 346 353 361 367 374 376 375 371 366 359 354 351 349 348 348 347 345 344 343 339 337 334 333 332 330 326 320 317 316 315 310 306 303 300 295 289 285 281 277 274 271 268 266 264 266 267 267 265 264 262 261 260 260 261 261 265 271 276 281 283 286 288 288 286 284 281
283 291 290 296 296 299 300 301 302 303 306 307 308 308 311 313 315 318 321 324 327 331 335 339 342 342 341 340 337 334 330 326 324 322 321 319 317 318 318 317 317 317 316 316 317 320 320 319 318 317 315 313 311 309 310 315 319 325 333 339 344 347 347 347 347 346 346 345 347 348 348 348 347 343 338 332 327 320 314 308 302 296 291 288 285 278 285 290 295 300 301 302 302 301 300 299 298 296 295 293 293 292 291 291 290 291 292 292 292 291 287 283 280 278 274 270 265 260 254 252 254 260 264 267 268 269 270 275 277 278 279 281 282 283 283 283 283 283 283 283 283 283 282 281 280 280 279 278 278 276 276 276 274 273 273 273 272 271 271 271 269 266 262 259 256 253 250 254 264 266 268 269 269 269 269 268 269 269 269 269 269 268 269 268 266 265 264 260 263 266 268 269 271 272 273 273 273 274 274 274 273 271 269 266 263 260 257 255 255 254 254 255 259 266 275 285 292 295 301 307 315 323 335 347 358 370 377 382 383 381 375 369 364 358 353 351 349 346 344 339 331 324 314 305 300 297 293 290 288 286 286 285 283 281 280 279 278 277 278 278 279 280 280 278 275 272 270 267 264 263 262 261 260 260 261 261 263 264 266 269 272 275 276 276 277 276 276 276 276 276 276 276 276 276 275 273 269 266 264 262 257 259 260 262 263 265 265 268 270 273 276 280 283 284 286 288 290 292 296 302 310 318 324 329 335 338 340 339 337 335 334 335 339 343 348 354 361 367 372 376 376 373 367 362 358 354 352 352 350 349 349 349 346 343 341 339 338 338 335 331 325 320 319 316 312 308 305 299 294 289 284 280 276 273 269 268 265 266 268 269 267 265 264 262 261 260 260 261 262 264 270 275 280 283 287 288 288 287 284 281
282 291 294 296 298 300 301 303 304 306 307 308 310 310 311 313 316 319 321 324 327 331 335 338 340 342 341 340 338 334 330 327 324 322 321 319 319 319 319 319 319 319 317 321 322 323 323 322 321 319 317 314 313 311 310 315 319 325 332 339 345 349 350 350 350 349 349 349 349 350 350 350 348 344 338 332 326 320 314 307 303 297 291 288 285 281 282 290 293 296 298 299 298 298 297 296 295 293 293 292 291 291 290 289 289 290 290 290 291 291 288 285 281 278 274 269 263 254 254 254 259 261 264 266 269 270 270 274 278 280 281 283 284 285 285 285 283 283 284 283 283 283 282 281 281 280 279 278 278 277 276 276 275 275 274 273 272 272 272 272 271 268 264 260 257 255 251 251 262 265 266 268 268 269 269 269 268 268 268 268 268 267 267 267 267 266 265 262 263 265 268 269 271 273 273 274 274 275 276 276 275 273 271 268 265 261 259 257 255 254 255 256 258 262 270 278 286 293 298 304 311 319 328 338 345 356 366 374 380 382 379 375 372 369 365 359 355 352 349 345 338 331 323 312 302 298 296 293 290 288 288 286 285 283 282 280 280 279 279 280 281 283 283 282 280 277 273 270 267 265 264 263 262 262 262 263 264 266 267 270 272 275 277 278 278 278 278 278 278 277 277 276 276 276 276 274 270 268 266 263 259 259 261 263 263 263 265 268 270 273 276 279 282 284 287 289 290 292 296 302 309 318 325 331 335 339 342 342 342 340 337 338 341 345 350 357 362 366 371 375 376 372 369 365 361 358 355 353 352 351 350 352 350 346 343 344 344 342 341 336 329 324 321 316 313 309 305 299 293 288 284 280 275 271 268 266 266 268 270 271 268 265 264 263 262 261 261 262 262 264 270 274 279 282 286 287 288 287 285 282
282 291 296 296 299 301 302 304 306 308 308 310 312 313 312 314 317 320 321 324 327 331 334 337 340 341 342 341 339 335 332 328 325 323 321 320 321 320 321 321 322 322 321 324 325 325 325 324 322 321 318 315 315 313 313 317 320 325 331 339 345 350 352 352 352 352 352 351 351 352 352 351 348 343 336 331 324 318 313 307 302 298 293 289 287 283 286 289 291 294 295 296 296 295 295 294 293 292 291 290 289 289 288 289 289 289 289 289 290 290 289 286 282 279 274 270 263 254 254 254 262 262 265 266 270 274 273 274 276 280 284 284 284 287 287 286 284 283 285 284 284 284 283 282 281 280 279 279 278 277 276 276 276 275 275 274 273 274 274 273 272 269 266 262 257 256 251 251 257 263 264 266 267 267 268 267 266 266 266 266 266 266 266 266 267 266 264 262 264 265 268 270 271 272 273 274 275 276 276 276 276 274 272 270 267 263 260 259 258 256 255 256 258 261 267 275 281 288 294 301 306 313 321 329 336 341 350 358 368 374 376 377 376 375 372 368 364 358 352 351 345 338 329 320 307 301 299 296 292 290 288 288 287 284 282 282 282 281 281 282 283 285 285 285 284 281 278 274 270 268 266 264 263 263 264 265 265 267 268 270 273 276 279 279 280 280 280 280 280 279 279 278 277 277 276 275 273 270 266 263 261 259 262 261 262 263 265 267 270 273 276 279 282 284 287 289 291 292 296 302 309 316 324 331 336 340 343 345 344 343 341 342 343 348 353 358 362 366 369 372 374 372 369 365 362 360 357 354 353 352 353 354 353 349 347 348 349 348 344 338 332 327 323 317 314 310 305 299 293 288 283 280 275 271 268 268 269 270 272 271 268 266 266 265 263 262 262 262 262 264 269 274 278 281 284 287 286 286 285 284
283 288 297 297 300 302 304 305 307 310 310 312 314 314 315 314 317 320 321 324 327 331 334 336 339 342 343 342 340 337 333 329 327 324 321 321 322 323 322 323 323 324 325 323 326 327 327 326 324 323 319 317 316 314 315 318 321 327 333 338 345 351 353 353 353 353 353 352 352 352 352 350 349 342 335 329 324 318 313 307 303 299 294 290 287 285 283 288 290 292 294 294 294 293 293 292 291 290 289 289 289 288 288 285 288 287 287 288 288 288 287 286 282 279 276 269 263 254 254 255 264 265 268 269 271 275 276 276 279 281 283 284 284 286 288 288 286 285 285 285 283 284 283 282 280 280 279 278 277 277 276 276 276 275 276 275 274 274 275 274 273 271 267 263 259 255 251 252 254 260 263 264 264 264 266 267 267 267 266 265 265 265 265 265 265 264 264 262 264 266 267 269 271 272 274 275 276 277 277 276 276 275 273 271 269 266 263 261 259 258 256 256 258 259 264 271 279 284 291 296 302 308 315 323 330 335 341 345 353 360 366 372 377 377 377 375 371 366 359 353 349 343 336 324 314 303 299 295 293 291 289 288 287 285 284 283 283 282 281 283 284 285 287 287 286 285 282 280 275 273 271 268 266 265 265 266 266 269 269 271 274 278 281 281 281 282 283 283 284 283 283 282 280 278 277 277 276 271 267 264 263 261 260 261 263 264 266 269 271 274 276 278 281 284 287 289 291 293 296 301 308 316 324 329 335 340 344 345 346 346 345 345 346 350 354 358 362 364 367 371 372 371 369 366 364 361 359 356 355 353 353 354 353 351 351 351 351 349 344 339 333 329 324 318 314 309 304 298 293 288 283 279 274 271 269 270 271 273 273 270 267 269 269 269 266 264 264 263 263 265 269 273 277 281 284 285 286 287 286 285
284 290 298 298 300 303 306 307 309 312 313 314 315 316 317 317 319 320 323 325 328 331 333 335 338 341 343 342 341 338 334 330 327 324 322 324 324 324 324 324 325 326 327 324 328 328 328 327 325 323 321 320 318 316 315 319 322 327 334 340 346 351 353 353 353 353 352 351 351 351 350 348 344 339 333 327 323 317 312 308 304 299 295 291 288 286 283 287 288 290 292 292 292 291 290 289 289 289 289 288 287 286 286 285 284 285 283 285 285 285 285 285 282 279 274 268 254 255 255 255 269 270 269 271 273 274 275 279 283 283 285 284 285 287 289 289 288 288 287 286 285 284 284 282 281 279 279 278 278 277 276 277 276 275 276 276 276 275 274 274 273 271 269 265 260 254 252 251 256 260 263 264 265 267 267 267 268 268 268 265 265 265 265 264 264 263 263 263 265 266 267 268 270 272 274 275 276 277 277 277 276 276 275 272 270 268 264 263 261 260 258 255 260 259 260 267 276 280 286 294 298 304 310 317 324 329 334 339 345 350 355 362 370 376 376 377 376 372 366 359 352 347 341 330 318 308 302 298 295 293 290 289 288 286 285 285 284 283 283 284 285 286 288 289 289 287 287 285 282 279 276 274 272 269 268 268 268 270 271 273 275 278 281 283 283 284 284 285 286 286 285 285 283 280 279 279 277 273 269 267 265 263 262 262 262 264 266 270 272 273 277 278 280 283 285 288 291 293 297 302 308 315 323 330 335 340 343 346 348 348 349 349 350 354 357 360 362 364 366 369 371 371 369 366 364 361 360 358 356 355 355 355 353 353 352 351 350 347 344 338 334 329 323 319 315 309 304 298 293 288 284 279 275 272 271 272 272 273 272 270 270 271 273 272 269 266 265 264 263 266 269 272 276 280 284 285 287 287 287 287
284 297 298 300 302 305 307 309 311 312 314 316 317 318 318 318 320 322 324 326 328 331 333 334 338 341 343 343 341 339 335 331 327 324 322 325 326 326 325 326 326 327 328 326 329 329 329 327 326 324 322 321 320 318 316 322 327 329 336 341 346 350 352 353 353 352 351 350 350 350 348 345 341 336 331 326 321 316 312 308 304 299 296 292 289 287 286 288 289 291 292 292 291 291 292 291 288 286 287 287 285 285 285 284 280 279 278 282 283 284 284 282 280 278 273 266 255 256 256 256 266 269 273 272 274 277 280 284 285 286 287 285 286 287 289 290 289 287 286 287 287 286 285 282 282 280 280 278 278 278 276 277 275 275 275 275 275 274 274 274 273 272 269 266 262 253 253 258 262 266 266 266 267 268 268 268 268 268 267 267 266 265 264 263 263 262 263 264 264 265 267 268 269 272 274 275 277 279 278 278 277 276 276 273 271 269 267 265 263 262 261 257 260 260 260 262 272 278 283 289 294 300 305 311 318 325 330 334 338 342 347 353 360 368 375 377 380 375 372 366 357 350 344 335 323 311 305 301 297 295 292 290 289 288 287 286 286 285 284 285 287 288 289 290 291 291 290 288 286 284 282 280 278 276 274 273 273 274 274 274 276 279 281 283 285 286 287 287 289 289 288 287 285 283 281 279 279 274 271 269 267 265 265 263 262 263 267 272 274 275 276 278 280 282 285 288 291 294 297 303 309 316 323 330 335 340 343 348 349 350 352 353 354 360 361 361 362 364 366 369 372 371 370 367 365 363 361 359 357 355 355 355 354 353 352 349 347 345 341 337 334 327 323 319 314 308 304 299 294 289 285 281 276 273 274 273 274 273 272 271 272 274 276 275 272 268 266 265 265 266 269 271 275 280 283 284 286 287 288 288
284 293 299 299 301 307 309 310 313 314 316 317 318 319 318 319 322 324 325 327 329 330 332 333 336 340 342 342 341 338 335 331 327 325 323 326 327 327 327 328 328 329 329 327 328 330 330 328 327 325 325 323 321 319 319 324 327 330 336 342 346 349 351 351 351 351 351 350 348 348 346 342 338 334 330 325 320 315 312 308 303 300 296 293 291 289 287 289 290 291 291 291 292 292 291 290 288 286 285 284 284 284 283 283 281 277 274 272 279 282 281 280 278 275 268 262 257 256 257 260 266 269 273 275 279 281 285 286 287 288 289 288 291 291 291 291 289 288 287 287 287 286 284 283 282 281 280 278 277 277 276 277 275 275 275 274 273 274 274 274 272 271 269 265 259 253 257 262 265 267 267 268 268 270 270 270 269 269 268 267 267 265 264 263 263 263 263 264 264 264 266 267 269 270 273 274 277 279 279 278 277 276 275 274 271 270 268 266 265 263 262 259 261 261 261 261 266 275 280 285 291 296 302 307 313 319 324 330 334 338 343 347 353 358 366 373 376 375 372 368 363 355 350 338 325 314 309 304 300 296 294 292 290 289 288 288 287 286 286 285 288 290 292 293 293 293 292 291 290 289 288 286 284 282 280 279 279 279 278 278 279 280 283 285 286 287 288 289 291 291 289 288 287 285 284 281 279 276 274 270 267 266 265 264 265 263 266 272 275 277 278 279 280 283 285 288 291 294 297 301 308 315 322 329 335 339 343 347 350 351 353 355 357 362 366 364 364 365 367 369 371 373 372 370 367 365 362 360 358 357 355 355 354 352 351 349 345 342 339 335 331 325 320 317 312 308 303 299 295 290 286 281 277 277 276 275 276 274 273 272 274 276 278 278 273 269 266 265 265 267 269 272 276 279 282 284 284 286 287 288
285 294 299 301 304 308 310 312 314 315 317 318 319 320 319 321 323 325 326 328 329 330 331 332 335 339 342 341 340 338 334 331 328 327 326 327 328 328 329 329 329 329 328 328 330 331 331 329 329 326 325 324 322 320 323 326 328 332 338 342 346 348 350 351 350 351 350 349 348 346 346 341 336 333 329 325 320 315 311 307 304 299 296 293 291 290 289 289 290 291 291 292 292 292 291 289 288 287 286 284 283 283 282 280 279 282 280 280 274 274 275 277 275 270 263 262 257 257 257 260 266 271 273 275 279 284 287 289 289 290 291 291 291 291 291 291 290 289 288 288 287 286 284 283 283 282 280 278 277 276 276 276 274 274 273 272 273 274 274 273 272 271 269 263 253 255 260 264 266 269 269 270 271 272 272 270 269 269 270 269 268 266 265 264 263 263 263 263 263 264 265 266 268 270 272 273 275 278 279 278 277 276 276 274 273 271 269 267 265 264 262 261 264 264 264 263 265 273 276 281 287 292 298 304 308 314 319 323 328 333 339 342 346 353 360 366 369 371 370 368 364 359 353 343 329 316 311 306 302 298 295 293 291 289 290 289 289 287 288 287 289 291 294 296 298 298 297 296 295 294 291 290 289 288 287 286 284 284 284 284 284 284 285 286 288 289 290 292 293 292 291 290 289 288 286 283 281 280 276 271 268 266 267 267 268 264 265 272 274 278 279 280 283 284 285 288 291 294 297 301 307 315 323 328 333 339 344 349 350 352 354 358 361 365 368 368 370 368 368 370 372 374 375 374 372 369 365 362 360 358 357 355 353 353 351 349 345 341 338 335 328 322 318 313 310 305 301 296 293 287 283 281 280 280 279 277 276 275 276 275 275 276 280 279 276 271 267 267 266 268 269 273 276 278 281 283 283 285 287 287
290 297 301 302 304 309 312 312 316 316 318 319 320 320 322 323 324 326 327 328 329 330 331 332 335 339 341 340 339 337 334 332 330 329 328 329 329 329 330 330 329 329 330 331 332 333 331 331 330 328 326 325 321 322 325 328 330 334 338 342 346 349 350 351 351 351 350 349 348 346 343 341 337 332 327 324 319 315 311 307 304 302 297 294 292 291 291 291 291 291 291 292 291 291 290 290 289 288 286 285 285 284 283 282 282 282 281 281 280 277 270 263 265 264 259 258 258 257 260 264 270 274 278 277 282 286 288 289 289 291 292 292 291 292 292 292 292 291 290 288 287 286 286 284 283 282 281 279 277 276 275 275 274 274 272 272 273 273 273 272 272 270 266 253 254 258 263 267 268 271 272 272 272 273 274 273 270 271 271 271 270 268 267 265 264 264 264 263 263 264 265 266 267 269 270 272 274 276 278 278 277 277 276 275 273 272 270 267 266 264 264 259 263 266 268 268 268 270 274 278 283 287 294 298 304 310 314 318 322 329 333 339 342 348 353 359 364 367 368 366 363 359 354 344 331 319 314 308 304 300 297 294 292 290 289 290 290 290 290 288 289 292 295 298 301 302 301 301 300 299 297 296 295 293 292 290 290 289 289 289 289 289 289 289 290 291 292 293 294 294 293 293 292 290 287 285 283 282 277 273 269 268 269 270 269 264 266 270 274 278 279 282 283 285 286 289 292 295 298 302 307 315 323 328 333 339 344 350 352 354 356 360 363 366 368 371 372 373 372 372 373 374 377 380 377 373 369 364 362 359 357 355 354 352 350 349 346 341 337 333 328 325 320 316 312 307 302 300 296 291 286 284 284 283 281 279 278 276 276 275 276 278 280 280 276 271 269 268 268 267 269 272 274 277 280 282 283 285 287 288
291 297 302 303 306 311 313 313 317 317 318 320 321 321 323 324 325 326 328 328 329 330 331 332 335 337 339 339 338 336 333 332 332 331 329 330 331 331 331 330 331 332 333 333 335 334 333 331 330 328 327 326 323 324 327 329 331 334 339 342 347 349 350 351 351 351 349 348 347 344 339 334 331 327 320 318 318 315 312 308 305 301 298 295 293 292 292 292 292 292 291 292 291 291 291 291 290 288 287 287 286 285 284 284 283 282 281 280 278 277 275 272 264 260 259 258 258 258 272 269 274 277 280 280 285 288 291 290 292 291 292 294 294 294 295 293 293 293 291 288 287 287 286 283 282 283 281 280 278 276 275 274 273 273 273 272 272 272 273 272 272 271 264 255 256 261 266 268 270 272 273 273 273 275 275 274 273 272 272 272 272 270 269 268 266 265 264 263 263 264 264 266 267 268 269 271 273 275 277 278 277 277 277 275 274 273 271 269 267 266 265 261 262 265 268 269 269 270 272 276 281 284 291 295 301 306 310 314 320 325 329 334 339 344 347 353 359 363 365 364 363 360 353 341 333 323 316 311 306 303 299 296 293 291 291 291 291 291 291 289 291 292 295 300 303 307 308 307 306 305 303 301 301 298 297 295 295 295 294 298 293 294 293 294 293 294 295 295 296 296 296 296 295 293 289 288 285 282 278 274 272 271 271 269 267 265 268 272 275 278 280 283 285 286 288 290 293 296 300 304 309 315 322 328 333 339 344 350 353 355 358 362 365 367 368 372 375 378 378 377 376 377 380 383 380 379 375 368 365 362 359 356 353 352 351 349 346 343 338 334 335 329 323 317 312 308 306 302 297 292 287 287 287 285 283 280 277 277 276 276 277 278 279 280 277 274 271 270 269 268 269 272 274 276 278 281 283 285 287 289
293 298 304 305 307 312 314 314 317 318 320 321 322 323 324 325 326 327 328 329 329 330 331 332 336 337 339 339 337 335 334 334 332 331 332 332 332 332 331 332 334 334 335 336 336 335 334 332 331 330 329 328 324 327 328 330 332 336 339 343 348 350 351 351 351 350 348 347 344 344 341 338 334 326 326 321 317 311 307 308 303 301 298 296 294 293 293 293 293 292 292 292 292 292 292 291 290 289 289 288 287 286 285 284 284 282 280 279 278 277 276 270 262 260 260 259 258 262 272 276 277 278 281 282 287 289 292 293 292 293 293 294 294 293 293 294 294 293 291 290 289 288 286 284 284 283 282 280 278 276 275 274 273 274 272 271 271 271 272 272 271 270 261 256 260 262 267 270 273 273 273 274 276 277 276 276 275 273 273 273 273 272 271 269 269 268 267 265 264 263 264 265 267 268 269 270 271 273 276 277 277 277 277 276 275 273 272 269 267 266 264 261 262 266 269 269 270 270 271 274 278 281 287 292 298 302 307 312 316 321 326 330 335 340 344 350 354 358 363 363 363 361 352 344 335 326 318 312 307 305 302 298 294 292 291 291 291 291 290 291 291 293 296 300 304 308 313 314 313 312 310 308 305 304 303 301 300 299 299 300 299 298 297 298 297 297 298 298 299 299 299 299 298 295 291 290 287 283 279 276 273 271 270 268 267 266 269 273 276 279 282 285 287 289 288 291 294 298 302 306 310 315 324 327 333 339 344 350 355 358 360 363 367 367 369 371 375 379 382 382 380 380 381 382 382 381 378 373 369 364 359 357 354 351 350 348 344 341 340 338 335 328 322 319 315 311 308 303 299 296 294 293 292 288 283 280 278 277 277 277 277 278 281 281 278 274 273 272 270 270 270 273 275 278 280 281 283 286 289 291
290 299 305 308 308 312 315 315 316 319 322 322 322 324 325 326 328 329 329 329 330 331 332 333 337 337 338 338 336 336 336 334 332 333 333 333 333 333 333 335 336 337 337 337 337 337 335 334 333 332 330 329 326 328 330 331 333 337 341 345 348 351 351 351 349 347 346 345 346 344 341 337 334 330 327 324 320 315 305 301 300 299 298 297 296 295 294 294 293 293 293 293 294 293 292 291 290 291 290 289 288 287 286 285 284 283 281 279 277 276 274 270 263 260 259 258 265 272 272 277 281 282 283 284 287 290 292 294 292 292 292 292 294 293 293 294 294 293 291 290 290 289 286 284 285 283 282 280 278 276 275 274 274 273 271 271 270 272 272 271 270 267 256 257 263 265 267 271 275 275 274 274 277 277 278 277 276 275 274 275 274 273 273 270 272 271 269 267 265 264 265 265 266 268 269 270 271 272 274 275 277 276 276 276 275 273 272 271 268 268 265 262 262 266 268 268 268 270 271 274 276 280 283 289 295 300 305 310 313 318 323 327 331 336 341 346 351 355 360 361 361 360 352 345 337 330 321 313 308 304 302 299 296 294 292 292 292 292 291 291 292 293 296 300 304 310 314 318 320 319 317 315 313 310 308 306 306 305 304 304 304 303 302 302 302 302 303 302 302 303 302 301 300 297 293 289 287 284 280 277 275 272 269 268 267 266 269 273 275 278 282 285 288 290 291 291 296 300 304 308 311 317 324 327 333 338 344 350 356 359 362 365 368 370 370 372 374 377 382 384 383 383 385 384 381 380 377 374 371 366 361 356 354 352 350 348 348 347 345 342 336 330 327 324 319 315 310 307 303 301 299 297 294 289 285 282 280 278 278 278 278 279 281 282 278 275 274 273 272 273 273 274 276 278 281 282 284 286 290 293
299 301 306 310 308 311 314 316 318 319 322 322 323 325 326 328 329 329 330 330 331 332 333 335 338 339 339 338 338 337 336 335 335 335 334 334 333 335 336 337 338 338 339 340 340 339 338 337 335 334 332 330 328 330 331 333 335 339 343 347 350 351 351 352 351 350 349 347 345 343 339 337 333 330 326 322 318 311 305 306 303 302 300 299 297 295 296 295 295 294 295 295 294 293 292 292 292 291 290 290 289 289 286 285 284 283 281 279 279 276 272 268 265 260 260 259 266 274 278 277 278 283 284 287 290 292 293 294 294 292 292 293 295 293 293 294 295 294 292 290 291 289 287 286 285 284 282 280 279 277 276 274 273 272 271 271 270 271 270 269 269 264 255 262 264 267 268 271 274 275 275 275 277 277 279 278 278 278 277 276 276 275 274 272 274 273 272 270 267 266 265 266 267 269 270 270 270 271 273 275 276 277 276 276 276 274 272 271 270 267 266 264 262 265 267 268 270 270 272 273 275 278 283 287 292 297 302 307 311 316 319 324 328 332 338 343 348 352 356 359 360 360 352 346 339 332 323 315 309 306 305 302 298 296 293 292 292 292 292 292 292 294 296 300 305 310 315 320 323 324 324 323 321 320 316 314 312 310 309 308 308 308 307 307 306 306 307 307 307 306 305 304 301 298 293 289 286 284 282 280 277 274 271 270 269 268 268 271 276 279 283 287 291 293 295 296 296 301 306 310 313 321 327 330 334 338 344 350 356 361 365 368 371 375 374 375 375 376 381 386 386 387 391 389 381 379 377 374 371 367 360 358 356 353 350 350 350 349 347 345 341 338 333 329 322 318 314 311 308 306 303 299 296 292 287 284 281 280 279 279 279 280 281 281 278 277 276 275 275 276 274 275 277 280 281 283 285 288 292 294
303 299 307 311 309 311 314 316 319 320 322 323 324 325 327 329 329 330 330 331 332 333 335 337 338 340 340 339 339 339 337 337 337 336 336 336 336 338 338 340 340 342 342 343 342 342 341 339 336 334 333 331 331 333 334 335 338 341 345 348 350 352 353 353 354 353 350 348 345 341 337 335 332 329 325 322 318 311 310 309 306 303 302 299 298 298 297 296 296 297 296 295 294 294 294 293 292 292 291 291 291 289 287 285 284 282 281 281 278 276 273 270 265 260 260 260 268 276 279 280 281 283 285 287 292 293 294 296 295 296 296 295 296 293 293 294 295 293 293 291 291 290 288 287 285 284 282 281 279 278 277 275 273 271 271 271 269 269 269 269 266 261 256 265 267 267 268 271 274 276 277 277 278 279 279 280 280 280 279 278 277 275 274 274 275 275 273 273 271 269 268 268 268 268 269 271 271 272 272 274 275 276 277 276 276 275 274 271 270 268 266 265 263 265 266 268 270 271 272 273 274 276 278 285 291 295 300 306 309 313 317 321 326 330 337 340 345 350 353 357 359 360 353 347 340 332 325 317 311 307 306 305 301 297 294 293 293 293 293 294 294 295 297 301 305 310 315 320 324 326 328 328 329 328 326 322 319 316 316 315 314 313 312 312 311 310 311 312 309 308 307 305 303 300 295 291 288 287 285 282 279 276 273 273 272 270 270 269 277 281 285 289 294 298 301 301 302 302 306 312 317 323 328 332 334 338 344 351 357 364 369 372 377 382 384 380 378 379 383 386 389 391 396 391 380 377 374 372 369 365 360 358 355 353 352 351 352 352 350 349 346 344 339 335 331 324 320 316 312 309 304 301 298 294 291 287 284 282 281 281 281 282 282 281 280 279 278 278 279 278 277 275 278 280 282 284 287 290 294 298
304 301 309 312 309 310 314 316 319 320 322 324 325 326 327 329 330 331 331 333 334 335 337 340 341 342 342 341 341 340 338 338 338 337 337 339 340 341 341 342 343 345 346 346 345 344 343 341 338 336 335 333 334 335 337 338 340 343 346 350 352 353 355 356 356 355 352 348 346 342 336 333 330 328 325 322 316 312 312 310 307 305 303 301 300 299 299 298 299 298 297 295 295 295 294 294 293 292 292 292 290 289 288 286 285 284 283 281 278 276 272 270 265 262 260 260 260 277 280 281 282 284 286 286 291 294 293 296 295 296 296 296 295 294 293 293 293 293 293 292 291 289 288 288 286 283 282 281 279 278 276 275 273 272 271 271 270 267 267 267 263 259 260 267 268 267 268 271 274 276 278 278 278 280 281 282 282 281 280 278 277 276 276 277 277 276 275 275 274 273 271 270 270 270 269 271 271 272 272 274 274 276 276 275 275 275 274 272 270 268 267 266 266 265 267 268 270 270 272 272 273 274 275 280 286 293 299 304 308 312 317 321 326 328 334 340 344 346 351 354 356 359 355 347 340 332 326 318 314 309 307 306 302 299 296 294 293 294 295 296 296 297 299 302 306 311 315 320 324 328 330 332 334 334 335 332 327 325 323 321 320 318 316 316 316 316 315 316 316 315 312 309 307 303 299 295 292 289 287 284 280 278 277 276 271 271 273 272 275 282 287 292 298 303 306 307 307 308 309 311 319 324 329 333 334 338 344 350 357 367 372 377 384 390 392 387 383 386 387 387 390 394 399 392 380 376 374 372 369 363 361 359 357 355 354 353 353 353 353 353 351 347 343 340 337 332 325 320 314 312 307 303 300 297 294 290 288 285 284 283 283 284 284 283 282 282 281 281 281 280 278 277 279 283 283 285 288 292 295 298
306 302 310 312 311 313 313 316 319 321 322 324 326 327 329 330 331 331 333 335 336 338 341 343 344 343 343 343 343 342 342 341 339 340 340 343 343 344 345 346 347 348 349 350 349 348 345 342 340 339 337 334 337 338 339 340 343 345 348 351 353 355 357 357 358 357 353 348 344 340 335 332 329 326 323 320 315 315 313 311 309 307 305 303 301 301 301 301 300 298 297 296 296 296 295 295 294 295 293 291 290 290 289 288 287 285 283 281 279 276 275 272 267 263 261 261 260 277 282 283 284 285 288 288 290 295 295 295 295 296 295 295 295 294 293 293 293 292 293 292 290 289 287 287 284 283 283 281 279 276 275 274 272 272 271 270 269 268 266 265 261 258 263 267 268 267 269 272 274 277 278 279 281 281 282 282 282 281 280 279 279 278 278 278 278 277 277 277 276 275 274 272 272 272 272 272 272 272 273 274 274 274 276 276 274 274 274 272 271 271 269 268 265 264 265 267 267 268 271 272 273 273 275 278 279 290 297 302 307 311 316 319 325 328 334 338 343 346 348 351 353 356 354 348 340 332 325 317 313 310 307 305 304 302 299 295 294 294 296 297 297 299 301 304 307 310 315 319 324 328 331 334 337 338 340 340 336 333 330 327 326 324 323 322 320 320 321 322 322 321 318 314 310 304 301 298 295 291 289 287 286 282 280 275 273 275 277 274 276 283 290 296 303 308 312 313 314 314 315 316 319 326 332 334 335 338 342 349 355 367 375 381 391 396 396 391 389 393 389 389 388 392 394 391 381 375 373 371 367 365 363 360 359 356 356 354 355 355 358 358 356 352 348 345 343 338 331 324 319 314 311 307 304 300 296 293 291 289 287 286 286 286 285 285 285 284 283 283 283 281 281 282 282 284 284 286 288 292 295 298
307 303 310 312 312 313 315 317 319 321 323 324 326 328 330 332 333 333 335 337 338 341 345 346 345 346 346 346 345 345 345 342 344 343 345 346 346 348 349 350 351 352 354 355 353 351 348 345 343 342 340 335 339 341 342 343 345 348 350 352 355 357 358 359 358 356 353 349 343 340 335 330 327 323 321 318 318 317 315 313 310 308 307 304 301 303 302 301 299 298 298 297 297 297 296 296 296 295 293 292 292 291 290 288 287 285 283 282 280 278 275 273 268 265 261 261 261 276 282 284 286 288 289 290 291 294 296 295 296 296 296 295 295 295 293 292 293 292 292 292 290 289 286 285 282 281 280 280 278 277 276 274 273 272 271 269 267 266 265 263 261 259 264 267 267 268 269 273 275 277 278 280 282 282 283 284 284 282 282 282 282 281 281 280 279 278 278 278 278 277 276 275 274 274 274 273 272 273 273 274 274 275 276 275 274 274 272 272 272 271 272 270 268 265 265 265 266 267 270 273 272 272 274 277 279 282 290 301 306 311 316 320 324 329 334 338 342 345 347 350 352 354 352 346 340 333 324 317 313 310 308 305 303 302 301 296 295 295 297 299 300 301 303 306 309 313 316 320 325 329 332 335 338 341 343 344 343 340 338 335 333 330 329 328 327 327 327 327 326 325 321 318 313 306 305 300 297 297 294 290 288 283 280 275 278 275 272 273 279 286 293 300 308 314 317 319 320 321 322 323 326 330 334 335 336 337 340 346 354 366 374 382 395 401 400 397 396 396 391 385 387 389 392 389 380 376 372 370 368 367 365 364 361 358 357 357 357 360 362 362 361 357 353 351 350 343 336 329 324 320 315 310 306 301 298 295 294 292 291 292 290 288 288 287 287 286 284 283 282 282 282 285 286 286 286 287 289 292 295 296
309 306 311 313 314 315 316 317 319 321 324 325 328 330 331 332 334 335 337 339 342 345 348 348 348 348 347 347 348 349 347 347 348 345 349 350 351 352 353 354 355 357 357 358 357 355 351 348 346 345 343 337 342 344 345 348 350 352 353 354 356 359 360 361 359 357 353 349 344 339 334 330 328 325 324 322 321 319 317 314 312 310 308 306 305 304 303 301 299 298 299 298 298 298 297 297 296 295 293 293 292 291 290 289 287 286 285 283 281 279 276 274 269 266 262 262 262 273 281 285 288 290 291 292 293 294 296 296 296 296 297 296 295 295 294 293 292 291 291 292 291 288 286 286 285 283 282 281 280 278 276 275 274 272 272 270 268 266 264 263 261 260 263 267 268 268 270 273 275 278 279 280 282 284 283 285 284 285 285 284 284 283 283 281 280 280 280 280 279 278 278 277 276 275 275 275 274 273 273 274 274 274 275 274 273 274 274 273 272 273 272 271 270 267 267 269 271 269 268 268 268 269 273 276 278 281 290 300 306 312 317 321 324 329 333 337 340 342 346 348 350 350 349 343 337 331 324 319 313 310 308 305 303 302 302 299 295 296 298 300 303 303 305 308 312 315 319 323 326 330 333 337 340 343 345 345 345 345 342 342 340 337 334 333 332 332 332 332 329 328 326 319 315 313 308 304 302 299 291 288 285 281 279 279 275 274 274 274 281 285 293 304 312 321 323 324 324 326 328 329 333 336 338 338 338 338 341 345 351 361 371 381 396 402 405 401 397 395 389 383 382 384 386 385 379 376 374 371 370 371 370 367 362 361 360 359 360 361 363 365 364 362 359 358 355 349 342 335 330 325 318 313 308 303 298 295 295 292 293 294 294 291 289 289 289 288 285 284 284 283 285 287 288 288 288 289 291 293 294 295
310 310 310 309 314 317 319 319 319 322 324 328 330 331 333 334 335 337 340 342 346 349 349 350 350 350 350 350 351 352 349 351 352 349 352 354 355 356 357 357 359 360 362 362 359 357 354 351 349 348 345 342 344 348 351 353 355 356 356 357 358 360 362 362 361 358 354 350 345 341 335 332 330 328 326 324 322 320 318 315 313 311 308 307 306 304 302 301 300 300 299 299 299 298 297 296 295 295 294 293 292 291 290 289 287 287 287 285 282 279 278 275 270 267 263 263 262 272 280 286 289 291 291 293 294 294 296 297 297 297 297 295 295 295 294 293 292 291 291 291 289 289 288 286 286 284 283 280 279 277 276 275 274 272 271 270 268 267 265 264 262 260 262 266 268 269 270 273 276 278 279 281 282 284 285 285 286 287 287 287 286 285 284 283 282 281 281 281 281 280 279 279 278 278 277 276 275 274 274 274 273 274 274 275 274 274 274 272 273 271 271 270 268 270 272 272 272 272 270 270 270 270 269 274 277 278 283 296 301 308 314 319 324 328 332 336 339 341 344 346 348 347 345 338 334 329 324 318 313 310 308 305 304 304 304 301 297 297 299 301 304 307 308 310 314 317 322 326 329 332 335 339 342 345 347 348 348 347 347 346 345 343 341 337 337 338 337 335 332 329 326 322 319 315 311 308 301 299 293 290 287 286 284 281 276 275 276 277 282 287 293 305 315 324 329 329 328 330 333 335 339 342 343 342 341 341 342 345 350 356 366 378 395 403 407 400 395 393 387 380 378 378 379 379 376 374 373 371 371 373 373 371 366 364 363 362 362 364 365 367 366 365 362 360 357 353 345 338 333 327 322 317 311 305 302 299 296 294 293 293 294 294 294 293 292 290 287 285 286 287 288 288 290 288 289 290 292 291 291 293
308 311 314 312 314 317 320 320 319 324 326 328 331 332 334 336 337 339 341 345 348 349 350 351 351 352 352 352 354 355 352 355 354 355 357 358 358 359 361 362 364 365 365 364 362 360 357 355 352 350 347 345 349 353 357 358 359 359 358 359 361 363 364 363 361 357 353 350 346 342 338 334 331 329 328 325 322 320 317 314 314 312 309 308 306 305 304 302 302 301 301 301 299 299 298 296 296 295 294 293 292 291 290 289 289 288 287 284 283 281 279 276 271 269 263 263 263 264 279 284 288 290 292 295 296 296 296 297 298 297 297 297 296 295 294 293 292 290 290 290 291 290 289 287 285 284 282 280 279 278 276 276 275 272 271 270 268 267 265 265 262 260 261 265 267 269 271 274 276 278 279 281 283 284 286 287 287 288 289 289 288 288 287 285 284 283 282 283 282 282 280 281 280 279 278 278 277 277 276 275 275 275 275 274 274 273 274 274 273 273 272 272 269 272 273 274 273 272 272 272 271 270 271 271 277 278 282 286 297 302 311 316 322 325 329 333 337 339 340 342 343 343 341 335 332 327 322 318 313 310 308 306 305 305 305 301 299 299 300 302 305 308 311 314 317 320 324 327 331 334 338 341 345 348 351 351 351 351 350 350 348 347 345 344 343 343 341 338 336 331 328 326 321 317 312 308 307 302 299 295 291 288 285 282 280 276 277 277 278 284 292 303 315 327 338 335 333 335 338 341 347 349 349 348 345 344 344 346 348 354 362 373 393 402 405 398 391 389 383 377 372 372 373 374 374 373 372 373 374 376 376 373 371 369 368 366 366 368 369 368 368 367 364 362 359 356 350 344 339 332 326 318 312 309 306 304 301 299 297 296 296 296 297 295 294 292 289 289 290 291 291 290 289 289 290 291 291 289 289 289
308 312 314 315 314 317 321 320 322 325 327 330 331 333 336 337 340 341 343 347 349 351 351 352 353 353 354 354 355 356 357 358 358 360 361 361 362 363 364 366 367 368 368 367 365 362 359 357 355 352 350 346 352 359 363 364 364 363 363 363 365 366 366 364 362 359 354 350 346 343 339 335 332 330 328 325 321 317 317 316 314 313 311 308 307 307 305 305 304 303 303 302 300 299 298 297 296 295 294 294 292 291 291 290 289 288 287 286 284 282 280 278 271 268 264 263 262 263 278 283 287 293 296 299 299 298 298 299 300 299 298 297 296 295 294 294 293 292 290 291 292 291 289 287 285 283 281 280 279 278 277 276 274 272 271 270 268 267 266 264 263 261 261 264 267 269 272 273 276 278 280 282 284 286 286 287 289 290 290 290 290 289 289 287 286 285 284 284 284 283 282 281 281 281 281 280 279 279 277 276 276 276 274 274 274 274 274 274 273 272 272 271 272 273 273 272 273 272 273 273 273 272 271 270 278 278 283 286 293 299 305 313 318 322 327 330 333 335 337 337 338 337 335 332 328 324 320 316 313 310 307 306 305 306 306 303 302 301 302 305 308 311 314 318 322 323 327 330 334 337 342 345 349 352 355 356 357 356 354 354 352 352 351 349 349 347 345 341 337 334 331 326 323 319 316 315 312 307 303 298 293 289 286 284 281 279 278 278 278 283 290 303 314 326 338 342 338 341 347 354 359 362 360 354 353 350 347 347 349 352 358 367 386 398 400 393 387 384 381 374 369 368 369 370 372 372 372 374 376 377 378 377 375 373 372 371 371 372 372 370 369 368 366 364 362 358 353 347 344 338 331 324 319 314 311 308 305 305 301 300 299 298 297 295 294 293 291 292 293 293 293 293 291 291 291 291 291 290 288 287
308 313 315 316 315 318 322 322 321 324 327 330 332 334 337 339 341 343 346 348 350 352 352 353 354 355 355 356 358 357 360 360 361 363 364 365 366 367 367 369 369 371 371 370 368 365 362 359 356 355 353 349 357 364 367 369 369 368 367 367 368 368 368 366 363 359 355 351 348 344 340 336 333 330 327 325 321 322 319 317 315 314 312 310 309 308 307 306 305 305 304 301 300 299 298 297 296 296 294 294 293 292 292 291 290 289 288 287 284 282 281 279 274 265 264 264 263 264 274 281 288 293 297 300 302 301 300 300 299 301 301 299 298 297 295 295 296 294 293 293 294 294 292 289 287 284 282 280 279 279 278 275 274 272 271 270 268 267 266 265 264 262 262 264 267 269 272 274 276 279 281 283 285 286 286 288 291 292 292 292 291 291 290 290 288 287 286 285 285 284 284 283 282 282 282 282 282 281 280 278 277 277 276 276 275 275 274 274 274 274 274 274 275 276 275 275 274 273 273 274 273 272 271 270 276 279 284 287 286 292 301 310 314 319 324 326 329 332 332 334 333 332 331 327 324 321 317 314 311 308 306 306 305 306 305 303 303 303 304 307 310 315 318 321 324 327 332 335 339 343 347 350 354 358 360 361 364 363 361 360 357 357 355 354 353 351 347 345 342 336 333 331 327 325 323 321 315 310 307 301 295 292 287 284 283 281 279 280 278 281 287 299 311 324 336 341 343 346 356 363 371 375 373 370 363 355 351 348 349 352 356 362 379 393 393 387 383 380 377 370 366 366 367 369 370 373 375 376 377 378 379 378 378 376 375 374 374 374 375 372 371 371 369 367 364 360 354 348 344 340 334 328 323 318 314 310 306 305 303 301 299 297 295 294 294 294 294 293 292 292 292 293 294 294 293 291 290 289 286 285
308 313 315 317 316 319 322 323 321 324 327 330 333 335 338 341 343 344 347 348 351 352 353 355 356 356 356 358 360 360 362 361 364 367 368 368 368 369 370 371 373 374 375 373 371 368 366 362 360 358 356 352 361 367 372 373 373 372 371 371 372 371 370 367 365 361 357 352 349 345 340 336 333 330 329 327 323 326 320 320 317 314 314 313 312 310 309 308 308 306 304 302 301 300 299 298 297 295 294 294 293 293 292 291 290 289 288 287 284 283 281 279 277 266 264 263 265 264 266 284 286 296 299 302 304 304 302 304 303 301 302 302 300 299 297 297 298 297 296 296 296 296 295 293 288 285 283 281 280 279 278 277 275 273 271 270 269 267 266 266 265 263 262 264 267 269 272 274 277 279 280 282 284 286 287 290 292 293 293 293 293 293 292 292 291 289 288 287 286 286 285 285 284 284 283 282 282 282 281 280 279 278 278 277 276 276 276 276 276 276 276 275 275 275 276 276 276 275 275 273 273 272 271 272 277 278 282 287 289 289 300 305 310 316 320 322 327 328 329 329 328 327 325 323 320 318 316 312 309 308 307 306 305 306 306 305 305 305 307 309 314 318 323 326 329 331 335 339 343 349 354 356 360 364 366 369 369 370 368 367 364 363 361 360 358 353 349 347 344 340 336 333 332 331 329 326 322 316 310 304 298 292 287 285 283 282 282 282 279 280 288 296 308 322 333 341 345 352 361 371 381 388 391 382 373 364 352 350 350 352 356 361 372 385 389 385 380 376 373 367 364 364 366 369 370 373 375 377 378 379 380 380 380 378 377 375 375 375 376 374 373 371 370 369 367 362 357 352 346 341 336 330 325 320 315 309 307 303 301 301 300 299 297 295 294 294 294 293 293 293 293 293 293 292 292 290 288 287 285 284
307 311 316 319 316 322 325 322 322 324 327 330 333 336 338 342 343 346 347 350 351 354 355 355 357 358 358 360 361 362 363 364 366 368 370 370 371 372 373 374 376 377 377 376 374 371 368 365 363 360 359 357 364 370 374 376 376 375 374 374 374 373 371 368 366 362 358 353 349 346 342 338 334 333 331 327 324 323 322 322 319 317 317 315 314 313 312 310 309 307 306 304 304 301 300 298 296 294 294 294 292 292 292 291 290 289 287 286 285 283 281 280 277 267 265 265 265 265 272 284 289 296 301 304 306 305 306 305 304 304 306 306 306 304 300 300 301 301 301 300 300 299 298 296 292 288 283 281 281 280 279 277 275 273 271 270 269 268 266 266 265 264 263 265 267 269 271 274 276 278 280 282 283 287 289 291 292 294 294 293 294 294 295 294 293 291 290 290 289 287 287 286 286 285 285 285 285 284 283 282 281 280 279 278 277 277 277 277 276 277 276 276 277 276 276 277 277 276 276 275 272 273 272 272 277 280 281 285 285 291 299 303 306 311 314 318 321 323 324 324 325 324 321 320 318 316 315 312 308 307 306 306 306 307 307 307 306 307 309 312 317 323 327 331 334 337 340 344 349 354 357 362 367 371 374 376 376 376 376 374 373 369 367 364 362 356 352 349 347 344 341 337 337 335 334 331 327 321 313 307 298 291 288 285 283 281 281 281 281 281 288 295 306 318 329 339 345 354 362 371 381 391 397 394 379 365 353 350 351 352 356 361 370 380 383 381 376 370 367 363 362 363 364 367 369 371 373 375 377 379 381 382 381 380 379 377 377 377 377 377 376 373 372 371 369 365 360 354 348 344 338 331 326 320 318 314 310 305 303 303 301 299 299 296 295 295 295 294 295 295 295 294 292 290 290 288 287 286 284 283
309 312 317 320 317 323 325 324 323 324 327 330 334 336 338 342 343 346 348 351 352 354 355 356 357 359 359 361 362 363 364 365 367 369 371 373 374 375 375 377 379 380 380 378 376 373 370 368 365 364 360 361 367 372 376 377 378 377 376 376 376 375 372 369 366 362 358 354 350 347 343 339 336 333 330 328 327 325 324 322 320 319 319 318 316 315 314 313 311 310 308 306 305 302 299 297 295 294 294 293 292 292 292 290 290 289 287 286 284 283 282 279 273 266 266 267 265 266 280 286 291 300 302 305 308 307 307 308 306 307 307 308 309 306 306 307 306 306 306 304 304 303 301 298 295 291 285 283 282 280 279 277 275 274 271 270 269 269 268 266 264 264 263 265 268 269 271 273 276 278 280 283 285 288 290 292 293 295 296 295 296 296 296 296 294 293 293 292 291 290 288 289 287 287 287 287 286 285 284 283 282 281 280 278 279 279 279 279 279 278 278 277 277 278 278 278 278 277 276 275 274 274 272 272 276 278 281 283 287 292 298 302 305 308 311 314 318 318 319 321 322 321 319 317 315 313 311 310 308 308 307 307 307 308 308 308 309 309 311 317 322 329 333 335 339 341 346 350 354 359 365 367 372 378 382 384 385 384 383 382 382 379 375 370 365 360 355 352 349 344 342 339 338 337 335 332 330 324 317 309 301 293 287 284 284 283 286 284 282 282 288 295 305 314 325 336 342 351 360 369 377 385 391 393 378 362 350 348 350 353 357 362 372 378 378 377 371 365 361 359 360 362 365 366 369 371 372 374 376 379 381 381 381 381 379 378 379 381 379 379 379 377 374 372 370 366 361 357 351 346 340 332 328 321 318 315 311 308 306 305 303 301 300 299 295 295 296 296 296 296 296 295 293 292 290 289 287 284 283 281
310 313 319 321 320 320 322 323 323 324 327 331 332 335 338 341 344 346 349 350 352 353 355 356 357 359 359 361 362 364 365 366 367 369 372 373 375 375 377 379 380 382 382 381 378 375 373 370 367 365 363 366 370 374 378 379 380 378 378 377 377 376 373 370 367 363 360 355 352 348 345 341 336 333 332 331 329 328 327 326 324 322 321 321 320 318 317 314 313 312 310 308 304 302 299 297 295 294 293 292 292 291 291 290 289 288 288 286 285 283 280 277 268 267 266 266 267 277 282 287 293 298 303 308 309 308 310 311 310 310 311 310 310 310 312 312 313 312 311 309 308 306 304 301 297 293 288 284 283 281 280 278 276 274 272 271 270 270 268 266 266 265 263 264 266 269 271 273 276 278 281 283 286 288 291 292 294 296 296 297 298 298 298 298 296 296 295 294 293 291 290 290 289 290 289 288 287 286 286 285 284 283 282 281 282 281 281 281 281 279 279 277 278 278 279 279 278 277 277 276 275 274 273 273 275 278 281 284 286 290 295 299 303 307 309 311 313 314 316 317 318 316 316 313 311 309 307 307 307 308 308 308 308 308 308 309 310 311 313 319 326 333 339 342 345 348 352 356 361 367 371 376 380 386 390 394 396 396 393 391 391 389 382 374 369 364 360 357 351 347 345 342 340 337 335 333 330 327 320 312 303 296 290 288 289 289 286 283 283 283 287 294 302 311 322 332 339 350 358 367 373 375 378 378 374 358 346 345 349 352 357 363 369 372 371 368 363 358 357 357 359 362 364 366 368 370 372 374 375 377 379 380 380 380 381 380 382 384 382 381 383 382 378 375 371 367 364 358 352 347 340 333 327 324 319 314 312 309 306 304 301 300 299 298 297 296 296 295 295 295 295 295 295 293 292 290 287 285 283 280
316 316 321 321 321 319 320 321 323 324 329 331 334 335 338 339 343 346 347 350 352 353 355 357 357 358 359 361 362 364 365 366 367 370 372 373 375 376 377 380 381 382 383 382 380 377 375 371 368 367 365 370 373 377 379 381 381 380 380 378 378 376 374 371 368 364 361 357 354 351 347 343 339 336 335 335 332 331 330 327 326 325 324 323 322 321 318 316 315 313 311 307 303 300 298 297 295 294 293 291 291 290 289 289 288 288 287 286 284 282 279 269 268 267 266 271 275 280 283 288 293 297 304 308 309 310 311 313 313 314 314 313 314 315 316 318 317 316 316 314 312 309 306 304 300 295 290 287 284 282 280 279 277 275 272 271 270 270 268 268 267 266 264 264 265 269 270 273 275 278 280 283 286 289 291 292 294 295 297 298 299 299 298 299 297 298 297 296 295 294 293 292 289 290 290 289 289 288 287 286 285 284 284 282 283 284 284 284 283 282 281 280 280 280 280 279 280 279 278 277 276 275 274 273 274 278 281 284 286 288 293 297 301 304 306 308 309 311 313 314 314 312 312 310 309 307 306 306 307 307 307 308 308 309 310 311 312 314 316 322 329 337 342 346 350 354 357 361 368 375 380 387 396 402 404 407 413 413 410 406 404 402 394 386 377 369 365 359 355 350 347 343 340 337 333 331 329 328 322 313 304 297 292 288 285 285 285 284 284 285 286 292 299 308 318 329 336 346 355 363 369 371 371 370 363 350 343 343 346 350 353 356 360 363 361 358 354 353 354 355 359 362 364 365 367 369 371 373 374 375 377 378 378 380 382 384 385 388 386 383 383 383 381 375 372 368 364 360 353 347 341 335 328 324 320 316 313 310 307 305 302 302 300 298 298 297 296 296 296 295 295 296 295 291 289 289 287 285 283 281
316 319 321 322 323 321 322 322 323 324 329 332 334 335 337 341 342 346 348 350 353 353 355 356 356 358 359 360 361 363 365 366 368 369 372 374 376 376 378 380 381 383 384 383 381 378 375 372 371 369 367 373 376 380 382 383 382 382 382 381 380 378 376 373 370 366 362 359 356 352 348 345 342 339 337 338 334 333 331 329 328 327 326 324 324 321 320 319 317 315 312 307 303 300 298 297 296 294 294 291 290 289 289 288 287 287 286 285 283 280 277 268 267 267 266 272 279 282 285 290 295 297 305 307 309 311 312 315 316 316 316 317 319 320 321 322 322 321 320 318 316 313 309 306 303 297 293 290 286 282 280 278 277 276 274 272 271 270 270 269 268 268 265 265 265 269 271 273 275 279 280 283 286 289 291 292 295 296 297 298 298 300 299 299 299 299 298 297 297 295 294 294 292 290 290 290 290 289 288 288 287 286 286 284 285 285 286 286 286 284 283 282 281 281 281 281 281 281 280 279 278 276 275 274 274 276 279 283 286 288 291 294 297 301 304 305 306 308 310 309 308 309 309 309 307 306 306 306 307 307 307 307 308 309 310 314 315 316 320 325 332 339 344 350 356 360 364 369 374 381 387 399 412 422 424 429 431 429 426 424 419 414 405 398 389 377 368 362 358 353 348 344 341 337 333 328 328 328 325 317 308 302 294 291 287 288 287 285 283 283 286 289 295 305 314 325 333 342 350 355 361 365 365 361 353 342 337 338 341 344 347 349 351 352 352 351 348 348 351 354 358 362 364 365 366 368 370 371 372 373 374 375 375 379 383 386 389 391 391 388 386 383 380 378 374 370 366 362 354 348 343 336 329 325 321 318 314 312 309 308 305 303 301 299 299 298 298 297 296 295 295 295 295 292 288 286 286 284 282 281
319 321 323 323 323 323 323 324 323 324 329 332 333 336 336 339 343 345 348 349 352 352 354 355 356 358 359 360 361 362 363 366 368 369 371 373 375 377 378 380 382 383 384 384 382 378 376 374 373 372 372 376 379 381 383 384 384 385 385 384 383 380 378 374 372 368 364 360 357 354 351 348 345 344 341 340 337 335 333 331 330 330 328 327 325 323 322 320 319 315 310 306 303 300 298 297 295 294 292 289 289 289 288 287 286 285 284 283 279 277 269 269 267 267 271 270 278 282 286 291 294 297 303 307 310 312 313 316 318 318 318 322 323 324 325 326 326 325 323 321 318 315 312 309 304 300 295 292 288 283 282 280 278 276 274 272 271 270 271 271 269 268 267 265 266 269 271 274 275 278 280 282 285 288 291 293 295 297 297 298 299 300 301 301 301 300 300 298 297 296 295 294 294 293 290 291 291 290 290 289 289 288 285 285 285 287 286 288 287 285 284 284 282 282 282 282 282 282 281 281 280 279 277 275 274 274 278 280 284 287 290 292 295 298 301 303 304 305 307 307 306 304 307 306 305 304 304 304 306 307 306 307 308 310 312 314 317 319 323 328 336 341 346 353 361 366 371 378 382 390 397 416 432 443 446 449 449 447 442 438 433 423 419 409 398 387 374 366 361 357 351 347 343 338 332 328 325 325 324 318 310 301 295 290 287 286 285 284 283 283 285 288 293 301 309 318 328 336 343 348 353 356 355 350 345 335 332 331 334 337 340 340 341 341 342 342 342 344 348 354 359 362 364 365 366 367 369 368 369 370 370 369 371 377 383 387 391 394 394 393 388 383 379 378 375 372 366 362 356 350 342 336 330 325 321 319 316 313 311 308 306 304 301 300 299 298 297 296 296 295 295 294 294 292 289 287 283 282 280 279
320 324 325 325 324 323 324 326 326 326 326 329 331 334 337 338 343 345 347 348 350 351 354 356 357 358 360 360 362 363 365 365 368 369 370 372 375 377 379 381 382 383 384 383 382 380 379 377 376 372 375 378 381 383 385 386 387 388 388 387 387 384 380 377 373 369 365 362 359 357 354 351 349 346 343 342 339 336 335 334 333 331 330 328 326 324 323 321 319 313 308 305 302 300 298 297 296 293 292 290 288 287 287 285 283 282 281 279 277 271 269 269 267 271 279 281 275 284 287 291 296 295 301 308 311 314 316 316 317 318 319 322 325 328 329 329 329 328 326 324 321 318 315 310 306 302 297 293 289 285 283 280 278 276 274 273 272 271 272 272 271 269 267 266 265 269 271 274 275 278 279 282 284 287 290 293 295 296 297 298 299 300 301 301 300 301 300 299 298 297 295 294 293 294 293 293 292 291 291 290 289 289 287 287 288 287 289 289 288 289 288 287 286 284 283 284 283 283 283 282 281 281 279 276 275 275 276 280 284 287 289 291 294 296 299 301 301 302 304 305 304 303 303 304 305 304 304 304 304 306 307 308 309 312 315 317 319 321 325 331 336 342 350 357 365 371 378 382 392 399 409 430 448 462 466 468 466 464 461 458 450 441 431 419 405 393 381 369 362 359 355 350 345 338 332 327 324 323 322 317 310 304 298 293 289 286 286 285 283 283 284 285 290 296 305 313 320 328 333 339 344 348 346 342 335 329 326 325 326 330 332 332 334 336 336 335 338 343 349 354 358 361 363 364 364 366 366 365 365 366 365 365 367 374 383 387 392 395 397 396 391 384 379 377 375 372 368 362 357 351 345 337 333 328 323 320 317 315 313 309 307 304 301 299 299 298 296 295 295 294 294 294 293 291 289 287 284 283 281 277
322 326 327 327 325 327 328 328 327 326 327 327 331 333 336 340 342 344 345 348 350 350 353 355 357 358 359 361 362 364 365 366 368 369 370 374 375 378 379 381 382 382 383 383 382 381 380 378 378 376 378 380 383 385 387 389 390 390 390 390 389 385 382 379 374 370 367 364 362 360 357 354 352 348 345 343 341 338 337 335 333 332 330 328 327 325 323 320 316 311 307 305 302 300 299 298 296 293 292 291 289 287 284 283 281 280 279 276 275 269 269 269 269 280 283 285 282 282 287 292 290 292 301 307 312 314 315 317 318 320 321 323 326 328 331 331 331 330 329 326 323 320 316 312 308 304 299 295 290 287 284 281 279 277 275 274 273 272 272 273 272 270 267 266 266 268 271 272 275 277 279 281 284 286 289 292 294 296 298 298 299 300 301 301 301 301 300 299 298 297 295 294 294 294 292 293 293 292 291 291 290 289 290 290 291 292 291 290 291 290 289 289 288 286 285 285 285 284 283 283 282 282 282 280 277 276 276 279 283 286 289 291 291 295 297 299 300 300 302 303 302 302 302 303 303 304 303 303 305 306 307 308 310 315 319 321 322 323 328 333 338 345 352 360 368 377 384 391 401 412 423 442 464 476 482 485 488 486 480 475 465 456 443 430 414 400 388 373 365 360 355 350 345 339 332 328 323 321 319 316 310 304 300 294 291 288 286 283 282 282 282 284 288 293 301 308 313 319 325 331 337 338 337 332 328 322 322 320 321 322 324 326 330 331 331 332 336 342 348 353 357 360 361 362 364 363 363 363 362 360 361 361 364 371 380 386 394 397 398 398 395 387 380 376 375 372 368 363 359 354 347 341 335 330 326 322 318 316 315 311 309 305 302 300 298 297 296 295 294 294 294 293 292 291 289 287 285 283 281 279
325 327 329 328 327 330 330 329 328 328 329 330 329 332 334 338 340 342 345 347 348 350 351 354 356 358 359 361 363 364 366 367 368 370 371 374 376 378 380 381 381 382 383 383 382 381 380 379 378 376 378 381 384 386 388 390 392 392 392 392 390 387 383 380 376 372 368 366 364 362 360 357 354 351 347 345 343 340 339 336 335 332 330 327 326 324 321 318 313 309 306 304 302 300 301 299 296 293 292 291 289 287 284 282 280 277 276 274 271 271 270 270 281 285 287 289 289 285 283 284 294 298 301 307 310 313 315 318 318 321 323 325 327 330 333 334 333 332 331 328 325 322 317 314 310 306 300 296 291 288 285 281 280 278 277 275 273 273 274 273 273 272 269 269 267 266 270 272 275 276 278 280 283 285 288 291 293 295 296 299 300 300 301 301 301 300 300 300 298 297 296 295 295 295 295 294 293 292 291 291 291 291 292 290 292 292 292 293 294 293 290 289 289 289 288 286 285 285 284 283 282 283 282 281 280 278 276 277 282 285 288 289 290 292 296 297 298 299 300 301 301 301 302 302 302 303 303 304 306 307 308 310 313 317 321 325 326 327 331 336 342 348 356 363 372 381 389 397 409 421 433 453 477 493 501 505 506 502 495 488 478 468 455 441 424 410 395 381 366 360 354 349 344 338 331 326 321 318 317 314 309 302 298 295 290 287 285 283 282 283 284 283 284 288 296 302 308 313 319 323 327 329 328 324 320 316 316 316 318 316 319 323 324 325 325 328 334 339 345 351 354 357 358 359 360 360 360 359 358 357 355 357 362 369 378 387 394 397 399 399 395 389 381 377 375 371 367 364 361 356 350 344 340 335 329 324 320 319 316 313 310 306 303 300 299 297 296 295 294 293 293 292 291 290 289 287 283 282 280 280
326 329 330 330 332 332 331 331 330 329 331 332 330 333 335 336 338 342 343 346 347 349 351 353 355 358 359 361 363 364 366 368 370 371 372 374 376 378 380 381 381 382 382 382 382 380 380 379 377 379 381 383 385 387 389 391 393 394 394 393 390 387 384 381 378 374 370 368 365 364 361 358 355 352 349 346 344 341 339 337 334 332 329 326 324 321 318 315 310 306 295 292 291 290 296 294 297 295 293 281 279 283 283 276 275 274 274 272 271 271 271 281 286 289 291 291 293 293 292 284 288 293 297 303 310 312 315 318 319 321 324 326 328 331 334 336 335 335 333 329 327 323 319 316 312 307 303 298 293 289 287 282 281 279 278 275 274 274 274 274 274 274 271 270 269 267 268 271 274 275 277 279 282 284 286 289 291 294 295 297 299 300 301 301 301 301 300 300 299 299 298 297 296 296 295 295 294 293 293 293 293 293 292 293 294 294 295 295 294 293 293 291 289 290 288 289 285 284 284 284 284 284 283 282 282 278 276 277 280 285 287 289 290 292 295 296 297 298 300 301 301 301 301 302 302 303 304 305 306 308 309 312 316 321 325 328 331 333 336 341 346 351 360 372 381 390 399 411 421 434 451 473 493 510 519 522 520 514 508 500 489 476 463 448 433 418 403 388 374 362 355 349 344 337 332 327 324 320 315 312 309 304 299 293 289 286 284 283 282 283 283 283 283 286 291 297 303 308 311 315 318 320 320 317 313 312 311 312 312 314 315 317 317 320 320 325 332 336 343 346 351 353 355 355 355 355 355 353 352 351 351 355 360 368 377 384 391 395 397 397 392 387 380 377 375 371 368 365 362 357 353 347 342 338 332 326 322 320 316 313 310 306 303 300 298 297 296 295 294 293 292 291 289 288 288 285 282 281 281 282
327 331 332 332 334 335 334 332 332 331 331 333 333 331 336 338 338 341 342 345 346 349 350 352 355 358 359 362 364 365 368 369 370 372 374 376 377 379 380 381 382 382 383 382 381 381 379 379 379 381 382 384 385 387 389 390 391 391 391 391 390 388 386 382 379 375 372 369 367 365 362 360 356 354 350 347 345 342 339 337 334 330 328 325 321 318 315 311 305 298 293 294 294 290 289 287 288 291 283 282 280 278 277 277 276 274 275 272 271 271 282 287 292 294 295 295 296 295 294 293 288 300 302 303 308 310 313 316 319 321 324 327 330 332 335 337 337 337 335 331 328 325 322 318 314 309 304 299 296 291 287 285 282 280 278 277 275 275 275 275 275 275 273 271 270 269 268 267 272 274 276 279 281 283 286 288 290 292 294 296 298 299 300 301 301 301 301 300 299 298 298 297 296 296 296 295 294 294 294 294 294 294 294 295 295 295 296 295 294 294 294 294 293 292 290 289 288 285 284 284 285 284 284 284 282 280 276 277 280 284 287 290 290 293 294 295 296 297 298 300 300 300 301 302 302 303 304 305 306 308 311 315 321 325 328 331 335 338 343 347 353 359 369 381 391 405 418 427 437 454 473 495 512 526 534 536 533 527 517 508 494 481 467 453 438 422 406 393 379 363 357 350 344 338 332 326 321 317 314 309 305 301 297 295 289 286 284 284 283 281 283 283 284 285 288 293 298 304 309 311 311 313 314 311 309 307 306 308 307 308 309 311 312 315 315 319 327 333 338 342 347 348 350 350 350 349 347 346 344 345 346 351 357 366 374 380 387 393 394 392 389 385 379 377 375 372 368 366 362 356 353 348 343 339 333 327 323 319 316 313 308 305 302 299 297 296 296 294 294 293 291 290 289 287 285 283 283 279 279 277
328 331 334 336 337 337 335 335 334 333 334 334 335 336 334 339 339 341 342 344 346 348 349 352 355 358 360 363 364 365 368 370 370 373 375 377 379 380 381 382 382 382 382 381 383 383 381 380 380 382 383 385 387 387 389 389 389 390 390 390 388 387 385 383 380 376 373 370 368 366 363 360 357 354 351 347 344 341 339 336 333 329 325 324 320 316 312 306 295 294 301 306 308 307 300 290 286 285 283 285 292 289 287 283 282 279 275 272 272 272 287 292 296 297 298 299 299 298 299 297 290 300 302 305 310 314 313 317 321 322 325 328 330 333 336 338 339 339 336 334 330 327 323 318 314 311 306 301 297 293 289 285 282 280 279 278 276 275 275 275 276 276 276 273 272 271 270 268 268 270 275 277 279 281 284 286 288 290 292 294 296 297 298 299 301 301 300 300 300 299 298 298 297 296 296 296 295 294 295 294 295 294 295 295 295 296 296 296 296 296 295 295 294 294 292 290 288 287 286 285 285 285 285 285 283 279 276 278 280 283 286 288 290 292 294 294 295 296 297 299 299 300 301 301 303 303 304 305 307 309 312 317 323 328 333 336 339 343 347 353 358 365 374 387 398 412 426 438 455 472 492 514 530 539 549 549 544 536 524 511 497 482 469 454 438 424 409 394 381 367 357 349 344 338 333 327 321 316 312 310 305 300 296 293 288 286 284 283 283 282 282 283 283 284 286 289 295 300 304 308 306 308 309 307 305 302 305 304 304 303 304 306 308 310 312 317 322 329 334 338 342 343 344 344 343 343 341 337 338 338 341 346 353 362 369 376 383 388 389 388 385 382 378 376 374 370 367 364 360 356 351 347 341 339 334 327 322 318 314 311 307 305 301 299 297 296 295 294 293 293 291 290 289 287 286 286 283 280 277 275
329 332 335 337 338 339 339 337 335 336 336 337 337 338 338 337 340 340 341 343 346 348 350 352 356 359 361 363 364 367 369 371 374 376 378 380 381 383 383 383 383 382 383 383 383 384 383 382 382 384 385 386 386 387 388 388 388 388 388 388 387 387 386 384 381 377 374 371 368 365 363 360 357 354 351 347 344 341 338 335 331 327 323 320 316 313 306 297 296 303 311 314 314 314 312 309 305 296 301 299 296 293 290 287 284 281 277 273 272 282 291 296 299 300 301 302 301 301 301 292 294 300 302 304 311 315 315 317 323 324 326 329 331 335 337 339 341 340 338 335 332 329 325 320 316 311 307 302 298 295 290 286 284 281 279 279 277 276 276 276 276 276 277 276 274 274 273 271 269 269 272 275 278 280 282 283 286 289 291 292 294 296 297 299 299 300 300 300 300 298 298 298 299 299 298 297 297 296 296 294 294 295 295 295 296 296 297 298 297 296 297 296 295 295 293 292 290 288 287 286 286 285 285 284 281 283 281 277 279 282 285 286 288 290 292 294 296 295 296 298 298 299 300 301 303 304 305 306 308 311 313 320 326 332 337 341 344 348 352 358 366 372 379 390 402 413 431 451 470 489 509 527 540 552 559 558 551 542 528 513 498 483 467 453 437 422 406 394 380 366 358 350 343 337 331 326 321 318 314 309 303 298 294 291 289 287 285 285 284 281 279 282 281 283 283 286 291 295 300 302 303 304 307 304 301 301 302 300 300 299 302 303 304 307 310 315 319 325 330 334 336 337 337 337 337 337 333 330 330 334 337 340 347 354 360 368 378 384 385 384 381 379 376 374 372 369 366 363 359 355 349 345 340 338 333 326 320 316 312 309 306 303 300 298 297 296 294 293 292 292 291 290 289 289 288 286 284 281 278 276
330 333 335 337 341 341 341 339 340 338 339 339 340 341 341 340 341 343 343 344 346 348 350 353 357 359 362 363 366 368 371 373 376 379 380 382 383 385 385 385 384 384 384 384 385 386 385 384 384 384 385 386 386 386 386 386 386 386 386 386 386 386 385 382 380 377 374 371 367 364 362 358 356 354 350 346 344 340 336 332 328 324 321 317 314 310 303 298 303 311 315 319 319 319 319 317 313 310 308 305 301 297 293 290 288 284 277 273 273 285 293 298 302 303 304 303 303 303 298 295 300 302 304 304 311 314 317 317 323 324 327 331 333 336 338 340 341 341 339 337 334 331 327 321 317 313 308 304 300 297 292 287 285 283 280 279 277 277 276 276 277 277 277 276 276 275 274 273 271 269 271 275 277 279 280 282 284 288 288 290 291 294 296 297 298 299 299 299 299 298 299 299 299 299 299 297 297 296 297 297 294 297 295 297 297 297 298 298 297 298 297 297 297 296 295 294 293 290 288 287 286 285 285 283 284 283 282 278 279 280 283 284 286 289 291 293 296 296 296 297 298 299 301 302 304 306 307 307 309 311 314 320 328 335 340 345 349 353 357 366 371 376 384 394 404 417 440 463 484 504 523 539 551 560 564 562 554 543 529 512 497 482 465 450 433 417 403 389 375 366 356 350 344 337 331 326 321 317 313 309 304 300 296 293 291 290 288 287 285 283 280 278 279 280 281 284 287 292 297 298 298 302 305 300 297 299 298 298 297 297 298 298 301 305 308 310 313 319 326 329 332 331 330 329 329 329 326 324 325 330 333 336 341 346 352 360 370 378 381 380 377 375 374 373 370 367 363 361 357 353 348 342 339 336 331 325 318 314 310 306 304 302 299 297 296 294 293 293 292 290 290 288 287 287 286 284 283 283 280 277
330 331 335 337 341 343 343 341 341 343 344 343 343 343 343 343 344 345 345 344 346 349 351 354 357 359 362 364 368 370 373 376 378 380 383 385 386 387 388 386 386 386 385 386 386 386 386 386 386 386 385 385 386 385 385 385 384 384 384 384 384 384 383 381 378 375 372 368 365 362 360 358 356 352 349 345 342 339 334 330 325 321 317 314 310 301 299 298 310 318 322 324 325 325 324 322 321 317 314 310 307 301 297 293 290 285 274 274 275 287 295 300 305 306 306 305 305 304 301 301 305 305 307 306 311 316 321 320 325 327 330 333 335 337 339 341 342 342 340 338 335 331 326 323 319 314 310 305 302 296 292 290 286 283 282 280 278 278 277 277 277 277 278 277 277 276 275 274 272 270 270 274 276 278 280 281 283 286 287 288 290 292 294 296 297 297 298 298 299 299 300 300 300 299 299 299 297 296 296 296 296 297 298 297 298 298 299 298 298 299 299 299 298 298 297 296 294 292 290 288 287 286 285 286 285 284 284 280 279 280 282 283 286 288 290 292 294 295 296 296 297 298 301 302 303 306 308 309 310 312 316 321 329 336 341 347 352 356 361 372 378 382 389 397 409 425 447 472 495 513 529 546 556 561 564 561 552 540 526 509 493 478 462 445 427 411 394 380 369 363 355 348 342 337 333 327 321 316 313 308 305 301 297 294 293 291 289 288 286 283 280 278 278 278 279 280 285 291 294 294 294 299 300 296 295 297 295 297 296 296 298 299 300 301 302 308 310 314 319 322 325 324 324 323 323 323 320 320 322 326 329 333 338 343 347 354 364 374 377 376 373 372 369 369 367 364 361 360 355 349 345 340 337 334 328 322 315 310 308 305 302 299 298 296 294 292 292 292 292 291 290 289 288 286 285 283 282 281 279 274
330 333 335 337 341 344 344 345 346 348 348 348 348 347 347 347 347 347 347 347 345 348 351 354 357 360 363 365 369 372 375 379 380 383 386 387 389 389 390 389 388 388 388 388 389 387 387 387 387 387 387 386 385 383 383 382 382 382 383 382 382 381 380 378 376 372 369 366 363 360 358 356 352 349 348 344 340 336 332 327 322 318 315 311 304 301 305 312 314 325 328 329 328 329 328 328 327 323 319 315 309 304 300 296 292 283 275 275 275 288 294 303 306 307 307 307 307 306 303 300 307 309 310 309 312 312 317 318 323 327 331 335 336 339 341 342 343 343 341 339 336 332 329 323 320 315 311 308 303 298 296 292 288 285 282 280 279 279 278 277 277 277 278 278 278 277 277 275 273 272 270 271 274 277 278 279 282 284 285 287 289 291 292 294 295 296 296 297 298 299 299 300 301 300 299 298 298 297 296 296 296 296 297 297 298 298 299 299 299 300 300 300 299 298 298 297 296 294 292 289 289 288 287 287 286 286 284 281 278 281 283 283 285 287 288 290 292 293 294 295 296 298 300 303 304 306 308 309 310 313 318 324 330 337 343 349 353 359 366 375 381 388 394 403 417 435 458 480 501 518 532 546 556 562 560 557 549 537 523 506 489 472 458 441 418 402 387 376 367 359 354 347 341 335 330 327 322 317 313 308 305 301 298 296 294 292 290 288 286 283 280 277 277 278 278 278 286 289 290 290 291 296 294 293 295 294 295 294 294 293 295 295 296 297 301 303 306 309 313 315 318 317 319 318 318 317 317 317 319 322 327 332 338 343 348 353 364 370 372 370 367 366 364 361 363 360 359 358 353 347 342 338 334 331 327 321 315 308 304 303 300 298 297 296 293 293 293 293 294 294 293 291 290 289 287 285 283 282 280 279
329 334 335 338 342 345 346 348 350 351 352 353 352 351 352 352 352 350 349 349 349 348 351 352 355 360 364 367 370 373 377 380 381 385 387 389 391 392 392 392 391 391 391 391 390 390 388 388 388 387 387 386 383 382 380 380 380 379 379 379 379 378 376 374 372 369 367 363 360 357 354 353 349 347 344 341 337 332 328 323 319 316 313 306 302 310 315 317 325 331 333 333 334 334 334 333 330 326 322 318 313 308 302 298 294 278 276 275 277 286 294 303 306 307 308 308 307 306 306 305 303 308 310 312 312 317 318 321 325 328 332 336 338 341 343 343 344 344 342 340 337 333 329 325 321 318 312 309 304 302 298 294 290 289 285 281 280 280 279 278 277 277 278 278 278 277 277 275 274 273 271 271 273 276 278 279 281 283 285 286 287 289 291 293 294 295 295 296 298 298 299 300 300 301 301 299 299 297 297 297 297 297 297 297 297 298 298 299 299 300 301 300 300 299 299 298 297 296 294 290 291 290 288 287 286 285 284 283 281 280 283 283 284 285 287 288 290 292 295 295 296 298 300 303 305 308 309 311 311 314 320 326 330 338 344 350 355 361 368 378 386 392 400 411 424 442 466 486 505 521 534 547 553 557 556 553 544 532 518 502 484 467 451 432 408 392 379 371 364 356 351 348 342 334 329 325 321 318 315 309 305 302 299 297 295 292 291 290 287 284 281 278 275 275 275 280 284 285 287 287 288 291 291 291 292 289 292 290 292 291 291 291 292 294 298 299 301 305 307 309 312 312 313 314 314 313 313 314 317 318 323 329 337 342 348 355 364 367 369 367 363 360 359 357 358 356 355 356 352 345 340 337 333 329 325 319 312 308 303 301 299 297 296 294 293 293 293 294 296 296 295 293 291 290 288 286 285 283 282 279
329 333 335 338 341 345 348 351 353 355 356 356 356 357 356 357 356 354 352 352 351 350 352 355 358 360 363 368 371 376 378 379 382 386 389 391 393 395 395 395 395 395 394 393 392 392 390 389 388 387 386 385 382 380 378 378 378 378 377 377 376 374 374 372 369 365 360 359 356 354 351 348 345 343 339 337 334 328 325 320 316 312 306 303 305 313 317 326 333 336 338 338 339 338 337 336 332 328 324 320 316 310 305 300 295 287 276 276 276 286 294 303 306 307 308 308 307 307 307 308 306 308 311 313 314 317 321 322 326 330 334 338 340 343 344 345 345 344 343 340 338 334 330 326 324 319 315 310 306 304 300 295 292 291 288 283 281 282 281 279 278 278 278 278 278 278 276 275 276 275 272 271 272 275 276 278 280 281 284 285 286 288 289 291 293 294 294 296 297 298 299 300 300 300 301 301 300 300 299 298 298 298 297 298 297 297 298 298 299 300 300 301 300 300 299 297 296 295 293 293 293 292 291 289 288 287 285 284 282 281 281 283 284 285 286 288 290 291 293 294 297 299 300 303 307 309 311 312 313 316 322 328 333 339 346 351 357 362 368 380 390 397 406 421 434 452 472 490 507 521 535 546 553 554 552 547 539 527 513 496 478 462 446 425 403 386 374 366 359 352 346 340 337 335 327 323 320 316 312 309 307 303 299 297 296 294 292 291 288 286 282 278 276 274 277 276 280 282 284 285 287 288 290 289 288 286 288 287 289 288 288 288 290 293 296 296 297 301 304 307 308 309 309 309 309 308 308 312 314 317 322 329 335 343 348 357 364 365 366 363 359 356 353 353 353 350 350 351 349 343 338 334 330 327 323 318 310 306 303 300 298 297 296 294 293 293 293 295 297 298 297 295 293 290 287 287 286 285 282 279
327 333 335 338 342 346 348 353 355 358 358 359 359 360 361 361 359 357 355 354 353 353 355 358 361 364 367 371 372 376 378 379 381 385 388 390 395 397 398 398 398 398 398 396 395 394 392 390 388 387 386 384 381 378 377 376 376 375 376 375 374 373 370 367 365 361 358 353 351 351 348 346 342 338 335 333 330 324 321 317 313 306 304 311 315 320 327 335 339 343 343 344 342 341 340 337 333 330 326 322 317 312 306 302 297 290 277 277 277 285 293 298 303 304 305 308 308 308 308 309 309 306 311 313 315 319 320 324 327 332 336 339 342 344 345 346 346 345 343 341 338 335 331 328 325 320 315 312 308 305 301 297 294 292 290 285 283 283 284 281 281 281 280 278 279 278 276 277 276 275 274 272 271 272 274 277 278 280 281 283 285 286 287 288 290 291 294 296 297 298 300 302 301 302 302 302 301 301 300 299 298 298 298 298 298 298 298 298 299 300 301 301 301 299 298 297 297 297 295 296 296 295 293 290 290 289 287 285 285 283 281 282 283 284 285 287 289 290 291 293 296 298 301 304 308 310 312 314 316 318 323 329 334 341 347 353 358 364 373 384 395 402 417 435 450 463 479 495 508 521 533 543 550 549 546 540 532 520 507 490 473 457 442 417 397 380 371 360 355 349 342 337 334 331 326 321 318 315 311 306 304 304 303 299 297 295 293 292 290 287 283 278 277 275 273 273 275 278 280 282 284 286 286 285 285 284 287 287 287 285 285 286 287 292 292 293 295 298 300 301 304 305 305 306 305 305 307 309 310 314 320 326 333 343 348 356 363 364 363 360 356 352 350 349 348 345 345 346 344 340 336 332 328 325 322 316 310 304 302 301 299 297 295 295 294 294 295 297 299 300 300 297 295 290 288 287 286 285 283 281
316 330 335 338 342 347 350 353 358 359 360 360 361 363 364 364 361 360 358 357 356 356 359 361 364 366 369 373 375 377 378 380 382 385 388 393 397 398 400 400 400 400 400 398 397 396 394 391 389 387 386 384 380 378 375 375 374 373 373 373 371 370 368 365 363 358 355 353 349 346 345 343 340 336 332 330 326 322 319 315 312 305 315 318 324 329 336 341 346 348 349 348 345 344 343 339 335 331 327 323 319 314 308 304 299 291 277 277 277 284 292 295 302 304 305 307 308 308 309 309 310 308 309 313 317 319 322 324 328 332 336 339 342 345 346 346 346 345 343 341 338 335 332 329 325 320 317 314 311 307 302 299 297 294 291 290 287 285 284 283 282 282 281 280 279 278 277 277 276 277 275 275 272 272 273 275 278 280 280 281 282 283 285 285 287 291 293 295 296 299 301 303 303 303 304 303 302 303 301 300 300 300 299 298 298 299 299 298 299 300 301 301 300 300 299 299 298 298 296 297 296 296 295 295 294 291 289 288 287 286 283 281 282 284 285 286 287 288 290 292 294 297 300 305 308 311 313 315 318 320 323 328 335 341 347 353 359 365 374 384 397 407 420 443 458 474 488 500 511 521 531 539 543 544 539 532 523 512 499 482 466 452 437 413 388 375 365 358 350 345 342 335 332 327 324 322 317 313 309 306 303 301 301 299 298 296 295 293 290 287 283 281 279 274 272 271 274 278 281 283 285 280 280 282 283 283 285 285 284 283 283 285 286 291 291 291 294 295 297 298 301 302 302 303 302 302 305 306 308 311 318 324 330 338 346 354 361 361 360 356 350 347 346 345 344 340 339 340 338 335 332 329 326 321 318 315 309 305 302 300 298 297 296 295 294 295 296 298 301 302 303 300 297 294 290 288 287 285 283 281
316 327 333 338 342 347 351 353 357 360 362 363 363 366 367 366 364 363 361 360 359 359 362 365 368 370 373 375 376 378 379 381 383 386 390 395 398 401 402 403 402 402 402 401 398 397 395 393 391 388 385 383 379 376 375 373 372 371 371 370 369 367 365 363 360 356 353 350 347 344 341 339 337 333 330 327 324 320 316 311 308 309 319 325 331 336 342 348 351 354 354 352 349 347 345 341 337 333 329 325 320 315 309 303 297 292 286 277 278 278 284 293 299 303 306 306 307 309 310 310 311 311 308 313 316 318 320 323 328 333 337 339 342 345 346 346 346 345 343 341 338 335 332 329 325 322 319 314 310 308 306 303 299 296 294 292 290 289 286 284 285 284 282 281 279 279 278 278 277 277 277 277 275 273 273 273 276 279 279 282 283 283 285 286 288 290 293 294 297 298 300 302 303 304 304 305 305 304 302 302 301 301 300 300 300 300 300 300 299 300 301 301 300 300 300 299 298 298 299 299 298 297 296 296 295 293 290 290 288 286 285 282 282 283 284 286 287 288 290 291 293 296 298 303 307 309 313 315 317 319 322 327 334 341 348 354 360 367 375 385 398 410 424 446 464 480 496 506 517 525 531 535 536 535 529 522 514 503 490 475 459 447 432 406 384 371 364 356 348 344 339 336 329 324 322 317 316 312 307 305 303 302 301 299 298 297 296 294 291 289 285 281 278 271 271 270 273 277 280 283 281 278 278 280 281 281 282 283 281 280 281 284 286 288 288 288 291 293 294 295 298 300 300 299 299 301 302 303 306 309 315 320 326 332 341 349 354 355 353 350 345 342 341 342 340 336 335 334 332 331 327 325 323 318 315 313 309 305 302 300 299 299 297 296 296 295 296 298 302 305 305 304 300 295 293 290 288 285 284 281
318 322 333 338 342 346 350 353 357 361 363 364 365 368 368 367 366 365 364 364 361 363 366 369 370 374 377 378 379 380 381 383 386 388 393 399 400 402 404 405 404 403 403 402 400 399 396 394 390 387 384 382 378 375 374 371 370 369 367 367 366 364 362 359 356 353 350 347 345 343 340 338 335 334 331 327 323 318 314 311 308 319 326 333 338 343 349 355 358 360 359 357 352 350 347 343 339 335 329 325 321 316 309 303 297 292 287 281 278 279 279 280 297 298 302 306 308 309 310 312 312 312 310 313 315 318 320 323 328 333 337 340 344 346 347 347 346 345 343 341 338 336 333 330 326 323 320 315 313 312 309 305 301 299 295 294 290 289 289 287 287 287 283 280 280 280 279 278 278 278 279 278 278 276 273 273 274 276 280 282 284 284 285 286 288 290 292 294 296 298 300 302 303 304 305 306 307 306 304 303 302 302 302 301 301 301 301 301 301 301 301 301 300 300 300 299 299 300 301 301 301 300 298 297 297 295 293 291 289 287 286 285 283 283 285 286 286 287 289 290 292 294 296 301 306 310 312 315 318 319 322 326 332 339 346 353 361 368 376 386 398 412 427 449 469 489 505 514 524 528 531 529 528 524 517 510 504 495 482 465 450 442 426 402 381 371 364 354 347 342 338 333 329 323 321 316 312 311 305 303 302 301 299 298 297 296 295 292 290 288 284 280 278 273 270 268 271 276 280 279 277 277 277 278 279 279 282 280 279 279 282 284 282 284 285 288 289 290 293 294 296 297 298 297 297 298 300 300 303 307 310 315 322 328 335 342 346 347 346 342 339 337 339 339 336 333 332 331 329 326 324 323 320 317 315 311 308 306 303 301 300 300 299 297 296 296 297 300 303 306 307 306 301 297 294 291 289 286 285 284
319 321 332 337 341 345 349 354 358 361 364 364 367 370 369 368 368 367 367 367 363 366 370 372 375 379 380 381 382 383 384 386 388 391 397 401 402 403 405 406 405 405 404 403 401 399 397 393 390 387 385 381 378 375 372 370 368 367 364 366 365 363 361 357 353 350 348 346 343 341 338 336 334 333 330 326 322 319 318 311 314 326 331 338 344 349 355 360 363 364 363 362 357 353 348 344 339 334 328 324 320 314 308 301 298 294 289 285 279 279 279 280 294 299 303 303 306 307 310 311 312 311 311 312 315 316 319 322 325 332 336 340 343 345 347 347 346 345 343 341 339 336 332 330 327 324 320 317 314 313 310 306 303 301 299 296 292 290 290 289 288 287 283 283 283 281 280 279 279 279 279 279 279 279 276 274 273 276 279 281 284 285 286 286 288 290 291 294 296 299 301 302 306 308 309 309 308 307 306 308 304 304 304 303 302 302 302 302 302 302 301 301 301 301 300 300 300 301 301 302 302 302 300 299 298 296 295 295 293 290 288 287 285 282 284 285 287 287 288 289 291 293 295 298 303 308 312 315 317 319 320 324 329 336 344 354 361 369 377 388 398 412 426 448 471 493 510 519 527 527 527 525 520 512 506 499 492 484 474 459 444 434 420 396 376 370 363 354 347 339 333 331 328 325 321 315 312 308 306 302 299 298 298 295 296 295 293 291 289 287 283 280 278 273 268 268 269 273 277 277 276 275 275 276 277 278 280 279 276 279 281 281 280 282 284 286 288 289 291 291 294 296 296 295 295 295 296 297 300 304 308 313 318 322 328 334 338 339 338 335 333 334 335 336 333 331 329 328 327 327 323 321 320 317 314 311 308 306 305 303 302 300 299 299 297 297 298 301 304 307 309 309 303 298 295 292 289 287 287 285
321 321 328 337 341 344 345 350 354 359 362 363 367 370 369 369 369 369 370 369 366 370 372 376 379 382 384 384 385 386 387 390 393 396 399 402 403 405 408 407 406 406 404 402 402 400 397 394 390 387 384 380 377 375 371 368 366 360 362 362 363 361 358 355 351 349 347 343 340 338 336 334 333 332 330 326 322 319 316 310 320 328 335 343 349 354 359 364 367 366 365 363 359 355 349 343 338 332 328 324 319 313 307 302 297 293 289 286 285 279 279 280 292 293 298 301 303 305 309 310 307 311 310 313 315 316 318 321 326 330 335 339 343 345 346 347 347 345 343 341 340 337 334 330 327 324 322 319 315 313 311 308 305 302 301 300 296 292 289 286 285 284 284 285 283 283 282 281 281 281 280 280 280 280 278 275 274 275 279 281 283 284 286 287 288 290 292 295 296 298 300 302 305 305 306 307 307 307 308 310 310 306 304 305 305 303 303 303 303 304 304 303 302 301 301 301 300 300 301 303 304 303 301 299 299 298 299 299 297 296 294 292 288 283 284 285 287 287 288 289 290 292 294 297 301 306 310 313 317 318 320 323 327 333 343 352 360 367 378 388 398 409 425 444 469 491 509 519 522 521 519 516 508 500 493 487 479 473 465 454 438 430 415 394 377 368 359 352 347 341 335 329 325 324 322 316 311 307 305 303 300 298 296 296 293 292 291 291 289 286 284 280 277 272 269 268 267 269 271 272 272 274 274 274 275 277 279 277 276 276 277 278 278 280 283 284 286 287 288 290 292 294 294 293 293 293 292 294 297 302 306 309 313 318 323 328 332 332 332 331 329 330 333 333 331 329 328 326 326 325 324 323 320 318 315 313 310 309 306 304 304 302 301 299 298 298 298 301 304 306 309 309 304 299 295 292 290 288 289 287
326 319 326 334 340 342 344 347 350 356 358 362 365 370 370 370 370 371 371 370 369 373 376 380 383 386 387 388 390 390 392 395 398 401 403 404 407 409 409 409 407 406 404 403 401 400 396 393 389 386 382 380 378 374 370 368 366 364 361 358 357 358 355 352 350 348 346 343 339 336 334 332 329 328 324 322 320 317 315 311 323 332 340 347 355 359 364 367 367 367 367 362 357 353 346 341 336 331 326 321 317 311 307 304 299 294 290 287 285 281 280 281 286 292 297 299 300 301 304 305 310 311 312 312 314 315 317 320 325 329 333 338 341 344 346 346 346 345 344 342 340 338 334 331 327 325 322 321 315 309 307 306 306 304 300 300 301 296 288 289 291 291 289 286 286 286 284 282 282 282 282 282 282 281 280 278 275 275 277 280 283 285 287 288 288 290 291 294 296 298 300 301 303 306 307 307 308 310 310 308 309 313 308 306 306 305 305 306 307 307 307 306 304 303 302 302 302 301 301 303 304 303 302 301 301 300 300 301 300 298 297 296 293 287 285 285 286 288 289 290 290 291 293 294 298 303 308 312 315 317 319 322 326 331 340 350 360 367 377 387 397 407 422 438 462 484 503 511 513 511 507 501 493 485 478 472 466 461 456 448 436 425 411 393 375 364 357 351 346 342 335 329 325 322 321 319 313 310 305 302 300 298 299 300 296 293 291 289 287 286 283 280 276 273 270 267 266 267 269 270 270 271 272 272 273 277 278 275 271 273 275 276 277 279 282 282 283 285 288 288 289 291 291 291 290 290 289 292 295 298 304 307 310 314 318 323 326 326 328 327 325 327 329 330 329 327 327 326 326 327 327 326 325 321 318 315 314 310 308 306 304 303 302 301 301 299 299 301 302 305 309 308 304 299 295 292 291 290 290 288
331 321 325 334 340 341 344 346 348 353 356 360 364 369 370 370 371 372 371 371 372 375 379 383 386 389 391 394 393 395 397 399 401 403 405 407 409 411 410 410 410 408 406 403 401 399 397 393 389 385 382 379 377 373 370 367 364 361 360 358 349 350 351 350 349 346 344 342 339 336 335 334 332 332 329 326 321 318 312 319 327 335 343 351 358 363 367 367 367 367 365 361 356 350 344 338 333 329 325 320 316 311 306 304 300 295 290 288 286 283 281 281 283 290 293 294 295 303 306 309 312 312 313 313 313 315 317 319 324 327 332 337 340 343 346 346 345 345 344 343 340 338 335 332 329 326 323 320 313 314 312 307 304 304 300 298 300 297 290 296 295 293 293 291 290 287 286 285 284 284 284 284 283 283 282 282 278 275 276 279 282 285 287 289 289 289 291 295 298 298 299 302 306 307 308 310 308 309 310 309 311 312 313 310 308 308 306 306 308 309 309 309 309 306 305 303 303 303 303 304 304 303 303 303 303 303 303 302 303 302 300 299 297 292 286 285 286 288 289 290 290 291 292 293 296 300 305 310 313 315 318 321 324 331 337 347 357 365 375 386 395 405 419 432 452 475 492 499 501 498 493 485 476 464 459 456 450 450 449 444 435 421 408 393 375 364 357 353 346 340 335 331 327 324 321 318 315 315 310 303 300 297 298 297 294 292 291 290 288 285 284 283 280 274 269 263 266 265 267 269 269 271 271 271 272 274 273 271 270 271 273 273 275 278 280 281 282 284 286 286 287 289 289 288 287 288 286 290 292 295 300 304 308 312 315 318 320 322 324 324 323 325 326 327 327 326 327 327 328 329 330 330 328 324 319 316 314 312 309 307 305 304 302 302 301 299 299 299 300 303 307 307 304 299 298 294 292 290 290 289
331 324 321 329 335 337 341 344 347 351 354 358 362 366 370 371 372 372 372 374 375 379 381 385 387 389 395 397 396 399 400 402 403 406 408 410 411 413 412 411 409 408 406 405 403 401 398 395 392 387 381 377 375 372 369 366 361 359 356 355 352 346 346 339 339 343 340 339 337 336 334 333 333 331 328 324 323 322 313 323 330 338 345 353 360 364 367 367 366 365 363 360 353 346 341 336 331 326 323 319 314 310 307 304 299 295 290 289 288 285 281 281 281 284 289 296 299 304 308 311 314 315 315 315 314 314 317 319 323 326 330 335 340 343 345 345 345 344 343 342 340 338 335 332 331 327 319 317 319 319 313 307 306 306 303 300 293 292 297 301 298 298 296 295 291 291 291 289 288 287 286 285 284 284 284 284 282 278 276 277 280 283 287 287 287 290 294 296 295 296 301 302 305 307 308 312 311 313 313 314 314 313 312 315 314 312 313 310 309 309 311 310 310 310 309 307 305 304 304 304 305 304 305 304 304 304 303 304 304 303 302 300 300 296 291 286 285 287 288 289 291 290 292 293 295 297 301 307 311 314 318 320 324 328 335 345 354 362 373 384 393 402 413 426 438 458 478 486 486 483 474 461 452 444 440 439 439 442 444 441 432 418 404 393 376 365 358 353 347 341 336 333 330 326 322 318 314 310 311 304 299 296 295 295 294 291 289 288 285 283 282 280 277 272 267 263 262 263 265 265 268 269 269 269 271 271 270 269 269 269 271 271 273 276 278 280 280 282 283 284 285 286 286 285 286 284 286 287 289 293 298 303 306 310 312 314 316 318 320 321 320 321 322 323 324 324 326 328 330 330 330 331 330 326 321 317 314 311 309 308 306 304 303 302 302 300 298 297 299 302 304 305 303 299 297 294 291 290 289 290
332 332 323 327 334 339 341 343 345 349 352 355 360 365 369 372 372 373 375 376 378 381 383 386 389 390 397 398 400 401 402 404 406 408 410 411 413 413 412 411 410 408 406 405 403 401 399 395 391 386 381 377 374 373 370 366 364 361 359 357 353 354 353 349 347 345 333 337 335 330 328 328 329 327 324 326 325 316 317 323 332 340 347 355 361 364 366 366 365 363 361 356 350 345 338 334 331 325 320 316 313 310 306 303 299 295 291 290 289 285 283 283 283 284 291 295 300 306 310 314 316 317 317 317 316 316 316 318 321 326 329 333 338 340 342 343 344 343 342 341 339 337 335 333 328 322 321 322 322 320 310 310 312 310 308 303 303 295 301 302 302 301 300 297 295 296 295 293 292 290 289 287 287 286 286 285 285 282 277 277 278 281 281 284 285 289 289 295 298 299 299 302 304 306 308 312 317 316 315 317 316 317 315 319 317 313 313 314 312 311 312 312 311 312 311 309 308 306 305 304 305 305 307 306 305 306 306 305 305 304 303 302 301 299 295 291 288 286 287 288 290 290 292 293 294 296 299 305 309 313 317 319 323 327 334 342 351 359 370 379 388 397 406 417 427 443 465 472 472 468 456 442 434 427 425 425 427 433 440 439 430 416 402 392 377 366 359 355 347 341 337 333 331 327 321 319 315 310 306 304 301 298 295 294 292 291 288 287 285 284 282 281 277 275 271 264 262 264 265 264 264 266 267 269 271 269 268 267 267 267 270 270 271 274 277 279 278 281 282 282 282 283 283 283 283 282 285 285 287 291 296 301 305 308 310 311 313 314 317 318 319 319 320 321 321 322 324 328 331 331 331 330 331 328 321 317 314 311 309 308 306 306 305 303 302 302 298 297 297 300 301 302 300 297 294 292 289 289 289 288
334 333 327 324 337 341 344 346 347 348 351 354 358 363 368 370 372 374 377 378 381 381 384 385 389 392 397 399 401 403 405 406 408 410 411 412 413 413 413 412 411 410 407 406 403 401 399 395 391 387 383 379 375 373 371 367 364 362 361 358 356 355 353 350 347 345 343 339 337 334 333 331 329 323 320 318 320 318 321 326 337 342 349 355 360 364 364 364 363 360 358 353 348 342 337 332 327 323 319 316 313 311 306 303 300 297 292 290 287 285 284 284 283 284 291 295 302 311 314 317 319 320 319 319 319 318 318 318 318 324 328 332 337 340 341 343 343 343 342 341 340 338 336 334 330 323 326 324 319 314 314 316 315 313 308 309 307 299 306 306 305 304 301 300 301 300 299 297 295 293 291 290 289 288 288 287 287 285 281 278 278 282 286 287 289 291 294 297 299 302 301 302 304 308 312 316 316 315 317 317 318 320 319 321 321 316 316 315 315 315 315 314 313 313 313 312 310 308 306 305 305 305 307 308 307 307 307 306 307 306 305 303 302 301 296 294 292 288 287 289 289 290 291 292 294 296 299 303 305 312 316 322 323 326 334 341 348 357 366 375 385 393 403 410 421 430 449 460 460 454 442 429 421 415 413 413 416 422 432 435 426 413 400 389 376 366 359 353 348 342 338 334 330 327 323 319 315 310 309 304 301 298 296 293 291 289 287 285 285 283 281 281 278 276 272 266 261 263 263 263 263 265 267 269 269 267 267 267 266 266 267 268 270 272 274 277 277 280 279 279 280 280 280 281 280 281 284 283 286 290 295 300 304 308 311 312 312 314 315 317 318 318 319 320 320 321 322 327 330 330 330 330 333 328 322 316 313 310 307 307 307 307 306 305 302 301 297 295 295 297 298 298 298 295 292 290 288 286 286 286
336 337 336 328 326 337 344 346 347 348 350 353 357 363 367 371 373 375 379 380 381 383 384 386 390 394 394 398 402 404 406 408 409 410 412 414 414 414 414 413 412 410 408 405 404 402 400 397 393 388 385 381 377 374 372 368 366 363 362 360 357 355 354 350 348 346 343 340 337 337 336 332 330 322 326 329 329 327 328 332 339 344 350 355 359 363 362 361 360 358 355 350 345 339 334 331 326 321 319 315 313 310 306 303 299 297 292 290 290 289 288 284 284 284 290 298 306 314 317 320 322 323 322 322 321 321 320 319 320 320 327 330 335 338 340 341 342 342 341 341 340 339 336 334 331 325 328 320 317 318 321 318 316 313 312 311 304 307 309 309 308 306 302 305 304 303 302 300 298 295 294 294 291 289 287 286 286 285 282 281 279 286 288 288 291 294 297 301 302 303 303 302 305 308 311 314 315 316 317 319 320 321 321 321 322 323 321 319 318 318 317 316 316 316 315 314 311 310 309 308 307 305 307 309 307 307 306 306 307 307 305 304 303 301 298 297 294 292 290 289 289 290 292 293 294 297 304 308 311 314 314 322 322 327 332 340 348 356 363 372 381 389 398 405 414 422 435 446 448 444 433 418 410 407 403 403 405 410 420 426 421 410 396 386 373 364 356 352 347 342 338 334 331 328 325 322 317 312 306 305 300 298 297 295 291 288 287 287 284 282 281 278 277 274 272 267 261 260 260 261 263 266 269 267 267 266 266 265 264 264 265 266 269 270 272 275 276 277 277 279 278 277 278 278 278 281 283 282 288 291 295 302 307 309 312 314 314 315 316 317 318 319 320 320 320 319 320 324 327 329 330 329 331 329 322 316 312 308 305 305 306 307 307 305 302 300 296 294 293 293 293 294 294 293 291 289 286 285 284 284
338 339 339 334 327 341 341 343 346 348 350 352 357 362 367 370 373 376 379 380 382 382 385 387 390 393 394 397 399 403 407 408 409 409 412 415 416 415 415 414 413 411 409 407 404 402 400 398 394 388 386 383 379 375 372 369 367 365 363 359 357 355 353 351 349 346 343 341 339 339 335 331 325 327 335 334 334 332 333 332 341 346 351 355 359 360 359 359 358 355 352 348 343 338 334 329 324 321 318 314 311 309 303 300 298 291 290 293 293 290 288 284 284 285 292 299 309 315 319 323 324 325 325 324 324 322 322 321 322 323 324 330 334 337 339 340 341 341 341 341 340 339 337 336 331 329 330 322 323 323 323 321 319 316 315 313 305 309 310 311 310 306 308 308 307 307 305 303 300 299 297 296 293 291 290 289 289 287 283 283 279 285 288 290 294 297 299 301 302 306 305 305 305 308 311 313 314 315 317 321 322 324 324 325 325 326 325 324 322 321 320 319 318 317 317 316 315 314 313 311 310 308 306 307 307 306 307 307 307 306 305 305 303 302 300 299 296 293 292 291 290 291 292 294 296 300 308 314 318 320 321 320 323 327 334 340 346 354 361 369 377 385 395 402 408 417 426 434 438 433 424 410 399 397 394 395 398 399 406 414 414 406 394 381 369 361 354 349 345 342 339 335 331 328 325 320 319 313 308 304 300 297 295 293 293 291 290 289 286 283 281 280 277 275 272 268 264 263 260 260 262 266 267 266 266 265 265 263 263 263 264 265 267 269 270 273 275 276 276 277 276 276 276 276 276 280 279 283 288 290 295 303 308 312 314 315 317 318 319 320 321 321 321 321 318 317 318 321 325 327 328 328 328 326 320 316 311 308 304 303 305 307 306 303 301 299 294 292 291 291 290 290 290 290 288 287 285 283 282 282
340 340 341 339 329 330 332 337 343 346 348 351 355 361 366 369 372 374 379 380 381 383 385 388 390 393 394 395 398 400 404 406 408 410 413 416 416 416 415 414 413 412 410 407 405 402 400 398 394 389 387 385 380 377 374 372 368 365 362 360 358 356 354 352 349 347 344 341 341 339 332 328 330 333 336 336 334 335 337 333 342 346 351 355 356 357 358 357 354 352 349 345 340 337 332 328 324 321 316 312 310 307 297 296 295 294 295 295 294 291 289 285 285 288 294 300 311 317 320 324 326 327 327 327 327 325 325 324 324 325 325 329 334 336 339 340 340 341 341 341 340 339 339 336 332 333 330 329 327 326 326 323 320 319 316 310 311 314 314 314 310 313 313 311 310 309 307 305 304 303 301 299 298 296 294 293 291 287 286 287 281 285 290 292 296 299 301 303 305 306 306 306 307 307 310 312 314 316 318 320 323 327 329 331 330 330 330 329 327 325 323 322 321 319 319 317 316 316 315 315 313 311 309 307 308 307 307 307 307 306 305 305 304 302 301 300 298 295 293 292 291 291 293 295 296 302 312 318 322 323 322 321 326 328 333 338 345 353 358 364 373 382 392 400 404 412 421 428 430 427 419 406 391 387 384 385 389 391 394 403 404 399 389 378 364 358 351 347 345 342 339 335 332 329 326 320 316 313 309 304 301 298 295 293 290 288 289 291 289 285 282 281 278 275 272 269 267 266 262 260 261 263 265 264 265 264 263 262 262 262 262 263 265 267 268 271 274 274 274 275 275 274 274 274 275 277 280 284 289 292 296 303 309 314 317 319 321 322 323 324 324 324 325 323 319 316 314 316 322 325 326 326 324 323 320 315 310 308 304 303 303 306 306 302 300 297 293 290 289 288 288 288 287 286 286 285 283 282 281 281
342 342 342 341 337 331 330 335 338 344 346 349 353 359 366 368 370 372 376 378 380 382 385 387 389 392 394 394 396 400 401 404 407 411 414 414 414 414 414 414 413 412 409 407 405 403 401 399 396 392 387 384 381 379 376 373 370 365 362 358 357 356 353 352 349 346 343 339 336 333 333 331 336 338 338 337 335 338 337 336 343 347 351 353 355 356 355 354 351 349 347 343 339 336 330 327 325 317 308 303 302 300 298 298 299 296 296 295 294 292 290 286 285 288 295 300 312 318 322 325 327 329 329 329 328 328 327 326 327 327 327 328 334 338 339 340 340 342 342 341 341 341 341 338 332 334 331 333 330 327 326 323 320 319 314 313 315 316 316 315 317 317 316 315 313 312 310 309 307 306 304 302 302 300 298 295 292 287 289 287 281 285 291 294 298 302 304 307 308 308 309 309 308 307 310 311 313 316 319 321 323 328 331 332 332 334 334 333 332 330 328 326 324 322 320 320 320 319 317 316 315 314 312 309 309 308 308 307 308 307 307 305 304 303 301 300 299 296 294 294 292 291 293 296 301 307 316 322 325 326 326 327 327 331 335 339 344 351 356 362 368 379 388 395 400 407 415 422 425 424 415 401 389 381 378 376 378 383 388 391 394 391 385 374 361 355 350 346 344 341 337 334 332 328 325 321 316 311 308 306 302 298 295 293 290 288 286 286 287 286 283 282 280 278 276 272 269 266 261 259 258 260 263 263 263 262 262 261 260 260 260 261 263 265 267 270 272 272 273 273 273 273 272 273 275 276 280 284 290 293 296 307 312 317 321 324 327 328 329 330 330 330 329 326 321 316 313 313 319 322 324 324 322 320 319 314 308 305 302 302 302 303 303 301 298 295 291 289 288 287 286 286 285 285 285 283 281 279 279 278
344 344 343 343 342 341 336 331 333 341 343 347 353 358 365 368 369 370 373 375 379 381 383 386 389 391 393 394 396 399 402 405 407 408 411 411 412 412 413 413 411 410 409 407 405 403 401 399 397 395 390 385 380 376 373 370 368 365 361 357 354 352 350 347 345 343 342 343 341 336 332 337 340 341 340 339 338 339 340 341 340 348 351 352 354 354 353 352 349 346 344 341 337 334 329 326 322 311 307 309 307 305 302 301 300 297 296 296 293 292 290 286 286 290 296 302 310 318 322 325 328 330 330 331 331 330 329 328 329 329 328 329 333 335 338 339 341 342 343 342 342 342 341 338 336 336 334 333 333 329 327 324 322 318 313 318 318 318 319 321 321 321 320 318 316 315 313 311 310 309 307 306 305 304 300 298 291 290 288 287 282 284 292 296 300 304 306 309 311 311 311 310 309 309 311 312 314 315 318 321 324 328 332 334 336 337 337 337 336 334 333 330 328 325 324 324 323 323 322 318 316 314 312 311 309 308 309 308 308 308 308 306 305 304 303 301 299 298 296 296 294 292 293 299 304 311 319 325 327 329 330 330 329 331 335 339 344 349 357 363 367 373 380 387 394 401 411 419 421 422 415 396 386 379 374 372 373 375 379 384 386 384 379 371 358 352 349 345 343 341 337 333 332 329 326 320 315 311 307 304 299 300 296 293 291 287 286 285 285 283 283 281 279 277 274 271 267 265 261 259 256 257 261 262 263 261 261 260 259 260 259 260 262 264 266 269 270 270 271 272 271 271 271 271 274 277 281 285 292 294 302 307 313 319 325 328 332 334 335 336 335 334 333 329 322 316 311 311 315 319 321 321 320 318 316 312 307 303 301 300 300 302 300 299 297 293 289 287 286 285 284 285 283 283 283 281 279 278 276 276
346 346 346 345 343 341 339 334 332 335 339 344 347 357 363 368 369 369 371 373 376 379 382 385 388 390 391 393 396 400 403 404 406 407 408 408 409 409 410 410 409 408 407 405 403 401 399 397 397 394 390 384 384 380 376 373 370 367 364 361 359 356 353 351 346 348 349 345 335 333 338 342 343 342 342 340 341 341 342 344 342 349 350 352 353 353 352 351 348 345 342 338 336 332 328 324 321 307 314 312 309 306 304 302 301 298 297 296 293 291 290 286 287 293 296 300 308 318 321 325 327 330 332 332 332 331 331 331 330 330 329 331 334 336 338 339 341 342 343 343 343 343 342 341 339 337 335 335 335 333 328 325 323 319 315 322 321 320 323 324 325 324 323 321 319 317 315 314 312 310 309 309 308 306 303 298 292 294 290 283 283 285 289 297 302 306 309 312 314 314 314 313 312 312 312 312 315 318 321 322 323 328 334 336 337 338 340 341 340 338 337 335 333 329 329 328 328 328 327 323 319 317 316 314 311 309 310 309 309 310 309 307 306 305 304 303 301 300 298 297 295 293 298 303 308 314 320 325 329 332 332 332 331 332 335 340 344 348 354 359 365 372 378 385 391 398 408 416 419 419 414 399 385 380 375 371 369 369 372 376 379 378 373 365 355 351 346 344 342 340 336 332 329 328 325 319 316 311 308 303 301 297 295 293 290 288 287 285 284 283 282 280 277 274 271 269 267 264 259 259 256 254 260 261 260 261 260 259 259 258 259 259 261 263 265 267 268 269 270 270 271 269 269 270 274 277 281 286 292 295 300 307 315 321 328 333 337 340 341 342 342 339 335 331 323 315 310 310 312 317 319 319 319 316 313 310 307 302 300 299 298 299 297 296 294 292 288 286 285 285 284 283 282 281 281 279 278 277 276 275
348 348 347 346 343 342 339 337 333 337 342 347 353 356 355 362 367 368 369 372 374 378 382 385 387 389 391 393 397 401 404 405 407 408 409 409 409 410 409 406 405 404 406 404 402 400 398 396 395 392 389 388 385 381 378 375 372 369 365 362 360 358 355 351 349 351 350 345 338 342 339 344 344 344 342 342 342 344 344 344 346 349 350 351 352 351 350 349 346 343 340 337 332 327 321 316 313 309 317 313 309 306 304 301 301 299 297 296 293 292 288 287 287 294 296 301 308 316 321 325 327 329 332 333 333 333 333 332 331 331 330 334 336 337 338 340 341 342 344 344 343 343 343 342 342 340 337 336 335 333 329 327 324 319 321 322 322 324 326 326 326 327 326 323 321 320 319 317 314 311 312 311 309 307 302 296 298 295 289 282 286 289 292 295 302 307 311 314 316 317 316 315 314 314 314 315 316 319 322 324 327 330 332 336 339 341 343 344 343 342 340 339 337 333 335 335 334 334 332 328 324 321 318 315 312 311 310 309 310 310 309 307 307 305 303 302 302 300 299 297 295 297 302 306 311 316 321 326 330 333 334 333 333 334 336 341 344 347 352 357 364 370 375 381 388 394 403 411 415 416 411 396 386 381 375 370 365 364 364 366 370 371 366 361 353 348 345 341 339 340 335 331 329 326 323 319 315 309 306 305 303 300 297 293 290 288 288 286 285 283 282 281 279 275 271 269 267 262 260 256 255 253 257 259 259 259 258 258 258 257 257 258 260 262 264 266 267 268 269 269 269 269 268 269 271 276 282 288 295 299 302 308 314 323 330 336 342 344 345 347 345 341 336 331 322 314 311 309 309 314 317 318 318 316 313 311 308 302 299 298 296 297 296 294 291 289 286 285 284 284 283 282 282 281 279 279 276 275 274 273
350 350 349 347 344 342 341 339 335 335 342 347 353 358 361 363 365 367 370 371 374 378 381 384 386 389 392 395 397 402 406 407 408 409 411 409 410 410 408 408 407 405 403 402 400 400 399 397 395 393 390 388 386 382 379 376 373 369 366 363 361 358 355 345 345 342 340 338 339 345 342 346 346 345 344 345 345 344 345 346 348 349 351 351 351 349 347 345 344 342 339 336 334 329 322 316 318 314 311 311 310 307 304 302 301 299 298 298 293 289 288 288 288 295 297 302 307 316 320 323 327 329 330 332 334 334 334 333 332 332 332 335 337 338 340 340 340 342 344 344 344 344 344 344 345 343 341 338 335 333 331 329 325 321 325 324 324 324 328 329 328 328 327 324 323 322 321 319 316 313 313 312 311 308 298 301 297 293 286 284 291 293 296 298 296 306 312 316 318 319 319 318 318 317 316 316 318 319 322 325 329 332 335 337 340 343 344 346 345 344 343 342 340 339 341 342 340 339 338 333 329 324 322 318 314 312 312 311 310 309 307 307 305 305 304 303 303 302 300 299 296 298 304 309 314 318 322 327 331 333 334 334 335 335 337 340 343 348 350 355 364 369 374 380 385 389 398 406 410 411 405 395 385 380 375 369 364 361 359 360 361 363 361 355 351 346 343 339 335 333 332 331 326 324 323 318 312 309 307 305 302 299 297 294 292 290 288 287 286 286 284 282 279 277 273 271 268 265 261 257 254 253 254 257 258 258 256 256 257 255 256 257 258 261 263 264 265 267 267 268 268 268 267 269 272 276 284 292 299 302 305 309 317 324 330 337 342 346 349 351 348 341 336 330 320 312 308 307 305 310 315 318 319 318 314 311 308 303 298 296 295 294 293 292 289 287 285 282 282 282 282 281 280 279 280 278 276 274 274 272
352 353 350 347 345 343 341 339 334 336 342 347 353 359 359 364 365 368 370 372 375 379 382 385 387 389 393 397 399 403 407 409 411 412 414 412 411 411 410 410 411 409 407 406 402 400 398 396 393 392 391 388 386 383 380 377 373 370 367 363 359 351 350 351 352 351 348 345 341 345 348 349 347 347 347 346 346 347 348 347 348 349 350 351 350 349 347 345 343 341 338 335 331 326 320 323 321 316 311 314 310 308 305 302 300 299 298 299 292 291 290 289 288 293 298 302 307 311 319 323 326 329 331 333 334 335 335 334 334 333 334 337 338 339 340 341 341 343 344 345 345 346 345 346 346 346 343 340 336 333 334 332 327 326 327 328 327 327 328 331 330 329 327 326 324 323 321 319 317 314 313 312 310 307 305 303 298 291 285 287 295 298 300 302 302 301 310 315 318 322 321 321 320 320 319 319 321 322 324 328 330 334 338 339 340 342 343 344 344 345 344 344 341 344 345 345 345 343 343 339 334 330 328 324 318 313 313 312 311 310 309 308 307 306 305 304 303 302 302 301 297 302 305 310 315 319 323 327 329 332 333 335 335 336 337 338 342 347 350 354 361 369 373 378 382 386 393 401 405 405 397 391 384 379 374 369 365 362 358 356 356 358 354 352 347 343 341 337 335 331 329 328 328 323 320 314 311 308 306 304 301 298 296 294 293 290 288 287 285 284 283 282 280 278 276 273 270 266 262 258 255 253 253 252 255 255 255 255 254 254 255 256 257 260 262 263 264 266 266 266 267 266 266 268 270 277 285 293 300 305 307 310 316 322 330 337 341 345 349 352 347 340 333 327 318 311 305 303 304 309 312 317 318 317 315 312 308 303 297 294 293 293 291 289 286 284 283 281 280 279 280 280 279 278 277 276 276 275 273 271
354 354 352 348 346 344 342 339 335 336 342 347 352 357 359 363 366 368 370 373 376 381 383 385 386 390 395 398 401 404 407 410 413 415 417 415 414 414 413 412 411 410 408 406 403 399 396 395 392 390 390 386 381 377 373 364 363 362 360 357 357 356 358 358 356 353 350 348 347 350 351 350 349 349 348 348 348 348 348 347 348 350 349 350 349 348 347 344 342 340 338 335 330 324 325 323 322 318 313 315 312 308 307 305 301 299 297 294 293 294 291 289 289 290 297 301 306 311 316 321 324 327 331 332 334 335 335 336 335 335 335 336 337 338 340 340 341 343 345 346 347 347 347 347 347 348 346 342 339 337 335 333 329 330 329 329 331 330 330 331 331 330 328 327 326 323 321 318 317 314 312 310 308 308 306 303 297 290 285 292 299 301 304 306 307 305 308 315 319 322 323 323 323 322 321 322 322 323 326 330 333 337 340 343 344 345 345 346 345 345 345 344 343 344 346 347 348 347 345 342 339 338 336 332 327 320 317 314 313 312 311 309 308 306 306 305 304 305 303 301 298 305 307 311 315 320 324 327 329 331 334 335 335 336 337 339 342 346 347 351 359 366 370 375 380 384 389 396 399 397 392 387 384 379 374 370 368 364 360 356 353 351 350 347 342 338 337 335 334 330 326 325 324 322 318 314 312 308 305 303 301 299 296 295 293 291 290 288 287 286 283 282 280 279 275 272 270 268 264 261 258 254 253 251 251 252 254 254 254 253 254 255 257 258 259 260 262 264 265 265 265 265 266 266 268 276 285 294 306 311 310 312 317 324 330 336 340 345 348 347 344 337 330 324 315 310 304 302 302 306 310 315 317 316 315 312 309 302 297 293 292 291 289 287 285 283 281 280 278 278 278 278 279 279 277 275 273 273 271 271
355 354 353 349 347 344 341 338 336 337 340 345 351 356 360 363 367 369 371 374 378 380 384 387 388 391 396 399 402 405 409 413 415 417 419 418 417 417 415 414 412 410 408 405 402 399 395 393 390 390 388 382 372 374 371 374 376 375 372 368 366 363 362 360 357 354 352 353 352 352 351 353 352 351 350 349 349 350 348 348 348 349 349 349 348 346 345 343 341 339 337 333 328 326 326 324 322 317 314 315 314 309 307 304 303 302 295 294 296 294 294 290 290 290 297 300 305 311 316 320 324 327 330 331 333 335 336 336 336 336 338 338 338 339 340 341 342 345 345 347 348 348 349 348 348 350 348 346 343 340 338 334 332 333 333 333 333 332 333 333 333 332 331 329 326 323 321 319 317 314 311 311 311 310 307 301 294 288 285 295 301 305 308 309 309 308 306 311 317 321 324 324 326 325 323 324 325 326 328 331 337 340 343 345 347 347 348 348 347 346 346 346 345 345 345 346 347 347 345 343 343 343 342 339 334 329 325 320 316 315 312 311 310 308 307 308 307 304 305 304 301 302 307 312 316 320 323 328 330 331 333 335 335 336 339 340 342 344 347 350 355 362 368 373 376 381 387 392 393 392 388 385 384 380 374 372 370 368 366 359 353 346 345 343 339 335 333 332 330 329 327 322 321 318 318 314 310 307 304 304 301 298 296 294 292 291 288 287 286 286 285 283 281 280 276 273 271 268 267 263 258 254 254 252 251 250 252 253 253 253 253 253 255 255 257 259 261 262 263 264 262 265 265 264 268 276 284 294 307 313 313 314 318 323 329 334 339 343 345 344 340 332 326 320 312 306 303 301 300 304 307 311 314 315 314 312 307 302 297 294 291 290 289 285 283 283 281 279 277 276 276 276 276 276 276 274 273 272 271 270
356 355 354 350 348 345 342 338 337 337 341 347 351 355 361 364 367 369 373 375 379 382 385 388 391 392 396 400 403 406 411 415 417 419 420 420 419 418 417 415 413 410 408 405 402 398 395 392 388 384 380 377 382 378 380 384 381 379 376 373 369 365 364 361 357 356 356 355 355 354 354 354 353 351 351 350 350 351 348 348 349 349 349 348 347 345 343 341 340 337 335 332 329 327 326 322 318 315 316 315 314 312 308 306 301 299 296 296 297 296 295 291 290 290 297 301 304 309 315 319 323 326 329 331 333 335 336 337 338 338 339 340 339 340 341 342 344 346 347 349 349 350 350 351 349 350 350 349 347 344 340 336 337 337 337 337 336 336 337 336 334 332 331 329 326 323 320 317 316 316 315 314 313 311 307 301 294 285 285 297 305 308 311 313 312 311 310 311 315 319 322 324 326 326 326 326 327 329 332 335 341 345 348 349 351 350 350 351 351 349 349 349 347 346 347 347 348 347 346 345 344 344 344 343 339 337 334 329 322 317 314 313 313 311 310 308 307 308 308 308 305 307 302 312 314 319 325 328 328 331 332 334 335 337 340 339 342 344 345 348 352 357 363 368 372 378 384 387 387 386 384 381 381 380 373 372 372 371 369 362 353 344 342 339 335 331 329 329 327 325 323 322 319 316 314 312 310 304 302 301 301 299 298 294 292 291 289 288 285 285 283 282 281 279 279 273 271 269 266 262 259 257 254 252 251 250 252 253 252 252 251 251 252 254 255 258 259 261 262 262 263 265 263 263 269 273 282 291 305 310 313 315 317 321 326 332 337 339 340 339 334 329 321 317 312 305 300 300 299 301 304 307 311 314 313 310 307 302 296 293 291 290 289 285 282 280 279 278 276 276 275 275 274 274 274 273 272 271 270 270
357 356 354 350 347 345 342 340 338 337 341 346 352 357 362 364 366 370 374 377 380 384 386 388 391 394 396 399 403 407 412 416 419 422 423 423 421 420 417 415 413 411 408 403 401 399 396 393 389 388 386 386 383 383 386 386 385 382 379 375 373 370 367 364 361 360 359 358 358 357 356 355 354 353 352 352 351 352 351 348 348 348 348 346 346 344 342 340 338 335 333 331 330 328 325 319 318 318 317 316 315 313 313 307 303 298 297 302 299 296 299 294 291 292 295 300 304 308 312 317 320 324 328 331 333 335 337 339 340 339 340 341 341 342 343 342 345 347 350 350 350 351 351 350 351 352 352 351 349 347 342 341 340 339 339 339 340 340 339 338 336 334 331 329 326 323 321 318 319 318 317 316 315 312 308 302 292 284 284 298 307 312 315 317 317 315 314 314 316 318 321 324 327 329 329 330 331 332 336 340 345 349 354 356 357 356 355 354 353 352 352 352 352 351 351 350 350 350 349 347 346 345 345 344 343 341 339 335 329 324 319 316 316 317 314 314 313 312 312 311 310 314 311 311 308 317 323 324 329 329 330 333 336 338 339 340 341 343 346 347 349 353 357 363 367 375 381 382 382 381 379 377 377 374 372 372 372 372 369 362 354 345 340 335 331 329 327 326 324 321 319 318 317 314 311 311 310 307 302 300 298 298 296 295 294 293 290 288 286 284 283 282 280 278 276 275 271 268 266 263 260 257 254 252 251 249 250 251 251 250 250 250 252 254 253 255 257 259 260 260 262 262 261 264 263 270 279 287 300 307 310 313 314 317 322 327 330 333 334 333 329 323 317 313 310 305 299 297 297 300 302 303 306 309 308 306 303 299 296 293 290 289 287 284 281 278 277 275 275 275 274 274 273 273 272 271 270 270 269 269
358 356 353 349 347 346 344 341 337 338 343 346 352 357 362 364 366 370 375 379 381 383 386 390 392 395 397 399 404 408 413 417 421 423 425 424 422 419 418 415 413 409 406 405 404 401 398 393 390 391 389 387 387 388 389 389 388 385 381 377 374 371 368 366 366 363 363 360 360 359 358 357 355 354 353 352 351 352 352 348 348 348 346 345 344 343 341 339 337 335 333 331 329 326 321 321 322 320 318 317 316 315 312 307 301 299 303 304 301 297 297 297 293 292 293 298 303 306 310 314 319 323 327 330 332 335 337 339 340 341 341 342 343 343 344 344 346 348 350 351 352 352 353 353 354 353 353 352 350 349 346 344 343 342 341 342 342 343 340 338 337 335 332 329 326 324 322 320 321 321 319 318 317 313 309 301 292 285 284 295 307 315 318 319 321 319 316 315 315 316 319 323 327 329 331 333 334 336 339 345 350 356 361 362 362 361 359 358 359 359 357 356 359 361 361 358 358 358 354 353 351 347 346 345 344 343 341 338 334 329 326 320 320 321 320 319 318 317 316 314 312 313 316 319 315 314 321 325 329 329 330 333 335 337 338 340 342 345 347 348 349 351 354 357 362 368 376 377 377 376 373 371 371 370 371 372 372 371 368 361 352 345 341 336 330 327 325 323 321 318 316 316 313 311 309 305 305 305 305 300 298 297 296 293 291 290 288 287 286 285 283 282 281 279 277 274 274 270 266 264 261 258 256 254 251 249 249 249 249 248 248 249 251 251 252 254 256 256 258 261 261 260 261 262 261 267 274 283 292 301 305 307 309 311 316 319 324 326 326 325 323 318 313 310 306 302 298 296 295 297 299 300 302 304 304 303 301 296 292 291 289 288 286 284 281 278 275 273 272 272 272 273 271 271 271 271 270 269 269 269
357 355 352 350 349 348 346 341 339 340 344 347 352 357 361 363 367 371 375 379 381 384 388 390 393 396 398 400 405 411 415 418 421 423 425 423 421 418 416 414 413 412 410 408 405 403 398 397 396 393 390 390 392 392 392 391 390 388 384 380 377 375 371 368 366 366 364 363 361 360 360 358 357 355 354 353 352 352 352 349 348 347 345 344 343 342 340 339 337 335 333 330 326 322 323 324 323 321 319 317 316 314 312 309 301 302 307 307 303 301 301 299 294 292 294 300 304 306 310 314 318 322 326 329 332 336 338 340 341 341 342 343 344 344 345 345 347 348 350 352 352 353 353 354 355 355 354 353 352 350 351 349 346 345 344 344 344 344 343 340 338 336 333 330 328 326 324 322 321 322 321 320 318 315 311 302 294 285 284 292 306 316 320 321 325 324 320 318 318 316 319 323 327 329 332 334 336 338 343 349 355 360 365 368 368 367 365 363 365 366 364 362 368 370 369 368 367 365 361 359 358 355 351 347 345 343 341 340 338 334 331 323 327 326 325 324 322 320 317 318 318 319 318 318 320 316 318 328 326 327 329 332 334 337 338 339 342 344 347 348 350 351 353 355 357 362 368 370 371 370 368 367 366 366 368 369 370 368 364 358 350 346 341 335 329 325 321 320 317 316 313 312 310 309 308 306 302 302 303 301 298 297 296 293 291 289 289 288 287 286 284 283 281 279 277 275 273 274 269 264 261 259 257 255 253 251 248 250 249 247 247 246 248 249 250 252 252 256 259 259 259 259 260 258 258 263 270 277 286 294 299 300 302 305 308 312 316 318 319 319 317 314 309 307 305 302 298 296 294 295 295 296 296 297 299 298 297 294 291 289 288 287 285 281 280 276 274 273 271 271 271 271 271 271 270 270 269 268 269 269
357 355 354 352 351 349 347 344 340 339 344 348 353 357 361 364 367 372 376 379 381 385 388 391 394 397 401 403 407 412 416 419 422 424 426 424 421 420 419 416 416 415 413 411 408 406 405 402 401 397 394 396 396 395 395 394 392 390 387 384 381 377 374 373 371 369 369 366 364 363 361 359 357 356 355 354 353 352 351 349 347 345 344 344 341 341 340 338 337 335 332 327 324 327 326 325 324 322 319 317 315 315 305 303 301 309 311 309 305 303 303 302 298 293 295 296 302 305 308 314 318 322 325 330 333 336 338 339 341 342 343 344 345 346 346 346 348 348 352 354 354 355 354 356 357 357 356 355 354 353 352 352 350 349 347 346 346 345 344 342 339 337 335 331 328 327 325 322 324 324 324 321 319 317 311 304 295 286 284 288 305 317 320 323 327 328 325 323 321 318 318 323 326 330 333 336 339 342 347 352 358 364 368 373 373 371 371 370 372 372 370 369 374 375 375 374 373 370 368 367 365 361 357 353 348 346 344 342 341 337 332 331 330 329 329 324 323 324 324 324 323 321 319 322 320 320 321 324 325 327 330 332 334 336 337 338 342 343 346 348 349 350 351 353 354 355 360 364 365 364 363 364 363 363 366 366 366 364 361 355 351 348 342 334 328 324 320 318 314 312 310 308 307 305 305 305 303 299 299 301 299 296 295 293 291 290 289 289 287 286 285 283 281 279 278 277 274 271 269 267 263 261 258 257 255 252 248 249 248 246 247 246 246 247 248 249 253 255 256 258 258 259 258 257 256 258 263 271 279 288 291 293 295 297 301 305 309 312 313 313 311 308 306 305 303 302 299 296 295 293 292 293 293 292 295 295 293 291 288 286 286 286 284 282 278 274 273 270 270 270 270 269 270 270 269 269 268 268 268 269
357 356 355 355 352 350 347 345 342 340 344 349 353 358 361 364 368 372 376 379 380 383 387 391 395 399 401 405 409 412 417 420 422 425 425 424 423 422 421 420 419 418 416 414 414 411 408 406 403 402 398 400 400 399 397 397 395 393 391 387 384 381 378 376 373 372 369 368 365 364 361 359 358 356 355 354 352 351 350 348 346 344 342 341 342 340 339 337 335 332 326 326 328 329 328 326 324 321 312 308 307 306 306 310 312 314 313 312 308 307 305 304 301 294 295 297 302 305 309 313 315 320 326 330 333 336 338 341 342 343 344 345 346 347 348 349 350 351 353 354 355 356 356 357 358 359 358 357 356 355 354 353 354 353 351 349 347 346 345 343 341 338 335 332 328 326 325 324 326 326 326 324 321 318 311 304 296 288 285 288 301 316 321 325 326 330 329 328 324 321 319 321 327 331 334 337 340 344 349 354 360 365 371 376 378 377 376 376 378 379 377 378 380 381 380 378 379 375 372 371 370 368 364 358 354 349 347 345 343 339 334 336 335 333 331 328 329 329 329 328 327 326 324 322 323 328 326 325 325 326 328 331 333 335 335 337 341 342 346 347 348 349 350 351 352 352 355 358 358 360 359 360 361 360 362 362 362 360 356 353 351 347 341 332 326 322 318 315 311 308 308 305 303 303 302 301 301 299 298 297 300 296 295 292 291 289 288 288 287 285 284 283 281 280 278 276 274 271 269 268 266 263 260 259 256 253 250 247 249 247 244 243 244 244 248 250 252 253 255 257 257 258 255 255 255 256 259 265 274 279 284 285 289 292 295 299 303 306 308 308 308 304 304 302 301 302 300 297 295 294 290 290 289 284 290 292 290 288 286 285 284 284 283 280 277 273 271 269 268 268 268 268 269 269 268 267 266 267 268 269
359 358 355 354 353 351 349 346 343 342 346 351 354 358 361 365 368 372 376 377 381 384 388 392 395 399 402 406 409 412 416 419 423 425 427 425 424 423 423 422 421 421 418 418 416 414 411 410 407 406 403 405 404 402 400 400 399 397 394 391 388 384 381 377 376 373 370 368 366 363 362 361 359 357 355 353 352 350 349 348 346 344 342 341 340 337 333 331 331 330 330 330 330 330 328 316 313 311 311 313 317 318 312 317 317 316 315 312 310 310 309 307 303 295 295 297 303 306 309 314 318 320 325 329 333 336 339 341 343 344 345 346 347 348 349 350 351 352 351 354 355 356 357 359 360 360 360 358 357 356 356 355 355 355 355 353 349 348 346 344 342 339 335 332 329 327 326 327 326 327 327 327 324 319 312 306 297 290 286 286 299 314 321 323 327 329 330 332 328 324 322 321 328 332 335 337 340 344 350 356 361 367 374 379 382 382 381 383 385 386 386 389 385 388 386 384 385 381 378 375 374 373 369 364 358 353 350 347 343 340 336 338 337 335 333 332 331 332 332 331 330 328 324 323 325 328 328 327 327 326 328 330 332 333 334 337 340 342 346 346 346 348 348 349 349 350 351 353 354 355 355 356 356 357 358 358 357 354 352 349 349 344 337 328 323 320 316 312 309 306 303 304 301 300 300 298 298 298 297 295 294 295 293 292 290 289 288 287 286 285 285 283 282 280 279 276 274 272 270 267 264 263 262 261 259 255 252 250 246 245 243 242 240 244 245 247 249 251 254 256 258 255 254 253 253 255 257 263 267 272 277 279 285 288 290 294 297 300 303 302 302 301 300 300 301 302 301 298 295 293 291 289 286 282 285 286 287 285 284 283 281 282 281 279 277 273 270 270 268 267 267 267 267 267 266 266 267 267 267 269
360 359 357 355 354 351 350 346 344 344 347 352 356 359 361 365 369 373 374 377 381 384 388 391 395 399 402 404 408 411 415 420 422 424 426 427 426 425 424 424 423 423 422 420 418 416 415 413 411 411 410 411 409 407 406 404 402 400 397 394 388 385 382 379 377 374 371 369 366 363 361 360 357 356 354 353 352 350 349 347 346 345 342 336 334 336 336 335 334 332 325 318 321 322 314 316 316 317 317 322 322 321 321 320 320 319 317 313 310 307 308 306 303 295 297 298 306 309 312 314 318 321 325 329 332 336 339 341 344 345 347 348 348 349 350 351 352 353 354 355 355 357 358 360 361 362 361 360 360 358 357 358 357 357 355 354 352 350 347 345 343 341 337 333 331 328 328 328 328 328 327 328 326 320 313 305 299 292 286 286 296 310 319 322 325 328 331 334 332 327 324 323 329 332 335 339 342 345 348 356 362 368 375 382 386 388 389 390 392 394 395 399 399 396 393 393 391 388 383 379 377 376 373 369 363 357 352 348 344 342 339 340 338 335 333 332 332 332 334 333 330 328 325 326 326 328 330 330 328 327 328 329 330 332 335 336 338 341 344 345 345 346 347 347 347 347 348 348 349 350 351 352 352 353 353 353 352 350 347 346 343 338 332 326 322 318 314 309 306 303 301 299 298 299 298 296 295 295 297 293 291 292 291 290 289 288 288 287 287 285 284 283 282 281 280 279 276 274 271 267 266 263 262 259 258 257 253 251 249 248 246 243 240 240 242 245 247 250 252 255 255 253 252 251 252 253 256 259 262 266 272 275 280 283 286 290 293 295 298 299 298 298 297 299 302 304 303 299 295 293 290 288 288 286 278 283 282 282 278 281 280 280 280 279 275 272 269 269 267 267 267 267 265 265 266 267 267 268 268 268
360 359 357 356 354 350 348 346 345 346 348 353 356 360 363 366 369 371 373 376 379 384 386 390 394 398 401 403 405 409 413 418 420 422 424 426 425 424 424 425 423 422 423 421 420 418 417 416 415 414 415 415 415 414 411 409 406 402 399 396 391 387 383 380 377 373 372 369 366 363 360 358 358 356 354 353 351 350 348 347 344 341 338 339 339 338 336 334 332 325 321 322 319 318 321 323 324 325 325 326 325 324 323 323 322 321 318 315 312 311 308 306 305 298 298 299 304 309 312 314 318 321 324 328 332 336 339 342 343 346 347 348 349 350 351 352 353 354 356 356 357 358 358 360 362 362 363 361 361 360 359 358 359 358 357 355 353 351 349 346 344 340 338 335 332 329 329 328 329 328 327 327 326 319 311 305 300 294 288 287 292 306 315 321 324 328 331 336 335 330 326 325 327 332 335 339 344 347 351 357 363 369 376 384 393 395 395 399 402 403 404 405 405 404 400 402 399 396 390 383 380 378 374 371 366 360 354 350 347 344 342 340 338 337 335 334 334 333 333 332 330 327 326 326 327 330 332 332 330 329 329 328 330 333 336 335 337 340 343 343 344 343 345 345 345 345 345 345 346 347 348 348 348 348 348 347 347 345 343 342 339 335 329 323 319 315 310 305 303 301 299 297 297 296 296 295 294 293 293 293 290 289 288 290 288 288 287 287 287 286 285 283 283 281 279 278 276 274 271 270 267 264 262 261 259 257 255 253 250 249 246 243 239 239 240 242 246 248 251 252 251 251 250 249 252 253 253 256 259 262 266 271 276 278 283 285 289 292 293 295 294 295 295 297 302 306 304 300 296 293 290 288 285 284 281 276 278 277 278 276 276 277 277 277 273 271 269 267 265 265 266 266 264 267 267 267 267 267 267 267
359 358 357 354 351 349 346 346 344 346 348 353 358 362 364 368 370 372 374 377 381 385 388 391 392 396 399 400 403 406 410 417 419 421 423 424 424 424 423 424 424 424 423 423 421 421 419 419 419 420 419 420 420 420 417 412 408 405 401 397 393 389 385 381 378 375 371 369 367 364 360 359 358 356 353 352 351 349 346 342 341 341 341 341 338 336 335 331 324 322 326 327 328 329 329 329 329 328 328 328 327 325 326 325 324 322 319 316 316 314 311 311 305 298 299 301 303 307 309 315 318 321 325 329 332 336 339 342 344 346 348 349 350 351 352 353 355 356 357 357 358 359 360 361 362 363 363 363 363 362 362 361 360 359 358 356 354 352 351 348 345 341 338 335 333 331 330 329 329 328 327 326 323 319 313 308 300 297 288 287 290 303 311 317 322 325 331 336 337 333 329 327 330 333 337 341 344 346 351 358 364 370 377 386 394 402 405 408 410 410 410 411 411 410 408 408 408 403 397 389 383 379 375 371 366 361 356 352 348 345 343 341 340 338 337 335 334 333 333 330 328 328 327 327 328 331 334 334 333 331 329 330 330 334 335 335 337 339 340 342 343 342 342 343 343 342 341 342 343 343 344 344 344 344 343 342 342 340 338 338 336 331 325 320 315 310 306 302 299 298 296 295 293 293 293 292 292 293 292 290 290 287 286 287 287 288 287 287 287 285 284 283 283 281 280 278 276 275 273 271 267 264 263 262 260 258 255 254 251 250 247 244 240 239 238 240 243 246 248 249 249 250 249 250 253 252 251 253 256 259 263 269 270 275 279 282 284 287 289 290 290 292 293 294 300 304 304 300 296 293 290 286 284 283 282 277 274 274 276 275 274 276 275 274 272 269 267 265 264 264 264 265 264 267 267 266 268 267 267 266
358 357 355 351 348 347 345 343 345 343 349 354 358 363 365 367 370 372 374 377 381 384 387 389 390 394 396 398 402 405 410 414 418 420 422 422 424 424 425 427 426 427 427 425 424 423 422 422 422 423 424 426 425 422 418 414 410 405 402 397 394 389 386 382 379 374 372 371 369 362 361 359 357 354 353 351 349 346 344 345 344 343 343 340 337 330 327 325 327 329 330 332 333 333 332 332 331 331 331 330 328 328 327 327 326 322 321 319 318 316 312 309 304 301 300 300 304 307 309 316 318 321 325 329 332 336 340 343 344 347 348 350 351 352 354 354 356 357 358 359 360 361 361 362 363 363 364 365 364 363 363 363 361 360 359 358 356 353 351 349 347 344 340 336 334 333 332 330 328 326 325 323 322 318 313 306 298 294 289 288 291 300 309 313 318 324 330 336 339 335 331 329 329 333 337 341 347 348 353 357 365 371 379 387 397 405 411 415 417 416 415 414 416 416 415 414 413 407 403 395 387 382 378 372 367 363 359 354 351 348 346 344 341 340 338 334 334 332 331 331 330 329 328 329 330 333 335 335 334 333 331 331 331 332 333 334 337 338 339 340 340 340 340 340 340 340 339 338 338 340 340 340 340 339 339 339 338 336 335 335 332 326 322 316 311 306 302 299 298 296 294 293 292 290 291 290 290 289 290 287 289 286 285 285 286 287 286 286 287 286 284 284 282 281 280 278 277 275 272 270 268 265 264 263 261 259 257 255 253 251 248 244 241 238 237 238 240 243 245 248 248 248 248 251 250 248 249 251 253 256 261 264 266 270 274 278 280 282 284 285 286 289 290 292 298 300 300 298 295 292 288 286 284 282 280 279 274 273 273 273 273 272 272 273 270 268 266 264 264 263 264 264 262 264 266 266 266 267 267 267
357 355 353 350 347 345 343 343 344 345 350 354 358 361 364 367 370 372 374 376 380 383 386 388 391 394 395 398 401 405 407 410 415 419 419 420 421 424 428 430 432 432 431 430 428 426 425 425 426 427 427 427 426 423 418 414 410 406 402 398 394 391 387 382 379 378 375 372 367 363 362 359 356 353 349 347 347 347 348 346 345 344 342 340 337 328 329 335 333 335 335 335 335 335 335 334 334 334 334 333 332 332 330 329 327 324 322 321 319 318 315 308 305 302 303 305 308 310 313 314 318 320 325 328 332 336 340 343 344 347 349 350 352 353 354 355 358 359 360 360 360 361 362 364 365 365 365 365 365 365 365 364 363 362 360 359 357 355 352 351 348 345 341 339 336 334 332 330 329 326 324 322 320 315 310 306 299 295 289 289 290 296 306 311 315 320 327 334 338 336 334 330 331 334 337 342 348 351 353 360 367 373 379 388 397 406 413 419 422 422 421 418 420 420 419 417 416 411 405 399 391 385 382 377 371 367 363 361 356 353 349 346 345 341 339 336 335 333 333 332 331 330 329 330 331 334 336 336 335 334 333 333 333 333 334 335 337 338 338 338 338 339 338 337 337 336 335 335 335 336 336 337 338 337 337 336 336 333 333 331 327 321 317 313 309 307 301 297 295 294 292 291 289 289 289 287 288 287 288 285 285 285 285 285 285 285 285 286 286 285 285 285 283 281 280 279 277 276 273 271 270 268 265 263 262 260 259 257 254 252 250 246 241 239 238 237 238 241 244 245 247 247 250 250 247 247 248 249 251 255 259 260 263 266 270 274 276 278 280 281 282 285 287 289 293 296 297 297 294 291 288 287 285 283 280 278 274 271 272 272 271 269 269 269 270 268 265 263 262 261 262 263 262 264 266 267 267 267 266 267
356 354 351 348 345 342 341 341 344 346 351 355 359 361 364 367 371 373 375 377 380 383 386 389 391 393 395 397 400 402 403 406 410 412 414 416 420 422 427 431 433 435 434 434 432 429 428 428 429 429 428 428 426 422 419 415 410 406 402 397 395 391 386 385 382 378 376 371 366 365 363 360 356 351 351 350 349 349 348 347 345 344 341 339 332 329 338 339 336 338 338 337 337 337 337 338 337 337 337 336 335 334 333 331 329 325 324 322 319 319 315 306 301 301 309 310 310 311 314 315 318 320 323 328 332 336 340 343 345 348 350 351 352 353 355 356 358 360 361 361 361 364 363 366 366 366 366 367 366 366 366 366 365 364 362 361 359 357 355 352 349 346 343 339 336 334 334 332 329 328 325 320 318 317 314 307 302 296 290 289 290 295 303 308 313 317 323 332 337 337 335 332 333 336 340 343 349 355 359 361 368 374 380 387 396 404 411 420 424 426 423 423 423 424 423 422 418 414 409 402 395 389 385 382 377 371 369 368 364 358 353 350 348 343 340 338 336 335 334 333 332 332 331 331 332 334 338 337 336 336 335 334 334 335 335 335 335 337 336 337 337 336 336 335 335 334 332 332 332 332 333 333 334 334 333 333 332 331 330 328 321 316 313 309 307 303 300 296 294 292 290 289 289 288 285 285 285 285 285 283 283 282 284 284 284 284 284 286 286 284 284 284 284 282 280 278 277 276 273 272 271 269 268 266 263 262 261 258 256 253 252 249 244 241 238 237 236 238 241 243 244 245 246 246 245 246 247 248 250 254 255 257 260 263 267 269 272 275 276 277 279 281 284 286 290 293 294 294 293 290 287 286 286 284 281 277 274 270 269 270 270 268 267 267 268 267 265 262 262 261 261 262 260 264 266 266 266 266 267 266
355 353 350 347 344 341 339 340 344 348 352 356 359 361 365 367 371 374 376 378 382 384 385 388 389 392 394 396 398 399 401 404 406 409 411 414 416 421 423 429 434 435 437 436 434 432 431 430 429 428 428 427 426 422 418 415 410 407 403 398 395 390 387 386 383 379 375 370 368 366 362 356 354 354 353 352 351 350 349 347 344 343 341 340 331 338 340 340 339 340 340 340 340 342 341 341 341 341 340 339 338 336 334 333 330 327 327 324 321 319 315 313 301 311 312 312 312 313 314 317 318 321 324 328 332 335 339 343 346 349 350 351 353 354 356 358 359 361 362 363 363 365 366 366 367 368 368 368 368 368 368 367 366 365 364 362 360 358 357 354 351 347 345 341 338 336 335 333 331 329 329 325 321 313 313 306 299 294 291 290 290 293 299 307 312 315 318 326 334 337 335 333 334 337 340 344 349 356 362 366 366 376 381 386 394 401 409 417 422 427 426 426 427 428 428 427 422 418 412 404 399 393 389 385 381 376 375 374 371 366 358 355 351 347 343 341 338 336 335 335 334 334 333 333 334 335 339 339 338 337 336 335 335 335 335 335 335 336 336 335 334 334 333 333 332 332 330 328 328 329 330 330 330 331 330 330 328 327 327 326 318 313 310 308 305 302 297 295 292 290 289 288 287 286 283 282 283 282 283 282 281 279 281 282 281 282 283 284 285 284 284 284 283 281 280 278 277 276 275 273 271 270 268 269 265 264 262 260 257 254 252 249 246 243 241 239 237 239 238 240 241 243 244 245 244 245 246 248 250 251 252 255 258 259 263 266 268 271 272 274 275 278 280 283 285 288 290 291 290 289 286 285 286 285 281 276 273 271 269 268 267 267 266 266 266 266 265 262 261 260 260 260 260 263 265 265 266 266 266 266
353 351 348 345 341 339 337 340 341 348 352 356 359 362 365 367 370 373 376 378 380 383 384 386 388 389 391 393 395 396 398 401 403 404 408 411 414 417 420 425 432 434 435 436 434 433 431 431 430 429 428 427 425 423 418 414 411 409 404 399 396 391 388 386 384 378 374 372 369 365 360 357 359 357 356 354 353 351 350 347 345 343 342 338 332 340 342 340 343 343 344 344 344 345 345 345 345 345 344 342 340 338 336 334 331 329 327 324 322 319 313 315 308 304 306 313 314 314 315 316 319 321 324 328 332 336 339 342 346 348 350 351 353 355 357 358 360 361 363 365 364 368 370 369 371 370 371 370 371 371 370 369 368 366 365 364 361 359 357 355 352 348 345 342 339 338 336 335 333 330 327 325 324 317 308 302 298 294 291 291 291 293 299 306 311 314 316 322 329 334 336 334 335 338 342 345 350 356 364 369 372 375 381 386 392 400 407 413 420 427 428 429 431 434 437 436 433 424 417 409 402 397 392 388 382 381 381 380 376 371 366 358 352 347 344 341 340 339 338 337 336 335 335 335 335 335 337 339 338 336 336 336 335 335 335 334 334 334 334 334 333 332 332 331 330 330 329 327 326 326 326 325 326 327 327 326 324 323 324 323 317 312 308 306 303 300 296 293 291 289 288 287 285 284 282 281 280 280 279 280 279 278 279 280 280 280 281 282 283 284 283 283 283 281 279 278 276 276 274 274 272 270 269 268 267 265 263 261 259 257 254 250 248 245 240 237 236 236 235 236 238 239 241 243 242 243 244 247 249 248 250 253 255 257 259 261 263 267 269 271 273 276 278 280 281 284 286 287 288 287 285 283 284 283 281 276 272 270 269 267 266 266 265 265 264 265 265 262 260 259 259 258 258 262 264 265 266 264 265 266
351 349 345 342 339 336 337 340 343 349 352 356 360 362 365 368 370 372 375 377 379 380 382 383 385 386 388 390 391 393 396 398 400 401 404 408 411 414 417 421 427 431 433 435 434 434 432 431 430 429 428 427 425 422 418 415 413 410 405 403 400 395 393 389 384 379 376 372 368 363 361 363 362 361 359 356 355 353 351 348 346 344 341 334 339 343 343 344 345 347 347 348 349 350 350 349 348 348 347 345 343 341 338 335 331 329 326 325 324 321 317 318 316 304 304 312 314 315 317 318 321 323 325 328 331 335 339 342 345 347 350 352 354 356 358 359 361 363 364 366 367 370 372 374 375 375 379 374 375 374 372 371 370 369 367 365 363 361 358 356 354 349 346 343 341 339 337 336 333 330 327 324 320 318 311 305 298 294 291 292 292 292 297 306 311 314 316 321 327 331 335 335 335 339 344 348 351 356 363 369 375 379 382 388 391 397 404 412 420 426 428 430 434 439 445 445 440 434 425 416 407 400 395 390 387 385 384 383 380 376 371 365 357 350 346 343 341 340 338 337 336 336 335 335 335 336 336 337 338 337 337 336 335 334 334 334 334 334 332 332 332 331 330 329 328 327 326 326 324 323 323 322 322 323 322 322 320 320 321 321 315 310 307 303 302 299 296 293 291 290 287 287 285 282 281 279 279 279 278 278 277 277 277 277 276 277 279 283 282 282 282 282 282 280 278 277 276 275 274 273 272 271 270 269 268 266 265 262 260 258 257 253 250 245 241 239 237 235 235 235 236 237 239 241 241 242 244 246 246 247 249 251 252 253 254 255 259 263 266 269 271 274 275 277 278 281 283 284 285 284 283 282 282 281 279 276 271 269 267 266 265 264 264 266 264 264 263 261 260 259 258 258 259 261 262 262 262 263 265 265
349 346 342 339 335 329 335 338 341 345 349 354 358 362 365 367 370 371 373 375 377 378 380 381 382 383 384 387 388 390 392 395 396 396 402 405 408 410 414 417 421 425 430 434 432 432 431 430 429 428 428 427 423 420 418 416 413 411 407 404 402 399 395 391 387 382 377 372 366 365 366 366 366 364 362 359 358 355 352 350 347 345 341 336 341 344 345 348 349 351 352 353 354 354 353 353 352 351 350 348 346 343 340 336 331 330 327 327 325 322 319 317 315 312 305 309 315 317 318 319 320 322 325 329 331 334 336 341 344 347 349 351 353 356 357 359 361 363 367 368 370 373 377 379 380 378 378 380 381 379 377 375 373 371 369 367 364 361 359 357 355 352 347 345 341 339 338 336 334 331 328 324 320 314 308 304 298 296 292 291 292 292 295 304 310 313 316 319 324 329 333 334 335 338 343 348 351 356 362 369 378 384 387 394 398 398 402 412 422 427 429 431 434 441 448 448 445 438 431 422 413 403 397 394 390 388 385 384 382 377 373 368 361 354 347 344 343 341 339 337 338 338 337 336 337 337 336 335 336 336 336 335 334 334 333 333 333 332 332 331 330 329 328 327 327 326 324 323 322 320 320 320 320 320 319 318 318 317 317 318 314 308 305 301 300 296 295 292 290 290 287 287 285 283 282 280 277 277 277 277 276 274 274 274 275 275 278 280 280 281 281 281 281 280 278 276 275 274 274 273 272 271 270 269 269 268 266 265 263 259 256 253 250 247 243 242 239 236 235 234 235 236 237 239 239 241 244 245 244 245 247 248 249 250 252 253 256 259 264 267 270 272 273 275 275 276 280 281 282 283 281 280 279 278 277 274 271 267 266 265 264 263 263 264 264 262 262 259 259 259 257 257 259 260 261 261 262 262 263 264
345 342 340 335 332 329 332 335 330 333 335 347 354 359 362 365 367 368 370 372 374 376 377 377 379 380 381 383 385 387 389 391 394 397 400 403 405 409 412 415 417 422 425 430 430 430 429 427 427 426 424 423 420 418 417 416 414 413 409 405 402 399 396 393 388 384 379 371 370 369 369 369 368 367 364 362 360 358 354 352 349 344 336 340 344 347 348 351 353 355 357 358 359 358 358 356 355 354 352 350 347 344 341 337 334 332 329 327 326 323 320 319 319 316 306 314 317 318 319 320 321 323 325 329 331 334 337 340 344 347 348 351 352 355 357 360 362 364 366 369 372 375 378 382 384 385 384 385 385 384 380 380 378 375 373 370 366 364 362 359 356 354 350 346 342 340 339 336 334 332 329 325 321 316 311 305 300 296 292 291 290 290 293 301 307 310 316 319 323 327 331 334 335 338 343 348 352 355 362 370 379 387 393 398 403 409 411 419 425 430 433 434 438 442 444 448 447 441 433 426 418 410 403 398 394 390 388 385 383 380 375 370 365 357 349 345 343 342 340 338 338 338 338 338 337 337 336 334 335 336 335 334 333 333 332 332 332 331 330 329 328 326 326 325 324 322 321 320 321 318 317 317 317 317 316 315 314 315 314 314 311 307 303 300 297 295 292 291 289 288 288 286 284 282 280 279 277 276 276 276 274 273 271 271 273 273 275 279 279 280 280 280 279 279 277 277 275 275 274 273 272 272 270 269 270 269 267 265 264 260 259 255 253 249 245 243 241 238 236 234 234 234 236 238 239 241 240 243 242 243 245 246 248 249 250 252 254 258 262 266 269 272 272 274 274 275 276 278 279 279 278 278 277 277 276 274 270 268 266 265 264 263 262 263 264 264 262 260 258 257 256 257 259 260 261 261 262 262 263 264
341 338 334 331 323 321 323 330 340 345 352 351 344 345 354 357 363 365 368 371 373 374 374 375 375 377 378 381 383 385 386 388 391 395 399 402 403 407 410 412 414 418 422 424 426 427 427 427 426 424 422 420 419 418 417 415 413 412 410 407 403 401 398 395 390 386 378 374 373 373 373 372 370 368 367 365 363 360 356 353 350 344 339 345 348 350 351 354 357 359 360 362 362 362 361 359 358 356 354 351 348 345 342 338 335 334 330 328 326 324 322 320 320 315 308 317 318 319 319 320 322 324 326 328 331 334 337 340 343 346 348 349 351 354 357 360 363 364 367 370 373 376 381 385 388 390 390 391 390 388 386 383 381 379 376 373 370 367 364 360 358 356 353 348 344 341 338 336 334 331 328 325 321 316 311 305 300 296 294 289 289 289 291 294 304 312 315 318 322 326 329 332 334 335 341 347 351 354 361 369 381 389 396 402 407 414 418 423 428 432 435 437 441 444 445 447 447 442 435 429 423 419 409 403 399 396 392 388 384 381 377 372 368 361 353 348 345 342 341 339 339 339 339 338 337 336 335 334 333 333 334 332 331 331 330 330 330 329 327 326 326 324 324 322 321 320 319 318 318 316 315 314 315 314 312 312 311 313 311 310 309 305 301 298 295 293 291 290 288 287 288 287 285 282 280 280 277 277 275 275 275 272 272 271 270 271 274 275 277 277 279 278 278 277 277 276 275 275 274 273 273 272 270 270 271 270 268 268 265 262 261 258 254 250 247 245 242 240 237 235 233 233 234 237 237 238 239 241 241 242 244 244 246 247 251 252 253 257 261 266 268 271 273 274 274 273 274 275 276 275 275 274 274 274 274 272 270 267 265 264 263 262 261 262 262 263 262 259 257 256 256 257 257 260 262 263 262 262 263 263
336 334 330 326 318 328 334 338 343 349 355 357 359 359 355 356 350 361 365 368 369 370 371 371 370 372 377 380 382 383 384 388 392 394 397 400 403 405 408 409 412 414 418 422 424 426 426 426 426 424 422 420 419 417 416 413 411 410 410 407 404 402 399 396 392 384 380 381 379 379 377 376 374 371 369 367 365 362 358 354 350 340 344 349 352 353 356 358 360 362 364 366 365 364 363 361 360 358 355 352 349 346 343 339 336 334 331 330 329 326 323 321 321 310 308 318 319 319 319 320 322 324 326 328 331 334 336 339 342 345 347 349 351 353 357 360 363 364 368 370 372 378 382 387 391 393 394 395 394 393 390 388 385 382 380 378 374 371 367 364 361 359 354 351 347 342 338 335 332 330 327 323 319 315 309 304 299 294 291 289 288 289 291 294 299 309 316 319 322 326 328 331 333 336 339 345 351 354 360 369 382 392 398 406 412 417 424 427 431 435 437 440 442 445 446 445 447 443 436 431 427 424 421 414 410 404 397 391 386 383 379 375 370 364 357 353 347 344 342 340 339 339 339 338 337 336 336 335 332 331 332 330 329 330 328 328 328 326 326 325 323 322 321 320 319 318 316 316 315 315 313 311 310 310 310 309 309 311 309 307 305 302 298 295 293 291 291 289 288 287 286 286 285 283 282 281 277 278 276 275 274 271 272 270 269 269 271 272 274 276 276 276 276 275 275 274 275 275 274 274 272 271 270 271 271 271 269 268 267 266 263 260 256 253 249 246 244 241 239 237 235 235 233 234 234 235 237 240 240 239 241 243 245 246 249 251 253 256 260 265 268 271 273 272 273 273 272 272 273 274 273 272 272 271 272 271 266 266 264 263 262 260 261 262 264 262 260 259 256 256 255 257 257 260 261 262 262 263 264 263
331 328 326 314 324 332 335 340 345 352 356 359 362 362 363 364 364 362 356 358 359 362 363 365 371 371 372 373 377 381 384 388 391 394 397 399 402 405 407 408 410 413 417 420 424 425 425 425 425 422 421 420 418 416 414 412 410 407 407 406 404 401 400 395 390 386 386 386 385 382 381 378 376 373 372 369 367 363 359 354 352 341 347 352 354 357 359 361 363 365 367 369 368 366 365 363 361 359 356 353 350 347 343 341 337 334 332 331 328 324 321 320 317 308 309 310 318 318 313 317 320 324 326 328 331 334 336 339 341 344 346 348 350 353 355 359 362 365 368 370 373 378 383 388 392 395 396 397 397 396 394 391 388 386 383 381 378 375 372 369 366 362 358 353 349 344 339 335 331 329 326 323 321 316 310 304 299 293 291 289 287 288 290 293 298 307 315 319 322 326 327 328 332 335 337 343 348 355 361 372 383 391 398 407 415 421 428 433 434 434 438 446 445 445 446 445 444 444 438 433 430 428 429 426 420 414 406 397 392 385 381 377 374 370 363 357 353 349 345 343 341 340 339 338 336 335 334 333 332 330 330 329 328 327 326 325 326 325 324 323 321 321 320 319 317 316 314 314 313 312 311 310 308 308 307 307 308 308 307 305 304 301 297 295 293 291 290 288 288 287 287 286 285 283 281 281 280 278 277 275 273 272 269 268 268 268 270 271 271 272 274 274 274 273 273 273 273 274 274 272 272 272 271 272 272 272 270 268 268 265 264 262 258 255 251 248 246 244 242 239 237 236 233 233 234 234 236 239 238 237 239 241 245 248 249 252 253 255 259 264 267 270 272 273 272 272 271 270 270 271 270 270 270 270 269 270 266 265 264 261 259 260 261 263 265 263 261 258 256 255 255 257 257 259 261 261 261 262 263 262
326 323 314 318 330 334 340 342 349 353 358 361 364 365 366 366 367 369 367 370 370 371 372 373 375 376 376 378 376 381 384 387 390 392 395 398 401 404 406 408 410 412 415 419 423 424 425 425 424 422 421 419 417 415 414 412 409 407 405 403 400 400 399 393 393 392 390 389 387 385 383 381 378 376 374 371 368 363 360 356 352 343 350 355 357 360 362 364 366 368 370 371 370 368 367 365 362 359 356 353 350 346 344 342 339 336 333 330 326 323 321 318 313 309 318 315 313 313 316 316 316 317 325 328 330 333 335 338 341 344 346 347 348 351 354 358 361 364 367 371 373 379 383 388 392 395 397 397 398 397 396 395 391 388 386 384 381 378 376 373 370 366 362 357 352 346 340 335 331 327 325 319 319 315 309 299 297 294 292 289 287 287 288 292 297 306 314 318 321 325 326 327 331 335 338 342 348 355 363 375 384 390 397 406 416 423 432 436 434 434 438 444 445 445 446 445 443 441 439 436 432 432 432 430 426 421 414 405 398 391 385 382 378 375 369 363 359 355 350 346 345 343 340 340 337 336 334 333 332 331 329 329 326 327 327 325 323 322 322 320 318 317 318 317 315 314 313 313 312 311 310 309 307 305 305 305 305 305 304 303 301 298 297 294 292 291 289 288 287 287 286 286 284 283 283 281 281 279 276 276 273 270 269 268 266 267 268 269 269 270 270 271 272 271 270 271 271 272 272 272 272 272 271 272 273 274 272 270 268 266 264 262 259 256 252 250 248 245 243 240 238 236 236 232 233 234 235 238 237 235 238 240 244 247 248 250 252 254 258 262 266 269 271 273 271 271 270 268 268 268 267 268 268 268 269 267 266 265 262 260 260 259 261 263 264 263 262 259 255 254 255 257 257 258 260 261 262 261 262 262
321 316 316 327 333 338 343 346 349 354 359 363 365 368 368 369 370 371 372 371 373 375 375 377 379 379 380 382 382 383 383 386 389 392 395 398 401 404 406 409 410 412 415 418 423 425 426 425 424 423 423 421 419 417 415 412 409 408 406 404 402 399 398 397 396 394 391 390 389 387 384 381 379 377 376 372 368 365 361 356 352 344 350 357 361 364 366 367 369 371 373 373 372 370 369 366 363 360 356 354 350 347 345 342 339 336 332 330 328 326 319 314 318 310 320 321 320 321 322 323 323 321 320 322 326 331 334 336 340 343 345 346 347 350 353 356 358 362 365 369 373 377 382 386 390 393 395 397 398 397 396 395 392 390 388 386 383 381 379 376 373 370 366 362 356 349 342 336 333 330 326 323 318 312 307 303 298 296 292 290 286 286 287 291 297 305 314 319 320 323 324 325 329 334 338 341 347 353 362 372 380 386 395 405 414 424 430 435 434 435 437 442 444 445 446 444 442 440 437 434 433 431 432 432 429 425 418 411 403 397 392 387 384 381 377 373 368 364 360 358 354 351 347 342 339 337 335 333 331 330 329 328 328 328 329 326 325 323 323 320 319 317 315 314 313 312 311 311 311 310 310 309 308 306 304 303 301 302 301 300 298 296 294 292 291 290 289 288 287 287 285 286 285 283 284 282 282 279 277 276 276 273 271 268 265 265 266 267 267 268 269 268 269 269 268 268 269 271 271 271 271 271 273 272 274 274 272 271 269 267 265 263 260 256 253 252 250 247 244 242 239 237 237 233 231 232 234 236 235 233 236 239 242 246 247 249 251 253 257 261 264 268 270 271 271 271 269 268 267 266 266 266 265 266 267 268 265 264 263 261 259 256 259 262 262 262 261 258 255 254 255 258 257 259 261 261 261 262 262 262
315 307 324 331 337 342 346 349 351 354 359 364 367 369 370 372 373 373 374 373 376 378 380 381 382 383 385 387 388 388 387 386 389 394 397 399 402 404 407 409 411 414 417 420 422 424 425 425 425 425 425 424 422 418 414 410 411 409 407 404 404 402 401 401 398 396 393 391 390 388 385 382 380 377 374 372 369 365 360 356 352 345 354 359 364 367 369 371 372 374 375 374 374 372 370 366 364 361 357 353 351 349 345 342 338 335 332 327 322 319 322 322 323 311 318 321 323 324 325 326 327 325 324 324 322 324 331 335 338 341 343 344 347 349 352 354 356 360 364 368 372 375 378 382 387 389 391 393 395 395 395 394 392 391 390 388 386 384 382 378 376 373 369 365 361 353 346 340 336 331 328 325 320 316 309 304 299 296 293 290 285 285 287 288 295 302 312 318 319 321 322 324 326 332 337 341 344 349 357 370 378 383 393 403 412 422 430 434 436 437 438 440 443 445 445 443 440 438 436 433 432 431 431 431 430 427 421 414 409 402 397 393 389 386 383 381 377 374 371 365 363 357 350 347 342 339 337 334 334 332 331 330 330 332 332 329 326 325 323 322 320 318 316 315 314 312 311 309 309 309 309 308 306 305 304 303 301 299 299 298 296 294 292 292 292 291 290 289 287 286 285 285 285 284 284 283 282 280 277 276 274 272 270 268 266 265 264 264 265 265 266 266 266 266 266 266 268 269 269 270 271 271 271 272 273 273 273 272 269 267 266 264 260 257 255 253 251 248 246 243 241 238 236 237 234 231 232 234 233 232 234 238 241 244 246 248 250 253 255 257 261 266 269 270 270 270 269 267 266 264 263 263 262 263 265 265 265 262 261 260 258 255 256 259 260 259 258 257 255 254 254 256 259 261 261 261 261 262 262 261
303 315 327 334 341 346 350 353 354 357 361 366 368 371 373 374 376 376 377 376 379 381 383 386 387 389 390 391 391 391 390 390 391 394 397 399 402 405 408 410 413 415 418 420 422 423 425 426 425 424 424 422 420 417 413 412 410 409 408 406 404 403 402 401 399 396 394 393 390 388 386 381 380 378 375 372 368 364 361 358 352 349 358 362 367 371 372 374 377 377 377 376 374 373 370 368 365 361 358 355 353 350 346 343 339 335 333 326 325 328 327 325 323 315 312 315 323 325 327 328 329 330 329 330 328 326 327 328 335 338 340 344 346 347 350 352 354 357 361 365 369 371 375 378 381 385 387 390 391 392 392 391 390 390 390 389 388 386 384 381 379 376 372 368 364 359 351 346 341 336 332 328 322 316 310 305 302 297 295 290 288 285 286 287 292 299 308 314 315 318 319 320 323 328 334 337 341 347 352 363 373 381 391 399 407 417 427 435 437 435 437 439 440 443 442 440 438 436 434 432 431 429 429 428 427 426 423 417 412 407 401 397 392 388 384 381 379 376 372 369 365 359 353 351 347 341 337 335 335 335 336 336 336 336 335 333 329 327 324 322 321 318 316 316 314 313 312 310 309 308 308 307 304 303 302 302 299 295 294 294 294 293 293 293 292 291 291 290 287 286 285 285 285 284 283 283 282 280 278 276 274 272 270 267 265 263 263 262 262 263 263 263 264 264 264 264 266 267 267 268 269 270 271 272 273 273 272 271 270 268 267 265 261 259 256 255 252 250 247 245 242 240 238 237 236 234 230 228 228 228 231 235 239 243 245 247 248 251 253 254 258 262 266 268 268 268 267 266 264 263 260 261 260 260 262 263 262 261 259 258 257 253 254 257 258 258 257 255 253 253 255 257 259 261 261 262 263 262 262 261
314 322 331 338 343 350 354 356 358 361 364 369 371 372 374 376 378 378 379 379 380 383 386 388 390 391 393 394 394 393 393 391 391 394 397 400 402 405 408 410 414 416 418 421 422 423 425 426 424 423 421 420 417 416 415 412 410 409 408 406 404 402 401 401 399 397 395 393 391 387 386 383 381 378 374 371 368 365 361 360 350 353 360 365 369 374 374 377 378 378 378 377 376 372 370 369 365 363 360 357 354 351 348 344 338 335 329 325 330 330 327 325 321 319 313 317 325 327 329 330 331 333 335 335 334 331 331 332 333 333 336 342 344 347 349 351 353 355 358 362 365 369 372 375 376 379 383 383 386 387 389 389 387 388 388 389 388 387 387 384 381 378 375 372 368 363 356 353 348 341 336 331 324 317 311 306 302 300 298 293 288 285 284 286 290 295 304 311 313 315 317 318 321 325 330 334 339 342 348 356 368 376 389 395 402 412 423 433 437 434 437 437 438 440 439 438 435 434 431 430 429 427 426 426 424 423 422 418 412 408 403 400 394 388 383 379 376 372 369 367 363 359 358 356 352 346 341 340 340 342 343 345 346 346 344 339 334 329 327 324 321 319 317 317 315 314 314 311 309 308 305 305 303 302 301 298 297 297 295 292 292 291 292 293 292 291 291 290 288 285 284 284 284 283 284 283 282 280 278 276 274 272 269 266 264 263 261 261 260 260 261 261 262 262 261 262 264 265 265 266 268 269 270 271 272 273 272 271 269 267 266 264 261 260 257 256 254 252 252 249 246 242 239 237 234 232 232 233 230 226 229 234 238 242 245 245 246 249 250 252 255 258 263 265 266 266 265 263 263 261 258 258 259 258 259 260 261 259 259 258 255 252 251 255 256 256 255 253 252 254 256 257 259 260 261 262 262 263 262 261
316 325 332 341 345 352 356 359 358 365 368 370 373 374 376 378 380 380 382 381 385 386 388 390 392 393 395 396 396 396 394 393 392 394 397 400 403 406 409 411 414 417 419 422 424 425 426 426 426 424 421 420 419 417 415 412 410 408 406 404 402 401 400 400 398 396 394 392 390 388 386 383 381 378 374 371 369 366 363 357 350 356 363 367 370 374 377 379 380 379 379 377 376 373 371 369 366 363 360 357 354 351 348 343 337 330 328 331 332 330 328 324 322 318 314 322 327 329 331 333 334 336 337 338 337 338 338 339 339 337 336 337 342 346 347 349 353 355 355 358 362 365 369 370 375 378 378 379 381 383 385 385 386 387 387 387 390 390 389 385 383 380 378 375 372 367 362 357 353 347 340 333 326 319 313 308 304 302 301 296 290 286 283 285 288 293 299 306 307 311 314 317 319 321 325 330 335 339 344 351 358 369 383 390 397 407 418 429 432 431 432 434 434 435 435 437 433 431 429 427 426 424 422 421 420 419 418 416 412 408 404 399 395 388 383 379 375 372 369 366 364 364 363 362 358 353 350 347 348 352 356 358 358 356 353 347 339 333 330 327 324 320 319 317 316 316 315 313 310 309 308 307 306 304 301 300 301 300 298 295 292 290 291 291 293 293 291 290 289 286 284 283 283 284 284 283 282 279 276 275 273 271 269 266 263 261 260 259 258 258 259 259 259 260 261 261 262 263 263 264 266 267 268 269 270 271 270 269 267 267 266 264 259 258 258 256 254 251 249 248 246 243 240 238 235 232 230 232 230 226 228 232 236 239 242 243 245 248 248 248 251 255 259 263 264 264 264 262 261 259 258 256 255 256 256 258 259 257 258 257 254 251 250 253 254 254 253 253 251 255 257 257 259 261 262 262 262 262 262 262
317 325 335 341 347 352 356 360 362 367 370 373 375 376 378 380 382 383 384 384 386 388 390 392 394 395 397 398 397 397 396 394 395 396 398 400 403 406 409 411 414 417 420 423 425 426 427 428 427 424 425 423 420 417 415 413 408 408 406 403 401 401 399 398 397 395 393 391 389 387 386 384 381 378 374 371 368 365 361 351 354 361 364 368 372 374 378 380 380 380 380 378 376 373 371 368 366 363 360 357 354 351 347 342 335 329 335 333 332 330 328 325 322 316 317 325 329 332 333 335 336 338 339 340 340 342 342 342 344 342 341 342 341 341 342 346 350 352 354 355 359 362 364 367 372 374 374 376 377 378 381 382 384 385 386 387 389 390 389 388 385 381 381 378 375 370 366 361 356 351 344 336 327 320 314 309 305 304 302 297 293 288 281 283 286 291 297 302 303 307 310 312 315 318 321 324 328 335 340 346 354 364 375 384 392 400 410 420 426 427 428 429 429 429 430 431 431 428 426 423 423 421 418 417 416 414 413 412 411 407 403 400 395 388 384 380 376 372 369 368 369 369 369 369 366 362 361 360 362 365 368 365 363 360 355 346 341 336 332 329 326 323 321 320 319 318 317 316 312 310 308 307 306 303 301 302 302 302 300 297 294 291 289 289 291 293 291 290 289 286 285 283 283 283 284 283 281 279 276 274 272 270 267 265 262 260 259 258 257 257 257 257 258 258 258 259 261 261 261 263 264 265 265 267 269 269 269 267 267 266 265 263 260 259 258 255 254 252 250 248 246 244 241 238 235 232 230 229 230 226 226 228 233 236 239 241 244 246 246 246 248 252 256 259 261 261 261 260 259 258 256 254 254 254 255 256 256 256 256 256 253 250 249 249 251 253 250 250 254 257 258 258 260 261 262 262 262 262 261 261
314 324 333 340 345 350 354 360 366 370 373 375 375 378 379 381 383 384 385 385 388 390 391 393 395 397 398 399 398 398 397 397 396 398 399 402 405 407 409 412 415 418 421 423 425 427 428 427 427 428 426 425 421 418 415 413 409 407 404 402 402 398 397 396 395 393 389 388 387 385 384 381 379 377 374 369 366 362 355 356 360 364 367 369 373 376 379 380 380 381 379 378 377 374 372 370 366 363 359 356 353 349 343 339 332 336 335 333 331 330 328 327 320 315 323 326 332 334 335 338 340 341 342 342 344 344 346 345 347 345 345 346 346 347 348 347 347 348 350 354 356 359 362 365 367 369 371 373 374 376 378 380 381 385 386 388 390 392 390 388 387 384 381 379 377 373 368 364 359 354 347 339 330 321 316 312 308 305 301 300 296 290 283 282 285 289 294 299 300 302 305 309 312 314 317 320 323 329 337 344 350 359 368 379 387 395 402 412 417 421 423 422 423 424 424 426 425 424 422 420 418 415 414 413 411 409 408 407 405 405 402 399 394 389 384 380 375 374 373 373 373 374 375 378 382 381 381 380 378 375 373 369 365 360 353 348 344 339 334 330 327 326 324 321 320 320 319 317 314 311 310 308 306 304 304 304 304 303 301 298 295 292 289 287 288 290 290 289 287 286 285 283 282 284 283 281 280 277 275 274 272 269 267 264 261 259 258 257 255 255 255 255 256 256 257 257 258 259 259 261 263 263 263 266 267 266 267 266 265 265 264 262 260 259 257 256 254 253 251 248 246 244 244 239 236 233 231 228 228 229 225 227 229 233 237 238 241 243 244 243 245 248 252 255 257 258 258 257 257 255 255 253 252 253 254 255 254 256 256 254 252 250 246 246 247 248 251 254 257 258 259 259 261 262 262 261 262 262 261 260
311 321 331 338 344 348 354 361 367 372 374 375 376 378 379 381 384 385 385 386 390 393 394 395 397 399 399 400 400 400 399 399 398 399 401 403 405 408 410 412 415 419 421 423 425 427 428 429 429 429 427 426 423 420 416 415 412 409 403 403 400 397 395 393 392 391 389 387 386 382 379 379 377 375 370 368 365 356 358 362 363 366 369 372 374 374 379 380 381 380 380 379 377 374 372 369 366 362 358 355 349 346 344 343 339 338 336 335 333 331 330 327 319 316 325 328 332 335 338 341 343 345 345 346 346 347 348 349 348 348 348 349 349 350 351 351 352 352 352 352 357 358 359 362 365 367 369 371 372 373 375 378 379 382 387 389 391 391 391 389 386 384 382 382 379 374 370 365 360 356 350 341 333 325 318 313 309 306 303 301 298 291 285 279 282 287 291 295 297 298 299 304 308 310 313 316 319 326 333 340 346 354 362 373 383 391 397 404 409 414 416 416 417 418 417 418 420 418 418 416 413 410 409 408 406 405 404 404 403 402 400 398 395 391 386 382 379 378 377 378 378 379 384 394 399 399 397 396 390 382 375 368 364 359 353 347 344 339 336 332 330 327 324 323 321 321 321 320 315 314 312 309 306 306 306 306 305 305 303 300 297 293 291 288 286 286 288 287 286 285 284 283 283 284 283 282 279 276 275 273 272 269 266 263 261 258 257 255 255 255 254 254 255 255 255 255 256 256 257 259 261 261 260 261 262 264 265 264 264 263 262 261 259 257 256 255 254 253 251 250 245 244 243 241 237 234 232 229 227 226 223 224 227 230 234 236 238 241 242 242 243 245 248 252 253 254 255 255 254 254 252 251 252 251 251 252 254 254 255 254 251 249 246 245 245 248 252 256 258 258 259 260 261 262 262 261 261 262 261 260
308 317 327 336 342 346 353 360 366 371 373 374 375 378 379 381 384 386 386 388 392 394 395 397 397 398 399 400 401 401 400 399 400 400 402 403 405 407 409 412 416 418 420 422 424 426 428 430 432 431 429 427 424 422 419 416 414 409 404 401 399 396 392 390 389 388 386 385 384 382 378 374 372 372 370 363 359 361 362 365 368 370 372 374 377 378 379 380 380 380 380 378 376 374 371 368 365 362 359 354 349 349 346 339 342 339 338 336 334 333 331 326 320 317 328 330 334 338 340 344 346 348 349 349 350 351 354 354 355 354 353 353 354 355 355 355 358 357 355 355 354 356 360 361 363 366 366 368 369 371 374 376 378 382 386 390 392 393 394 393 389 386 387 385 382 375 370 365 361 356 351 342 335 325 319 314 309 306 304 301 297 294 287 280 279 282 288 293 295 295 296 299 304 307 309 312 315 319 329 336 342 350 358 367 378 385 391 397 404 409 411 411 409 410 411 412 413 413 412 411 408 406 405 404 402 401 400 400 399 399 399 399 397 393 389 386 384 383 384 384 388 391 397 405 413 413 409 404 397 387 375 367 362 358 353 348 344 339 336 333 331 328 325 323 323 322 321 320 318 316 314 311 308 307 308 307 306 306 303 300 297 296 293 292 287 284 284 286 285 284 284 283 282 283 282 281 278 276 275 273 271 268 265 263 260 260 258 256 255 254 254 254 255 255 253 254 255 255 255 257 258 259 258 258 258 259 261 260 261 261 260 259 257 256 256 255 254 253 251 250 248 245 243 241 239 235 232 229 226 224 223 223 225 228 231 234 237 240 240 240 242 242 245 248 251 252 253 253 252 252 251 250 250 250 249 251 253 253 254 254 250 248 245 244 247 249 253 256 258 259 259 259 261 262 262 262 261 262 261 260
306 314 324 331 337 343 350 358 365 369 372 372 374 376 377 380 383 384 385 389 393 394 394 395 396 398 399 400 401 400 400 400 400 401 402 403 404 407 410 413 416 418 419 422 423 425 427 429 432 431 431 429 427 423 421 417 413 409 404 399 396 392 390 388 385 384 381 380 379 378 375 369 367 366 365 365 363 365 367 369 370 373 375 377 379 378 379 380 380 380 379 377 374 372 371 368 365 362 358 351 354 350 344 341 343 340 339 337 336 334 330 327 324 318 328 333 337 340 344 347 349 351 353 354 354 356 358 360 360 360 358 358 359 359 359 359 359 359 358 358 357 358 361 363 363 365 368 369 370 371 374 375 377 382 386 390 393 395 396 395 393 388 386 383 380 375 371 366 361 356 351 342 335 327 320 315 310 307 304 302 299 296 290 283 277 279 285 290 292 293 294 295 297 301 303 305 310 314 323 332 338 346 353 361 372 380 387 395 399 403 406 406 404 405 406 406 407 408 407 406 403 401 400 400 398 397 398 397 396 396 396 397 395 394 393 390 388 389 390 393 399 401 405 411 418 415 412 406 400 388 372 365 361 357 352 348 345 340 337 333 332 329 327 325 324 323 322 320 318 316 315 312 308 310 309 308 307 306 305 302 298 294 292 290 287 285 284 283 283 283 283 282 282 283 281 279 278 276 274 272 270 268 266 264 261 259 258 258 256 255 254 253 253 253 253 253 254 254 253 254 255 256 256 255 254 255 257 258 259 259 259 258 257 255 254 254 254 252 251 250 248 246 244 241 239 237 233 229 226 224 222 225 225 226 229 232 236 238 238 238 239 240 242 246 248 250 250 251 251 250 249 248 248 248 249 249 251 252 254 252 249 246 244 244 247 249 253 258 259 260 260 259 260 261 262 262 262 262 262 260
304 312 320 329 334 340 348 356 362 366 369 371 372 373 375 377 380 383 384 387 391 392 392 393 395 398 399 400 401 401 401 400 402 402 402 402 405 408 411 413 415 416 418 420 422 425 426 429 431 431 432 426 427 423 420 417 413 409 403 401 396 393 393 392 392 388 384 381 378 377 376 375 375 374 371 369 368 369 371 372 373 376 378 379 380 379 380 380 380 380 378 375 373 371 370 367 364 361 356 355 354 351 344 344 343 342 341 338 337 334 331 329 324 319 331 333 339 343 346 349 351 355 357 357 361 362 364 365 364 365 365 364 364 363 363 363 362 361 360 360 360 360 360 361 365 367 369 370 371 372 373 375 377 383 387 391 395 397 398 398 395 392 388 384 380 377 370 366 361 355 350 343 336 327 322 317 312 309 306 303 301 298 292 285 278 276 281 288 291 292 293 292 292 292 292 298 305 311 318 326 333 341 347 353 362 373 382 387 392 397 400 400 399 400 401 401 401 401 402 401 400 397 396 395 394 394 394 393 392 392 393 392 394 394 396 394 394 395 396 399 405 406 408 412 416 416 412 405 399 386 371 365 360 356 352 348 344 340 337 334 332 330 328 326 324 323 322 320 320 317 315 312 310 312 310 309 307 306 304 301 298 295 293 289 285 284 283 282 282 281 282 280 282 281 280 279 276 275 273 272 270 268 265 263 261 259 258 258 257 255 255 253 252 252 251 252 253 253 251 253 253 253 254 253 253 254 254 255 257 257 257 255 256 255 254 253 253 252 250 249 248 246 244 241 238 237 235 230 227 223 221 222 224 225 228 230 234 236 236 236 237 237 239 243 244 246 248 247 247 248 247 246 246 246 246 248 249 251 252 251 248 245 244 244 246 249 254 258 261 261 260 260 260 261 261 261 261 261 261 260
303 309 315 324 330 337 345 353 359 363 366 368 369 370 372 374 376 379 383 385 389 391 391 392 395 398 399 400 401 402 401 400 401 402 402 404 406 407 410 412 413 415 416 418 421 425 429 430 431 431 431 430 427 424 420 417 412 408 405 400 396 398 398 397 395 391 387 385 383 381 381 380 378 377 374 372 373 373 374 375 376 377 379 381 380 380 380 381 381 380 377 375 372 370 369 366 363 360 357 353 352 348 346 346 345 344 343 340 339 334 333 330 323 321 330 336 341 345 349 353 355 358 360 364 365 367 369 369 371 371 371 370 370 368 368 366 365 363 364 362 363 364 361 363 364 367 370 371 372 373 375 375 378 384 389 393 398 399 399 400 398 395 390 385 380 376 370 365 359 354 348 343 336 329 323 317 312 311 307 306 304 299 293 286 281 275 277 282 287 291 292 291 290 286 289 295 300 305 312 319 328 335 341 348 356 367 375 383 388 393 396 396 395 396 396 397 397 396 396 395 393 392 392 391 390 390 389 389 389 389 390 391 392 395 398 400 402 402 406 409 410 410 410 411 414 413 408 404 396 383 370 365 359 355 351 348 344 340 337 334 332 330 329 326 324 324 322 320 319 318 315 313 313 313 313 311 308 306 303 301 299 297 294 292 288 285 283 282 281 280 279 278 281 280 278 278 275 274 273 271 269 267 265 263 261 260 259 258 257 256 256 254 254 252 251 250 251 251 250 251 251 251 252 251 251 251 252 253 253 255 254 254 255 254 253 252 251 251 250 249 247 246 244 242 240 237 233 232 226 224 223 221 220 226 226 228 231 233 233 233 234 235 237 239 242 243 245 245 245 245 245 244 243 243 244 245 246 248 250 249 247 244 243 243 244 248 254 259 262 261 260 260 261 261 261 260 260 260 260 259
301 306 312 321 326 334 342 349 355 359 361 363 363 365 367 369 374 375 379 382 387 389 390 393 394 397 400 401 401 401 401 401 401 402 403 404 405 406 408 409 411 413 415 417 419 424 422 429 430 430 429 428 427 424 420 417 412 408 404 403 405 406 405 402 398 394 391 390 387 386 385 382 382 381 378 377 378 377 377 377 378 379 381 382 382 381 381 381 381 379 375 373 371 369 367 365 362 359 356 352 349 347 348 347 347 345 344 342 340 337 335 331 324 321 333 338 341 347 351 355 356 360 364 367 369 371 372 375 376 376 376 376 375 373 372 371 369 367 368 366 365 366 365 364 367 367 370 371 372 374 376 377 380 385 390 394 397 399 401 401 399 396 390 385 380 375 370 363 357 352 347 342 335 330 324 319 314 309 308 307 305 301 296 289 282 277 273 277 285 289 291 290 287 285 288 292 295 298 306 314 323 329 335 342 350 361 370 378 384 390 391 392 393 393 395 395 394 393 392 392 389 390 391 389 386 386 385 385 386 386 386 386 388 392 397 401 407 413 416 419 417 415 413 414 410 405 404 398 390 379 368 363 358 354 351 347 343 340 337 334 331 330 329 326 325 323 323 321 319 316 315 316 314 314 314 312 309 307 304 303 301 298 297 295 291 287 284 283 283 280 277 276 278 278 277 276 274 273 272 271 269 267 265 264 262 260 259 259 258 257 256 255 254 253 251 249 251 249 249 248 248 249 249 249 248 249 249 250 251 252 251 252 253 253 252 251 251 250 250 249 247 246 245 243 240 237 234 232 229 225 223 221 220 223 226 227 229 231 230 231 231 232 234 237 238 241 243 243 243 243 243 242 243 242 242 243 244 246 247 246 243 245 242 241 242 247 253 258 262 261 260 259 260 261 261 260 259 259 259 258
300 304 309 316 324 331 339 345 350 354 356 357 358 360 362 364 367 372 376 379 385 388 390 392 393 396 400 401 401 401 400 400 401 402 402 403 404 405 406 408 410 412 413 416 418 421 424 427 428 428 427 426 426 423 419 416 413 409 408 411 414 415 411 407 404 401 398 396 394 390 389 388 385 383 381 380 381 380 380 380 381 381 382 384 384 383 381 381 380 377 374 372 369 367 366 365 362 360 356 352 350 351 350 350 349 348 346 344 341 339 337 334 328 321 334 340 343 349 352 356 359 363 366 370 372 374 375 378 381 381 381 382 380 378 377 375 372 375 373 371 370 368 368 368 367 370 371 372 374 377 376 377 381 385 391 395 397 399 401 401 400 397 390 385 379 373 368 362 357 352 346 341 334 330 325 320 314 309 308 307 306 302 297 291 285 280 274 274 281 285 286 288 285 282 285 288 292 295 299 308 318 323 328 337 346 356 366 373 378 384 387 389 390 391 392 393 393 390 389 388 387 388 388 387 383 382 382 382 384 384 383 384 385 388 394 400 404 413 418 421 421 418 415 411 406 400 395 390 383 373 367 361 357 354 350 347 343 339 336 334 331 329 328 327 324 323 322 320 320 318 317 317 316 316 314 314 311 308 306 304 302 300 299 297 294 290 286 284 284 282 280 277 275 275 275 275 274 273 272 271 269 267 265 264 262 261 260 259 258 257 256 256 254 253 251 251 248 246 246 246 246 247 247 246 246 247 248 248 248 249 249 250 251 251 250 249 249 249 248 248 247 246 245 243 240 238 235 233 231 227 224 222 220 221 224 225 227 228 227 228 228 229 232 233 235 237 238 240 240 240 239 240 240 241 240 240 241 243 245 244 243 244 242 240 242 246 252 259 260 261 260 259 260 260 260 259 258 258 258 258
298 302 307 313 319 328 335 340 345 348 348 350 353 354 356 358 363 368 371 377 382 383 388 390 392 395 398 399 399 399 399 398 399 400 401 401 403 404 406 409 410 412 413 415 416 420 423 425 426 426 426 425 425 421 418 416 414 411 413 417 419 419 418 415 411 406 404 402 400 395 392 389 386 386 385 384 384 383 382 383 383 384 384 385 386 384 383 380 379 376 374 371 370 368 367 365 362 360 357 351 354 354 353 352 350 349 347 346 344 340 338 336 331 322 334 341 344 350 354 357 361 364 369 371 375 377 379 381 384 386 387 386 384 383 382 380 378 379 377 375 374 373 371 370 371 370 371 374 378 378 380 380 384 387 392 394 397 399 401 401 399 396 389 382 377 371 365 361 356 350 344 339 333 328 323 317 312 310 308 308 307 303 299 294 289 283 275 271 276 281 282 283 281 280 283 287 290 293 295 301 310 317 325 332 340 350 360 370 376 380 384 385 387 388 389 391 391 389 387 385 384 384 385 382 379 378 378 378 380 380 381 381 383 385 390 395 400 407 412 416 418 416 414 409 403 397 389 383 377 371 365 360 355 351 348 345 342 338 336 334 331 329 328 326 324 323 322 321 320 319 319 318 318 317 316 316 313 311 308 306 304 302 301 300 296 292 288 286 285 284 281 279 276 274 273 275 273 273 272 270 269 267 265 264 263 262 261 259 258 257 257 256 255 254 252 250 251 249 245 242 244 245 245 244 244 245 245 246 246 246 247 248 249 249 248 247 247 246 247 246 246 246 244 243 241 238 236 234 231 229 225 223 222 219 223 225 223 223 224 225 225 227 229 230 231 233 237 237 237 237 237 237 238 238 238 238 240 240 242 242 242 242 242 239 241 244 249 254 257 260 259 259 259 259 260 259 257 258 258 257
295 300 304 310 315 322 329 335 338 341 341 343 345 347 349 353 358 360 365 371 377 381 385 388 391 394 397 397 397 398 398 396 397 398 398 398 400 403 404 407 410 411 413 415 417 420 422 424 425 426 426 426 424 421 420 419 417 416 418 420 422 423 423 421 416 411 407 405 402 400 396 391 389 388 388 388 386 386 385 385 386 386 387 387 386 385 383 379 377 375 374 372 370 369 368 366 363 360 356 355 358 356 355 353 353 351 349 347 345 343 339 335 330 323 333 340 346 350 356 359 363 366 369 373 376 379 383 384 388 389 389 389 388 386 386 384 383 383 382 380 379 378 375 372 373 372 372 375 378 381 382 383 386 389 392 395 397 399 400 400 399 394 387 382 375 370 364 360 354 348 343 338 333 328 323 318 316 311 308 307 306 303 298 295 290 285 277 271 273 275 277 278 281 282 283 285 288 290 291 296 305 313 320 327 337 347 357 366 372 378 381 382 383 385 385 387 388 387 385 380 382 380 379 378 375 374 373 376 377 377 377 378 380 382 386 390 394 400 406 411 413 413 410 405 402 395 388 380 374 369 364 359 353 350 347 343 340 337 335 334 331 329 328 326 324 324 323 321 321 320 321 319 319 318 319 318 315 313 310 308 306 304 304 302 298 293 290 289 287 284 282 280 277 275 274 272 273 272 271 269 268 267 265 265 263 262 261 259 258 257 257 256 255 253 252 251 250 247 244 241 242 243 243 242 241 242 243 244 244 244 244 246 247 247 246 246 245 246 245 245 245 246 244 243 241 239 237 235 232 231 229 225 223 220 221 222 222 223 224 223 224 225 226 227 228 230 233 233 233 234 234 235 235 236 236 235 237 238 239 241 241 240 240 237 237 240 244 250 255 257 258 258 259 259 259 257 255 257 258 257
293 298 301 305 310 317 326 330 332 334 335 336 338 341 343 347 351 354 360 366 372 377 382 386 390 393 396 396 396 396 395 394 394 394 394 396 398 399 403 404 408 411 413 415 417 420 423 423 425 426 426 425 425 424 422 421 419 419 421 423 426 430 430 425 419 415 411 406 406 403 399 394 392 390 390 390 390 389 388 388 388 389 389 389 388 386 382 379 377 376 375 374 371 371 369 366 362 357 358 361 360 358 357 356 355 354 352 349 347 344 340 336 331 324 333 340 345 350 355 361 365 368 372 375 378 381 385 386 390 392 392 391 390 389 388 388 387 386 386 384 383 381 380 376 375 376 375 376 378 382 384 385 387 390 393 394 397 398 400 398 397 392 387 380 374 369 362 358 352 346 342 338 332 327 322 319 315 312 308 306 306 303 300 296 292 285 278 272 270 272 279 282 286 285 284 285 286 287 289 291 298 307 317 325 333 343 354 364 369 374 378 380 381 381 381 383 384 384 382 379 379 376 375 372 371 371 371 371 373 373 374 375 377 379 382 386 389 394 399 404 407 409 407 403 400 395 385 378 372 366 362 356 351 349 346 343 340 337 335 334 331 329 328 325 324 324 323 322 322 322 321 320 319 320 320 320 317 315 313 310 309 307 305 304 300 295 294 292 289 285 283 280 278 275 274 273 270 270 271 269 267 266 264 262 262 261 260 259 258 257 257 256 255 253 253 252 250 247 244 241 240 241 241 239 239 240 241 241 241 242 242 244 245 245 245 244 243 243 243 243 244 244 244 242 241 239 237 235 233 231 231 227 224 221 218 221 224 225 223 223 223 222 224 224 225 227 229 229 230 231 231 231 233 233 233 234 235 237 237 238 239 239 239 236 236 238 242 247 252 255 256 256 257 258 257 255 254 255 256 257
290 294 299 302 306 312 318 324 326 327 328 330 332 333 337 341 345 350 355 359 369 375 381 385 388 391 394 395 396 395 393 392 392 391 391 391 393 397 399 403 407 411 414 416 418 420 422 424 425 425 426 425 424 424 423 423 422 422 424 426 429 430 429 426 420 417 414 411 408 404 400 397 396 394 394 393 392 390 389 389 390 391 391 391 388 385 382 381 378 377 376 375 373 372 368 367 361 362 365 363 362 360 359 358 357 356 353 351 349 346 342 340 336 331 325 339 344 351 356 361 365 369 373 376 379 381 384 388 390 393 393 393 392 391 390 390 391 393 391 388 386 384 382 379 378 378 378 379 377 383 385 386 388 390 393 394 396 398 399 397 395 391 385 379 374 366 360 355 350 345 341 337 332 327 323 319 314 311 307 305 304 303 299 296 290 280 276 272 271 271 278 285 289 289 288 286 284 284 286 288 291 302 311 318 329 340 349 359 364 369 374 378 379 379 379 380 379 381 380 377 376 373 371 367 368 368 367 366 368 370 371 372 374 376 379 383 384 387 392 397 400 403 402 401 398 392 385 376 370 364 358 354 350 347 344 342 339 338 335 333 331 330 328 326 324 323 323 321 322 322 320 320 321 322 322 321 319 316 314 312 311 309 306 304 301 296 296 292 290 286 283 281 278 275 275 273 272 270 269 268 266 265 265 263 261 260 259 257 257 257 256 254 252 252 252 252 250 247 243 242 238 239 237 237 237 238 239 239 239 240 241 241 243 243 242 243 241 242 241 241 242 243 243 242 241 239 238 236 235 232 232 231 227 225 220 219 222 223 222 222 220 220 221 222 222 224 226 226 226 227 228 228 229 230 230 231 232 234 236 236 237 237 237 233 235 237 242 244 249 253 254 254 256 256 256 254 253 254 255 254
286 290 294 298 302 307 313 317 319 320 321 324 326 324 330 337 342 346 351 354 363 372 376 383 387 390 393 395 394 393 392 390 391 388 388 390 394 396 399 403 407 411 414 417 419 420 421 423 425 425 425 425 425 425 424 424 424 424 426 427 428 428 427 424 421 419 416 412 409 405 402 401 398 397 398 394 394 393 392 392 393 393 391 390 388 383 383 381 379 378 377 375 373 371 368 365 365 368 368 366 364 362 361 360 359 357 355 353 350 347 344 341 338 334 327 337 344 349 354 360 364 369 373 375 379 382 385 389 391 392 394 394 393 391 391 391 394 396 396 392 389 386 384 381 379 380 380 380 381 383 386 388 390 392 393 394 396 398 397 395 392 389 384 376 369 364 356 353 349 344 340 336 331 328 323 319 315 310 308 304 301 302 299 291 290 285 278 274 270 268 277 285 290 293 292 290 286 283 284 285 288 293 305 314 325 335 345 354 358 364 368 372 375 375 374 375 376 377 376 374 373 369 367 365 363 363 363 363 364 365 368 370 371 373 376 379 381 384 386 389 394 398 398 397 395 389 383 375 368 362 356 352 348 346 343 342 339 337 335 334 332 331 329 327 325 324 322 322 323 322 321 320 322 322 323 322 320 318 314 314 312 310 308 306 303 301 298 294 291 287 284 281 279 276 274 273 272 271 270 269 268 267 266 264 263 262 261 259 258 257 257 256 255 253 251 247 244 245 240 241 241 237 236 235 236 237 238 237 238 238 239 239 240 241 241 241 240 239 239 240 240 241 242 242 241 239 238 237 236 234 232 232 228 224 221 216 214 218 220 221 220 218 218 219 220 220 222 223 223 223 225 225 226 227 227 227 229 231 234 235 235 235 235 232 233 235 238 241 247 251 252 252 253 254 253 253 251 253 253 253
283 285 290 294 297 302 306 310 311 314 315 318 314 322 328 333 338 340 343 347 357 372 374 377 386 388 391 392 391 390 389 387 388 385 382 387 393 397 400 403 406 412 415 417 419 421 422 423 424 424 425 425 425 425 425 426 425 425 425 427 428 427 426 424 422 419 416 413 409 406 406 405 401 400 399 398 397 396 395 394 395 394 390 389 385 386 382 382 383 380 378 377 375 371 369 368 368 370 369 367 366 365 364 362 361 359 357 353 350 347 344 342 340 335 328 337 342 348 353 358 363 368 372 374 377 381 386 388 391 393 394 394 394 393 392 393 396 397 398 396 393 389 387 386 383 383 383 383 383 383 386 389 390 391 393 395 397 396 395 393 389 386 381 373 367 361 356 350 345 344 339 335 332 328 324 318 314 312 308 304 301 296 297 297 291 284 278 274 271 267 274 284 290 295 296 293 288 284 283 284 286 289 299 308 318 329 339 346 353 359 363 366 369 370 371 371 371 372 372 372 369 367 364 362 359 358 359 360 360 362 365 366 368 370 372 375 378 380 383 385 387 391 394 393 391 387 383 374 368 361 355 350 348 345 343 341 338 338 337 335 333 332 329 327 325 324 323 323 323 323 322 321 322 323 323 322 321 319 317 314 314 311 308 307 305 303 299 295 291 288 285 282 279 275 274 273 272 271 271 270 269 268 266 265 264 262 260 259 258 257 256 256 255 253 252 250 247 242 239 237 239 237 236 234 234 235 236 236 236 236 236 237 238 239 239 241 238 238 238 238 239 239 240 241 241 240 238 237 236 235 233 231 228 225 223 222 219 215 215 217 221 218 216 216 217 218 219 219 220 221 221 222 223 224 225 226 226 228 230 232 233 233 233 231 232 233 235 238 243 248 249 250 251 252 251 251 250 251 251 251
277 281 286 289 293 298 301 304 305 306 313 311 314 320 325 329 332 334 334 341 353 368 382 378 383 386 388 389 389 387 386 385 383 379 378 387 394 397 401 404 407 412 416 419 421 424 423 424 424 424 425 425 425 425 426 426 426 426 426 426 427 427 426 424 422 420 416 414 413 409 409 408 405 403 402 402 399 398 397 397 396 392 393 390 389 387 384 383 382 382 380 378 376 372 372 371 371 372 370 370 369 367 365 364 362 361 358 356 352 348 345 343 341 336 331 328 342 346 352 357 362 367 370 373 376 380 383 387 389 392 393 394 394 393 393 395 397 397 399 397 394 391 388 385 386 385 385 385 384 387 386 389 392 392 394 396 397 396 393 389 387 382 378 371 364 358 353 349 346 342 339 336 332 328 324 320 316 312 306 302 299 299 300 298 294 288 281 275 270 267 270 278 287 293 296 295 291 285 282 282 283 285 292 303 312 321 333 338 348 354 358 362 364 366 367 367 367 367 368 368 366 363 361 358 356 355 355 359 358 360 362 363 365 367 370 372 374 375 379 381 383 386 388 388 388 385 382 376 367 359 353 350 347 345 342 340 339 339 338 337 334 332 330 328 326 325 324 324 323 323 324 322 323 324 323 323 321 320 318 316 314 312 309 308 307 305 301 296 292 288 286 282 279 276 275 273 273 272 271 270 269 269 267 266 264 262 261 259 258 257 257 256 255 252 251 248 247 245 239 238 237 236 237 235 233 235 234 234 235 235 234 235 236 237 237 238 236 236 236 236 237 238 239 239 240 239 239 238 237 236 234 232 231 229 226 226 223 220 215 211 219 220 217 214 215 217 217 217 218 218 219 220 218 221 222 223 224 225 228 228 229 230 230 229 232 232 234 236 240 244 247 248 250 251 250 250 250 247 248 250
267 278 279 285 289 293 296 298 299 299 301 305 312 318 322 325 328 326 329 336 346 361 373 372 381 382 383 384 384 383 382 381 377 374 378 385 393 400 406 409 411 414 417 421 425 426 425 424 424 424 424 425 426 426 426 426 426 426 426 427 427 427 425 424 421 419 416 414 414 412 410 410 409 405 405 405 403 400 399 398 395 395 392 391 389 388 385 385 384 383 379 378 376 373 373 373 373 373 372 371 371 369 367 366 364 362 360 357 353 349 347 344 341 338 332 328 338 345 349 355 359 362 368 371 374 377 380 384 388 391 393 393 393 393 394 396 397 397 398 396 394 392 390 388 387 388 388 388 388 389 390 391 393 393 395 397 398 397 393 389 385 381 375 368 362 357 352 350 346 343 340 336 332 328 324 319 316 311 305 303 301 299 299 298 295 290 285 279 270 266 268 273 282 289 294 295 292 286 282 281 282 284 288 299 308 315 324 332 340 347 355 357 359 362 363 363 364 364 364 364 362 360 358 356 354 354 353 354 355 356 358 360 361 364 367 369 371 373 375 377 378 381 384 386 385 386 383 375 368 360 354 349 347 343 342 341 341 340 339 338 336 334 332 329 327 326 325 325 324 324 324 323 323 324 323 323 321 320 319 318 315 313 310 309 308 306 302 297 293 289 285 282 280 277 276 274 273 272 271 270 269 269 267 265 264 263 261 259 258 258 257 256 253 254 253 249 245 243 243 241 238 236 236 234 233 234 233 232 233 234 233 234 234 235 235 234 234 234 234 234 235 237 237 238 238 238 238 238 237 236 235 233 231 230 228 226 224 220 217 214 212 215 216 215 213 214 215 215 215 216 217 216 217 219 220 221 222 223 224 226 226 227 228 228 232 231 233 236 238 242 245 247 249 249 248 248 248 245 248 249
274 267 272 278 283 288 291 293 293 294 294 304 310 313 318 320 321 318 323 330 337 351 367 372 374 376 378 379 377 376 376 375 372 366 377 384 392 398 397 400 411 413 415 416 418 420 420 422 421 423 423 425 426 427 427 427 427 427 427 428 428 427 425 422 421 420 417 417 417 415 414 411 410 409 408 406 404 401 400 398 397 395 393 390 391 389 388 386 385 383 382 380 376 376 375 374 375 375 374 373 373 371 369 368 366 364 361 358 355 351 346 344 342 339 334 329 332 341 347 352 357 360 364 369 372 374 378 382 385 388 391 392 392 393 395 397 397 398 397 398 396 392 390 390 390 390 390 390 390 391 392 392 393 395 396 397 398 397 393 389 383 378 373 368 362 355 352 349 346 343 340 336 332 328 324 319 315 309 307 303 300 299 297 296 293 291 287 280 272 267 265 269 274 284 291 293 291 286 282 280 280 283 287 295 305 311 318 325 331 339 346 351 357 359 360 361 361 361 359 359 359 358 354 354 353 352 352 351 353 353 355 357 358 361 364 366 368 370 372 373 375 377 380 382 384 385 385 378 371 361 355 350 346 344 343 343 342 342 341 340 338 335 333 331 329 327 326 325 325 324 324 324 323 323 323 323 322 320 319 318 315 312 311 310 309 307 303 298 293 289 286 283 280 278 277 274 274 273 272 271 270 269 269 268 266 264 261 259 258 258 257 255 254 253 251 250 246 243 241 241 240 236 235 234 233 233 232 232 231 232 233 232 233 234 234 233 232 231 233 233 234 235 235 236 237 237 237 238 237 236 235 233 232 230 227 225 223 221 218 214 212 211 210 212 212 213 213 212 212 213 214 214 215 218 219 219 220 221 221 222 223 223 223 228 229 230 230 233 236 240 243 246 246 245 245 245 245 244 246 247
281 274 272 275 280 283 287 289 288 287 292 301 307 311 310 315 315 313 319 325 331 342 353 362 366 367 371 373 371 370 370 367 364 367 375 381 390 398 402 406 407 409 411 412 413 413 416 417 419 421 423 424 426 427 427 428 428 428 429 428 428 427 424 425 424 422 419 421 419 418 416 415 412 411 410 407 404 402 401 401 398 397 394 393 392 391 389 388 385 384 382 381 379 379 377 378 377 377 376 375 375 373 370 369 368 366 363 359 356 352 348 345 343 341 337 331 329 334 343 349 353 358 362 366 370 373 376 378 382 384 388 390 391 393 394 396 397 398 399 398 398 395 392 392 392 392 391 391 392 392 393 393 394 396 397 397 397 396 393 389 384 377 372 365 360 355 352 349 345 342 339 335 332 327 323 319 313 312 307 303 300 298 296 294 292 291 288 283 276 270 265 266 273 279 287 290 289 286 282 281 281 283 287 293 301 308 314 319 327 334 341 345 354 356 356 357 357 356 356 354 356 354 354 353 350 349 350 348 349 351 352 354 356 358 361 363 364 367 369 371 373 373 376 380 383 386 386 384 375 365 357 351 348 345 345 344 343 343 343 341 339 337 335 332 331 330 329 327 325 325 324 324 324 323 323 322 321 320 318 317 316 314 311 311 310 307 300 296 293 289 286 283 281 280 278 276 274 274 272 272 271 270 269 269 267 265 262 260 259 258 257 256 254 253 251 249 247 246 243 242 238 239 237 235 233 232 231 230 231 230 231 231 231 232 232 232 230 230 231 231 232 233 234 235 235 235 236 236 236 235 234 233 232 229 227 225 223 221 219 218 213 211 209 209 211 210 211 210 210 211 212 212 214 217 217 216 217 218 219 219 218 219 225 226 226 228 230 231 234 238 241 242 243 244 244 244 243 242 244 245
281 279 276 259 276 280 283 284 281 284 289 296 302 305 308 308 307 311 314 320 326 332 342 352 356 358 362 366 366 366 361 357 352 367 375 380 389 393 398 400 402 404 406 407 407 408 411 413 417 419 422 424 425 426 427 428 427 428 428 427 427 425 424 424 424 422 421 421 421 420 419 416 415 413 412 408 405 403 403 401 399 397 396 395 394 394 392 388 387 385 383 381 381 380 381 380 380 381 378 376 375 373 372 371 370 368 365 361 358 355 351 348 346 342 339 335 332 331 341 346 351 355 360 364 368 371 373 376 378 381 384 387 388 390 394 395 397 399 400 399 398 398 396 395 395 393 392 392 392 393 393 394 395 395 396 396 396 395 393 389 384 376 370 365 359 354 350 347 342 341 338 335 331 327 322 318 313 311 307 303 300 297 295 291 290 290 288 284 279 272 269 264 273 275 281 285 287 285 283 281 281 283 287 292 299 304 310 316 324 331 338 344 349 351 352 353 353 354 353 352 353 353 350 350 349 347 346 347 345 349 349 351 353 356 358 360 362 364 366 369 370 372 372 379 383 386 387 386 380 370 358 354 350 347 347 345 344 345 344 343 341 339 336 335 333 331 329 328 326 326 324 324 323 323 322 322 321 319 318 317 317 314 312 311 309 308 304 297 294 290 287 284 282 280 277 276 276 275 274 273 271 271 271 269 268 266 265 262 260 259 258 256 254 253 251 248 247 245 244 242 242 240 239 237 235 233 232 231 230 230 230 231 230 231 231 231 229 228 229 230 231 232 233 233 234 234 234 236 236 235 234 233 231 229 227 225 223 221 220 219 217 214 211 209 209 208 209 209 208 209 209 212 212 213 214 214 215 216 216 214 217 222 224 224 224 227 229 230 232 235 238 240 241 242 242 242 241 240 243 244
280 278 276 260 271 276 278 275 279 282 286 291 296 299 301 300 304 307 311 316 321 327 334 341 345 350 355 360 360 358 352 345 360 370 374 382 386 390 394 395 397 399 401 401 401 404 407 411 414 417 421 424 427 428 428 427 427 428 427 426 425 424 423 423 424 424 425 426 424 424 422 420 417 415 412 409 405 404 404 402 399 398 398 397 397 395 393 390 388 387 386 384 383 383 383 383 382 382 379 378 377 375 373 372 371 369 366 362 359 358 354 351 348 343 337 334 334 332 337 343 348 353 357 362 366 369 372 374 376 377 380 383 385 389 392 395 397 399 400 400 400 400 399 398 398 396 394 393 393 394 394 394 393 394 394 394 394 393 391 387 381 375 370 364 359 353 348 344 340 339 337 335 329 324 320 317 315 310 307 303 299 297 293 290 288 287 287 285 280 273 269 264 273 273 276 280 282 283 282 282 279 283 286 290 296 302 308 313 320 326 331 337 341 344 347 349 349 350 348 349 348 348 347 346 346 346 345 344 343 345 346 349 350 353 356 358 360 362 364 366 368 369 371 375 380 386 387 385 382 376 366 357 353 349 347 346 346 346 345 345 343 341 339 337 335 332 330 328 327 326 324 323 323 323 322 321 320 319 318 318 316 314 313 312 311 308 305 297 295 291 287 285 283 280 278 277 276 276 275 273 272 272 271 270 269 267 267 265 262 260 259 257 255 254 251 249 247 246 245 242 241 240 239 238 236 233 233 232 230 230 230 230 229 230 230 229 229 228 228 229 230 231 231 232 232 233 234 235 235 235 234 233 231 230 228 226 224 223 220 218 217 215 213 210 207 206 206 206 206 207 208 210 210 211 212 212 213 213 213 213 217 218 220 222 223 225 227 230 232 233 236 238 239 240 240 239 239 241 242 243
277 276 275 262 261 272 270 273 277 280 282 285 289 294 297 292 300 303 307 312 316 322 328 330 337 343 348 352 351 348 343 353 364 368 375 380 382 386 389 390 392 394 393 394 395 397 402 408 412 415 419 423 425 425 425 424 424 425 424 423 422 422 422 422 421 423 423 424 424 423 421 419 417 415 411 407 407 407 405 403 402 400 400 398 397 396 394 392 390 388 387 385 386 386 386 385 385 383 380 379 379 377 376 374 372 370 367 363 361 358 356 353 349 345 338 336 340 339 333 337 345 350 355 360 364 367 370 372 375 376 378 380 383 386 390 394 397 399 401 402 401 402 402 401 401 399 397 394 395 395 395 393 393 392 393 393 392 391 389 386 380 374 368 363 357 351 347 343 341 339 337 334 330 325 322 319 315 312 308 304 301 297 293 289 286 286 286 285 281 274 269 262 273 271 274 276 278 279 279 282 278 281 286 289 293 299 304 309 314 322 327 332 336 340 342 344 345 346 345 344 344 344 343 343 343 343 342 341 341 341 344 345 348 349 353 356 358 361 363 364 366 368 370 372 376 381 386 385 382 381 373 364 357 351 349 348 348 347 347 347 345 343 341 339 336 334 331 329 327 326 325 324 323 322 322 321 320 318 318 317 316 315 313 312 311 307 304 298 296 291 288 286 284 281 280 276 278 278 277 275 273 273 272 271 270 268 266 264 263 262 260 258 256 255 252 249 247 246 245 244 242 240 239 237 236 234 232 232 231 229 228 229 229 229 229 228 227 227 227 228 229 229 229 230 231 232 233 234 234 234 234 233 231 230 228 226 225 223 221 219 217 216 211 211 208 206 205 205 205 207 208 209 210 210 211 211 211 211 210 212 214 216 218 219 221 223 225 229 229 231 234 236 237 237 236 239 241 240 241 242
275 274 272 250 259 262 272 274 276 278 280 282 286 289 292 290 297 300 303 307 310 316 321 323 326 333 339 343 342 340 346 355 362 366 370 374 380 382 384 385 386 386 387 388 385 392 397 404 409 413 416 418 420 421 421 421 421 422 422 420 419 419 419 418 417 416 417 418 418 418 416 414 413 410 410 409 409 407 405 404 402 401 400 399 398 398 396 394 393 388 389 388 388 388 387 386 386 384 382 381 380 379 378 376 373 370 368 365 363 361 359 355 351 348 341 340 342 343 342 335 341 348 353 358 362 365 368 370 372 374 376 378 379 383 388 393 396 397 401 402 403 404 404 406 404 402 400 397 396 394 393 392 391 390 390 390 389 387 386 384 380 374 368 361 356 351 347 343 338 336 334 333 330 326 323 320 315 312 307 305 301 296 293 289 285 285 286 286 281 275 265 263 271 270 271 274 273 274 275 280 280 280 283 286 290 294 299 305 310 317 322 328 332 334 336 339 340 341 341 340 339 340 339 339 339 339 339 339 338 338 340 343 345 347 350 354 356 358 361 363 365 367 369 371 375 381 385 386 383 383 379 370 361 353 351 350 349 348 349 348 346 344 342 340 338 335 332 329 328 327 325 323 322 321 320 319 318 317 317 316 316 316 314 312 311 307 302 299 296 292 288 286 282 282 278 279 279 278 278 276 275 275 273 272 271 270 267 266 264 262 261 259 256 254 253 250 247 246 246 244 243 241 239 237 235 234 232 231 230 229 229 228 227 228 228 227 227 226 227 228 228 228 228 229 229 230 232 233 233 233 233 232 231 229 227 226 224 222 221 219 217 215 213 210 208 207 206 206 205 205 209 209 210 211 211 211 210 209 209 211 212 214 216 217 220 222 223 225 227 229 232 234 234 233 237 239 239 239 240 241
272 271 269 262 253 266 270 273 275 276 278 279 282 284 286 289 293 296 300 303 305 310 314 318 321 326 329 334 329 341 352 356 359 361 363 366 371 375 379 380 381 382 382 382 380 389 393 398 404 411 413 415 417 418 417 418 419 419 419 418 416 416 415 414 412 412 412 413 413 411 410 409 409 409 409 409 408 406 404 404 403 402 402 401 402 402 401 398 395 395 394 392 389 390 389 388 386 385 384 383 381 380 379 378 376 372 369 367 365 363 360 357 354 350 343 344 345 345 343 339 337 344 350 356 360 362 365 368 370 372 374 376 378 380 386 391 394 397 401 403 404 405 406 408 407 405 402 398 396 395 393 391 389 388 387 385 385 383 382 381 378 372 365 360 355 350 346 342 338 336 333 332 329 326 323 319 315 310 308 306 301 297 293 289 285 284 285 285 282 276 273 271 263 270 269 270 270 271 271 274 279 271 280 283 284 291 295 300 306 312 318 323 327 329 332 335 336 336 336 335 336 334 335 336 336 336 336 336 335 335 338 340 343 346 348 351 354 357 360 362 364 367 369 371 374 380 383 386 384 384 384 376 367 358 355 353 352 349 349 348 347 345 344 341 339 336 334 331 328 327 325 323 322 322 320 320 319 318 317 316 315 315 313 311 310 307 302 299 294 292 290 285 284 282 279 280 280 280 280 277 277 276 275 274 273 271 269 267 266 263 261 260 257 256 253 251 249 247 245 245 242 241 239 239 238 235 234 232 232 230 230 229 228 228 228 227 227 226 226 227 227 227 227 227 228 229 230 231 232 232 232 231 230 229 227 226 224 222 221 219 217 215 213 211 208 207 207 205 205 203 207 210 209 209 208 207 207 207 207 209 210 212 214 216 218 220 221 223 226 227 230 231 231 235 235 236 236 237 239 241
269 266 262 259 253 265 270 271 273 274 275 276 278 279 281 286 290 293 295 298 301 304 307 313 317 319 319 326 340 347 349 353 355 357 361 361 364 368 371 374 376 376 374 374 376 385 390 393 400 409 410 412 413 413 412 414 414 413 414 414 413 413 412 412 412 410 410 410 409 408 407 406 406 407 408 408 407 404 402 402 402 403 403 402 402 402 402 401 398 396 394 392 395 394 392 390 387 386 386 385 384 381 381 379 378 376 373 371 368 366 362 360 357 352 344 346 347 346 345 342 339 339 348 353 358 360 363 366 369 371 372 374 376 379 383 387 391 397 401 404 405 406 407 407 407 405 403 400 397 395 393 391 388 386 385 383 381 380 380 377 374 368 363 359 353 349 345 342 338 335 332 331 329 327 323 319 314 309 309 306 303 297 293 290 286 285 283 283 282 278 275 274 264 261 266 268 268 269 268 268 271 269 272 277 280 286 289 295 302 307 314 319 323 325 328 330 331 331 333 332 332 333 333 333 332 334 333 332 332 333 336 338 341 344 346 349 353 356 358 361 364 367 368 370 372 376 381 385 385 386 386 383 374 364 359 355 353 351 350 349 348 347 345 343 341 338 335 332 330 327 325 324 322 321 321 319 318 317 317 316 315 314 314 312 310 305 303 299 295 292 288 287 285 282 280 281 280 280 280 277 278 278 277 275 274 272 271 268 266 265 263 261 259 256 253 251 249 247 246 244 243 241 239 237 237 237 234 232 232 230 230 230 229 228 228 227 226 226 226 226 226 226 227 227 227 227 228 229 230 231 231 231 229 228 226 225 223 222 220 220 218 215 213 211 209 207 205 205 204 205 204 204 202 203 201 205 205 205 206 208 209 210 213 215 217 218 219 221 224 224 227 230 232 234 233 234 235 236 237 239
264 261 254 249 260 266 268 270 271 271 272 273 274 275 277 282 286 289 292 294 300 292 297 305 305 314 326 336 341 345 348 350 353 355 356 358 360 361 364 366 368 367 365 366 374 380 384 389 394 401 403 406 407 410 410 409 410 409 410 409 409 408 408 406 406 405 405 405 405 405 402 402 402 403 407 407 404 401 399 398 399 399 401 401 401 402 402 401 398 398 398 398 398 397 396 394 389 388 387 386 384 383 382 381 380 379 377 374 371 368 364 362 357 351 347 349 349 348 346 345 342 339 339 350 356 360 362 365 367 369 371 373 375 378 380 382 387 395 399 403 405 406 408 407 406 404 402 400 397 393 392 389 386 384 382 381 379 377 374 373 370 365 361 356 352 348 345 342 338 335 332 330 328 326 323 320 315 311 311 307 304 298 295 291 288 285 285 285 284 278 275 274 271 258 262 266 267 265 263 262 266 272 276 280 283 288 291 295 300 306 310 315 319 322 324 325 327 328 328 327 329 330 330 329 329 331 330 330 330 332 334 336 339 342 343 347 350 354 356 359 362 365 368 371 374 376 380 384 386 387 387 386 378 369 362 359 354 351 350 350 350 348 346 344 342 338 336 333 330 327 325 323 321 321 320 319 317 317 316 315 315 314 313 312 309 307 303 298 294 290 289 287 285 283 281 281 281 281 281 279 279 278 277 276 275 273 272 270 268 266 265 263 260 257 254 252 250 248 246 245 243 242 239 238 236 235 236 233 233 230 229 230 230 229 228 227 228 227 226 225 226 226 226 227 226 226 227 228 229 230 230 229 229 227 225 224 222 221 220 219 218 216 214 212 210 206 206 206 205 205 206 205 205 203 202 202 203 204 206 206 207 209 211 213 215 216 218 219 219 221 226 229 231 231 232 233 234 234 236 239
260 256 241 259 262 264 266 267 268 269 270 270 271 272 274 278 283 286 288 287 288 293 302 309 316 323 329 334 339 342 346 348 350 352 353 355 356 356 357 359 360 360 355 365 368 374 380 385 390 393 398 401 404 406 407 408 406 406 405 406 405 404 403 403 402 402 401 401 402 401 397 396 397 398 402 403 400 396 395 394 394 396 398 399 400 401 401 400 399 398 399 399 399 399 398 395 393 391 390 390 388 385 384 383 381 380 379 375 371 369 366 363 356 351 352 352 350 349 348 347 346 345 342 342 352 357 361 363 366 368 370 372 374 376 378 381 383 391 398 402 405 406 407 406 405 403 401 399 397 394 390 388 385 383 381 379 377 374 372 370 367 362 358 355 350 347 344 341 338 335 332 330 327 324 321 318 315 315 312 308 304 300 296 292 289 286 286 284 283 278 276 274 269 259 258 261 264 260 261 265 267 271 276 279 283 287 290 294 298 303 307 311 315 318 320 322 323 324 324 325 326 327 327 327 327 327 328 328 326 331 332 334 337 340 341 345 349 353 355 358 361 365 368 371 373 376 379 382 384 385 386 386 383 375 367 361 356 354 353 351 350 349 347 345 342 340 338 334 331 327 324 323 322 321 320 319 317 316 315 314 314 313 312 311 311 306 301 298 294 292 289 286 285 282 281 282 281 282 282 280 280 279 277 276 275 274 273 270 268 267 265 263 260 258 255 253 251 249 247 245 244 241 240 238 237 235 234 235 233 231 231 231 229 228 227 226 227 227 226 226 225 225 225 225 225 225 226 227 228 229 228 228 228 226 225 223 222 220 219 219 217 216 215 213 210 207 208 209 209 209 209 209 208 203 202 201 202 202 205 205 206 207 209 211 213 215 215 216 218 222 225 226 227 230 231 232 232 233 235 237
256 248 247 257 260 262 264 265 265 267 267 267 266 269 271 275 278 280 282 284 290 299 304 310 316 322 330 332 337 340 343 345 347 348 351 353 352 352 352 353 354 354 353 360 362 369 374 381 385 390 394 398 400 401 404 405 406 406 404 404 404 402 402 402 401 400 399 398 396 395 392 390 390 391 396 398 395 391 393 392 392 393 395 397 399 400 400 399 399 399 399 399 400 400 400 399 397 394 392 391 389 387 385 384 383 382 381 378 371 368 364 361 358 355 356 356 353 352 350 351 349 348 346 343 345 353 358 361 363 366 369 372 373 374 376 378 383 386 393 398 401 405 407 406 405 403 400 398 396 393 390 387 384 382 380 378 374 371 368 366 363 360 356 353 349 346 343 340 337 335 332 330 327 324 322 318 315 315 313 308 307 301 297 292 290 286 285 284 281 277 276 273 271 260 263 255 263 256 264 267 266 269 275 279 283 286 289 292 297 300 304 307 310 313 316 318 319 321 321 322 323 324 324 324 324 325 325 326 327 329 330 333 336 337 340 343 347 351 354 356 359 363 367 369 373 375 378 380 383 384 385 385 384 376 372 363 359 356 353 350 350 350 349 346 344 341 338 336 331 328 325 323 322 320 320 318 317 316 315 314 313 314 313 312 311 306 301 297 294 292 289 286 285 284 282 283 282 282 281 281 280 279 278 277 276 274 272 271 268 267 266 263 261 258 256 254 252 249 247 245 244 241 240 239 237 236 236 234 234 232 230 230 229 230 228 227 227 226 225 225 225 224 225 225 224 224 224 225 226 227 227 227 227 226 225 224 221 220 218 218 217 216 215 212 207 208 211 211 210 210 210 210 209 208 205 202 202 201 203 204 205 206 208 209 211 213 213 216 218 221 223 225 226 227 229 230 230 232 233 235
252 243 248 253 256 258 261 262 262 264 264 265 265 266 268 271 274 275 277 284 290 296 303 308 314 320 328 331 334 338 340 342 344 345 348 349 349 349 349 349 349 348 352 355 358 363 370 376 381 385 388 392 394 397 399 402 403 403 403 402 401 400 399 399 398 397 395 394 392 388 387 384 382 384 389 392 387 387 388 389 389 390 393 395 397 399 399 399 398 399 399 399 401 400 402 403 400 396 395 393 390 389 387 385 384 383 382 378 374 370 365 361 358 359 361 359 357 356 353 352 351 350 349 346 343 351 355 359 362 365 367 370 372 373 375 378 381 383 387 394 399 402 404 404 404 402 399 397 394 391 389 386 384 381 379 376 373 369 366 362 359 358 354 351 349 346 342 340 337 335 332 330 327 325 322 317 316 316 311 308 307 301 296 292 290 287 285 283 280 277 274 272 270 268 263 255 253 254 261 265 264 268 273 279 282 284 287 290 292 297 300 303 306 309 312 314 316 317 318 319 320 321 321 321 322 322 322 323 325 326 328 331 333 336 339 341 345 348 352 355 358 362 365 370 373 374 376 379 382 383 384 383 382 379 374 369 361 358 356 353 352 351 350 347 344 342 339 336 332 329 326 324 322 321 319 317 316 316 314 314 313 313 313 312 309 306 302 297 294 291 288 286 285 283 283 283 283 282 281 281 281 279 278 277 275 273 273 271 269 267 266 264 262 258 257 254 252 250 247 245 244 242 240 239 238 237 235 234 233 232 232 231 230 229 229 227 226 226 226 226 225 224 224 224 224 224 224 224 225 226 225 225 225 224 222 222 221 220 219 218 217 216 213 210 208 214 213 212 212 212 212 212 209 208 206 205 201 201 201 204 204 204 206 207 210 210 212 215 217 218 220 223 224 225 227 227 229 230 232 234
246 238 240 247 251 256 258 257 260 262 261 260 262 264 267 266 268 274 280 284 290 297 301 306 312 319 325 330 332 335 338 340 340 343 344 345 346 346 345 345 342 346 349 351 354 359 365 370 374 379 384 388 389 393 397 400 400 401 401 400 399 398 397 396 395 394 393 391 387 383 381 377 374 377 381 383 380 382 383 384 385 387 390 393 395 397 398 398 398 398 399 400 401 401 403 405 402 400 397 394 391 389 389 388 385 383 381 379 375 371 366 360 359 361 365 363 361 359 358 355 354 352 351 348 343 348 354 357 360 363 366 368 370 372 375 378 379 380 382 388 395 398 400 401 401 400 399 396 393 390 388 386 383 381 378 375 372 368 365 361 358 356 352 350 348 345 341 340 337 334 332 329 326 323 321 319 318 315 310 308 304 300 295 289 289 286 284 282 277 274 272 270 268 265 261 259 253 251 255 262 261 266 270 276 281 282 285 288 291 294 297 300 302 305 308 311 313 315 315 316 317 318 318 319 319 319 319 319 322 323 326 329 332 335 338 340 343 346 350 353 356 360 364 368 371 374 376 379 380 382 383 383 382 379 374 370 365 362 359 356 355 353 351 349 345 342 341 336 332 329 328 325 322 320 320 317 315 315 314 313 313 313 311 310 309 307 302 297 294 291 289 286 285 284 283 283 283 282 280 281 281 280 278 277 274 274 273 271 269 267 266 264 262 259 257 255 254 252 248 246 245 243 242 239 238 237 236 234 233 232 231 232 230 230 229 228 227 226 226 226 224 224 224 224 224 224 224 223 224 225 224 224 223 224 221 220 219 219 218 217 217 215 212 210 215 215 215 215 214 213 212 212 210 208 206 205 202 200 200 202 202 203 204 206 208 209 212 214 215 217 220 221 222 224 225 226 228 229 230 232
242 230 237 244 249 254 254 254 257 259 260 258 261 263 263 268 271 274 279 284 289 296 298 305 311 317 323 327 329 332 335 337 338 339 341 342 343 343 341 341 337 342 345 348 352 356 360 363 367 374 377 380 384 387 392 396 398 399 398 398 397 396 395 394 393 392 390 388 384 381 376 371 369 371 373 373 374 376 377 378 380 383 387 389 391 393 395 396 397 397 399 400 401 402 404 407 404 400 398 396 393 390 390 389 387 385 382 379 376 370 366 362 363 364 368 367 365 363 361 359 357 355 351 349 346 345 351 355 358 361 364 366 369 370 375 377 378 379 380 384 390 393 394 397 397 397 396 394 391 389 387 384 383 381 378 374 371 366 363 360 357 353 350 348 346 343 341 338 336 334 331 328 323 322 320 317 316 314 311 309 304 294 290 287 287 283 280 276 273 269 272 266 267 265 261 255 253 252 250 252 259 262 267 273 278 281 284 286 289 290 293 296 299 301 304 307 309 310 313 313 314 315 315 316 316 316 315 318 319 321 324 327 330 333 336 339 341 345 348 351 355 359 362 365 369 372 375 378 380 380 380 381 380 378 375 370 367 364 362 360 357 355 353 349 346 343 341 338 333 330 328 325 323 321 320 317 315 315 314 313 312 312 311 311 310 307 299 296 292 290 288 287 285 284 283 283 283 282 278 281 281 279 278 276 275 273 272 270 268 268 266 264 262 259 258 256 254 250 249 247 245 243 242 240 238 238 237 235 234 233 232 231 230 231 229 229 228 227 226 226 225 224 224 224 224 223 223 223 223 224 223 224 223 223 221 220 220 219 218 217 215 211 209 217 217 217 217 216 215 215 214 213 211 210 208 205 204 201 200 200 200 202 204 206 208 209 211 212 214 216 218 219 221 222 224 225 227 227 229 231
230 232 238 244 247 251 251 253 257 258 252 259 257 259 264 266 270 274 279 284 290 295 299 304 309 315 319 322 326 330 331 333 334 336 338 339 340 339 339 338 337 339 343 346 349 353 356 359 363 367 370 372 378 383 388 392 394 396 396 395 395 394 393 391 390 390 388 386 382 377 371 365 363 365 365 368 369 369 370 371 374 379 382 385 387 389 390 393 397 398 400 401 400 401 404 408 406 401 399 397 393 391 390 388 388 386 384 379 378 370 366 365 366 369 372 372 370 368 366 364 360 356 352 351 350 346 349 354 357 360 363 365 367 370 372 374 377 378 379 382 386 388 389 392 392 393 392 391 389 387 386 383 381 380 376 373 370 366 363 360 355 351 349 345 344 343 339 336 334 331 328 325 314 315 308 309 312 310 306 305 298 293 297 294 291 287 282 277 274 269 270 267 263 264 263 256 254 252 249 251 254 257 263 269 274 278 282 283 286 287 290 293 295 298 300 303 306 308 310 310 311 313 314 314 314 314 312 315 316 318 322 325 328 331 334 337 340 343 346 350 353 357 361 363 367 371 374 377 379 380 380 380 379 377 375 373 369 365 361 361 360 357 354 351 349 346 344 340 334 331 329 326 323 321 318 316 315 314 313 313 312 312 311 310 310 306 299 295 293 291 288 286 285 284 282 283 282 281 278 280 280 279 278 276 274 272 272 270 268 268 266 264 262 260 258 257 254 250 248 247 246 243 242 241 240 238 237 236 235 234 233 232 231 229 230 230 228 227 227 226 225 225 224 224 223 223 223 223 222 223 223 223 223 222 222 220 220 219 217 217 214 210 217 218 219 219 219 218 217 217 215 214 213 211 208 206 204 201 200 199 200 204 204 205 206 208 209 210 212 214 216 218 219 222 223 225 226 227 228 230
226 231 238 242 246 247 248 252 254 253 248 254 259 261 263 265 269 274 279 285 289 294 298 302 308 312 317 320 325 327 329 329 332 333 335 336 337 335 334 330 333 335 339 343 346 349 351 355 357 360 363 368 375 382 385 389 391 393 394 393 392 392 391 390 389 388 387 384 381 375 367 361 359 359 360 362 363 364 364 366 370 375 378 381 383 384 386 390 395 398 400 401 402 402 403 408 407 403 400 396 395 392 390 388 387 386 385 380 377 372 367 368 371 374 376 378 375 373 370 367 363 359 356 353 352 351 346 352 356 359 362 364 366 369 372 374 376 377 378 380 384 384 387 388 389 389 389 388 386 385 384 381 380 379 375 373 369 365 362 357 354 352 348 345 343 341 339 333 329 325 326 316 318 319 316 314 313 311 308 304 299 301 298 296 294 289 284 279 276 274 271 267 266 264 261 258 255 252 248 251 253 255 259 263 269 273 277 279 282 285 287 289 292 294 296 299 302 305 306 307 309 309 310 311 312 312 309 313 314 317 320 323 326 329 332 335 338 341 344 348 351 355 358 362 366 370 373 376 378 379 379 380 379 377 375 374 370 367 365 364 362 359 357 354 352 349 346 341 338 334 331 327 324 321 319 317 315 314 313 313 312 311 310 309 307 305 298 296 293 290 286 285 284 283 282 282 281 281 278 277 279 278 277 275 273 272 271 269 268 267 266 264 262 260 258 256 254 251 248 246 245 244 242 240 241 239 238 237 235 234 233 232 232 231 229 229 228 228 227 226 226 224 224 223 224 222 223 222 222 222 221 221 222 221 221 220 219 216 213 214 214 216 218 219 220 220 220 220 219 218 217 215 213 210 208 206 206 204 201 200 199 199 203 203 205 207 209 210 211 212 214 216 218 221 222 224 225 227 228 229
224 231 237 230 236 237 241 241 247 256 257 258 259 261 263 266 271 275 280 284 288 293 297 300 304 309 313 316 321 325 326 326 329 331 331 333 333 332 331 326 328 333 337 340 343 345 347 349 352 353 358 366 375 381 383 386 389 392 392 392 391 389 388 389 389 388 386 382 378 371 365 357 353 355 355 355 355 357 360 362 368 372 375 377 378 380 384 386 392 396 399 401 402 402 403 405 405 403 400 398 395 393 391 388 387 387 386 381 377 371 368 373 375 378 381 381 380 378 375 372 368 364 360 357 354 353 349 349 353 357 360 363 365 368 369 372 373 376 377 379 382 383 384 385 385 385 386 386 384 384 381 379 378 377 375 372 368 365 361 357 354 351 348 345 343 340 337 334 332 327 322 323 321 318 316 316 314 311 305 304 302 300 297 295 295 291 282 281 279 276 273 270 268 267 263 259 254 250 248 249 251 251 253 258 262 267 272 275 278 281 284 286 287 290 293 295 298 301 302 305 306 306 307 308 309 309 305 311 312 315 317 320 324 326 330 333 336 339 343 346 349 353 357 360 365 368 371 374 377 379 379 379 378 377 376 374 372 370 367 365 363 362 358 358 354 351 348 343 341 336 333 329 325 322 319 318 315 314 313 311 311 310 309 308 306 304 299 296 293 289 288 286 284 282 281 281 280 280 277 276 277 278 277 275 273 271 270 268 267 267 265 263 262 260 258 256 255 253 250 247 245 243 243 241 239 239 239 236 235 234 234 233 233 231 230 230 229 229 228 227 226 225 224 224 223 223 222 223 223 222 221 221 221 220 220 217 216 215 216 216 218 219 220 220 221 222 222 222 221 221 218 217 215 211 212 209 206 204 201 200 199 199 202 202 204 206 208 208 210 211 213 215 217 219 221 223 225 227 227 228
222 228 226 235 243 248 251 254 256 257 258 259 259 261 263 266 271 277 281 284 287 291 295 300 303 306 309 312 318 321 323 324 326 328 328 328 330 329 328 325 327 330 333 336 337 339 341 344 342 350 357 366 373 377 381 383 385 389 389 389 388 387 386 386 387 386 384 380 377 371 365 358 352 350 349 350 350 352 354 360 365 369 372 373 373 376 380 383 387 392 396 399 401 402 402 403 403 404 401 398 396 394 392 389 388 387 387 383 377 372 370 373 379 383 384 385 384 382 380 377 374 370 365 361 357 355 352 347 351 356 359 361 364 367 368 370 372 374 376 378 381 382 383 384 385 383 384 382 381 380 378 377 376 375 374 371 368 365 361 356 354 351 348 344 343 340 338 334 331 328 324 323 321 318 316 313 311 308 307 305 301 297 296 295 295 293 288 284 281 278 275 271 270 267 264 261 256 252 247 249 248 249 251 253 257 261 265 269 275 277 280 283 285 287 290 292 295 297 299 301 303 303 304 305 307 306 305 309 310 312 315 318 321 324 328 331 335 337 341 344 347 351 355 359 362 366 369 372 375 378 379 379 379 379 378 374 372 371 370 367 365 364 362 361 357 354 349 348 344 340 336 333 326 323 319 318 315 314 313 311 310 309 308 307 305 302 298 297 291 290 288 285 283 281 280 279 279 278 276 276 277 277 276 274 272 271 269 269 268 266 264 263 261 260 259 257 255 252 249 248 246 243 242 241 240 239 238 237 236 235 233 233 232 232 231 230 229 229 227 228 226 226 225 225 224 223 222 222 222 221 221 220 219 219 217 216 219 218 219 219 220 220 221 222 223 224 224 224 223 222 220 218 215 212 209 207 205 203 202 200 199 199 199 201 202 204 206 208 209 211 213 215 216 219 221 224 226 225 226 227
222 229 234 237 244 249 252 254 256 258 258 259 260 260 263 267 272 276 280 283 286 290 294 299 302 304 305 309 313 315 317 318 321 323 324 326 327 326 324 321 325 328 330 331 332 333 334 337 339 350 357 364 370 375 378 382 382 383 385 385 385 384 381 383 382 381 379 377 374 369 363 359 352 344 345 345 345 345 352 358 362 365 368 369 369 372 375 379 383 388 393 396 399 401 401 402 402 402 400 399 396 395 393 390 388 386 384 380 375 372 370 375 380 385 388 389 388 386 385 383 378 375 368 363 360 357 353 350 348 350 358 361 363 365 366 368 370 373 374 376 379 381 383 384 384 383 384 382 381 380 379 377 376 374 373 370 367 364 360 357 354 351 347 344 341 338 335 333 332 328 326 324 320 318 316 312 309 308 307 302 300 297 296 296 294 293 290 286 284 281 278 273 271 268 265 262 258 253 246 246 247 248 248 249 253 258 260 265 271 274 277 279 282 284 287 290 292 294 296 298 300 301 302 302 304 303 303 306 308 310 313 315 319 322 325 330 333 335 339 342 345 350 354 357 361 364 368 371 375 377 379 379 379 379 377 374 373 372 371 370 366 365 364 363 359 356 354 352 348 343 338 334 328 325 320 318 315 313 312 311 310 308 307 306 304 301 298 292 292 290 287 285 282 281 280 278 278 277 275 273 275 275 274 273 272 271 269 267 267 265 263 262 261 259 258 257 255 253 250 247 246 245 242 241 241 239 238 236 235 235 235 233 233 232 230 230 230 229 227 227 226 225 224 224 223 223 223 222 222 221 221 221 221 220 221 220 220 220 220 220 220 221 223 224 224 224 224 224 224 223 221 219 216 213 210 208 206 205 204 201 198 198 198 199 201 203 205 207 209 210 212 214 217 218 221 223 225 225 225 226
221 232 236 237 245 250 253 255 256 257 258 258 259 260 263 267 271 275 279 282 285 288 295 297 298 301 302 305 308 311 313 318 318 320 322 321 322 321 321 316 320 323 326 327 326 327 329 331 342 349 357 362 367 368 374 379 380 381 382 383 381 379 376 377 376 373 373 373 371 368 364 359 353 346 339 341 338 344 350 355 359 362 365 365 365 368 371 374 378 384 389 393 397 399 400 400 399 399 399 397 396 394 393 391 389 388 384 380 375 373 371 372 379 385 389 392 392 390 390 387 383 379 373 368 363 358 354 353 353 350 354 359 361 362 364 366 369 372 373 375 378 380 383 384 385 385 385 383 381 380 379 377 375 374 372 370 368 365 361 357 352 350 345 343 341 338 337 334 332 328 325 325 321 317 315 312 309 308 305 303 300 297 296 295 295 294 291 289 286 283 280 275 273 270 266 263 258 253 245 245 245 245 245 246 250 253 256 261 266 270 273 276 278 281 284 287 290 292 292 294 297 298 299 300 301 300 301 304 306 308 310 312 316 319 322 326 329 334 336 340 343 347 352 356 360 363 367 371 373 376 377 379 380 378 377 375 375 374 373 370 369 366 365 365 362 359 357 354 350 345 340 337 330 325 321 319 315 314 312 311 309 307 305 304 302 301 295 295 292 289 286 284 282 280 278 277 275 274 273 273 273 274 274 272 271 270 268 267 265 264 263 261 260 259 258 257 254 253 251 248 245 244 243 242 241 240 238 237 236 235 234 235 233 232 230 230 230 230 227 227 228 226 225 224 224 223 224 223 223 222 222 221 221 221 221 220 220 221 221 220 221 222 223 225 225 225 226 226 226 224 222 220 217 215 212 210 207 206 205 201 200 198 198 198 201 202 204 206 208 210 212 213 216 218 219 221 223 224 225 226
227 232 232 238 246 251 253 255 256 257 258 258 259 260 263 267 271 274 277 280 283 288 293 293 296 299 301 302 304 305 309 314 316 316 316 318 320 319 317 314 317 319 322 322 322 322 330 336 342 349 354 358 363 366 370 374 376 378 379 378 376 373 372 371 371 371 370 369 368 366 365 361 355 347 340 331 334 342 347 352 356 359 360 361 359 363 367 371 374 380 386 391 394 397 398 398 397 396 395 395 394 392 391 389 387 386 384 380 375 373 373 374 379 383 387 391 391 393 393 391 387 383 377 372 367 361 358 356 354 351 351 356 359 360 363 365 367 369 372 375 377 379 383 385 387 388 388 388 384 381 379 378 377 375 372 369 368 364 360 358 353 350 346 345 341 339 337 336 333 328 325 324 321 317 314 311 309 307 305 303 301 298 296 295 295 294 293 291 288 285 282 277 274 271 267 263 257 253 248 244 242 242 242 245 247 250 252 257 262 268 271 272 275 278 282 284 287 289 290 291 293 295 297 298 299 297 299 302 305 306 308 310 314 317 320 323 327 331 334 338 341 345 350 355 358 362 366 369 372 376 377 378 380 377 376 376 374 373 372 374 374 372 369 367 365 362 359 356 352 347 342 338 333 326 323 320 317 316 310 309 307 306 304 302 298 298 296 294 291 288 285 283 281 279 278 276 275 273 271 271 273 273 272 271 270 269 267 266 265 263 263 261 259 259 258 256 256 253 250 249 247 244 242 241 241 240 239 238 236 235 235 235 234 233 232 231 230 229 228 227 226 227 226 225 224 224 224 223 224 225 223 222 222 222 221 220 221 221 221 221 222 223 224 226 226 227 227 227 227 225 223 221 219 217 213 211 209 206 205 203 200 199 198 198 199 201 203 205 207 209 212 213 215 217 219 221 223 224 225 225
228 229 234 241 247 251 253 255 256 257 257 258 258 259 262 266 269 273 275 278 281 284 287 290 293 296 299 300 300 302 304 309 311 314 315 315 316 315 313 312 314 315 317 317 318 324 329 335 341 345 350 355 358 362 363 368 372 374 374 373 370 368 367 365 368 369 369 368 369 368 367 363 357 347 339 332 332 338 344 348 352 354 356 357 354 357 364 368 374 377 383 389 393 395 396 395 395 393 393 393 391 390 389 387 386 385 383 380 375 373 374 373 379 383 388 391 392 394 395 393 391 386 381 377 372 365 362 359 357 355 353 353 357 358 360 363 365 368 371 373 376 380 383 385 388 390 391 391 389 384 381 379 378 375 372 370 368 364 360 357 354 349 349 345 342 340 337 334 331 327 326 324 322 317 314 312 309 307 306 304 301 298 296 296 295 295 294 292 290 287 284 278 275 272 266 261 255 251 249 246 244 242 242 243 244 246 248 253 259 264 265 268 272 276 279 282 284 286 287 288 291 293 294 296 297 295 297 298 301 303 305 308 312 315 318 321 324 328 332 336 339 343 347 352 357 361 364 368 371 373 376 376 377 377 376 375 374 372 372 377 378 375 373 369 367 365 362 359 354 349 344 340 335 329 324 320 316 313 310 308 306 304 302 300 300 299 295 293 290 287 284 283 281 278 277 276 274 272 271 270 271 271 270 270 269 268 266 265 264 263 262 260 259 258 258 256 256 254 250 247 247 244 242 241 241 241 239 238 237 236 235 234 233 234 234 231 232 230 228 228 227 227 226 225 224 224 224 224 223 223 224 224 224 223 223 222 222 222 222 222 223 224 226 227 227 228 228 228 228 226 225 223 221 218 216 214 211 206 203 204 202 199 197 198 199 200 203 205 207 209 212 213 215 217 219 222 223 224 225 226
226 231 238 243 248 251 252 253 255 256 257 257 257 257 261 265 268 271 274 276 279 282 288 288 291 294 296 297 299 300 301 303 306 311 314 314 312 312 310 310 311 312 313 312 317 322 328 332 338 344 347 349 352 355 356 361 366 367 368 367 365 363 361 358 363 365 367 368 369 369 368 363 357 348 338 331 325 332 337 343 346 350 352 352 348 356 361 367 371 375 380 386 390 394 395 395 393 392 391 392 390 389 387 385 384 383 381 379 376 374 373 376 380 383 387 390 391 394 395 394 393 389 386 382 377 371 367 363 361 357 356 354 354 355 358 361 363 365 369 373 376 379 383 386 388 390 393 393 391 388 384 381 379 376 373 369 367 365 361 356 354 353 347 345 342 339 336 332 331 327 326 324 321 317 315 312 309 307 305 303 300 298 297 296 295 295 294 293 291 289 285 281 277 273 267 261 257 254 251 248 245 241 241 241 242 244 247 251 257 259 263 265 268 273 277 280 282 284 285 286 289 291 293 295 295 295 292 295 299 301 304 307 310 313 316 319 322 327 330 334 337 340 344 350 355 359 363 367 370 373 375 375 376 375 376 375 374 373 374 378 380 379 375 371 368 367 365 361 356 352 347 341 336 329 326 320 316 312 310 308 304 303 302 301 300 298 295 293 290 287 284 282 279 277 276 274 272 270 269 269 269 269 269 269 268 266 264 264 263 262 260 259 258 257 257 258 255 253 250 248 246 246 243 242 241 241 239 238 236 236 235 235 235 233 234 233 232 231 230 230 228 227 226 226 225 225 225 224 223 223 223 224 224 223 224 224 224 224 224 223 224 225 227 228 228 229 229 229 229 227 225 224 222 219 216 213 210 207 205 203 202 200 198 197 197 199 202 204 206 208 210 213 215 217 220 222 223 224 225 224
229 233 238 243 248 250 251 251 254 255 255 255 255 257 260 263 266 269 268 269 273 277 284 284 289 286 290 294 297 299 300 301 302 305 309 309 308 308 306 306 307 309 310 311 315 321 326 330 335 338 340 343 344 347 349 354 357 359 360 358 356 355 353 352 356 362 366 368 368 369 368 362 356 347 338 330 321 327 332 338 343 347 346 346 348 354 359 364 369 374 378 383 387 390 393 393 391 390 389 389 388 387 386 384 383 381 380 378 375 374 373 376 380 384 386 389 390 392 394 394 393 390 389 385 380 375 371 368 364 361 357 356 355 356 357 359 361 364 368 372 376 379 383 386 389 391 393 393 392 391 388 385 381 377 373 370 367 365 361 357 354 352 347 344 342 340 336 334 331 327 327 324 320 317 315 312 309 308 304 303 301 298 296 295 295 296 295 293 291 289 286 282 278 274 268 263 260 257 253 249 245 243 239 239 240 242 245 250 255 259 260 263 266 270 275 277 280 281 282 285 287 289 291 293 294 293 291 293 297 299 302 305 308 312 315 317 320 323 327 331 335 338 343 348 354 357 362 365 369 372 374 374 376 375 375 375 374 374 375 379 381 379 376 373 370 367 365 363 358 353 347 342 339 331 326 320 316 312 310 306 304 303 302 300 299 297 295 293 289 286 283 280 278 276 275 273 271 269 267 268 269 268 268 267 266 264 263 262 261 260 259 258 257 256 256 255 254 252 250 249 249 244 244 243 242 241 239 237 236 236 235 234 234 233 233 233 232 231 230 229 229 228 227 227 226 226 225 225 224 224 224 224 226 225 225 225 224 225 225 226 226 227 228 229 229 230 230 230 229 227 226 224 222 220 218 215 212 209 207 205 203 202 200 197 196 198 201 203 204 207 210 212 215 217 219 222 223 223 224 225
225 231 236 243 246 248 247 247 253 253 252 253 254 256 257 260 260 264 271 275 278 281 286 289 292 294 293 293 296 298 299 299 300 302 304 304 305 305 304 304 305 306 308 310 314 319 324 328 331 332 334 336 337 339 340 346 348 351 351 350 348 346 346 347 353 361 365 367 367 367 365 360 354 346 338 330 318 322 328 335 340 342 341 339 343 350 355 359 365 371 375 379 382 386 388 388 387 386 386 386 385 383 383 383 382 380 379 375 375 374 373 376 380 383 386 388 389 390 392 393 392 391 389 387 384 381 377 372 369 364 359 358 356 356 356 357 359 363 368 371 376 380 383 386 389 391 392 393 392 392 391 388 384 379 374 370 367 364 361 358 355 352 349 346 343 340 337 335 332 328 327 324 319 317 315 312 310 306 305 304 301 298 295 295 295 295 294 293 292 289 287 283 280 275 272 268 264 261 256 251 248 246 243 241 239 238 247 251 255 256 258 261 264 269 272 276 277 278 281 283 285 287 289 291 292 291 288 292 295 298 301 304 306 310 313 316 318 321 323 328 333 337 341 346 351 355 359 363 368 370 372 375 375 375 375 375 374 374 375 379 383 382 380 377 373 368 366 363 359 354 349 343 337 330 324 320 316 311 307 306 304 302 301 300 298 297 295 292 288 285 283 280 277 275 274 273 271 269 267 267 267 267 267 266 265 262 261 259 258 258 257 257 255 255 255 255 253 252 252 249 247 245 244 243 243 242 239 238 237 236 235 235 234 234 234 233 233 232 230 229 229 228 227 228 227 226 225 225 225 225 225 226 227 226 226 226 226 226 226 227 227 228 229 230 230 231 231 231 230 229 228 227 224 221 220 217 214 211 208 207 204 203 200 197 196 198 201 202 204 207 209 211 213 216 219 220 221 223 224 225
223 228 234 242 244 245 242 246 250 251 249 252 254 251 255 261 264 267 271 275 278 282 286 290 293 295 295 295 294 297 297 298 299 299 300 302 303 301 301 301 303 303 306 307 311 317 321 324 325 326 327 329 330 332 334 339 341 343 343 341 340 340 340 347 353 361 362 364 365 364 360 356 351 344 336 328 316 320 326 333 336 336 332 341 346 350 354 358 362 366 369 373 376 380 383 385 385 384 384 383 382 382 382 381 379 378 375 373 371 372 373 376 379 382 384 386 388 388 388 391 391 390 390 388 387 385 381 378 373 367 361 359 357 356 356 357 359 363 366 371 376 381 385 387 389 390 392 392 392 393 393 390 386 380 376 370 367 365 362 359 356 353 350 347 343 341 338 336 333 329 326 323 320 318 314 312 308 307 305 304 302 299 295 294 294 295 295 293 292 289 287 284 281 279 275 271 267 264 260 254 250 248 246 245 244 238 247 251 255 253 257 260 263 266 271 272 273 277 280 281 283 285 286 288 290 290 285 291 293 296 299 302 305 308 311 314 317 318 321 325 330 335 339 344 349 353 357 362 366 371 373 374 374 375 375 375 375 375 377 380 383 384 381 378 374 369 366 363 359 355 350 345 338 331 324 319 316 313 311 307 305 302 300 299 297 295 292 290 286 282 280 279 276 274 273 272 270 267 266 266 267 267 266 265 264 262 259 258 258 254 255 255 254 254 253 253 252 251 250 248 247 245 243 243 243 241 240 237 237 237 236 235 234 235 234 233 232 231 230 229 230 229 228 228 228 227 227 226 227 228 228 229 230 228 228 230 229 228 228 228 228 228 229 230 230 230 231 231 230 229 228 226 224 222 221 217 214 211 209 207 206 202 201 196 196 196 199 201 203 206 208 211 214 216 217 220 223 223 224 225
223 226 235 239 240 239 241 244 248 246 248 246 250 255 259 262 265 268 272 275 279 283 288 292 294 296 297 296 297 297 299 300 301 300 298 299 301 300 299 299 301 302 304 305 308 313 316 314 321 321 321 323 322 324 327 331 334 335 335 335 334 334 334 342 349 355 358 359 359 358 355 351 347 340 333 325 319 313 323 329 332 328 335 342 348 352 355 357 361 363 365 368 370 372 375 377 379 379 380 379 380 379 378 377 377 376 372 369 369 370 372 375 378 380 384 384 385 385 386 387 389 390 389 389 389 386 383 381 374 370 365 361 359 357 357 358 360 364 368 371 376 382 386 388 389 390 391 391 391 392 393 391 386 381 376 371 367 365 362 359 356 354 351 348 345 342 339 337 334 330 326 325 321 318 313 310 310 307 304 303 302 299 296 294 295 295 294 293 291 290 288 286 284 281 279 275 271 267 262 257 253 251 250 249 248 237 247 250 253 252 257 259 262 264 268 267 273 276 278 280 282 283 285 287 288 282 284 290 292 294 298 301 304 307 310 313 315 317 319 322 327 332 336 341 346 351 355 360 365 369 372 374 374 375 375 375 375 376 378 381 383 384 382 379 375 370 366 363 359 355 352 345 339 331 325 319 314 312 310 307 304 302 300 298 297 295 291 289 286 283 279 277 276 275 274 272 270 267 266 265 266 265 265 264 263 261 260 257 256 255 254 253 254 253 252 252 250 251 249 247 246 245 243 243 242 242 240 239 238 237 236 236 235 235 234 234 233 232 231 230 229 229 229 229 228 228 228 228 228 229 229 230 231 231 230 231 230 229 228 228 229 229 230 230 230 230 231 231 230 229 228 226 224 222 220 218 215 211 209 205 204 202 201 201 198 196 197 201 202 205 208 211 211 214 219 220 221 223 224 225
