# 400 400
234 235 235 235 234 233 232 232 231 231 232 232 232 231 229 227 226 226 225 225 224 224 224 224 224 224 223 223 223 224 233 225 224 224 224 224 225 227 226 227 227 227 229 230 230 230 231 230 229 228 228 228 230 229 218 223 222 221 221 228 233 236 235 239 240 242 242 241 242 240 240 240 240 240 240 240 241 242 243 245 246 247 249 251 252 254 256 257 256 256 257 258 260 261 263 265 269 273 276 278 278 279 280 280 280 279 279 278 277 276 275 274 273 272 271 271 270 269 269 269 269 270 272 272 273 274 274 275 274 274 273 272 271 270 269 268 266 264 264 263 261 261 262 263 263 264 264 264 263 263 263 262 261 261 260 259 259 259 260 260 260 260 260 260 259 259 259 258 258 258 258 257 257 257 258 258 257 258 260 260 260 261 261 261 260 259 257 254 251 253 254 254 255 256 257 258 258 258 257 256 255 255 255 253 252 251 249 247 245 243 240 238 237 233 232 229 228 226 225 224 224 223 224 226 227 228 232 236 237 237 236 236 237 237 235 233 232 233 234 234 233 231 230 230 229 229 230 230 230 230 229 228 228 226 223 223 225 227 229 233 234 234 233 231 230 229 229 228 227 225 223 221 220 220 222 224 225 225 224 224 224 224 224 224 224 224 225 226 227 227 228 227 227 228 227 225 224 225 225 226 228 228 228 228 229 230 232 233 233 233 233 233 233 234 234 234 233 232 232 231 231 230 229 229 228 227 227 226 225 225 225 225 225 224 224 223 223 222 222 222 222 221 221 221 221 220 221 222 222 221 220 219 217 217 215 215 215 217 217 217 216 215 213 212 210 210 209 207 207 207 208 208 209 209 209 211 213 215 218 219 218 218 218 218 218 218 218 219 218 218 216 214 214 215 217 218 218 217 216 215
233 234 234 234 233 231 229 229 228 228 228 228 228 228 227 226 226 225 225 225 225 225 225 224 224 224 223 224 224 232 225 224 225 224 224 224 225 226 226 227 227 227 229 229 229 229 229 228 228 227 228 229 227 220 218 218 222 221 222 228 237 238 240 240 241 241 242 242 243 243 243 243 242 241 241 242 243 244 245 245 246 247 248 249 251 252 254 256 257 258 258 260 261 262 263 266 269 273 276 278 279 280 280 281 280 280 279 278 277 276 275 274 273 272 271 270 270 270 270 270 271 272 274 274 275 276 276 276 275 274 274 273 272 271 270 269 268 266 266 264 262 263 264 264 264 265 265 264 264 264 263 263 262 262 261 261 261 261 261 261 261 260 260 260 260 260 260 259 259 259 258 258 258 257 257 258 258 259 259 259 260 260 260 260 259 258 256 254 251 254 254 254 255 256 257 257 257 255 254 252 251 252 252 251 250 248 247 245 242 239 237 235 233 231 229 228 226 225 225 225 225 225 225 226 229 231 235 238 239 239 238 238 238 238 236 235 234 235 236 236 234 233 232 231 231 230 230 230 230 230 229 228 228 226 224 225 227 229 234 235 231 233 232 231 230 229 227 228 227 226 224 222 221 220 221 223 224 225 224 224 225 225 225 224 224 225 226 228 229 229 229 229 229 229 228 227 226 225 226 226 228 228 228 229 230 230 232 232 233 233 233 233 233 233 233 233 232 231 231 231 231 230 230 229 228 227 226 225 225 225 225 225 225 224 224 224 223 223 222 222 222 222 221 221 220 220 220 220 220 220 219 218 216 216 215 215 215 215 215 214 214 214 214 212 211 210 209 208 207 207 208 208 209 209 210 211 212 215 217 218 219 219 219 219 219 219 219 219 218 218 217 215 214 214 215 216 217 216 215 214
232 232 233 231 230 228 229 230 230 230 229 229 228 228 227 226 226 225 225 225 225 225 224 224 223 223 224 222 231 224 224 222 223 224 225 227 226 226 226 226 227 228 228 227 227 227 227 228 227 228 229 232 230 220 218 218 225 226 227 231 237 238 238 239 240 241 243 243 243 244 244 244 244 243 243 245 246 247 248 248 248 248 249 250 250 251 253 255 257 258 259 260 261 262 264 266 268 272 275 277 279 280 281 281 281 280 279 278 278 277 276 275 274 273 272 271 271 272 272 272 273 275 275 276 277 277 277 277 276 275 275 274 273 272 271 270 269 267 266 265 264 264 265 265 265 265 265 265 265 264 264 264 263 263 262 262 262 262 262 262 261 261 261 261 260 260 260 259 259 259 258 257 257 257 257 257 257 257 257 257 258 259 259 258 257 256 254 251 251 253 254 254 254 255 256 256 255 253 251 249 248 248 248 248 248 246 244 241 238 236 234 234 232 230 228 226 226 225 225 225 225 226 226 228 231 234 237 240 241 241 241 240 240 239 237 236 236 237 238 238 237 235 233 232 232 231 231 231 231 230 229 228 228 226 224 226 228 232 235 236 236 231 231 231 230 230 230 229 227 228 225 224 221 220 221 223 224 225 224 224 225 225 225 225 225 226 228 229 230 230 230 230 230 230 230 229 228 227 227 228 228 229 229 229 230 231 231 231 232 232 232 232 232 233 233 233 232 230 230 230 230 230 230 229 228 227 226 225 224 224 225 225 225 224 224 224 224 223 223 222 222 222 221 220 219 219 218 219 218 218 217 216 215 215 214 213 213 213 212 212 212 212 212 212 211 210 209 208 207 207 208 208 208 209 210 210 211 214 217 218 219 219 219 219 219 219 219 219 219 218 217 215 214 213 214 215 216 216 215 214
231 231 231 230 229 229 231 231 231 232 232 231 231 231 229 227 226 225 225 225 225 225 224 224 224 224 225 230 223 223 222 222 222 224 226 228 227 227 227 226 227 226 226 226 227 227 227 227 228 229 231 229 229 226 225 226 226 228 227 230 236 238 238 241 240 242 242 243 243 244 245 245 246 246 247 248 249 250 250 250 251 251 251 252 253 252 252 254 256 257 258 260 261 263 264 266 268 271 274 277 279 280 281 281 281 280 280 279 278 277 276 276 275 273 272 272 272 273 274 275 275 276 277 277 278 279 279 278 277 276 275 275 274 273 272 271 270 268 267 266 265 265 265 266 266 266 266 265 265 265 264 264 264 264 263 263 263 263 263 262 262 261 261 261 260 260 259 259 259 258 257 256 255 255 255 255 255 255 255 255 254 255 255 255 254 254 253 249 250 252 252 253 253 254 255 254 252 250 247 246 245 245 246 246 246 244 241 238 236 234 234 232 230 229 227 226 225 225 226 225 225 227 228 231 234 237 240 242 243 242 242 242 242 241 239 238 238 239 240 241 239 237 235 234 233 232 231 231 231 230 229 228 228 226 225 225 228 232 236 237 239 237 232 231 232 231 231 231 230 229 227 225 222 221 221 223 224 225 225 225 225 225 225 226 226 227 228 229 230 230 230 230 230 230 230 229 229 229 229 229 230 230 230 230 230 231 232 232 232 231 231 231 232 232 232 232 231 230 229 229 229 230 229 228 227 226 224 223 222 223 223 224 224 224 224 224 224 224 224 223 222 222 222 220 220 219 217 217 217 217 216 215 214 213 212 212 212 211 211 211 210 210 211 211 210 209 209 208 208 207 207 208 208 209 210 211 212 213 215 216 217 219 220 220 219 219 219 219 218 218 217 215 214 213 213 214 215 215 215 214
230 230 230 229 229 230 230 231 232 232 232 232 232 232 231 229 227 226 225 225 225 225 224 224 224 224 230 224 224 223 222 222 222 223 224 226 227 226 226 226 227 226 226 226 227 227 227 229 230 230 231 229 229 229 223 220 220 225 230 230 237 239 238 241 240 241 242 242 243 244 245 246 246 247 248 249 250 251 252 253 253 253 254 255 255 255 254 255 256 257 258 259 261 263 265 266 268 270 272 275 279 280 281 281 281 281 280 280 279 278 277 276 276 274 273 273 274 275 276 276 277 278 279 279 279 280 279 278 278 277 276 275 274 273 272 271 270 269 268 267 266 266 266 266 266 266 266 266 266 265 265 265 265 264 264 263 263 263 263 262 262 261 261 260 260 259 259 259 258 256 254 253 253 253 253 253 253 253 252 252 251 251 252 252 252 251 251 247 249 249 249 250 251 252 252 252 249 246 244 243 242 242 242 242 241 241 239 236 234 232 232 231 229 227 226 225 225 225 226 226 226 228 231 234 236 239 241 243 244 244 244 244 244 243 241 240 241 242 243 242 241 239 237 235 234 233 232 231 231 230 229 228 227 226 225 225 227 231 236 238 240 240 234 233 233 233 233 233 232 231 228 227 224 222 222 224 225 226 226 225 226 227 226 226 227 228 229 229 231 231 231 230 230 230 230 230 230 230 230 229 231 231 231 231 231 231 232 232 231 231 230 231 231 232 232 231 230 229 227 227 228 228 227 227 226 224 223 221 221 221 222 223 223 223 223 224 224 224 224 224 224 223 223 222 220 219 218 216 216 215 214 213 212 211 211 211 211 210 210 210 210 210 210 209 209 209 208 208 208 207 207 208 208 209 209 210 211 213 214 216 218 220 220 220 220 220 219 218 218 218 217 215 214 213 213 214 214 215 214 214
230 230 230 230 230 230 231 231 233 234 233 233 233 233 232 230 228 226 226 225 225 225 224 224 224 230 223 223 223 223 222 222 223 223 223 224 225 225 226 227 227 227 227 227 228 228 229 230 231 231 231 229 229 229 230 226 228 226 230 230 239 238 238 240 241 241 242 243 243 244 244 245 246 247 248 249 251 252 253 255 255 254 257 258 258 257 257 257 257 257 258 259 261 263 265 266 268 270 272 275 279 280 281 282 282 282 281 280 280 279 278 277 277 276 274 274 275 276 277 278 278 279 280 280 280 280 280 279 278 277 276 276 275 273 272 271 270 269 269 268 267 267 267 267 266 266 266 266 266 266 265 265 265 265 264 263 263 263 262 261 261 261 260 259 259 258 258 257 256 253 251 250 250 251 251 251 250 249 249 249 248 247 248 250 249 248 247 245 246 247 247 247 248 249 250 250 248 244 242 239 237 237 236 236 236 236 236 235 232 232 231 229 228 227 226 225 226 226 226 227 228 229 232 236 239 241 244 245 246 246 246 246 246 245 243 242 243 244 245 245 243 242 240 237 235 234 232 232 231 230 229 228 227 227 226 226 226 231 236 239 241 241 238 233 234 234 233 234 233 232 230 227 224 222 223 224 225 227 227 227 228 229 227 228 228 227 229 230 231 231 231 231 231 231 230 230 230 230 230 228 232 232 232 231 232 232 232 232 231 231 230 229 230 231 231 231 230 228 225 224 225 226 225 224 223 222 221 220 219 220 221 221 222 222 222 223 223 224 224 224 224 223 223 223 221 220 218 217 216 215 214 212 212 211 210 210 210 209 209 209 209 209 209 208 208 208 208 208 208 207 208 208 208 209 209 210 211 212 214 217 219 221 222 221 220 220 219 216 216 217 216 216 215 214 213 214 215 214 214 214
231 231 231 231 231 231 231 232 233 234 234 234 233 233 232 231 229 227 226 226 225 224 224 224 230 223 223 223 223 222 223 222 222 224 223 223 225 226 227 227 228 229 229 229 229 229 230 231 231 232 232 233 233 234 234 233 233 233 233 231 238 236 238 240 240 241 242 243 243 244 244 245 246 247 248 249 251 253 254 256 257 256 259 261 261 260 259 260 259 259 260 261 262 263 265 266 268 270 272 275 279 281 281 282 282 282 282 281 281 280 279 279 278 277 275 275 276 277 278 279 280 280 281 281 281 281 280 280 279 278 276 275 274 273 272 271 270 269 269 268 268 267 267 267 266 266 266 266 266 266 265 265 265 264 264 263 263 262 262 261 260 260 259 258 257 256 255 255 254 251 249 248 248 248 249 247 246 246 247 245 244 243 244 246 246 244 241 242 242 243 243 244 245 246 246 246 246 243 239 236 234 233 233 233 233 233 232 231 231 230 229 227 227 226 225 226 226 227 227 227 229 230 234 237 240 243 245 246 247 247 247 247 247 246 245 244 245 246 246 246 245 243 241 238 236 234 233 232 231 230 229 229 228 228 227 226 227 232 237 240 241 241 238 236 235 234 234 235 234 233 232 227 225 223 223 225 226 227 227 230 229 229 230 229 229 229 229 230 231 232 232 231 231 231 231 230 230 230 231 227 232 232 232 232 232 232 232 232 231 230 229 228 229 230 230 230 228 227 224 222 222 223 222 222 221 220 219 218 217 218 218 219 220 220 220 221 222 222 223 223 223 223 223 223 222 220 219 217 216 215 213 212 211 211 210 210 209 209 209 209 209 209 209 208 208 208 208 208 208 208 208 208 208 209 209 210 211 212 215 218 221 223 223 222 222 221 220 219 218 217 217 216 215 214 214 214 214 214 214 214
232 232 233 233 232 232 232 233 234 235 236 235 234 233 232 230 229 228 227 226 225 225 224 230 225 225 223 223 223 223 223 222 222 223 223 223 225 227 227 227 229 230 230 230 230 231 230 231 232 232 232 232 233 233 233 232 233 234 233 234 237 237 238 240 240 241 241 242 242 243 244 244 245 246 248 249 251 253 255 256 258 260 261 262 263 263 263 263 262 263 264 264 265 265 266 267 269 270 272 275 279 281 282 282 282 282 282 282 281 281 280 279 279 277 276 276 276 278 279 280 281 281 282 282 282 281 280 279 279 277 276 275 274 273 272 271 270 269 268 268 267 267 267 267 266 266 266 266 266 266 265 265 264 264 263 262 262 261 261 260 260 259 258 256 255 254 253 252 251 249 248 247 246 246 246 244 243 243 243 242 241 240 240 241 241 240 240 239 239 240 241 241 242 243 243 244 243 241 238 235 232 231 231 231 232 231 231 231 230 230 228 227 227 226 226 226 227 228 228 229 230 232 235 238 241 244 246 247 248 248 249 249 248 248 246 246 247 248 248 247 246 244 242 239 236 234 233 232 231 231 231 230 230 229 227 227 227 231 236 239 240 239 237 236 233 235 236 235 235 234 232 228 226 224 224 226 228 230 231 231 231 230 231 231 231 230 230 230 231 232 232 232 232 231 231 231 230 228 232 227 233 233 233 233 232 232 232 232 231 230 229 228 228 229 229 229 227 225 223 221 220 220 219 219 218 218 218 217 216 216 215 216 217 217 218 219 219 219 220 223 224 222 222 222 221 220 219 218 217 216 214 212 211 211 210 210 209 209 209 209 210 210 209 208 208 208 208 208 208 208 208 208 208 209 209 210 210 211 215 219 222 224 225 224 223 222 221 220 219 218 218 217 216 215 214 214 214 215 214 213
233 233 234 234 233 232 233 234 235 236 236 235 234 233 232 231 230 228 227 226 225 225 232 227 227 226 225 223 223 223 222 222 225 221 223 225 226 227 228 227 229 230 231 231 231 231 231 232 232 232 232 232 232 232 232 232 233 234 233 234 237 238 238 240 240 240 241 241 241 242 243 244 245 246 248 249 251 253 255 257 259 261 262 263 265 265 265 265 265 265 266 266 267 267 268 268 270 271 273 276 279 280 282 282 283 283 283 283 282 282 281 280 279 278 277 276 277 279 280 281 281 282 282 282 282 282 280 279 278 277 276 275 274 273 272 271 270 269 268 268 267 267 266 266 266 266 266 266 266 265 265 264 263 263 262 262 261 260 260 259 258 258 256 254 253 251 251 250 249 248 246 245 244 244 243 242 240 239 239 239 238 237 236 237 237 237 240 237 237 237 238 239 239 240 241 241 240 238 236 233 231 231 230 231 231 230 231 230 228 228 227 227 227 226 226 227 228 229 230 231 231 234 236 238 241 244 246 247 249 249 250 250 249 249 248 248 249 249 248 247 245 244 242 239 237 235 233 232 232 232 232 232 231 230 228 226 229 233 237 238 238 237 236 236 234 234 235 235 235 234 232 229 226 224 224 227 229 231 231 231 231 238 231 230 230 230 229 230 231 232 233 233 233 232 231 231 230 230 231 228 234 234 233 233 233 232 232 232 231 230 229 227 227 228 228 228 226 224 222 220 219 218 218 218 217 217 216 216 215 214 214 214 214 214 215 216 216 216 217 220 221 222 222 222 221 220 219 218 217 216 214 213 211 210 210 210 209 210 210 210 211 211 212 209 208 208 208 208 208 208 208 208 208 209 209 209 210 212 212 218 222 224 226 226 225 223 222 221 220 219 219 218 217 216 215 214 214 214 214 214
234 234 235 235 234 234 235 236 237 238 237 236 234 233 232 231 230 229 228 227 226 232 227 229 230 228 226 223 223 223 223 222 222 221 224 226 226 227 229 227 229 230 230 230 230 231 231 232 232 232 232 231 231 231 231 231 233 233 233 234 235 236 237 238 239 240 240 240 240 241 242 243 244 246 247 249 251 253 255 257 259 261 263 264 266 267 267 267 266 267 267 268 268 268 268 269 270 272 273 276 278 280 281 282 283 283 283 283 283 282 282 281 280 279 278 278 278 279 280 281 282 282 282 283 282 282 281 279 277 276 275 274 273 272 271 270 269 267 267 266 266 265 265 265 265 265 265 265 265 264 264 263 263 262 261 259 259 258 257 257 257 256 254 253 251 249 248 247 246 245 244 243 242 241 241 239 238 237 237 236 235 235 234 234 234 235 235 235 235 235 236 237 236 237 237 237 237 235 234 232 231 231 230 231 231 231 230 230 228 228 228 228 228 227 227 228 230 231 232 232 233 235 236 239 241 244 246 247 249 250 250 250 251 250 250 250 250 249 248 246 245 243 241 239 237 236 234 233 234 234 234 234 232 230 228 226 230 234 237 238 237 237 236 235 234 234 235 235 234 233 231 227 226 224 225 228 229 231 231 231 235 231 231 231 231 230 230 231 232 232 233 233 233 232 232 231 231 230 231 229 235 234 234 233 233 233 232 231 231 230 228 227 226 226 227 227 225 222 220 219 219 218 218 218 217 216 216 215 215 214 213 213 213 213 213 214 214 214 215 215 217 218 220 220 220 220 219 218 218 216 215 213 212 210 210 210 210 210 211 211 211 211 211 209 208 208 208 208 208 208 208 208 208 208 209 209 210 212 212 217 221 224 227 228 227 225 224 222 221 220 219 218 217 216 216 215 215 215 215 214
235 235 236 237 237 238 239 240 240 240 238 236 235 234 233 231 230 229 228 227 231 227 229 232 233 230 226 223 223 223 222 221 221 222 225 226 226 228 228 227 229 229 229 229 230 230 230 231 232 232 231 230 229 230 230 231 232 233 233 233 235 239 237 237 238 239 239 239 239 240 241 242 244 246 247 249 250 252 254 257 259 260 263 264 266 267 268 267 267 267 268 268 269 269 269 269 270 272 273 275 277 280 281 282 283 283 283 284 284 283 283 282 281 280 280 279 279 280 281 281 282 282 283 284 283 282 281 279 277 275 273 273 272 271 270 269 268 266 264 264 264 264 264 263 263 263 263 263 263 263 263 262 262 260 258 256 255 255 255 255 254 254 252 250 248 246 244 243 242 241 241 241 240 239 238 238 237 236 236 236 235 235 234 234 234 235 241 236 234 233 234 234 234 234 234 234 233 231 231 231 231 234 234 234 233 233 231 231 230 231 232 231 229 228 227 228 231 232 233 234 235 236 238 240 242 244 246 247 249 250 251 251 251 251 250 250 251 251 249 247 245 243 241 239 238 236 235 235 235 236 235 235 233 231 228 227 230 234 237 237 236 236 235 234 234 233 234 235 235 233 231 227 226 225 224 227 229 231 231 231 232 233 232 232 231 231 231 232 232 233 234 234 233 233 232 231 231 231 230 231 234 234 234 234 233 233 232 231 231 230 228 227 225 225 225 225 223 221 219 220 220 220 220 219 218 217 216 215 214 214 213 213 213 213 212 212 212 212 213 214 214 214 216 217 218 218 219 218 218 217 215 213 212 211 210 210 211 211 211 211 211 210 210 210 209 208 208 208 208 208 208 208 208 208 208 209 210 211 212 215 219 222 225 228 228 227 226 224 223 221 220 219 218 217 216 216 216 216 216 216
236 236 237 239 240 242 244 245 244 242 240 237 236 235 233 232 230 229 228 227 227 229 231 233 234 231 227 223 222 222 221 221 222 222 225 225 226 229 228 227 228 228 228 228 229 229 230 231 231 230 230 229 228 229 230 231 232 233 232 232 231 236 237 237 238 238 238 238 238 239 240 242 244 246 247 249 251 252 254 256 257 260 262 264 265 266 267 267 267 267 268 268 269 269 269 269 270 272 273 275 277 280 281 282 283 283 283 284 284 284 283 283 282 281 281 280 280 281 281 282 282 283 283 283 283 282 281 278 276 274 271 270 270 270 270 269 267 264 262 261 261 261 261 261 261 261 261 261 261 261 261 261 260 258 257 254 253 252 252 252 252 251 249 248 245 243 242 240 240 239 239 239 238 238 237 237 236 236 236 236 236 236 236 235 235 235 236 236 235 233 232 232 232 232 231 231 231 232 232 233 235 238 237 237 237 237 236 234 234 235 234 232 231 229 227 228 231 233 234 235 237 239 241 243 244 245 246 247 249 250 251 251 252 252 251 252 251 256 252 247 245 244 242 240 239 237 237 237 237 237 236 235 234 232 229 229 231 234 235 236 235 235 234 234 234 234 234 235 235 234 232 230 227 225 225 226 228 231 232 232 233 234 234 233 233 233 232 233 233 234 234 234 233 233 232 232 232 232 233 233 232 234 234 233 233 232 232 231 231 230 229 227 226 224 223 223 221 220 221 222 222 222 221 221 220 219 218 217 215 214 213 213 213 213 213 213 212 212 212 212 213 213 214 214 215 216 217 218 218 217 215 214 212 211 209 210 211 211 212 212 212 211 211 211 210 209 208 208 208 208 208 208 208 208 208 209 210 211 212 212 217 221 223 226 228 228 227 225 224 223 221 220 219 218 217 217 217 217 217 217
238 238 239 241 243 246 248 248 246 244 241 239 237 236 234 232 231 230 229 228 228 230 233 234 235 232 227 223 221 220 221 221 221 221 224 225 227 229 228 226 228 228 227 228 228 229 230 230 229 229 229 228 229 230 231 232 232 233 232 233 229 233 237 238 238 238 237 237 237 238 240 242 244 246 247 249 251 252 254 255 257 259 261 264 264 265 266 266 266 265 265 266 266 267 267 268 269 271 272 274 276 279 280 282 283 283 284 284 284 284 284 283 283 282 282 281 281 282 282 282 282 283 283 283 282 281 280 278 275 272 270 268 269 269 269 268 266 264 261 260 258 258 259 259 258 257 258 257 257 258 259 259 258 256 254 253 251 250 250 250 249 248 246 245 243 242 242 242 241 240 240 239 238 237 237 236 236 236 237 238 239 239 238 238 237 239 235 236 236 236 235 235 235 234 235 235 234 235 235 236 238 239 240 242 243 242 241 240 238 236 235 233 232 229 227 228 231 234 236 237 238 241 243 245 246 247 247 249 250 251 252 252 252 252 252 252 251 251 251 248 246 245 243 241 240 239 238 238 238 237 236 235 233 231 230 230 231 233 233 234 234 234 234 234 235 234 233 234 234 233 232 230 228 226 226 226 228 230 231 232 233 234 235 234 234 235 234 234 234 235 234 234 234 233 232 232 232 232 232 233 233 233 233 233 232 232 232 231 231 229 229 228 226 224 223 222 221 222 223 224 224 223 223 222 221 220 219 218 217 216 215 213 213 213 213 213 213 213 214 214 214 213 213 213 213 214 216 218 218 217 216 213 213 212 210 211 211 212 212 213 213 213 212 211 211 210 208 208 208 208 208 208 208 208 208 209 210 210 212 212 216 218 221 224 227 228 228 226 225 223 222 221 219 218 218 217 218 218 218 218
240 240 241 243 246 249 251 251 248 246 243 240 238 236 234 233 231 230 229 228 228 231 232 234 234 230 225 222 221 220 221 221 221 221 222 225 228 229 227 226 225 226 226 227 228 229 229 229 228 229 229 229 229 231 232 232 232 232 231 233 229 229 237 238 239 238 237 236 237 238 240 242 244 246 247 249 250 252 252 254 255 258 259 261 262 262 263 263 263 261 262 262 263 263 263 265 268 270 271 273 274 277 279 281 282 283 283 284 284 284 284 283 283 283 283 282 282 282 282 282 282 282 282 282 281 280 279 277 275 272 269 267 266 267 267 266 265 263 261 259 257 256 255 255 255 254 254 254 254 255 255 256 255 253 251 250 248 248 248 247 246 245 244 244 245 245 244 244 243 243 242 241 240 239 237 236 236 237 239 241 242 242 241 241 239 241 238 239 239 240 240 239 239 239 239 239 238 238 238 239 241 243 244 245 246 246 244 242 239 236 235 234 232 229 227 228 230 233 235 237 239 242 244 246 247 248 249 250 251 252 252 252 252 252 252 252 252 251 250 249 248 246 244 242 241 240 239 239 238 237 236 234 232 232 231 230 230 231 232 232 233 234 234 234 235 235 233 233 233 233 232 230 227 226 226 227 228 229 231 232 232 233 236 234 235 235 235 234 234 235 235 234 234 233 233 232 232 232 232 232 233 233 233 232 232 231 231 231 230 229 228 228 226 225 223 222 222 223 225 225 225 225 224 223 222 221 220 219 218 217 216 215 214 213 213 213 213 214 215 216 215 214 213 213 212 213 214 217 218 217 216 214 213 212 211 211 211 212 213 214 214 214 213 212 212 211 209 208 208 208 208 208 208 208 209 209 210 211 213 214 216 217 219 221 225 227 228 227 226 224 223 221 220 219 218 218 219 219 219 219
241 242 243 246 248 251 252 250 248 247 244 241 237 236 235 233 232 231 229 229 228 230 231 232 232 229 224 222 221 220 220 221 221 221 222 224 228 229 226 226 224 224 225 226 228 228 228 228 226 227 229 228 229 229 231 231 232 232 231 232 229 229 232 236 239 238 236 235 236 238 240 242 243 245 247 248 249 251 251 252 253 255 256 258 258 258 258 258 258 258 258 259 260 260 261 262 267 269 271 272 273 275 277 278 280 281 282 283 283 284 284 284 283 283 283 282 282 282 282 282 282 281 281 281 280 279 278 277 275 272 269 267 265 264 265 264 264 262 260 258 256 255 254 253 253 252 252 252 251 252 253 253 252 251 248 247 247 246 246 245 245 245 246 247 248 248 247 247 246 245 244 243 242 240 238 237 237 238 241 243 245 245 244 244 241 241 242 242 243 243 242 241 242 241 241 241 242 242 241 241 244 246 246 246 247 247 243 240 237 235 234 233 231 229 227 228 230 232 234 235 239 242 244 247 248 249 250 251 252 252 253 253 253 253 253 252 252 251 251 249 248 247 245 243 241 241 240 239 238 237 235 233 232 232 231 230 230 230 231 232 232 234 234 234 234 234 234 233 232 231 231 230 230 227 226 227 229 230 231 231 232 232 235 235 238 237 236 236 236 236 235 235 234 233 233 233 232 233 232 228 232 233 233 232 232 231 231 229 229 228 228 227 226 225 223 222 224 225 226 226 226 225 224 223 223 222 221 220 219 218 217 216 215 214 214 212 213 215 216 217 216 215 214 214 212 212 213 216 218 217 216 214 212 211 211 212 211 212 214 215 215 215 215 214 213 213 212 210 209 208 208 208 208 209 209 209 210 211 213 215 214 217 217 219 221 224 227 227 227 225 224 222 221 220 219 219 219 220 220 220
242 244 246 248 249 251 252 251 250 249 246 241 237 236 234 232 231 229 228 228 228 229 229 230 229 226 222 222 221 222 220 221 221 221 222 222 226 228 225 226 223 223 224 225 227 228 227 226 224 224 227 230 227 227 230 231 232 232 232 231 230 229 230 235 239 236 235 236 237 238 240 241 243 245 247 248 249 250 250 250 251 253 254 254 255 255 255 254 254 255 256 257 258 259 259 261 265 269 270 271 273 274 275 276 277 279 280 281 282 283 284 284 283 283 283 283 282 282 281 281 281 281 280 280 279 278 277 276 274 272 270 268 266 263 262 262 261 260 258 257 255 254 254 254 254 253 252 251 251 250 250 250 249 248 248 248 248 247 247 247 248 248 249 250 252 252 250 249 248 247 246 245 243 241 239 237 238 240 243 246 248 247 247 246 246 244 245 245 245 245 244 244 244 244 244 245 245 245 245 245 246 247 247 247 247 245 242 239 235 233 232 231 229 228 228 229 230 231 234 235 238 242 245 247 249 250 251 252 252 253 253 253 253 253 253 252 252 251 251 250 248 247 245 244 242 241 240 239 238 236 234 234 233 232 232 231 230 231 231 231 232 234 234 234 234 235 234 234 231 231 230 230 230 228 228 229 229 229 230 231 231 232 233 234 236 236 236 236 236 236 236 235 234 233 233 233 232 233 232 231 232 233 233 232 232 231 231 228 228 227 226 226 225 224 223 224 225 226 226 226 226 225 224 223 223 222 221 220 219 219 217 216 214 214 215 214 213 215 217 219 218 217 216 215 213 212 213 215 217 217 216 213 212 211 210 211 211 212 213 215 215 216 216 215 214 213 213 211 211 210 209 209 209 209 209 209 210 212 214 215 213 216 216 217 219 222 225 227 227 226 224 223 222 221 220 220 220 220 221 221
243 246 248 249 250 251 252 252 251 249 246 242 238 235 233 231 230 229 228 227 226 227 228 228 227 223 222 222 222 222 220 222 221 222 222 221 223 226 226 224 223 223 223 224 226 227 226 226 226 227 234 233 230 229 231 231 240 233 232 230 230 229 229 233 237 234 234 235 236 238 239 241 243 245 246 247 248 249 248 248 248 250 250 251 252 252 251 251 251 252 252 253 255 257 259 261 263 267 270 271 272 273 274 274 275 276 278 279 281 282 283 283 283 283 283 283 282 282 281 279 279 279 278 279 278 277 276 275 273 271 269 267 265 263 261 260 259 258 257 256 255 256 257 257 257 256 254 253 252 251 250 249 249 249 249 249 250 249 250 250 251 251 253 254 255 254 253 252 250 249 247 245 243 241 238 237 238 241 245 249 250 250 250 248 248 248 248 248 247 247 246 246 246 247 247 248 248 248 247 248 246 246 247 244 242 240 238 236 233 231 230 229 229 229 229 230 230 231 234 236 239 242 246 248 250 252 253 253 253 254 254 254 254 253 253 253 252 251 250 249 247 246 245 244 243 241 240 238 236 236 235 235 233 233 232 231 231 231 231 232 232 233 234 235 235 235 234 234 232 231 231 232 231 230 230 230 230 229 230 231 233 233 234 235 235 236 236 236 236 236 236 235 234 234 233 233 232 232 232 231 232 233 233 232 232 231 231 228 227 226 226 226 225 225 226 226 226 227 227 226 225 224 223 223 222 221 220 219 219 218 216 215 213 213 214 214 215 215 215 216 217 217 215 214 214 213 214 215 217 216 215 213 212 211 210 211 211 212 213 214 216 216 216 216 215 214 213 212 211 210 210 209 209 209 209 209 209 211 213 214 214 215 215 215 217 219 222 224 225 226 225 223 222 221 220 220 220 221 221 221
245 247 249 251 251 251 251 251 250 248 246 242 238 235 233 231 230 229 227 226 225 226 226 225 224 222 222 222 222 222 220 221 222 222 223 223 222 223 223 223 224 223 223 223 225 225 224 225 226 227 229 230 234 234 233 231 231 231 231 230 230 229 228 234 240 235 235 235 236 238 240 241 243 244 246 247 248 248 247 246 246 246 247 248 248 248 249 249 249 249 251 252 254 257 259 261 263 265 268 269 270 271 272 273 274 275 276 277 279 281 282 282 283 283 283 282 282 281 280 278 277 276 275 276 276 276 275 273 272 270 267 265 263 262 260 259 258 257 257 256 257 258 259 259 259 258 256 254 253 252 252 252 251 251 251 252 252 251 252 253 254 254 254 256 255 255 253 251 250 248 246 244 242 240 238 237 239 242 247 252 253 252 252 250 250 251 251 250 248 248 249 249 249 250 250 250 250 249 248 247 245 243 243 240 238 236 234 232 231 230 230 230 231 232 229 230 231 232 234 236 239 243 247 250 251 253 253 254 254 254 254 254 254 254 253 252 252 251 250 249 247 246 245 244 242 241 239 236 236 236 236 236 235 233 233 232 231 231 232 232 232 233 235 235 235 235 235 234 233 233 232 233 233 231 231 230 230 229 230 232 233 234 235 235 236 236 236 236 236 236 236 235 235 234 233 233 232 232 232 230 231 232 232 231 231 231 230 229 228 228 228 227 227 227 227 227 227 227 226 226 225 224 223 222 221 220 219 219 218 217 214 213 212 213 215 217 218 217 215 214 213 213 213 213 214 214 214 215 216 216 215 213 212 211 211 211 211 211 212 214 216 217 217 216 216 215 213 212 211 210 210 209 209 209 209 209 209 210 212 213 214 213 213 214 216 217 219 221 222 225 224 223 222 221 221 220 221 221 221 222
245 247 249 250 251 251 249 249 249 248 245 242 238 236 231 231 230 228 227 226 225 225 224 223 222 222 221 221 222 222 223 220 222 223 225 225 225 225 223 223 225 223 223 224 224 224 224 225 226 228 229 231 231 238 235 232 232 231 231 231 231 227 227 234 241 237 237 236 238 239 240 241 242 244 245 246 247 247 246 245 243 243 244 244 245 245 245 246 248 249 251 254 255 258 259 261 263 264 267 268 269 269 269 270 271 273 275 276 278 279 281 282 282 283 283 282 281 280 278 277 275 274 273 272 273 273 272 271 269 267 265 263 262 261 260 259 258 258 258 259 259 261 261 261 261 259 257 255 254 253 253 254 253 253 254 254 254 254 254 254 255 255 255 255 254 252 250 248 247 246 244 242 240 239 238 238 240 243 248 253 255 254 253 254 253 253 253 251 250 251 251 251 252 253 253 252 251 249 246 244 242 240 238 236 234 232 231 231 231 232 232 232 232 232 231 230 233 236 237 239 241 244 247 251 252 253 254 254 255 255 255 254 254 254 253 252 252 251 250 248 247 245 244 243 241 239 237 238 237 237 237 237 236 235 233 232 232 232 232 232 233 234 235 235 235 235 235 235 234 234 234 233 232 232 231 230 230 229 231 233 234 234 235 236 235 236 237 237 237 237 236 236 235 234 234 233 232 232 232 231 228 231 230 230 230 230 230 230 229 229 229 228 227 227 226 226 225 225 224 224 223 223 222 222 221 219 218 217 217 215 213 213 212 213 213 215 216 215 213 212 212 212 212 211 212 212 213 214 215 215 214 213 211 210 210 211 213 211 211 214 216 217 217 217 216 215 214 212 211 210 210 209 209 209 209 209 209 209 211 212 212 213 212 213 214 215 217 218 219 221 222 221 220 220 220 221 221 221 221 222
243 245 248 250 251 250 249 247 247 246 244 242 238 234 233 231 229 228 227 227 226 225 223 222 222 222 221 221 222 222 220 222 222 224 228 229 228 227 225 224 224 223 223 223 224 225 226 228 228 230 231 232 231 235 231 230 232 232 232 232 232 231 235 235 236 239 240 241 239 240 241 242 243 244 245 245 246 246 245 243 241 241 242 244 246 247 247 247 247 249 251 255 257 258 260 261 263 264 265 266 267 267 267 268 269 271 273 275 277 278 280 281 282 282 281 281 279 278 276 274 272 271 271 270 270 270 269 268 266 264 262 261 261 261 260 260 259 260 260 261 262 263 263 263 262 260 258 256 256 255 255 256 256 256 256 257 256 256 256 256 255 255 254 253 251 249 247 245 244 243 241 240 239 239 239 240 242 245 249 254 256 255 256 256 256 255 256 256 255 254 255 255 255 255 254 254 251 247 244 241 239 237 235 233 232 232 232 233 234 234 235 235 234 232 231 231 234 238 240 242 244 247 250 252 254 254 255 255 255 255 255 255 254 254 253 253 252 251 249 248 246 244 243 241 240 238 239 239 239 239 239 239 238 236 234 233 232 233 233 233 234 234 235 235 236 235 236 235 235 234 234 234 233 232 231 230 229 229 231 232 234 235 235 236 236 236 237 237 237 237 237 237 236 235 234 233 233 232 232 231 230 231 230 230 230 230 230 230 229 229 228 227 226 225 224 223 222 220 220 220 222 222 221 221 221 220 218 216 215 214 213 212 212 212 212 212 212 213 213 212 212 212 212 212 210 210 211 213 214 214 213 211 210 210 211 212 214 213 211 212 215 217 217 217 217 215 214 213 212 211 210 210 212 211 209 209 209 209 209 210 210 214 211 212 213 214 215 215 216 217 218 218 218 218 219 221 221 221 221 222
240 244 247 248 250 250 248 245 245 244 242 240 237 235 233 231 230 228 228 229 228 226 222 222 222 222 221 221 221 222 222 221 223 226 229 230 228 227 225 224 223 225 223 223 224 226 227 228 230 231 232 232 232 230 230 230 232 232 232 234 235 235 236 237 236 238 236 235 240 241 241 242 243 244 243 244 244 243 242 241 239 241 243 246 249 251 251 250 250 249 251 253 256 258 260 261 262 263 264 265 265 266 266 267 268 269 272 274 276 277 279 280 281 281 280 279 277 276 274 273 272 271 270 269 269 268 267 266 264 263 262 262 262 262 261 261 260 261 261 262 263 265 265 264 263 261 259 258 258 258 258 258 259 259 259 259 258 258 258 257 256 254 252 251 248 246 244 242 241 238 240 240 240 240 241 242 245 248 250 254 256 257 257 258 257 257 258 258 258 257 256 256 255 254 254 252 249 245 242 239 236 234 233 232 233 236 237 236 237 238 238 238 237 233 232 232 235 240 242 244 247 250 253 254 255 255 255 255 256 255 255 255 254 254 253 252 251 250 248 247 245 243 243 242 240 240 242 241 241 240 240 240 238 236 234 233 233 234 234 234 234 234 235 235 235 236 236 235 235 234 234 235 233 232 231 230 230 230 232 233 234 235 235 236 237 237 237 238 238 238 238 237 236 235 234 234 233 233 232 231 230 231 230 230 230 230 230 230 229 229 227 225 223 222 221 220 219 217 217 218 220 221 221 221 220 219 218 216 214 213 212 211 211 211 212 212 213 214 214 214 213 213 213 213 213 212 212 211 212 212 211 210 210 211 211 213 214 215 213 212 214 216 217 217 217 216 215 214 213 212 211 211 214 213 211 209 210 210 209 209 209 210 211 211 211 212 213 213 213 214 214 215 215 217 219 221 221 221 221 222
240 243 246 248 249 249 247 243 243 242 240 238 231 234 232 231 230 228 228 229 228 226 223 222 222 221 221 221 221 221 220 222 223 228 229 228 227 225 225 223 223 225 223 224 224 225 227 229 231 234 232 232 232 226 226 226 228 232 233 232 235 236 236 236 235 235 235 236 244 241 241 242 242 242 242 242 241 240 239 239 240 242 245 247 250 254 254 253 253 251 250 252 254 255 258 260 261 262 263 263 263 264 265 266 267 269 271 273 275 276 278 279 279 279 279 277 276 274 273 272 271 270 269 268 268 267 266 265 264 263 263 264 264 264 263 262 262 262 262 263 265 267 267 267 265 263 262 261 260 261 261 261 261 261 261 261 260 260 259 257 255 253 251 249 246 244 242 241 240 240 241 242 242 243 243 245 248 251 252 255 257 260 260 258 258 258 258 258 258 256 255 253 252 252 251 249 246 243 239 237 234 233 233 234 237 239 240 240 240 241 241 240 237 234 232 233 237 240 244 247 249 252 254 255 255 256 256 256 256 256 255 255 254 254 253 251 251 249 247 246 245 245 244 243 240 243 244 243 242 241 241 240 239 237 235 234 234 234 234 234 234 234 235 235 235 236 236 235 235 235 235 235 234 232 230 231 232 232 232 233 234 234 235 236 236 237 238 238 239 239 238 237 236 235 234 234 234 233 233 232 230 231 230 230 230 230 230 230 229 228 227 224 221 219 218 217 216 215 215 216 218 219 220 220 219 219 219 217 215 212 211 211 211 212 213 213 214 215 216 215 215 214 214 214 213 213 214 212 211 211 210 210 211 213 212 213 214 215 215 214 213 215 217 217 217 217 216 215 214 213 212 212 213 212 212 211 210 209 209 209 209 210 214 211 211 211 211 212 212 213 213 213 214 216 219 221 221 221 221 221
241 243 245 247 248 247 246 243 240 240 238 233 235 233 232 231 230 228 228 228 228 227 223 222 221 221 221 221 221 221 221 222 223 228 229 227 225 224 223 223 223 223 224 224 224 226 227 228 230 232 231 229 229 226 221 221 224 230 233 233 234 236 235 236 235 234 234 234 235 241 241 241 240 239 238 238 238 238 238 239 242 244 246 248 252 256 256 257 256 254 251 251 252 253 255 258 260 261 261 261 261 262 263 265 267 268 270 272 274 276 277 278 279 279 278 277 275 274 273 272 271 270 269 269 268 266 265 265 265 264 265 265 266 266 265 264 264 264 264 265 267 268 269 269 267 266 265 264 264 263 263 264 264 263 263 262 261 260 257 255 253 251 249 247 244 242 242 241 241 242 243 244 245 246 247 248 250 252 253 256 260 262 261 260 258 258 258 257 256 254 252 250 249 248 245 244 243 240 237 235 233 233 235 238 242 242 243 243 243 243 243 242 237 234 233 234 238 242 245 248 250 253 255 256 256 256 256 256 256 256 255 255 254 253 252 251 250 248 247 246 246 247 246 243 243 245 245 245 243 242 242 241 239 237 235 235 235 235 235 235 235 235 235 235 236 236 236 235 235 235 235 235 233 231 231 232 233 233 233 234 234 234 235 236 236 237 238 239 239 240 239 237 236 234 234 234 234 233 233 232 231 230 230 230 230 230 230 229 229 228 225 222 220 218 217 215 215 214 214 215 216 217 219 219 219 219 219 217 213 212 212 212 213 212 213 214 215 216 216 217 216 215 215 215 214 213 213 212 211 211 210 210 211 212 213 214 215 216 216 215 214 214 216 217 217 217 217 216 215 214 213 213 213 212 212 210 210 210 210 209 209 210 213 211 210 210 210 211 211 212 212 212 213 215 218 220 221 221 221 221
241 243 244 244 245 244 243 241 239 238 237 237 234 232 231 230 229 228 228 228 228 227 225 222 221 221 221 221 221 220 220 222 222 227 228 226 224 223 222 223 223 223 225 224 224 226 227 228 228 229 231 230 226 220 219 221 226 235 230 233 233 234 235 234 234 233 234 234 235 243 240 239 238 237 237 237 237 238 239 242 244 246 248 249 253 258 259 260 259 256 254 252 252 252 253 255 257 258 258 258 259 261 263 264 266 268 270 271 274 276 277 278 278 279 277 276 276 274 273 271 270 269 268 268 267 266 266 266 267 267 267 267 268 268 267 266 266 266 266 267 270 270 271 270 269 268 267 267 266 265 265 265 265 263 263 261 259 257 255 252 250 248 246 245 243 242 242 242 243 245 246 247 247 249 251 251 252 252 256 259 261 261 260 258 257 257 257 256 254 252 250 247 245 244 242 240 240 238 235 234 234 236 240 243 245 246 246 246 246 246 245 243 237 236 233 235 239 243 246 249 252 254 256 256 257 257 257 257 256 256 255 254 254 253 252 251 249 248 247 248 248 249 248 245 247 247 246 246 245 244 243 241 240 238 236 236 236 236 236 235 235 235 236 236 236 236 236 235 235 235 235 234 233 231 231 231 232 233 234 235 235 235 235 236 237 237 238 239 240 240 239 237 236 234 234 234 233 233 233 232 231 230 230 230 230 230 230 229 229 226 224 221 219 217 216 215 214 214 214 214 214 215 216 217 218 219 218 216 213 212 212 213 214 213 213 214 215 216 217 217 217 216 216 215 215 214 213 213 212 211 211 211 212 213 214 215 216 217 217 217 216 214 216 217 218 218 218 217 216 215 215 214 213 212 211 210 210 210 210 210 210 210 212 211 210 210 211 211 210 211 211 212 212 214 217 219 221 222 221 220
239 241 242 242 242 242 240 239 238 237 233 235 233 232 231 230 229 228 227 227 227 227 226 223 222 221 221 221 220 220 220 220 224 228 226 224 223 222 222 223 223 223 224 224 224 225 225 227 227 226 228 227 222 220 221 219 223 230 235 234 234 234 234 234 233 233 233 234 235 241 237 235 234 236 237 238 240 241 242 246 248 249 250 251 254 259 262 263 262 260 257 256 254 254 253 254 255 256 256 257 259 262 264 265 267 268 270 271 273 276 277 278 278 278 277 276 276 275 273 271 270 269 268 267 267 266 267 267 268 269 269 269 270 270 269 267 268 268 269 269 272 272 272 271 270 269 269 268 267 267 267 266 265 263 262 259 257 255 251 249 247 246 244 243 243 243 244 245 246 248 249 250 251 251 251 254 254 256 259 260 261 261 259 256 254 254 254 254 253 250 247 244 242 241 239 237 235 235 234 234 236 241 244 246 248 249 248 248 248 248 246 243 237 235 233 235 239 244 248 251 253 255 257 257 257 257 257 257 256 256 255 254 253 252 252 250 249 248 248 249 250 250 248 248 249 248 248 247 246 245 244 242 240 238 237 237 237 236 236 236 236 236 236 236 236 236 236 236 236 236 235 234 233 231 231 231 231 233 234 236 236 236 236 237 237 238 239 240 240 240 239 237 236 234 233 233 233 233 232 232 232 228 230 230 230 230 229 229 228 225 222 220 219 217 215 215 215 214 214 214 214 214 215 216 217 218 217 215 213 212 212 214 215 214 214 215 216 216 217 217 217 217 217 216 215 214 213 213 212 211 211 212 213 214 215 215 216 217 218 218 217 216 216 217 218 218 218 218 217 217 216 214 213 212 211 211 211 211 211 211 211 210 211 212 211 211 211 211 211 211 211 211 212 214 216 218 220 222 222 219
237 240 240 241 240 240 239 237 236 231 235 234 233 232 230 229 228 228 227 226 226 227 226 224 222 222 221 221 221 220 221 221 227 228 225 223 222 222 222 222 223 223 224 225 224 224 225 225 226 223 224 223 221 221 221 220 223 232 232 233 234 234 233 234 234 229 231 233 235 233 233 234 235 237 240 242 244 245 245 248 251 252 253 254 255 259 264 265 264 262 260 259 258 257 256 255 256 256 256 257 260 263 265 266 268 269 271 272 274 276 277 278 278 278 277 276 276 275 274 272 271 270 269 268 268 268 268 269 270 270 271 271 271 271 270 269 270 271 271 272 273 273 272 272 271 270 270 268 267 267 267 265 264 263 261 258 255 251 248 246 245 244 243 243 244 246 248 248 249 250 250 253 254 254 255 256 257 260 261 262 261 259 257 254 251 251 252 251 250 247 244 242 239 238 237 235 235 235 234 236 240 244 246 248 250 251 249 250 250 249 247 241 239 236 234 234 239 245 250 253 255 256 257 258 258 257 257 256 256 255 254 253 252 252 251 249 249 250 250 251 251 251 250 250 250 250 249 248 247 246 244 242 241 239 238 237 237 237 237 237 236 236 236 236 236 236 236 236 236 235 235 235 232 231 231 231 232 233 235 236 237 237 237 237 238 239 240 240 240 239 238 237 235 234 233 232 232 232 232 231 231 228 230 230 230 229 229 228 226 224 221 219 218 217 215 214 215 215 215 215 214 213 214 214 215 217 216 214 213 212 213 215 215 216 216 216 216 217 218 218 218 217 217 216 215 214 213 213 212 211 212 212 214 214 216 216 217 218 218 218 218 217 217 218 219 219 219 219 218 217 216 215 214 213 212 211 211 211 211 211 211 211 214 213 212 211 211 212 212 211 211 211 211 213 215 218 219 221 221 219
236 238 239 239 239 238 237 236 235 236 235 233 232 231 230 229 228 228 227 226 225 226 225 224 222 222 222 222 221 222 222 221 225 227 225 223 222 222 222 222 223 224 224 225 225 225 225 225 224 226 225 221 219 224 221 220 233 232 237 233 233 233 233 233 233 232 233 237 239 240 239 241 237 239 242 245 247 248 249 250 253 255 256 258 258 261 264 266 266 265 263 262 261 259 258 258 258 257 258 258 261 265 266 268 269 271 272 273 275 276 278 279 279 279 278 277 276 275 274 273 272 271 269 269 270 270 270 270 271 271 272 272 272 272 271 271 271 272 273 273 273 273 273 272 272 271 270 269 267 266 265 264 263 262 260 256 252 249 246 245 244 244 244 245 246 248 249 250 252 256 258 258 257 257 258 260 262 264 264 262 260 257 254 251 248 248 248 249 247 244 241 239 237 236 236 235 235 236 238 241 241 248 246 250 252 252 252 251 250 249 247 239 240 236 234 235 237 244 250 254 255 257 257 258 258 257 257 256 256 254 254 253 252 251 251 251 251 251 252 253 252 252 251 251 251 250 250 249 248 246 245 243 241 239 239 238 238 238 238 237 237 237 237 236 236 236 236 236 235 235 234 235 232 231 231 231 232 233 235 236 237 237 238 238 239 240 240 240 239 239 237 236 235 234 233 232 232 232 231 231 230 230 230 230 230 229 228 226 225 222 220 219 218 216 215 215 216 217 217 216 215 214 213 213 214 215 214 213 213 213 214 215 216 216 217 217 218 218 219 219 218 218 217 216 215 214 213 212 212 211 212 213 214 215 216 217 218 219 219 219 219 218 218 218 219 219 219 219 218 218 216 215 213 213 213 212 211 211 211 211 211 211 215 214 212 212 212 213 213 212 212 211 211 212 214 217 219 220 221 219
235 237 238 237 237 237 236 235 234 235 234 232 231 231 230 229 228 227 227 226 225 224 224 223 223 222 222 222 222 222 222 222 223 225 225 222 222 222 222 223 223 224 225 225 225 226 226 226 225 226 225 222 219 226 228 223 231 233 234 234 236 231 232 233 232 234 234 239 239 239 239 239 242 242 243 245 247 249 251 253 254 256 258 259 261 263 265 267 267 266 265 264 263 261 260 260 259 259 259 259 262 265 268 269 270 273 274 275 276 278 279 280 280 280 279 278 277 275 274 273 272 271 270 271 271 272 272 272 272 272 273 274 274 273 273 272 273 273 274 274 274 273 273 273 272 271 269 268 266 264 263 263 262 260 257 254 250 247 245 245 244 246 247 248 249 249 252 255 257 259 260 261 260 261 262 264 265 266 265 262 260 255 252 249 246 245 244 245 243 240 238 237 236 236 237 237 238 239 241 244 245 248 250 251 252 253 253 251 249 246 243 240 238 235 235 235 237 243 249 254 256 257 258 258 258 258 257 257 256 255 254 253 252 252 251 252 252 252 253 253 253 253 252 252 252 251 251 250 248 247 246 244 242 241 240 239 239 239 238 238 237 237 237 236 236 236 235 235 235 235 234 235 233 232 232 232 233 234 235 236 237 237 238 239 239 240 240 240 239 238 237 236 234 233 232 231 231 231 231 230 230 231 230 230 229 229 227 225 223 222 220 218 217 216 214 215 217 218 218 217 215 214 213 213 213 213 213 213 213 214 214 216 216 217 217 218 218 219 219 219 219 218 217 216 215 214 213 212 212 212 213 214 215 216 217 218 219 219 220 220 219 219 219 218 219 219 219 219 218 217 215 214 213 213 213 212 211 212 211 211 211 211 218 212 213 213 213 214 214 213 212 211 211 212 214 217 219 220 219 218
233 235 236 236 235 235 234 230 234 233 233 231 230 230 229 229 228 227 226 226 225 224 224 224 224 223 222 221 222 222 222 222 222 223 224 223 221 222 222 223 224 225 225 225 226 227 227 227 227 228 228 227 218 220 219 223 231 232 232 231 231 231 231 232 231 234 235 235 240 240 240 240 245 242 244 246 247 249 251 253 254 256 258 260 261 264 266 267 267 266 266 265 264 263 263 262 261 261 262 262 263 265 268 270 272 274 276 277 277 279 280 281 281 281 279 278 277 276 275 274 273 272 272 273 273 274 274 274 273 274 274 274 274 274 273 273 273 273 274 274 274 274 273 273 272 271 269 267 265 262 260 260 258 256 255 252 248 246 245 246 247 248 249 250 251 251 252 257 260 262 263 264 265 265 266 267 267 266 265 262 260 256 253 250 247 244 242 242 241 239 237 237 236 237 239 239 241 242 244 245 247 248 250 251 252 252 251 248 246 243 240 239 237 235 235 236 238 241 247 252 255 257 258 258 258 258 258 257 257 256 255 254 254 254 254 253 253 253 254 254 254 253 253 253 252 252 251 250 249 248 247 245 243 242 241 240 240 239 238 238 238 237 237 236 236 235 235 234 234 235 234 235 235 233 233 233 233 234 235 236 237 237 238 238 239 239 240 239 238 238 236 235 234 233 232 231 231 230 230 230 231 231 230 229 229 228 227 224 223 221 219 218 217 216 215 215 216 218 218 217 216 215 214 213 213 213 213 213 213 214 215 216 217 217 218 218 219 219 219 219 219 218 217 216 215 214 213 213 212 213 214 215 216 217 219 219 220 220 220 220 220 220 219 219 219 219 219 218 217 215 214 213 213 213 213 212 212 212 212 211 211 211 219 214 214 213 214 214 215 214 213 212 212 212 214 216 219 219 219 218
231 233 234 234 234 234 233 233 232 232 232 231 230 229 229 228 227 227 226 225 225 225 226 226 225 223 222 220 222 222 222 222 222 222 224 223 222 221 222 223 224 225 226 226 226 228 228 228 228 229 230 229 228 217 219 219 228 231 231 231 231 231 231 231 231 231 235 235 242 240 240 240 244 243 244 246 247 249 251 253 254 256 258 260 262 263 265 267 267 266 266 267 266 266 266 265 264 264 264 264 265 266 268 271 273 275 278 278 279 280 281 283 282 282 280 279 278 277 276 275 274 273 274 275 275 275 275 275 275 275 275 275 274 274 274 274 273 273 274 274 274 273 273 273 272 270 268 266 264 261 259 257 255 254 252 249 246 246 246 247 248 250 255 257 257 254 254 256 261 264 267 268 269 268 268 268 268 267 265 263 260 257 254 251 248 244 241 240 239 237 237 237 238 240 241 243 244 244 245 246 248 249 249 250 251 249 247 244 242 240 239 238 236 236 236 237 239 242 246 251 255 257 258 258 259 259 258 258 258 257 256 256 255 256 256 255 254 254 255 254 254 254 254 253 253 253 252 251 250 249 248 246 244 242 241 241 240 239 239 238 238 237 237 236 236 235 235 234 235 235 235 235 235 234 234 234 234 235 236 236 236 237 237 238 238 239 239 238 237 237 236 235 233 232 231 231 230 230 230 231 231 231 230 229 229 228 227 225 223 221 220 219 218 217 216 215 214 215 215 217 217 216 215 214 214 213 213 213 214 215 216 216 217 218 218 219 219 220 220 219 219 218 217 216 215 215 214 213 213 213 215 216 217 218 219 220 220 221 221 221 220 220 220 219 219 219 218 217 216 215 214 213 213 213 214 213 212 213 212 212 212 212 212 211 214 213 214 215 216 215 213 212 212 213 215 217 219 219 218 218
230 231 232 233 233 233 232 232 231 232 231 230 230 229 229 228 227 226 226 226 225 226 227 227 225 222 222 222 221 221 221 221 221 221 222 222 221 221 222 223 224 225 226 226 226 228 228 228 230 230 230 230 229 228 219 219 228 229 231 231 231 231 231 231 232 231 236 235 241 240 240 241 245 243 244 246 247 248 250 252 254 254 256 260 262 262 263 265 266 266 266 267 267 267 267 266 266 265 265 266 267 268 270 272 274 276 279 280 281 282 283 284 283 282 281 280 280 279 278 276 275 275 275 276 277 277 277 277 276 276 276 276 275 275 274 274 273 274 274 274 274 273 273 272 272 270 268 266 263 260 258 257 254 251 249 247 246 246 247 247 251 256 258 260 260 258 256 257 261 265 269 271 271 270 269 268 267 266 264 262 260 258 255 251 248 245 241 239 238 237 237 239 241 242 245 245 246 246 246 247 248 249 249 250 248 247 244 242 242 241 240 238 237 237 236 238 240 243 246 250 254 257 258 259 259 259 259 258 258 258 257 257 257 257 257 256 256 255 256 255 255 255 254 254 253 253 253 252 251 250 249 247 244 243 242 241 240 239 239 238 238 237 237 236 236 235 235 235 235 235 235 235 236 235 235 234 234 235 236 236 237 237 237 237 237 238 238 238 237 236 235 234 233 231 231 230 230 230 231 232 231 230 229 229 228 228 227 225 223 221 221 220 219 218 217 215 215 214 214 215 216 216 216 215 214 214 214 214 214 215 216 217 217 218 219 219 220 220 220 219 219 218 217 215 215 215 214 213 213 214 215 217 218 219 220 221 221 221 221 221 221 220 220 220 219 218 217 216 215 215 213 213 214 215 215 214 214 214 213 213 213 212 212 212 214 213 214 215 216 215 213 212 212 213 216 218 219 219 218 217
229 229 231 231 231 230 232 232 231 231 230 229 229 229 228 228 227 227 227 226 226 227 227 227 226 221 221 221 221 221 221 221 221 221 221 221 221 221 222 223 224 225 226 226 226 227 228 228 226 229 234 230 230 229 230 229 228 229 218 222 227 229 231 231 231 232 235 233 239 240 241 241 245 242 243 244 245 245 248 251 251 252 255 259 261 260 259 260 261 263 264 265 266 266 266 266 265 265 265 266 267 269 271 274 275 277 280 282 282 283 285 285 285 284 282 281 281 280 278 276 276 276 277 278 278 278 278 277 277 277 277 276 275 274 274 274 273 274 274 273 273 273 272 272 271 270 268 266 263 261 259 256 252 252 249 247 247 247 247 249 252 257 260 262 262 260 258 258 260 265 269 271 271 270 268 267 265 265 264 262 259 257 254 251 247 243 240 238 237 238 239 241 243 245 247 248 248 248 248 248 248 249 249 249 247 245 244 243 243 243 242 239 238 237 237 238 240 242 245 249 254 257 259 259 260 260 260 259 259 259 258 258 258 258 257 257 257 257 256 256 255 255 255 254 254 253 253 252 251 250 249 247 245 243 242 241 240 239 239 238 238 238 237 237 236 236 236 235 235 236 236 235 236 236 235 235 235 235 236 236 237 237 237 236 236 236 237 237 236 236 235 234 232 231 231 231 230 231 232 231 230 229 228 228 228 228 227 225 223 222 222 221 221 219 217 216 215 214 215 215 216 216 216 216 215 215 215 215 215 216 217 217 218 219 219 220 220 220 220 220 219 218 216 215 215 215 214 214 214 214 216 217 219 220 221 221 221 222 222 221 221 220 220 219 219 217 216 215 214 214 214 213 214 215 215 215 215 215 214 214 213 213 213 213 213 215 214 214 214 214 213 212 212 213 216 218 220 219 218 217
229 229 229 230 231 231 231 231 231 230 229 228 228 228 227 227 227 227 227 227 227 227 227 226 225 221 221 221 221 221 221 221 221 221 221 221 221 221 222 223 224 225 225 226 225 227 228 229 226 226 226 229 231 231 232 233 232 230 219 214 216 221 221 221 222 228 234 234 238 243 245 246 246 241 240 241 241 243 246 248 248 249 254 257 259 259 257 256 257 258 259 261 262 262 263 263 263 263 264 265 266 268 270 274 276 278 280 282 284 285 286 287 286 285 284 282 282 281 279 277 277 278 279 279 279 279 279 279 278 278 277 275 274 274 273 273 273 273 273 273 273 272 272 272 271 269 268 266 264 262 260 257 252 251 249 248 247 247 247 249 252 255 259 261 262 262 261 260 261 264 268 271 270 268 266 263 263 263 263 261 259 257 253 249 244 241 239 238 239 239 241 243 245 247 248 249 249 249 249 249 249 250 250 249 248 246 245 245 246 245 243 241 239 238 237 238 240 242 244 249 253 257 259 260 260 260 260 260 259 259 259 259 258 258 258 258 258 257 257 256 256 255 255 254 254 253 253 252 251 250 248 246 245 243 243 241 240 240 239 239 238 238 237 237 237 236 236 236 236 236 237 237 236 236 236 235 235 235 236 236 237 237 237 236 236 235 236 236 236 235 234 233 232 232 231 230 228 235 231 230 229 228 228 228 228 228 227 225 224 223 223 222 221 220 218 216 215 215 215 215 215 216 217 216 216 216 217 216 216 217 218 218 219 219 220 221 221 221 221 220 219 218 216 216 216 216 215 214 214 215 216 218 219 221 221 222 222 222 222 222 221 220 220 219 218 217 215 215 215 215 215 215 215 215 216 216 216 215 214 214 213 213 213 213 212 216 214 214 214 214 213 212 212 212 215 218 219 219 217 216
229 229 229 229 231 229 230 230 230 230 229 227 227 227 227 227 228 228 227 227 227 227 226 226 224 222 220 221 221 220 220 220 221 221 221 221 220 220 222 223 224 224 225 225 225 225 228 227 228 226 226 229 231 233 234 235 235 234 234 232 228 220 226 230 227 231 233 231 231 232 240 245 244 238 237 237 238 239 241 243 244 246 250 254 256 257 255 255 255 255 255 257 258 258 258 259 260 260 261 263 264 266 269 273 277 279 281 283 285 286 287 287 287 286 285 284 283 281 279 278 279 279 280 280 280 280 280 279 279 278 275 273 273 273 272 272 272 271 271 272 271 271 271 271 269 267 266 265 263 261 258 254 252 250 247 246 247 247 248 250 252 255 258 261 263 264 263 262 262 265 268 270 269 267 264 261 260 260 260 259 258 255 251 246 242 240 238 239 240 241 242 244 247 248 249 250 251 250 249 249 250 250 250 250 249 248 248 247 247 246 244 242 240 239 238 238 239 241 243 247 251 255 258 260 260 260 260 260 260 260 260 259 259 259 259 258 258 258 257 257 256 255 255 255 254 253 253 252 251 249 247 245 244 243 243 242 241 240 240 239 239 238 238 238 237 237 237 237 238 238 238 237 236 236 236 236 236 236 236 236 237 237 236 236 235 234 234 234 234 234 233 233 232 231 231 229 235 236 230 227 227 228 228 228 228 227 227 225 225 224 224 223 222 220 218 216 215 215 215 215 215 215 216 217 217 217 217 217 218 219 220 220 220 221 221 221 221 221 221 220 219 218 217 216 216 215 215 215 215 216 217 219 220 221 222 222 222 223 222 222 221 221 220 219 217 217 216 215 216 217 217 217 216 216 217 216 217 216 215 214 213 213 213 213 212 215 214 214 215 215 214 213 212 212 213 215 217 217 216 215
230 230 230 231 229 228 228 228 229 228 227 227 227 227 227 227 228 229 228 227 227 227 226 225 225 224 223 220 221 221 220 220 220 220 221 220 220 220 220 222 223 224 225 225 226 226 227 227 229 226 226 232 233 234 235 236 236 236 237 235 233 232 233 234 236 234 235 234 233 232 231 235 236 235 235 235 236 237 238 240 241 243 245 249 252 254 254 253 253 253 252 252 253 253 254 254 255 256 258 259 261 264 268 272 277 280 282 283 285 287 287 287 287 287 286 285 283 282 280 280 281 281 281 281 281 281 280 279 278 277 275 273 272 272 272 271 270 269 269 268 269 268 267 266 265 264 263 262 260 256 255 252 251 248 247 247 247 248 249 251 253 255 257 260 264 265 266 265 265 266 267 268 268 266 263 259 256 257 256 257 255 253 248 244 242 239 239 240 242 244 246 247 248 251 251 252 252 251 250 250 251 251 251 251 250 250 249 249 249 247 245 243 241 240 240 239 239 240 242 245 249 253 257 260 260 261 261 261 261 260 260 260 260 259 259 258 258 258 257 257 256 255 255 255 254 253 253 252 250 248 246 245 244 243 243 242 242 242 241 241 240 240 239 238 238 238 238 239 238 238 238 237 236 236 235 235 236 236 236 237 237 237 236 235 234 233 233 232 233 233 232 232 231 231 230 233 238 232 228 225 226 227 228 228 228 227 227 226 225 224 224 223 222 221 218 216 216 215 215 215 215 215 215 217 217 217 217 217 219 220 222 221 222 222 222 222 222 221 221 220 219 218 217 216 216 216 215 215 216 217 218 219 221 222 222 223 223 223 223 222 222 221 221 219 218 217 216 215 217 219 218 218 218 218 217 218 217 216 216 215 214 214 214 213 213 217 216 215 215 216 216 215 213 212 212 213 215 216 215 215
230 229 231 230 228 228 227 227 228 228 227 227 226 226 227 228 229 229 229 228 227 227 226 226 225 225 226 226 224 223 220 221 220 221 220 220 220 220 220 221 222 223 224 225 225 226 228 229 227 228 226 231 233 234 235 236 236 237 237 237 236 235 233 235 239 237 234 231 232 236 235 235 234 235 235 235 235 236 236 237 238 239 241 244 246 249 251 251 251 251 250 249 249 249 249 250 251 253 254 256 258 262 266 270 274 279 282 284 285 286 287 287 287 287 287 285 284 283 282 282 282 282 283 282 282 280 279 278 277 276 274 272 272 271 270 269 268 267 266 266 267 267 267 266 264 263 261 259 257 255 253 251 249 248 247 248 249 249 249 251 253 254 255 260 263 265 267 268 268 268 267 268 266 264 261 257 255 254 253 253 252 250 246 243 241 240 240 241 243 246 248 250 251 252 253 253 253 253 252 252 252 252 252 251 251 251 250 251 249 248 246 244 243 242 242 241 241 239 240 243 247 251 256 259 260 261 261 261 261 261 261 260 260 259 259 259 258 258 257 256 256 255 255 254 253 253 252 251 249 247 246 245 245 245 245 244 243 243 243 242 241 241 240 239 239 239 239 239 239 238 238 237 236 236 236 236 236 237 237 237 236 236 235 235 234 233 232 231 232 232 232 231 230 230 229 239 236 230 226 225 226 226 227 227 227 227 227 226 226 225 224 223 222 220 218 217 216 216 216 216 215 215 215 216 217 217 217 218 220 221 223 223 223 223 223 223 222 222 221 220 219 218 218 217 216 216 216 215 216 217 219 220 221 222 223 223 223 223 223 222 222 222 221 220 218 217 216 217 219 218 219 219 219 219 219 218 217 216 216 215 215 214 214 214 213 218 218 216 217 217 217 217 215 213 212 212 214 215 215 214
229 229 229 229 228 227 227 226 227 226 227 227 226 226 227 229 230 230 229 228 227 226 226 226 226 226 226 227 228 227 227 225 223 221 221 220 220 220 220 219 221 222 223 224 226 227 228 230 230 230 230 231 232 234 235 236 236 237 237 238 238 238 237 237 239 239 231 231 232 240 240 239 238 236 237 237 237 236 237 237 237 237 239 241 242 244 246 248 249 248 247 246 246 246 246 247 248 249 250 252 255 258 262 266 271 276 281 283 285 286 287 287 287 287 287 287 286 285 284 283 283 283 283 282 281 279 278 276 275 274 272 271 270 269 268 267 266 266 264 263 263 263 263 263 263 262 261 259 257 254 253 251 249 248 248 249 251 251 250 251 253 255 256 260 262 264 267 269 270 270 269 268 265 261 259 256 254 252 251 250 249 247 245 243 241 240 240 241 244 247 249 252 253 254 254 255 255 254 254 253 253 253 252 252 252 253 253 252 251 249 248 246 245 244 244 244 243 242 241 241 244 249 254 258 260 261 261 262 262 261 261 260 260 260 259 259 258 258 257 256 256 255 254 253 252 251 251 249 248 248 247 246 246 246 246 246 245 245 244 243 242 242 241 241 241 241 240 239 239 239 238 237 237 236 240 237 237 237 237 237 236 236 235 234 233 232 231 231 231 231 231 230 230 230 228 236 232 227 226 225 225 225 226 226 227 227 227 226 225 224 223 222 221 220 217 217 217 217 217 216 216 215 215 215 216 217 218 219 220 222 223 224 224 224 224 224 223 222 222 221 220 219 218 217 216 216 216 215 216 217 219 221 222 223 223 223 224 224 223 223 222 222 221 220 219 217 216 218 222 220 220 220 220 220 219 218 217 216 216 215 215 214 214 214 214 217 219 216 218 219 219 218 217 215 213 213 213 214 214 214
229 230 229 228 227 227 226 226 226 226 226 226 226 227 229 230 230 230 229 228 227 226 226 226 226 226 227 228 229 230 230 229 228 223 223 222 220 220 220 219 221 222 223 224 225 227 228 230 230 231 230 230 231 232 233 234 236 236 238 238 239 239 240 240 241 241 233 231 244 243 243 242 243 243 242 243 240 239 238 238 238 238 238 239 241 242 245 246 246 246 245 244 244 244 245 245 246 247 248 249 252 256 260 263 268 274 278 281 284 286 287 287 288 287 287 287 287 286 285 285 284 284 283 281 281 279 277 275 274 272 271 270 269 268 267 266 265 264 263 262 262 261 261 263 263 262 261 259 257 255 253 251 249 248 249 251 253 253 251 251 252 254 256 258 261 263 266 270 271 271 270 268 266 263 260 257 255 254 251 249 248 246 245 243 242 241 240 241 244 247 249 252 254 255 255 255 255 255 254 254 253 253 253 253 253 254 255 254 253 251 250 248 247 247 247 247 246 245 242 241 242 247 252 257 260 261 261 262 262 262 261 260 260 260 259 259 258 257 257 255 255 254 253 252 250 250 249 248 247 248 248 248 248 248 248 248 247 246 245 244 244 243 243 242 242 241 241 240 239 239 238 237 237 237 236 235 238 238 237 237 236 235 234 233 232 232 231 231 231 231 231 231 231 230 229 233 227 226 225 224 224 224 224 225 225 226 226 226 225 224 223 221 220 218 217 217 219 219 218 218 217 216 215 216 216 217 219 220 221 223 224 225 225 225 225 224 223 223 222 221 220 219 218 217 216 216 216 216 216 217 219 221 222 223 223 224 224 224 224 223 223 222 221 220 218 217 216 218 219 220 220 220 220 220 219 218 217 217 216 215 215 214 214 214 214 217 221 216 217 218 218 218 217 215 213 213 213 214 214 214
231 229 228 228 227 227 226 226 226 226 226 226 227 228 230 231 230 229 228 227 227 225 225 225 226 226 227 228 230 231 231 231 230 228 226 225 223 220 220 219 220 221 222 224 225 226 228 230 230 231 230 230 230 231 232 233 235 236 238 239 239 240 241 242 242 243 238 231 234 240 240 237 246 246 246 246 242 241 240 239 239 240 239 240 241 242 242 242 243 243 243 243 244 244 244 245 246 246 247 249 251 254 257 261 265 270 275 278 282 285 287 287 287 287 287 288 288 287 286 286 285 285 283 282 281 279 277 275 275 274 273 272 271 270 269 268 266 264 263 261 263 264 265 260 259 261 260 259 257 255 253 251 249 248 250 253 254 254 253 252 253 255 256 259 261 264 266 270 271 272 271 269 267 265 261 259 257 255 252 251 249 248 245 244 242 241 240 241 243 246 249 251 253 254 255 256 255 255 255 254 254 254 253 253 254 254 255 256 255 254 253 252 251 250 250 250 249 248 244 242 242 244 249 255 259 261 261 262 262 262 261 261 260 260 259 259 258 257 256 255 254 253 252 251 250 250 250 249 248 250 251 250 250 250 249 249 248 247 246 245 245 244 244 243 243 242 242 241 240 239 239 238 237 237 237 239 238 238 237 237 236 235 234 233 232 232 232 232 232 231 232 232 232 231 228 227 225 225 225 224 223 223 223 223 224 224 225 225 224 223 221 220 219 218 217 219 221 221 220 219 217 216 216 216 216 217 219 221 222 223 225 225 225 225 225 224 224 223 222 221 221 220 218 217 216 216 216 216 216 217 219 220 222 223 223 224 224 224 224 224 222 221 220 219 218 217 217 218 219 220 220 220 220 220 219 219 218 217 217 216 215 215 214 214 214 216 217 216 220 218 219 218 217 216 214 214 213 213 213 213
229 229 228 227 227 226 226 226 225 225 225 226 226 228 230 231 230 229 228 227 226 225 225 225 225 226 227 229 230 231 231 232 231 230 228 227 224 221 220 219 220 221 222 224 225 226 229 230 231 231 230 230 230 230 232 233 235 237 237 239 240 240 241 242 243 245 243 232 232 232 232 237 250 249 249 248 245 243 241 240 241 242 241 241 241 242 241 241 242 243 244 244 245 247 248 248 247 247 247 248 249 252 255 258 263 266 269 272 275 279 281 282 284 287 289 291 290 288 289 293 288 286 285 283 281 279 278 277 277 277 276 275 274 273 272 271 270 268 266 265 266 264 260 258 257 258 259 258 257 255 253 251 250 249 251 254 256 256 254 253 254 256 257 259 261 264 267 270 271 272 271 270 268 266 262 259 258 256 254 253 251 249 247 244 242 241 241 241 242 245 247 250 252 253 255 255 255 255 255 254 254 254 254 254 254 255 256 257 256 256 256 255 255 254 254 253 252 250 246 242 242 245 248 254 258 260 261 262 262 262 261 261 260 260 259 258 258 257 256 255 254 253 252 252 252 252 252 251 251 252 253 252 252 251 251 250 249 248 247 246 246 245 244 244 243 243 242 241 241 240 239 238 238 237 238 238 236 238 238 237 236 235 234 233 233 233 233 233 233 233 232 232 232 233 228 227 225 225 224 223 223 222 222 222 222 222 222 223 223 222 220 219 218 218 218 221 223 222 221 220 218 217 217 215 216 217 218 221 223 223 225 226 226 226 225 225 224 223 222 221 221 220 218 217 216 216 217 217 217 217 218 220 221 223 223 224 224 224 224 223 222 221 219 218 218 221 218 218 219 220 220 220 220 220 219 219 218 218 217 217 216 215 215 215 215 216 216 222 218 219 220 220 219 217 215 214 213 213 212 213
229 228 228 227 227 226 226 225 225 225 225 225 225 226 228 229 229 229 227 226 225 225 224 225 225 226 227 229 231 231 231 231 230 229 228 227 225 222 220 220 220 221 221 223 223 225 228 229 229 231 232 231 231 230 231 232 235 237 248 245 242 240 242 242 244 245 247 232 232 232 232 252 252 251 251 250 247 245 244 242 243 244 243 242 241 242 242 243 244 245 247 247 248 250 250 249 248 248 248 248 249 251 252 254 258 262 267 272 278 281 282 284 286 287 291 295 295 290 292 295 295 289 286 284 282 280 279 279 279 279 277 276 275 275 274 274 273 270 268 269 267 264 262 259 257 256 256 256 256 254 252 251 250 250 253 256 258 257 256 254 256 258 260 261 262 265 268 270 272 272 271 269 267 265 261 259 258 257 256 255 252 250 248 245 243 242 241 240 242 243 245 248 250 252 253 255 255 255 254 254 254 254 254 255 255 256 256 257 259 259 259 259 259 258 257 256 254 252 247 243 243 245 249 254 257 259 261 261 262 262 261 261 260 259 259 258 257 257 257 256 255 254 253 253 254 254 254 252 253 254 254 253 253 252 251 251 250 249 248 247 247 246 245 244 244 243 242 241 240 239 239 239 238 238 237 238 236 238 238 237 236 235 235 234 234 234 234 234 234 234 233 234 232 230 229 229 226 226 225 224 224 224 223 222 222 222 221 221 221 221 220 219 219 219 221 223 224 223 222 221 219 218 217 215 216 216 217 220 222 224 226 226 226 226 225 225 224 223 223 221 220 220 219 217 217 217 217 218 218 217 218 220 221 223 223 224 224 224 223 222 221 220 218 218 222 221 223 218 219 220 220 220 220 220 220 219 218 218 218 218 217 217 216 216 216 216 224 218 218 219 220 220 220 217 216 214 214 213 213 213
229 228 227 227 226 226 226 225 225 225 225 225 225 225 226 228 228 228 227 226 226 225 224 224 225 226 228 229 230 231 231 231 230 228 227 226 224 222 220 220 218 220 221 222 222 223 225 223 226 229 229 229 229 230 230 232 237 233 226 226 227 245 241 244 244 244 246 247 245 251 250 250 250 250 251 250 249 247 245 244 245 245 244 243 243 244 246 247 247 249 251 251 252 252 252 251 250 249 248 249 250 252 254 256 257 260 264 268 272 277 283 286 287 288 290 294 293 295 292 293 295 290 287 285 283 282 281 281 280 280 279 277 276 276 277 275 271 271 272 271 268 266 263 261 258 256 255 254 254 253 251 250 250 251 255 258 259 259 257 255 258 260 262 263 264 266 268 270 272 272 270 269 266 263 260 259 258 258 257 256 253 251 248 246 244 242 242 241 242 243 244 246 248 250 252 253 254 254 254 254 254 254 255 255 256 257 257 259 261 263 262 261 262 262 260 258 256 252 247 244 243 245 249 253 256 259 260 261 261 262 261 261 260 260 259 258 258 257 257 257 256 255 255 255 256 256 256 255 255 254 255 254 253 253 252 251 250 250 248 248 247 246 245 244 244 243 242 241 240 239 239 239 239 238 238 238 239 238 238 237 236 235 235 234 235 235 236 236 235 235 234 234 233 231 230 229 228 227 226 225 226 225 225 224 222 222 221 221 221 221 220 220 220 220 223 224 224 223 223 222 220 218 217 215 216 216 217 219 222 224 226 227 226 226 226 225 224 224 223 221 220 219 219 217 217 217 218 218 218 218 218 220 221 222 223 224 224 224 223 222 220 219 219 222 227 222 222 218 219 220 220 220 221 221 220 219 219 219 219 219 220 218 218 217 216 216 225 217 218 220 221 221 220 217 217 215 214 214 213 213
229 228 227 227 226 226 225 225 225 224 224 224 224 225 225 227 228 228 227 227 226 225 224 224 225 227 228 230 230 231 231 230 229 228 227 225 223 222 220 221 220 220 221 222 223 223 224 223 225 226 226 224 227 229 230 231 236 235 231 226 226 226 226 232 241 246 244 246 247 248 249 249 250 250 250 250 250 248 247 246 247 247 245 245 245 247 248 251 252 254 255 256 256 256 255 254 252 250 250 250 250 251 254 256 258 259 261 264 269 273 277 281 283 286 288 290 294 296 293 291 291 289 287 286 284 283 282 281 280 279 278 277 276 276 273 272 275 275 273 272 270 267 264 262 260 258 257 255 254 252 251 251 252 253 256 259 261 260 258 257 259 261 264 265 267 267 270 271 272 271 270 269 265 263 260 258 257 257 257 256 253 251 248 246 244 243 243 241 242 243 244 245 247 249 250 251 252 253 253 254 254 255 255 256 257 258 259 260 263 265 265 264 262 262 261 259 256 250 247 244 245 247 249 252 255 257 259 260 261 262 262 261 261 260 259 259 259 258 258 258 258 257 257 257 258 258 257 257 256 256 255 254 253 253 252 251 250 250 250 249 247 246 245 244 243 243 242 241 240 240 239 239 239 238 238 238 238 233 237 236 236 235 235 235 236 236 237 237 234 234 234 234 233 232 230 230 228 227 227 227 226 227 226 225 224 224 224 224 223 223 223 223 223 223 223 224 224 224 223 222 221 218 217 216 215 216 216 219 222 225 226 227 226 225 225 225 225 224 223 222 220 220 219 218 217 218 218 219 219 218 218 219 221 222 223 224 224 224 223 222 220 219 221 230 225 221 221 220 219 220 220 221 221 222 221 220 220 220 221 222 220 220 219 218 217 216 225 217 219 220 221 221 220 217 217 216 215 214 213 213
229 228 227 227 226 226 225 225 225 224 224 224 224 224 225 227 227 227 226 226 225 224 223 223 225 226 227 229 230 231 231 230 229 228 226 224 222 221 221 220 220 219 221 223 225 225 223 223 225 224 224 224 227 229 230 231 240 233 230 226 226 226 226 230 240 244 247 247 248 249 249 249 249 249 250 251 250 250 250 249 248 249 250 248 247 249 251 254 256 257 258 259 260 259 259 257 255 252 251 251 251 251 253 255 256 258 260 262 266 270 273 275 277 279 282 286 289 293 291 291 291 290 289 287 285 283 282 280 278 277 276 276 275 274 274 274 275 274 273 272 270 268 265 263 262 261 259 258 256 254 253 252 253 255 257 261 262 262 260 258 261 263 266 268 269 270 271 271 272 272 271 269 266 263 260 258 256 255 255 254 252 250 248 246 245 244 243 242 242 244 244 245 246 247 249 249 250 251 252 253 255 256 256 257 258 259 260 262 264 266 267 265 263 261 260 258 255 250 247 245 247 250 251 252 255 257 259 261 261 262 262 262 261 260 260 260 260 260 259 259 259 259 259 259 259 259 258 257 257 256 255 254 253 253 252 251 251 250 249 249 247 246 245 244 243 243 242 241 240 240 239 239 239 239 238 238 238 237 238 236 236 236 236 236 236 237 234 238 238 237 236 235 234 232 231 230 230 229 228 227 227 227 226 226 225 225 226 226 226 226 225 226 226 226 225 224 224 224 223 222 221 219 217 216 216 216 216 218 222 225 226 227 227 226 225 225 225 225 224 223 221 222 220 218 218 219 219 219 220 219 218 219 221 222 223 224 224 224 223 223 221 220 223 232 223 221 221 220 220 221 221 221 222 222 222 222 221 222 224 220 220 220 220 219 218 216 225 217 219 220 221 221 219 218 217 216 215 215 214 214
229 229 228 227 226 226 225 225 225 224 224 223 223 224 224 226 226 226 225 225 224 223 223 223 223 224 225 226 228 229 230 230 229 227 225 222 221 221 220 220 219 219 221 223 223 224 223 223 226 226 224 224 227 229 230 231 235 231 226 226 226 226 226 226 239 226 240 248 249 248 249 249 249 249 249 250 251 251 251 250 251 252 252 251 250 250 253 256 258 260 260 262 263 263 262 259 255 253 254 254 253 253 253 254 255 257 259 261 263 266 269 271 273 276 278 282 285 288 289 291 291 291 290 288 286 284 281 279 277 275 275 275 275 273 273 273 273 273 273 271 270 268 266 265 264 262 260 259 258 256 254 254 256 258 260 262 264 263 261 260 262 265 267 269 271 271 272 272 272 271 271 270 267 264 261 258 256 254 252 252 250 249 247 246 245 244 243 243 243 244 245 246 247 247 248 249 250 252 253 254 255 256 257 258 259 260 261 263 265 267 266 265 263 261 259 257 253 249 247 246 249 252 254 255 256 257 259 260 261 262 262 262 262 261 261 261 261 260 260 260 260 260 260 260 260 259 259 258 257 256 255 254 253 252 252 251 250 249 248 248 247 246 245 244 243 243 242 241 241 240 240 239 239 239 239 238 238 232 235 237 237 237 237 237 235 240 240 239 239 237 236 235 234 233 232 231 230 229 228 228 228 227 227 226 226 226 227 227 227 227 227 227 227 226 226 226 225 224 224 222 221 219 217 216 216 216 216 218 221 224 225 226 227 226 226 226 226 226 225 225 223 223 221 220 220 220 220 220 220 220 218 220 221 222 224 224 225 225 224 223 221 220 223 230 222 221 221 221 221 221 222 222 222 222 222 225 223 226 222 221 221 221 221 220 219 216 226 218 219 218 217 216 223 222 219 217 216 216 215 214
230 229 228 228 227 226 226 226 225 224 224 224 223 223 224 225 225 225 224 223 223 222 222 222 222 222 222 223 224 225 227 229 229 227 224 221 221 220 220 219 219 219 223 223 223 223 224 226 229 226 226 227 228 229 230 231 232 232 232 226 226 226 226 226 226 226 226 245 249 248 248 248 248 249 249 249 250 251 251 251 253 253 254 254 253 253 253 257 259 261 262 264 265 265 263 260 257 255 256 257 256 256 256 255 255 256 258 260 261 264 266 268 270 272 274 279 286 288 286 290 291 291 290 289 286 284 282 279 278 277 274 274 273 271 270 271 271 272 272 270 269 268 267 266 264 262 261 260 258 255 254 254 257 259 261 264 266 265 264 262 263 266 269 270 271 272 272 272 272 271 270 269 267 264 262 259 258 255 253 251 249 248 247 246 246 245 244 244 244 245 246 247 248 249 249 249 251 253 254 255 256 257 258 259 260 261 263 265 267 267 265 264 262 261 257 255 252 248 246 247 250 254 256 258 259 259 258 262 262 263 263 263 262 262 262 261 261 261 261 261 261 260 260 260 260 259 259 258 257 256 255 254 253 252 251 251 250 249 248 247 247 246 245 244 243 243 242 241 241 240 239 239 239 239 239 238 238 238 232 237 237 237 237 235 235 239 240 240 239 238 237 235 234 233 232 231 231 230 229 228 228 227 227 226 227 227 227 228 228 228 227 227 227 227 226 225 224 223 223 222 221 219 217 216 216 216 217 218 221 223 225 226 226 226 226 227 227 226 226 226 226 224 223 222 222 222 222 221 221 220 219 220 221 223 224 225 225 225 224 223 222 220 223 226 222 221 221 221 221 221 222 223 222 222 222 226 226 226 223 222 222 222 222 221 220 219 219 219 219 218 218 217 217 217 217 217 217 217 216 216
231 230 229 228 227 227 227 228 228 226 225 225 223 223 223 224 223 223 223 223 222 222 222 221 221 221 221 221 221 222 224 226 227 225 221 220 219 219 219 219 220 221 223 223 224 225 223 228 230 228 229 229 229 230 230 231 232 235 237 234 226 226 226 226 226 226 226 226 227 239 246 246 248 247 248 249 249 250 251 251 253 253 255 256 256 256 256 258 259 262 264 265 266 266 264 261 258 257 259 260 259 259 258 258 257 257 257 259 260 262 264 266 268 270 272 276 279 283 283 287 290 291 291 289 287 285 282 280 277 275 274 273 271 269 268 269 270 271 270 269 268 266 265 264 263 262 260 259 257 255 254 256 257 260 262 264 266 267 266 264 264 266 269 271 272 273 273 272 271 270 269 268 266 264 262 260 259 257 254 251 250 248 248 247 246 246 245 245 244 245 247 249 250 251 252 252 252 254 255 257 258 259 260 261 262 264 265 266 267 267 265 263 261 258 256 253 251 248 247 250 253 255 257 259 260 260 262 262 263 263 263 263 263 263 262 262 262 262 262 261 261 261 261 260 260 259 259 258 257 256 255 254 253 252 251 250 249 248 248 247 246 245 245 244 243 242 242 242 241 240 239 239 239 239 239 239 238 238 234 238 237 237 236 234 239 241 241 241 239 238 237 235 234 233 233 232 231 231 228 229 228 227 227 227 227 228 228 228 228 228 227 227 226 225 224 222 221 221 221 221 220 218 217 216 216 217 217 218 220 222 224 226 226 226 227 227 227 227 227 229 230 227 224 223 223 223 222 222 221 220 219 220 221 223 225 225 226 226 225 224 222 220 223 223 221 221 221 221 221 222 224 223 223 223 223 227 224 223 223 219 219 219 219 219 219 219 218 218 218 219 219 220 220 219 219 218 218 217 217 217
232 231 230 228 228 228 229 229 227 226 224 224 218 224 223 223 222 222 222 222 222 222 221 221 221 221 221 220 220 220 222 225 225 221 220 219 219 219 219 219 222 223 223 223 224 224 226 230 230 230 230 229 229 229 230 231 231 234 235 235 226 226 226 226 226 226 226 226 226 226 242 242 247 246 247 248 249 249 250 251 252 253 255 257 258 259 260 261 262 263 265 266 267 266 264 262 259 258 259 262 262 262 261 260 260 259 259 259 260 261 262 264 266 269 271 274 276 278 282 286 289 290 289 284 283 283 282 280 277 275 272 271 270 268 266 266 267 268 269 268 266 264 263 263 262 261 259 257 255 254 255 257 259 261 263 266 267 269 268 267 266 267 269 271 272 273 272 271 270 269 268 267 266 264 263 261 259 257 254 251 249 249 249 249 248 247 246 245 244 245 248 251 252 253 254 255 255 256 257 259 260 261 262 262 263 265 266 267 267 267 265 262 259 256 254 251 249 248 250 252 254 256 259 261 263 262 263 263 264 264 264 264 264 263 263 263 263 262 262 262 261 261 261 260 260 259 259 258 257 256 255 254 253 252 251 250 249 248 247 246 245 245 244 243 243 242 242 241 241 240 239 239 239 239 239 238 238 238 238 232 237 237 235 238 240 241 242 241 239 238 237 235 234 233 232 232 231 231 228 229 228 227 227 227 227 228 228 228 228 227 226 226 225 223 222 220 219 218 218 218 218 217 217 216 216 217 218 219 221 222 224 225 226 226 227 228 228 228 228 229 230 226 225 224 224 224 223 222 221 220 219 220 222 224 225 226 226 226 225 224 223 221 222 221 221 221 221 221 221 222 223 223 224 226 222 220 220 219 221 224 224 224 222 220 218 226 219 216 218 220 221 221 221 221 220 220 219 218 218 217
234 232 230 229 228 229 228 227 227 223 219 217 217 217 222 223 223 222 223 223 224 224 223 222 222 222 222 222 222 220 221 223 222 220 219 219 219 220 221 222 223 223 223 223 224 226 229 231 231 231 230 229 229 230 230 231 231 233 230 226 235 226 226 226 226 226 226 226 226 231 241 245 244 245 246 246 247 248 250 251 252 254 255 257 258 259 261 262 263 264 265 266 267 266 265 263 260 258 260 264 264 264 264 263 262 262 261 261 262 262 262 264 265 268 270 272 274 278 282 286 283 283 287 288 288 285 283 280 277 274 272 270 269 268 266 264 264 265 265 265 263 262 261 260 260 259 256 255 256 258 256 258 261 263 265 267 269 270 270 270 268 268 269 271 272 272 272 271 269 268 266 265 264 264 262 260 259 257 254 251 250 250 252 251 250 248 246 245 245 245 248 251 254 255 256 257 258 259 260 261 262 263 264 264 265 266 267 267 267 266 264 262 258 254 251 249 249 250 251 253 256 259 260 262 264 264 264 264 264 264 264 264 264 264 263 264 263 263 262 262 261 261 260 260 259 259 258 258 257 256 255 254 253 252 251 250 249 248 247 246 245 244 243 243 242 242 241 240 240 239 239 239 239 238 238 238 238 238 238 237 237 237 235 239 240 241 242 241 239 238 236 235 233 232 232 232 231 230 228 229 228 227 227 228 228 228 228 228 227 226 226 225 223 222 220 218 217 217 217 217 217 216 216 216 217 218 219 220 222 223 224 225 226 227 228 229 229 229 229 229 229 226 225 225 224 224 223 222 220 220 220 220 223 225 226 226 226 227 226 224 223 221 221 223 223 222 222 222 222 223 222 221 221 221 223 227 226 224 225 225 221 223 219 218 217 226 218 217 217 219 220 221 221 221 221 220 219 219 219 218
235 233 231 229 228 229 229 231 232 234 227 217 217 217 224 224 224 224 225 225 226 225 225 224 224 225 226 226 224 221 220 220 220 219 219 220 221 222 223 223 223 225 225 227 228 229 231 231 231 231 230 230 230 230 230 231 232 232 235 238 236 237 235 226 226 226 226 226 239 245 243 243 243 243 245 245 246 247 248 250 251 253 255 256 258 260 261 263 263 264 265 266 267 266 265 264 261 259 261 265 268 268 267 266 265 264 264 264 264 264 264 265 266 268 270 274 277 278 280 283 285 287 289 290 288 286 283 280 277 274 272 270 270 269 267 264 263 262 262 262 261 260 258 258 257 256 255 258 261 261 259 257 260 264 266 268 270 271 272 272 271 270 270 270 272 272 272 271 270 268 266 264 262 261 260 260 258 257 255 251 251 253 255 253 251 249 248 246 245 246 248 252 255 257 259 260 261 262 263 264 265 265 265 266 266 267 267 267 266 265 264 262 257 254 251 250 251 252 252 255 257 259 261 262 264 264 265 265 265 265 265 264 264 264 264 264 263 263 262 262 261 261 260 259 259 258 258 258 257 256 255 254 253 252 251 250 249 248 247 246 245 244 243 242 242 241 240 239 239 239 238 238 238 238 238 238 238 238 238 239 238 237 235 239 240 241 242 240 239 238 236 234 233 232 231 231 231 230 229 228 228 227 227 227 227 227 228 227 226 226 225 224 223 221 219 218 217 217 217 216 217 216 216 217 217 219 220 222 223 225 225 226 228 228 229 229 229 229 229 229 229 227 226 225 225 224 223 221 221 220 220 220 222 225 226 226 226 227 227 226 224 222 221 223 224 225 223 222 222 221 222 223 224 225 224 224 226 226 225 223 221 220 219 218 219 226 218 217 217 218 219 219 220 220 221 221 220 220 220 219
235 232 230 229 229 230 231 233 212 224 230 217 217 221 225 225 226 227 229 229 229 228 228 228 229 229 229 229 226 224 221 220 218 219 220 221 222 223 223 223 225 225 225 228 230 230 231 231 231 231 230 230 229 230 231 231 232 235 237 240 236 237 228 226 226 226 226 244 242 242 241 241 241 241 243 245 245 245 247 249 250 252 254 256 257 259 261 262 263 264 264 266 266 267 266 265 263 261 262 265 269 271 271 270 269 268 267 267 267 268 269 267 274 274 271 272 274 277 279 281 284 287 289 289 288 285 282 279 277 275 273 271 270 268 266 264 262 261 260 260 260 260 260 260 259 258 257 261 264 263 261 258 258 261 265 267 270 273 274 274 274 273 272 272 272 273 273 272 271 269 267 265 262 260 259 258 257 256 254 251 252 255 256 255 253 250 248 247 246 246 248 251 255 258 261 263 264 265 266 267 267 267 267 267 267 267 267 266 266 264 263 260 257 254 251 251 253 253 253 255 257 259 261 263 264 265 265 265 265 265 265 265 265 264 264 264 263 263 262 262 261 261 260 259 259 258 258 257 257 256 255 254 254 252 251 250 249 248 248 246 245 244 243 242 242 241 240 240 239 239 238 238 237 237 237 237 238 238 238 238 232 236 236 238 240 241 241 240 238 237 235 234 232 231 231 231 230 230 229 228 228 227 227 227 227 227 226 226 225 225 224 224 222 220 219 218 217 217 217 217 217 217 217 217 218 219 221 223 225 226 227 228 229 229 230 230 229 229 229 229 228 228 227 226 225 224 223 222 221 222 221 221 222 225 226 226 226 227 227 226 224 223 222 223 223 222 222 222 223 225 225 225 225 225 224 224 224 224 224 224 220 219 218 219 222 223 219 218 217 218 218 219 219 220 220 221 221 221 221 220
234 232 231 230 231 233 234 231 212 236 232 223 222 223 226 228 229 230 232 233 232 231 232 232 232 232 232 231 230 227 223 219 219 219 220 221 223 224 223 225 225 225 225 229 229 230 230 231 231 230 229 230 230 230 231 231 232 233 237 237 238 238 230 226 226 229 243 240 240 240 239 240 241 244 242 243 244 244 246 248 249 251 253 255 256 258 260 261 262 262 263 264 266 267 267 266 265 263 262 265 268 271 273 271 271 269 268 269 271 271 271 270 268 270 271 272 274 276 278 280 283 286 288 288 287 285 282 279 277 275 274 272 270 268 266 263 262 262 263 263 263 264 264 264 263 261 258 261 265 265 263 260 257 260 264 268 271 274 276 276 276 275 274 274 274 274 274 273 272 271 269 266 264 261 259 257 256 254 253 252 254 256 256 255 253 251 249 247 247 247 248 251 254 259 262 264 266 268 269 269 268 268 267 267 267 266 266 266 265 263 261 259 255 252 252 254 256 256 255 255 256 259 261 262 264 265 265 265 265 265 265 265 265 264 264 264 263 263 262 261 261 260 259 259 258 257 257 257 256 256 255 255 254 252 252 251 250 249 248 247 245 244 243 243 242 242 242 241 240 239 239 239 237 236 236 236 237 237 237 237 234 234 235 238 240 240 240 239 238 236 235 233 232 231 230 230 230 229 229 228 228 227 227 227 226 225 225 225 224 224 223 222 220 219 219 218 217 218 218 219 218 218 217 217 218 220 222 224 225 227 227 228 229 230 230 229 229 228 229 229 229 228 227 225 225 224 223 223 223 223 223 222 222 225 226 226 227 227 227 226 225 224 224 222 222 223 224 226 226 226 226 225 225 225 224 224 224 223 222 223 220 219 219 220 224 220 220 219 217 218 218 218 219 219 220 220 221 221 221 221
233 232 232 232 234 236 236 236 212 213 234 227 223 223 223 225 235 233 234 235 235 234 234 234 234 234 232 232 231 228 222 219 219 219 220 222 224 224 225 225 225 225 226 230 230 230 230 230 230 229 228 229 230 230 231 232 231 232 234 237 238 241 235 226 235 240 239 239 238 238 239 239 241 242 241 242 243 244 245 246 248 249 251 253 255 257 258 260 260 261 261 262 264 266 267 267 265 265 264 264 264 265 265 273 274 274 274 273 274 274 274 274 273 273 273 273 274 275 277 279 281 284 285 287 286 284 281 280 278 277 276 274 271 269 266 264 264 265 266 267 267 268 267 266 264 263 260 261 266 266 264 261 258 259 264 269 273 275 277 278 277 277 276 276 275 275 275 274 273 271 270 267 265 263 261 258 255 254 254 254 255 256 256 255 254 252 249 248 247 247 249 251 253 256 262 265 267 269 269 269 269 269 268 267 266 265 265 264 263 262 259 257 254 252 254 257 258 258 257 257 257 258 260 262 264 265 265 265 265 265 265 265 265 264 264 263 263 262 261 261 260 258 258 257 256 256 256 255 255 255 255 254 253 252 251 250 250 249 248 247 246 245 244 244 243 243 243 242 242 241 240 239 238 237 236 235 235 235 235 235 235 231 231 238 239 240 240 238 237 236 234 233 232 231 229 229 229 229 229 228 227 227 227 226 225 223 223 222 222 222 222 221 220 219 219 218 218 218 219 220 220 219 218 217 218 220 222 223 225 227 228 228 229 229 230 229 229 229 229 229 229 228 226 225 225 224 224 224 224 224 224 223 223 225 226 227 228 227 227 227 226 223 223 223 223 225 226 226 226 226 226 226 225 225 225 224 224 223 221 220 223 220 220 221 224 220 220 219 218 218 218 219 219 219 220 220 221 221 221 221
234 233 233 235 236 237 236 237 228 219 230 236 229 233 231 234 234 235 236 236 235 235 235 235 234 233 231 231 230 227 220 219 219 219 220 222 224 225 225 225 226 227 230 230 229 229 229 229 229 228 228 229 229 230 231 231 232 232 234 236 239 239 237 237 239 238 237 237 238 238 240 242 243 243 250 244 244 244 244 245 246 247 249 251 253 255 256 258 258 259 259 260 261 263 263 260 261 262 264 264 266 268 271 275 276 277 277 277 277 277 277 277 277 276 276 276 275 276 278 279 281 282 285 286 285 285 283 282 280 279 277 275 272 270 267 264 266 268 269 270 271 271 270 268 266 264 260 261 265 265 264 262 259 259 265 270 273 276 278 279 278 278 278 277 277 277 276 275 274 272 270 267 264 262 259 257 256 256 256 256 257 257 257 256 255 253 250 248 248 248 250 251 253 254 258 262 266 268 269 269 269 269 268 267 266 265 264 263 262 260 258 255 253 254 257 259 260 261 260 260 259 259 260 263 265 265 265 265 265 265 265 264 264 264 263 263 262 262 261 260 258 257 255 255 255 253 253 253 253 253 254 253 252 251 251 250 249 249 248 246 245 244 244 244 244 243 243 243 242 241 241 240 239 238 236 235 234 233 233 233 234 232 232 238 239 239 239 238 236 235 234 233 232 231 229 229 229 229 229 228 228 227 226 225 224 222 222 221 221 221 222 221 220 219 218 218 218 219 221 222 221 220 219 218 218 219 221 222 224 226 227 227 228 229 229 229 228 229 229 229 229 228 227 226 226 225 225 225 225 225 225 224 223 224 226 227 227 228 226 224 224 225 224 223 224 225 226 226 227 227 226 226 226 225 225 224 224 222 221 220 222 225 221 222 223 221 220 220 219 219 219 219 219 219 219 220 220 221 221 221
234 234 235 236 237 237 236 236 237 236 234 235 234 234 235 235 235 236 236 235 235 234 234 234 234 233 230 230 228 224 220 219 219 220 221 222 225 225 225 228 229 229 229 229 229 228 227 227 228 228 228 229 229 230 231 231 231 232 234 236 238 239 238 238 237 237 237 238 238 241 244 245 245 245 251 245 246 246 246 246 245 246 247 249 250 253 254 256 257 256 257 257 259 262 265 267 268 268 268 268 266 266 270 274 277 279 280 280 280 280 280 280 280 279 279 278 278 278 280 282 282 283 284 286 286 285 284 283 282 280 278 275 272 270 266 265 268 271 272 274 274 273 272 269 267 264 261 262 265 265 264 263 260 259 264 269 273 276 278 279 279 279 279 279 278 277 277 275 274 272 269 266 263 261 259 258 259 258 257 258 258 258 257 256 255 253 250 248 248 249 251 252 254 255 257 260 263 267 269 269 269 268 267 266 265 264 263 262 261 259 257 254 254 257 259 261 261 262 263 263 263 262 262 264 265 266 266 265 265 265 264 263 263 262 262 262 262 260 258 258 256 254 253 252 251 250 250 250 251 252 252 252 251 250 249 249 248 247 246 245 244 243 243 243 243 244 243 243 242 242 241 240 240 238 237 236 234 233 232 232 233 232 230 230 237 238 238 237 236 235 234 233 232 230 230 229 228 229 229 228 227 227 226 226 224 223 222 221 222 223 223 222 221 220 218 218 219 220 221 222 222 221 219 218 218 219 220 221 223 224 225 226 227 228 229 229 228 228 228 228 228 228 228 227 227 227 227 227 227 227 226 225 224 225 226 227 227 224 224 227 227 225 224 223 225 226 227 227 227 227 227 226 226 225 225 224 223 222 221 221 220 223 227 223 222 221 220 220 220 220 220 220 220 219 220 220 220 220 221 220
235 235 236 236 236 236 235 235 236 233 233 234 235 235 236 236 236 236 236 235 234 233 233 233 234 233 231 229 227 222 219 219 219 220 221 223 225 225 226 228 229 228 228 227 228 227 226 227 226 228 228 229 229 230 230 231 231 232 234 236 237 237 238 237 236 236 236 238 240 243 245 246 247 247 251 247 246 248 248 248 248 249 250 252 253 253 254 253 253 254 255 257 259 261 263 267 269 269 269 270 269 266 270 274 276 279 282 283 283 284 284 284 283 282 281 280 280 280 281 283 284 284 285 287 287 286 285 284 283 280 278 275 272 269 266 267 270 273 275 276 276 276 274 271 267 264 262 263 265 265 264 262 261 259 263 268 272 275 278 279 280 280 280 279 279 278 277 275 273 271 267 264 262 262 262 262 261 260 259 259 259 259 258 257 256 254 251 248 248 250 252 254 255 256 258 261 264 268 269 269 269 268 267 266 264 263 261 260 259 258 255 255 256 258 261 262 263 264 265 265 265 265 264 265 266 267 266 265 265 264 263 262 261 260 261 261 260 255 256 255 253 251 250 249 248 247 247 247 248 248 249 248 248 248 248 247 245 244 244 243 243 242 242 242 242 243 243 242 241 241 241 240 240 239 238 237 235 234 233 231 231 232 231 230 237 238 237 236 235 235 234 233 232 231 230 229 229 229 229 227 227 226 226 225 225 223 222 222 223 224 224 223 222 221 219 218 219 220 221 222 222 222 220 219 218 219 219 220 221 223 224 225 226 227 228 228 228 228 228 228 228 229 229 229 229 228 228 228 228 228 227 226 225 225 226 224 224 227 229 228 227 226 224 224 225 226 227 228 228 228 227 227 226 226 225 224 223 222 222 222 222 223 224 222 222 222 221 221 221 221 221 221 220 220 220 220 220 221 221 220
235 236 236 236 236 235 235 235 235 234 234 234 235 236 236 237 236 236 236 235 234 232 232 231 232 232 230 229 226 220 218 219 219 221 222 222 225 225 225 225 227 227 227 227 227 226 226 226 225 227 227 228 229 229 231 231 232 232 233 235 235 236 236 236 235 236 237 239 242 244 246 246 246 247 251 248 249 249 250 251 251 251 251 250 249 250 251 252 253 253 254 256 258 261 262 265 268 269 270 270 270 270 270 273 276 278 281 283 284 285 286 286 285 284 283 282 282 282 283 284 285 286 287 287 287 286 286 284 282 279 277 275 273 270 266 268 272 275 278 278 278 277 275 272 268 266 264 264 265 266 264 263 262 260 261 267 271 274 277 278 279 280 281 280 280 278 276 274 271 269 266 265 265 265 265 265 263 261 260 261 261 260 259 258 256 255 252 250 249 250 253 255 257 258 260 262 266 268 269 269 269 268 267 266 264 262 260 259 258 256 256 257 257 259 261 263 264 265 266 267 267 267 267 267 267 268 267 266 265 264 262 259 259 258 259 259 259 256 254 253 251 250 249 247 247 246 245 245 245 245 245 245 245 245 245 244 242 241 241 240 240 240 240 240 241 241 241 241 241 241 240 240 239 239 238 237 235 234 233 232 231 232 232 228 231 237 236 236 235 235 234 233 232 231 230 229 229 228 228 227 226 226 225 224 223 223 222 222 223 224 224 223 222 221 219 218 218 219 221 223 223 222 221 219 218 218 219 219 220 221 222 224 225 226 227 227 226 227 228 228 228 228 229 230 230 230 230 230 229 229 229 227 226 226 225 226 228 229 229 228 227 226 224 224 225 227 227 228 228 228 228 227 226 226 225 224 223 223 223 223 223 223 223 222 224 222 222 221 222 222 222 221 221 220 220 220 220 221 221 220
236 236 236 236 236 236 235 234 234 235 235 235 235 235 236 237 237 236 236 236 234 233 230 230 229 230 229 228 223 219 218 219 220 224 224 219 220 222 223 224 226 226 226 225 226 225 226 226 226 225 226 228 228 229 230 231 231 232 233 233 234 235 235 235 236 237 239 240 242 243 244 245 247 247 251 254 253 250 251 252 252 253 253 252 251 252 252 252 253 254 255 257 260 263 263 265 268 270 270 271 271 271 271 272 275 277 280 281 283 285 286 286 286 286 285 284 284 284 284 285 286 287 287 286 285 285 285 283 281 279 278 275 273 269 267 269 273 276 279 280 279 278 276 272 270 268 265 264 265 266 265 264 263 261 261 264 269 272 275 277 280 281 281 281 280 278 276 273 270 268 267 267 268 268 267 266 265 263 262 263 262 262 261 259 257 254 252 251 250 249 252 255 258 260 262 264 268 269 269 269 269 268 267 266 264 263 261 259 258 257 258 260 260 260 262 264 266 267 268 268 268 268 269 269 269 269 268 266 265 264 262 259 258 257 257 257 255 254 253 251 250 250 249 249 248 247 245 244 244 243 243 243 243 243 242 241 240 239 239 238 238 238 238 238 239 239 239 240 240 240 240 239 239 238 237 236 235 234 233 231 230 232 232 231 232 235 235 236 235 235 233 232 231 231 230 229 229 229 228 227 227 226 225 224 224 223 223 224 224 224 224 224 223 221 220 218 219 219 221 222 223 223 221 219 219 218 219 219 219 220 221 222 224 225 225 225 226 226 227 227 228 228 229 230 230 230 230 231 230 230 229 228 226 225 228 229 229 229 229 228 227 226 225 224 226 227 228 228 228 228 228 228 227 226 225 224 224 224 224 224 224 223 223 223 224 225 222 222 222 223 223 222 221 220 220 220 220 221 221 220
235 234 235 236 236 236 236 234 233 234 234 234 234 233 231 234 236 236 236 236 235 233 231 229 228 227 225 224 220 219 218 219 224 225 225 225 225 223 223 224 224 225 224 225 225 225 224 226 226 226 226 227 228 229 230 230 231 231 232 233 234 234 234 235 236 237 238 240 243 244 246 247 248 249 251 249 250 250 252 253 253 254 255 254 253 253 253 253 254 255 256 258 260 264 265 265 267 269 271 272 273 273 273 273 274 276 279 281 283 285 286 287 287 287 287 286 286 286 286 287 287 287 287 286 284 282 282 280 278 278 276 274 271 268 268 271 273 276 280 281 280 279 277 274 271 269 265 265 266 267 267 266 264 262 261 265 271 272 274 277 280 281 282 282 281 279 277 274 272 269 270 270 270 270 269 268 265 265 264 263 263 262 261 259 257 255 253 253 250 250 252 255 258 261 264 267 269 270 270 269 269 268 268 266 265 263 262 261 259 259 261 262 263 263 263 265 267 268 269 270 270 270 270 270 270 270 269 267 265 263 261 260 258 257 256 255 254 253 253 253 252 252 252 251 250 249 247 245 243 242 241 241 240 240 239 238 238 237 237 237 236 236 236 236 237 237 237 238 238 238 238 238 237 237 236 235 234 233 232 231 229 230 231 231 228 235 234 234 234 234 232 231 230 230 230 230 230 229 228 228 227 227 226 225 224 224 225 225 225 225 225 224 223 221 220 219 219 219 221 223 223 223 221 220 219 219 219 219 219 219 220 221 222 223 223 223 224 225 226 227 227 228 230 231 231 231 231 231 231 231 230 226 228 228 228 228 228 228 228 228 227 226 225 225 225 227 228 229 229 229 228 228 227 226 226 225 224 225 224 224 224 223 223 223 223 223 225 223 223 223 223 222 221 221 220 220 221 221 221 221
234 234 235 236 236 237 237 233 231 232 231 231 231 231 230 230 233 236 236 236 235 234 232 231 229 226 225 223 220 218 219 220 223 226 227 228 226 225 225 226 226 225 224 225 226 226 225 225 225 225 226 226 228 229 229 230 231 231 231 232 232 233 233 234 235 237 239 240 242 245 246 247 248 249 253 250 251 251 252 253 254 255 255 255 255 255 254 254 255 256 257 259 261 263 265 267 268 269 270 272 274 275 276 276 276 275 277 279 282 284 286 287 287 288 288 287 287 287 287 287 287 286 285 284 281 279 278 278 276 275 274 271 269 268 271 274 276 278 280 281 281 280 277 275 272 269 266 267 269 269 269 268 266 264 262 265 272 273 275 278 280 281 282 282 282 280 278 276 273 271 272 272 272 271 270 269 268 266 266 265 264 263 262 260 258 255 255 254 252 250 252 256 259 262 265 268 270 270 270 270 269 268 268 266 265 264 264 262 259 260 262 264 265 265 265 266 268 269 270 271 271 272 272 272 272 271 270 268 266 263 262 260 259 258 258 257 256 255 255 255 255 255 255 254 252 251 249 246 245 243 242 240 239 239 238 238 237 237 236 236 236 235 235 235 235 235 235 236 236 236 237 236 236 235 235 234 233 232 232 231 230 229 230 230 230 235 233 233 232 232 231 230 230 230 230 228 229 228 228 228 228 227 227 226 225 225 226 226 225 225 225 224 223 221 220 219 219 220 222 223 224 223 222 220 219 220 220 220 220 220 220 221 221 222 222 222 223 224 225 226 227 227 230 231 231 231 231 232 232 226 226 229 230 230 230 230 230 230 230 229 228 227 225 225 226 227 228 229 229 229 229 228 228 227 226 226 225 225 225 224 224 224 224 224 223 224 224 226 224 224 223 222 221 221 221 221 221 221 221 221
233 235 236 236 237 237 238 236 234 229 231 229 231 230 230 230 233 235 236 236 236 235 233 232 230 227 225 222 220 218 219 222 225 226 228 229 229 228 228 230 229 225 224 227 228 229 226 226 227 227 227 227 228 229 230 230 231 231 231 232 232 232 233 235 236 238 239 241 243 244 246 247 248 249 250 250 251 252 252 252 254 254 255 255 256 256 255 255 256 257 259 260 262 264 266 269 269 269 270 272 274 276 276 277 278 277 277 279 281 284 286 287 288 288 288 288 288 288 287 287 286 285 284 282 279 277 276 275 273 273 272 269 268 271 274 277 279 281 282 282 281 279 277 275 272 269 267 269 272 272 271 270 268 266 263 265 270 275 277 279 281 282 283 283 282 281 279 276 273 274 274 273 273 272 271 270 269 267 267 266 265 264 263 261 259 257 256 255 253 250 252 256 260 263 266 269 270 271 270 270 269 268 268 267 266 264 263 260 259 261 263 265 267 267 268 268 269 271 272 273 273 274 274 274 273 272 270 268 266 264 262 261 260 261 260 259 258 257 258 258 258 257 257 256 254 253 250 247 246 244 242 240 239 238 238 238 238 237 237 236 235 235 234 234 234 234 234 234 234 235 235 234 234 233 233 232 232 232 232 230 229 229 229 229 232 236 233 232 232 231 231 230 230 230 230 230 229 227 227 228 228 227 227 226 226 226 226 226 226 225 224 223 222 220 220 219 219 221 222 223 224 223 222 220 219 220 221 222 222 221 222 222 224 223 222 222 222 223 224 226 227 228 230 231 231 231 232 232 227 229 230 231 231 231 231 231 231 231 230 229 228 229 227 227 226 227 228 229 229 229 229 228 228 227 227 226 226 226 225 225 224 224 224 224 223 224 224 224 224 223 223 222 221 221 221 221 221 222 222 222
237 237 237 237 236 237 237 236 235 234 232 231 230 229 230 231 234 235 234 234 235 233 231 228 225 223 221 222 220 219 220 222 225 227 229 230 230 229 229 228 225 224 227 229 228 226 226 226 227 227 226 227 228 228 229 230 230 230 231 231 232 233 234 236 238 239 240 242 244 245 246 247 248 248 250 250 251 252 252 253 254 254 255 255 255 255 255 255 255 257 259 261 263 265 266 268 270 271 271 272 274 276 277 277 278 278 278 279 281 283 285 287 289 289 289 289 289 288 287 286 284 283 283 281 278 276 275 273 271 271 270 270 271 273 275 278 281 282 283 282 280 278 276 274 271 270 271 272 274 275 273 271 270 269 264 264 269 275 278 280 282 283 283 283 282 281 279 277 275 275 275 274 273 272 271 270 269 268 267 266 265 264 263 261 259 258 257 256 254 251 251 256 260 263 267 269 270 271 270 270 269 268 268 267 265 264 262 260 261 262 263 266 268 269 270 271 272 272 273 274 275 275 276 275 274 273 271 269 266 264 263 261 262 262 261 260 260 259 260 260 260 259 258 257 256 253 251 248 246 244 241 239 239 239 239 239 239 238 238 237 237 236 235 234 234 234 234 233 233 234 233 232 232 231 231 231 230 230 230 229 228 228 228 229 231 235 235 234 232 231 230 230 230 230 230 229 228 227 227 228 228 227 227 227 227 227 227 226 225 224 223 222 221 221 219 220 221 222 223 224 224 224 223 221 219 220 222 222 223 223 224 225 226 224 223 222 221 222 224 225 227 229 231 232 232 232 229 227 233 228 231 232 232 232 232 232 231 231 231 229 228 228 228 228 227 227 228 229 229 229 229 229 228 228 227 227 227 226 226 225 225 224 226 225 224 224 224 224 223 223 222 222 221 221 221 222 222 223 223 223
233 235 236 236 237 236 236 236 235 234 228 233 233 232 231 232 233 233 233 233 233 233 232 228 225 224 221 221 217 229 224 222 224 227 228 229 231 232 229 228 227 226 226 226 226 227 227 228 227 227 227 227 228 228 229 229 230 230 231 231 232 234 235 237 238 239 241 242 244 245 246 247 248 249 250 250 251 252 252 253 253 253 254 253 253 253 253 254 255 257 259 262 265 266 268 269 271 273 273 274 275 277 278 278 278 279 279 279 281 283 285 287 289 289 290 290 290 289 288 286 284 283 282 281 279 277 275 273 273 273 273 273 274 275 277 280 282 283 283 282 281 278 275 272 271 273 274 275 276 276 275 273 272 271 267 264 269 274 278 280 282 284 283 283 282 281 279 277 276 275 275 274 273 272 271 270 269 268 267 266 265 264 263 262 260 259 257 257 254 251 251 255 260 264 267 269 270 271 270 270 269 268 268 266 265 263 262 262 264 264 264 266 268 270 271 272 273 274 275 276 277 277 277 277 276 274 272 269 267 265 264 263 263 263 262 261 261 261 262 261 261 260 259 258 257 255 251 249 246 243 240 239 239 239 240 241 240 240 239 239 238 238 236 235 234 234 233 233 233 233 232 231 231 230 230 230 229 229 229 228 228 228 228 228 230 235 229 231 231 230 230 230 230 230 230 229 228 227 226 227 227 227 227 226 226 226 226 225 224 223 222 221 221 221 220 221 222 222 223 224 224 224 223 220 219 219 221 222 223 224 225 226 226 226 224 223 222 223 223 225 226 228 231 232 232 229 229 231 229 231 232 232 232 232 232 232 232 231 231 230 228 228 228 229 228 228 227 228 229 229 229 229 228 228 228 228 227 227 226 226 225 225 228 226 224 224 224 224 224 223 222 222 221 222 222 223 223 224 224 224
233 233 234 235 236 234 232 233 234 234 228 230 229 231 232 233 234 234 234 233 233 232 231 230 228 226 221 221 220 222 222 224 224 226 226 226 227 227 227 226 226 226 226 226 227 228 228 228 228 228 228 229 229 229 229 229 230 230 231 232 233 235 236 237 239 240 241 242 244 245 246 247 248 249 250 250 251 251 252 251 251 251 251 251 251 251 252 253 255 257 259 263 267 269 271 271 272 274 275 276 277 279 279 279 279 280 280 279 280 282 284 286 288 289 290 290 290 290 288 287 286 285 283 281 279 278 277 276 276 276 276 276 277 277 279 282 284 285 284 283 281 278 275 273 275 277 278 278 278 278 277 276 275 273 268 265 269 274 279 281 283 284 284 283 282 281 279 278 276 275 274 273 272 271 270 270 269 268 267 266 264 264 263 262 261 260 258 257 255 252 251 254 260 264 267 270 271 271 271 270 270 268 268 266 265 264 263 265 266 267 267 266 268 271 273 274 275 276 277 278 278 279 279 278 277 275 272 270 267 265 265 264 264 263 262 261 261 262 262 262 262 261 260 259 257 255 252 249 246 243 240 239 239 240 241 243 243 243 242 241 240 239 237 236 235 235 234 233 233 232 232 231 231 231 230 230 229 229 229 228 228 228 227 230 231 233 230 230 231 230 230 230 230 228 229 228 227 226 225 225 225 225 225 225 226 226 225 224 223 223 222 222 221 221 221 222 222 223 224 224 224 224 222 220 218 217 220 223 224 225 226 227 228 227 226 224 224 223 224 225 225 227 229 230 230 232 230 230 231 231 232 232 232 232 233 232 232 232 231 231 229 228 228 229 229 228 228 228 228 228 228 229 229 229 229 228 228 228 227 226 225 225 229 225 225 224 224 224 224 223 222 222 222 223 224 225 225 225 225 225
231 234 234 233 233 233 234 232 231 231 231 228 226 225 224 227 230 233 233 233 233 234 233 232 231 228 222 220 218 219 221 222 224 225 226 227 227 228 228 229 228 227 226 226 228 228 228 229 229 230 230 230 230 230 230 230 230 231 231 232 233 235 236 238 239 240 241 243 244 245 246 247 248 249 249 250 251 251 251 249 249 249 249 249 249 250 252 254 256 258 261 264 268 271 272 274 275 276 277 278 279 280 280 281 281 281 281 281 281 282 283 285 287 289 290 291 291 291 290 289 288 286 285 282 280 279 278 278 278 279 280 279 280 280 282 284 285 286 285 284 282 279 275 274 277 280 280 280 280 279 278 278 277 275 269 264 271 274 279 281 283 284 284 283 282 281 279 278 277 275 273 271 270 269 269 269 269 267 267 265 264 263 263 262 261 260 259 258 255 252 252 255 261 264 267 270 271 271 271 271 270 269 268 267 266 265 265 267 268 269 269 269 269 271 274 275 276 278 279 279 279 280 279 278 277 275 272 270 267 266 266 265 264 262 262 261 261 262 263 262 261 261 260 259 258 255 252 249 246 242 240 239 239 242 243 245 245 245 245 243 242 240 238 238 238 237 236 235 234 233 233 232 232 231 231 231 230 230 229 229 229 228 228 230 231 232 228 229 230 230 230 230 229 230 228 228 226 225 224 223 223 223 223 224 224 225 224 223 223 222 222 222 221 221 222 223 223 224 224 225 225 224 222 219 218 218 219 222 225 226 227 229 229 228 227 226 225 225 224 224 225 225 231 230 230 229 229 230 231 231 232 232 232 233 233 233 232 232 232 231 230 228 228 229 230 229 228 228 229 229 230 230 229 229 229 228 229 228 227 226 226 225 228 227 226 225 225 224 224 223 222 222 222 223 224 226 226 227 227 226
234 235 233 233 234 237 239 236 235 233 231 229 224 225 224 226 229 232 233 234 233 234 234 233 231 226 222 219 218 219 221 222 224 224 225 226 228 229 230 230 229 228 227 227 228 228 229 230 230 230 231 231 231 231 231 231 231 231 232 233 234 235 236 238 239 240 241 243 244 245 246 247 248 248 249 250 250 251 248 247 246 246 247 248 250 252 254 255 257 258 261 264 269 272 273 276 278 278 279 280 281 282 283 283 284 283 283 282 282 283 283 285 287 288 290 291 292 292 291 290 289 288 286 284 281 280 280 280 281 282 282 283 283 283 284 285 286 287 287 285 283 279 275 276 280 282 283 282 282 281 280 279 278 275 268 267 273 276 280 282 283 284 284 283 282 280 279 277 276 275 272 269 268 267 267 267 267 266 265 264 264 263 262 262 261 260 259 258 255 252 252 255 260 264 267 270 271 272 271 271 271 270 269 268 266 266 266 268 270 270 271 272 271 271 274 276 278 279 280 280 281 280 279 277 275 273 272 269 267 267 266 264 262 261 260 260 261 262 262 261 261 260 260 259 257 255 252 249 245 242 240 239 241 244 245 247 248 247 247 245 244 242 240 240 239 239 239 237 235 235 234 233 233 233 233 232 231 231 231 230 230 229 229 231 231 229 229 228 228 230 230 230 228 229 228 227 225 225 224 223 223 223 222 222 223 223 223 222 222 222 222 221 221 222 222 223 223 223 224 225 225 224 221 218 218 218 220 222 225 227 229 230 229 229 229 228 227 226 225 225 229 232 228 229 228 229 229 230 230 231 232 232 232 233 233 233 233 232 232 231 230 229 229 230 230 229 229 229 229 229 230 230 230 229 229 229 229 229 228 227 226 226 227 231 226 225 225 224 223 223 223 223 223 224 225 226 229 230 229 228
229 231 231 231 232 234 236 235 234 233 231 229 227 225 225 224 228 230 231 233 232 234 234 234 229 227 223 219 218 219 221 222 223 225 226 227 229 230 231 231 230 229 228 228 229 229 229 230 230 231 231 231 231 232 232 232 232 232 233 233 234 235 236 238 239 240 241 243 244 245 246 247 248 248 249 249 250 248 245 244 244 245 248 250 252 254 256 256 258 259 262 265 269 273 275 277 280 281 281 282 283 285 286 286 286 286 285 285 284 284 285 285 287 289 290 292 293 293 292 291 291 289 288 285 283 282 282 282 283 283 284 286 286 286 286 287 287 288 288 287 284 278 276 278 282 284 284 284 283 282 282 281 279 273 267 271 274 278 280 283 284 284 284 284 282 280 278 277 275 273 272 269 267 265 265 264 265 264 264 264 263 262 261 261 261 260 259 257 254 253 253 255 260 265 268 271 272 272 272 272 271 271 270 269 268 267 268 269 271 272 273 274 274 274 275 277 279 279 280 281 282 280 278 276 273 270 268 266 266 267 266 263 261 260 259 259 259 260 260 258 259 259 258 257 256 254 252 247 243 241 239 241 243 246 247 248 249 249 248 247 245 244 242 242 242 241 240 238 237 236 234 234 234 234 234 233 233 232 232 232 231 230 230 232 230 229 229 230 229 231 230 230 228 230 229 228 226 224 224 224 223 223 223 222 222 222 222 221 221 222 221 220 222 222 222 223 222 223 224 225 225 224 221 218 218 218 221 222 225 227 229 230 230 230 228 228 229 228 227 233 233 228 229 229 229 229 229 230 230 231 232 232 233 233 233 233 233 233 232 232 231 230 229 230 230 230 230 229 229 230 230 230 230 230 230 230 230 230 229 228 227 227 226 232 226 225 225 224 224 224 223 223 224 225 227 228 231 232 232 230
230 230 230 230 230 231 232 233 233 232 231 230 227 225 225 225 227 229 229 233 232 232 233 230 229 228 223 219 218 219 220 221 223 224 226 228 230 231 232 232 231 230 228 228 229 229 229 230 230 231 231 231 232 232 233 233 233 233 233 234 235 235 236 238 239 240 241 243 244 245 246 247 248 248 247 247 247 245 243 242 244 246 249 252 253 256 256 257 258 259 262 266 269 273 276 277 280 284 284 285 286 287 288 289 289 289 288 286 286 286 286 287 288 290 291 292 293 294 293 293 291 290 289 287 285 284 284 284 284 285 286 288 288 288 288 288 288 288 288 287 283 278 278 280 283 285 286 286 284 283 282 282 278 271 267 275 276 279 281 284 285 285 285 284 283 281 279 278 276 273 271 270 268 266 264 262 263 264 263 263 262 261 260 260 260 259 259 257 254 253 253 255 258 264 268 271 272 272 273 272 272 271 271 270 269 269 270 271 273 274 275 276 277 277 277 278 279 280 281 282 281 280 277 274 271 268 265 264 265 267 264 260 259 258 257 256 257 257 257 256 256 255 255 254 253 252 249 245 242 240 241 243 245 248 249 250 250 250 250 248 247 246 244 244 243 242 241 240 239 238 237 236 235 235 234 234 233 233 233 233 231 231 231 232 228 229 229 230 233 231 231 231 228 230 229 229 228 224 224 224 224 223 223 222 221 221 221 221 221 221 220 221 221 222 222 222 222 223 224 224 224 223 220 218 218 218 220 223 225 227 229 230 230 230 230 230 230 230 233 230 229 229 229 230 230 230 230 231 231 231 232 232 233 233 233 234 233 233 233 232 231 230 229 230 231 230 230 230 230 230 230 231 231 231 231 231 230 230 230 229 228 228 227 233 227 225 225 224 224 224 224 224 224 226 228 229 232 234 234 232
229 228 228 227 228 229 230 230 230 230 229 228 227 225 225 220 223 226 229 229 229 229 228 229 231 228 224 218 218 219 219 220 222 224 226 229 230 231 232 232 231 230 229 229 229 229 229 229 230 230 231 231 231 232 233 233 233 234 234 234 235 235 236 237 239 240 241 242 244 245 246 247 247 246 245 245 244 243 241 242 245 248 251 252 254 256 257 256 256 258 262 266 270 274 276 278 280 284 287 287 288 290 290 292 291 291 290 289 288 289 289 289 290 291 293 294 294 295 295 293 292 291 289 288 287 286 286 286 286 287 288 289 291 290 290 290 290 289 287 285 281 280 279 281 284 284 287 287 285 283 281 279 276 270 271 278 278 280 281 284 285 285 285 284 283 281 280 278 276 275 273 271 270 268 266 263 261 261 262 262 261 260 259 258 257 257 256 255 254 253 254 255 258 262 268 271 272 273 273 273 273 272 272 271 270 271 272 273 275 276 277 278 278 279 278 280 281 281 282 282 282 280 277 273 270 267 264 261 263 263 260 258 257 256 255 254 255 254 255 254 253 252 252 252 251 249 246 243 242 241 242 246 248 250 251 252 252 252 252 250 249 248 247 246 244 243 241 241 240 239 238 237 236 235 235 234 234 234 234 233 232 231 232 230 229 230 230 229 229 230 231 231 228 230 229 229 226 224 225 226 225 224 223 222 221 221 221 221 221 222 222 221 221 221 221 222 223 224 224 225 224 222 220 218 218 219 221 222 224 227 229 230 230 231 231 231 234 234 228 229 229 229 230 231 231 231 231 231 231 231 232 232 233 233 234 234 234 233 233 232 231 230 230 230 231 231 230 230 230 231 231 232 232 232 232 231 231 230 230 229 229 228 228 233 227 226 225 225 225 225 224 224 225 227 228 230 234 238 237 234
227 227 226 226 226 227 228 228 228 228 228 226 225 222 223 220 221 223 225 226 226 225 227 230 231 228 225 220 218 219 219 221 222 224 227 229 230 232 233 233 232 231 229 229 229 229 229 229 229 230 230 231 231 232 233 233 233 233 234 234 235 235 236 237 239 240 241 242 243 244 245 245 245 244 242 242 241 241 240 242 245 247 250 252 254 255 255 254 255 258 261 266 270 275 277 280 282 286 290 291 291 293 294 294 294 293 292 292 291 291 292 293 294 294 296 296 297 297 297 295 292 291 289 288 288 288 289 288 288 289 291 292 293 293 293 292 291 287 286 284 282 281 282 283 285 287 288 288 286 283 279 276 273 269 272 280 281 282 282 284 284 285 285 284 283 281 280 278 277 275 273 272 270 268 266 263 261 259 259 260 260 259 257 256 255 255 254 254 254 254 254 256 259 262 267 271 272 273 273 274 274 274 273 272 272 273 274 276 277 278 279 280 281 281 281 281 282 283 283 283 283 280 277 273 269 266 262 260 259 259 258 256 256 254 254 253 252 252 251 250 250 250 250 249 247 246 244 243 242 243 246 248 250 252 252 253 253 253 253 252 251 250 249 247 245 243 242 241 240 239 238 237 236 235 235 234 234 234 233 232 232 232 234 229 234 233 230 229 229 233 231 231 228 230 230 229 222 223 226 227 226 225 224 223 222 222 222 222 222 222 222 221 221 221 222 223 223 224 225 225 224 222 219 218 218 219 220 222 224 226 228 230 230 231 232 234 232 230 229 229 229 231 231 231 232 231 232 232 232 232 232 232 233 234 234 234 234 234 233 232 232 231 230 231 231 231 231 231 231 232 232 233 234 234 233 232 232 231 230 230 228 228 227 234 229 226 226 226 227 226 225 226 228 229 229 232 235 238 239 237
226 226 225 225 225 226 225 226 226 226 226 225 223 222 225 220 220 221 222 222 222 224 225 228 229 228 226 221 218 219 219 220 222 224 226 228 230 232 233 234 233 231 229 229 229 229 229 228 228 229 229 229 230 232 232 233 233 233 233 234 235 235 236 237 238 239 240 241 242 242 242 242 242 241 239 239 239 238 239 241 244 246 248 250 252 252 253 253 255 258 261 266 271 276 280 283 286 290 293 294 294 295 296 296 296 296 295 294 294 295 295 297 297 298 298 299 299 299 298 295 293 290 289 288 289 290 291 291 292 293 295 296 296 296 294 292 290 288 287 285 284 284 284 285 287 289 289 288 286 283 279 276 273 270 274 280 282 283 283 283 284 284 284 284 283 281 280 278 276 275 273 272 270 267 265 263 261 259 259 258 258 257 257 257 256 256 257 256 256 256 255 257 259 263 267 270 272 273 274 274 275 275 275 274 274 275 276 278 279 280 281 282 283 283 283 283 284 284 285 284 283 280 276 271 267 265 262 259 258 257 256 255 254 254 252 251 251 250 250 249 249 248 247 246 245 245 243 243 244 245 248 251 252 253 254 255 255 254 253 252 251 250 249 247 246 244 242 241 240 239 238 237 236 235 234 234 234 233 232 231 235 233 231 231 234 234 230 229 229 234 231 232 229 233 229 233 223 224 227 229 227 226 224 223 222 223 223 223 223 223 222 222 221 222 223 224 224 225 225 225 223 222 220 219 219 220 220 222 223 226 228 230 231 233 234 231 231 230 229 230 230 232 232 232 232 232 232 233 233 233 233 233 234 234 235 235 235 235 234 233 232 232 231 231 232 232 232 232 232 233 234 235 236 236 235 234 233 231 230 229 229 229 228 229 235 228 228 228 229 227 226 228 227 228 229 231 234 238 241 240
226 226 225 224 224 224 224 224 224 225 225 223 222 221 222 224 225 223 221 220 220 222 223 225 227 226 225 221 218 218 218 220 221 223 225 228 230 233 234 233 231 229 229 228 227 228 228 227 226 227 227 227 229 231 232 232 231 231 232 233 234 234 235 236 237 239 240 240 240 240 240 239 238 237 236 237 237 238 239 240 242 244 246 248 249 250 250 252 255 258 261 266 272 277 282 287 290 294 297 297 296 297 299 299 299 299 299 297 297 299 299 299 300 300 300 301 302 302 299 295 293 290 289 290 291 292 293 294 295 296 297 298 298 297 294 292 290 289 288 287 286 286 286 287 289 290 290 289 287 284 281 277 273 274 279 283 284 284 283 283 283 283 283 283 282 281 279 277 275 273 272 270 268 266 264 262 261 259 258 259 258 258 258 258 259 259 260 259 258 257 256 258 260 263 266 268 271 272 273 274 275 276 276 276 276 277 278 280 281 282 283 284 285 285 285 285 286 286 286 285 283 280 275 271 268 264 260 258 256 256 255 254 254 253 252 251 251 251 250 250 250 248 246 246 245 244 244 244 247 249 252 253 254 255 255 255 255 254 253 252 251 250 248 246 245 243 242 240 239 238 238 237 236 236 235 235 234 234 233 233 232 232 233 232 233 234 234 232 233 234 234 231 231 231 225 231 223 225 228 229 228 226 224 223 222 223 224 224 224 223 222 222 222 222 223 224 225 225 226 225 222 221 220 220 220 220 221 222 224 226 228 230 234 233 231 231 230 229 231 231 231 232 233 233 233 233 233 233 234 234 233 233 234 235 235 235 236 235 235 234 233 232 232 232 232 233 233 233 233 235 236 238 239 238 237 235 234 232 231 230 229 228 229 228 234 231 231 231 230 229 227 226 226 228 230 232 234 237 240 243
225 225 224 224 223 223 223 223 223 223 223 222 221 222 226 226 228 227 226 223 223 220 220 222 223 224 223 221 219 217 218 220 221 222 224 227 230 231 232 231 229 227 226 226 226 226 226 225 225 225 225 226 228 230 230 230 230 230 230 232 232 232 233 235 236 237 239 239 238 237 236 235 235 235 236 237 239 240 241 242 243 244 245 246 248 249 250 251 254 257 262 267 272 278 284 289 294 297 299 300 300 300 301 302 302 302 301 300 300 303 303 304 302 302 303 304 304 303 299 296 293 292 291 291 293 294 295 296 298 298 299 299 298 296 294 293 292 291 289 288 288 288 288 288 290 290 290 289 287 285 282 278 273 278 283 286 286 285 284 284 283 282 282 282 281 280 278 276 274 271 270 268 266 264 262 261 260 259 259 259 260 260 260 260 261 262 263 261 260 258 257 257 260 262 264 267 269 270 272 274 275 277 277 277 278 279 280 281 283 284 285 286 287 287 287 287 287 288 286 285 280 278 274 272 268 263 259 256 257 256 255 255 254 253 252 252 252 253 253 253 252 249 247 246 245 247 246 247 249 252 254 254 255 255 255 255 255 254 253 252 251 249 247 245 244 242 241 239 239 238 238 237 237 237 236 236 235 237 234 233 233 232 232 236 234 235 235 235 234 234 234 232 231 229 225 223 224 226 229 229 228 227 225 223 222 223 224 225 224 223 223 222 222 222 223 224 225 225 225 224 222 220 220 220 220 220 221 222 224 226 232 234 230 230 230 231 229 231 232 232 232 233 233 233 233 233 233 233 234 234 234 234 235 236 236 236 236 236 235 235 234 233 233 233 232 233 233 234 234 236 238 241 241 240 238 236 235 233 231 230 229 229 229 231 236 234 234 233 232 230 229 227 226 228 230 233 236 238 241 244
225 224 224 224 222 222 223 222 222 222 222 222 224 230 230 229 225 230 228 225 225 223 221 219 220 221 221 220 218 218 219 220 220 222 223 226 227 228 228 227 226 224 223 222 222 223 224 223 223 223 223 225 227 230 230 230 230 230 230 230 230 230 232 233 234 236 236 236 236 235 233 233 234 236 238 240 241 242 244 245 247 248 248 249 250 251 252 253 254 258 263 268 273 278 284 290 295 299 301 303 303 304 303 304 304 305 304 302 302 305 306 307 306 306 306 306 306 303 300 297 295 293 293 294 296 297 297 298 299 299 299 299 298 296 295 294 294 292 291 290 290 290 290 290 291 291 290 289 288 286 283 278 274 281 286 289 288 287 286 285 283 281 281 280 279 278 277 275 273 270 267 266 264 263 262 260 260 260 261 263 263 262 262 263 264 264 264 262 261 259 257 257 259 262 264 266 267 269 271 273 275 277 278 279 280 280 282 283 284 286 287 288 288 289 289 289 289 288 286 283 278 275 272 270 266 261 256 258 258 258 258 256 255 254 254 254 254 254 255 254 252 250 248 247 247 249 250 252 254 254 255 256 256 256 256 256 255 253 252 251 250 247 245 244 242 241 240 239 239 239 239 239 239 238 237 240 237 237 235 235 234 233 235 235 235 235 236 236 235 234 233 232 231 228 227 225 224 227 229 229 229 227 226 224 223 223 224 225 224 224 223 223 222 223 224 225 225 225 225 224 222 221 221 221 221 222 222 223 227 234 233 227 228 228 229 228 229 230 232 232 232 233 233 233 233 233 233 234 234 234 234 234 235 236 237 237 237 237 236 235 235 235 235 234 234 234 234 235 236 238 240 243 243 242 239 237 236 233 231 230 229 229 231 233 235 236 237 236 234 232 229 227 227 228 231 234 238 241 243 244
224 224 224 223 222 223 223 222 222 223 224 227 227 227 228 227 228 229 228 229 229 226 224 221 219 219 219 219 218 218 217 219 220 221 222 223 223 223 224 223 222 222 222 222 222 222 222 222 221 223 224 225 228 230 230 230 230 230 230 230 230 230 230 230 233 233 234 234 234 233 232 233 235 237 240 242 243 244 246 247 249 249 250 251 252 252 251 252 253 257 263 268 274 278 283 289 294 299 303 305 306 306 306 306 307 308 306 306 305 307 308 309 309 309 309 308 307 304 302 299 297 296 295 295 297 299 299 300 300 300 299 299 298 296 295 295 294 294 293 292 292 292 292 292 292 291 291 289 287 285 283 277 278 284 288 291 290 289 287 285 283 281 280 279 278 277 276 274 271 268 265 264 263 262 261 261 261 262 264 265 265 264 265 265 267 266 266 264 261 259 258 258 259 260 262 264 266 267 270 272 275 278 280 281 282 282 283 285 286 287 289 289 290 290 290 290 290 287 284 281 276 272 269 266 264 260 259 259 260 257 258 257 256 256 255 255 255 256 255 254 253 250 248 248 249 251 253 255 257 257 256 256 256 256 256 255 254 253 251 250 248 246 244 243 242 241 240 240 240 241 241 240 240 239 240 240 239 238 237 236 236 233 235 235 235 236 236 236 234 233 232 231 232 231 229 227 227 227 229 229 228 227 226 224 223 223 223 224 224 224 223 223 223 223 224 225 225 225 225 224 222 221 222 223 223 223 224 231 233 228 225 225 226 227 228 228 228 229 230 231 232 233 233 234 234 234 234 234 234 234 234 235 235 236 237 237 237 237 237 237 236 236 235 235 235 235 236 236 237 238 241 245 245 243 241 238 236 233 232 231 230 230 231 234 237 236 238 238 236 233 230 228 227 229 231 234 238 241 243 244
225 224 224 225 226 226 227 224 226 225 227 228 228 227 223 221 226 232 230 231 230 229 227 224 221 219 218 218 218 218 218 219 222 222 222 222 222 222 222 222 222 222 222 223 225 225 225 225 224 225 225 226 229 230 230 230 230 230 230 230 230 230 230 230 230 232 232 232 233 232 232 233 236 238 240 242 243 244 245 247 248 249 249 250 251 250 248 249 251 255 260 266 272 278 282 288 293 299 302 305 307 308 307 308 309 310 309 308 307 308 310 312 312 312 311 310 309 306 303 301 299 298 298 297 298 300 301 301 301 300 299 298 297 297 296 295 295 295 295 295 294 294 294 294 293 292 291 289 286 283 280 277 282 287 290 292 292 290 288 285 283 280 279 277 276 275 274 272 269 266 264 263 262 261 262 263 264 264 266 268 267 267 267 268 269 269 267 264 261 259 258 259 260 261 262 263 265 267 269 272 275 279 281 282 283 284 285 286 288 289 290 291 291 292 292 290 289 286 283 278 274 270 267 264 262 260 260 262 263 261 260 259 258 257 257 257 257 256 256 254 252 250 249 248 250 253 255 258 258 258 258 257 257 257 256 254 253 251 250 248 246 244 245 243 243 243 242 242 242 241 241 241 241 241 241 241 240 239 238 237 236 233 235 235 235 235 234 233 232 231 230 229 228 231 230 229 229 229 229 229 228 228 227 225 224 223 223 224 225 224 224 223 224 224 224 225 225 225 224 223 222 222 223 224 225 225 233 233 226 225 225 225 226 227 227 227 227 227 229 230 232 233 233 234 234 234 234 234 234 235 235 235 236 236 237 238 238 237 237 237 237 236 236 236 236 237 237 237 237 236 240 246 246 243 241 238 237 234 233 232 231 231 232 234 236 239 237 239 237 234 231 229 227 229 231 234 237 241 244 244
227 228 229 230 230 230 230 229 225 225 230 230 228 222 220 223 233 231 225 230 229 228 226 224 222 219 218 218 218 218 218 221 222 222 222 222 222 222 222 222 222 222 224 225 226 227 227 226 226 226 226 228 231 232 232 232 232 232 232 230 230 230 230 230 230 231 232 232 232 233 233 233 235 237 238 240 240 242 244 245 246 246 247 247 248 248 246 248 250 253 257 262 270 276 282 287 291 296 301 304 307 308 309 310 312 312 311 310 310 311 312 314 314 313 312 312 310 308 305 303 301 301 301 299 299 300 302 302 302 301 300 299 298 297 297 296 296 296 296 295 295 295 294 294 293 292 290 288 284 281 279 278 282 289 290 292 292 291 289 286 281 279 277 276 274 273 272 270 267 265 264 263 262 263 264 266 266 266 268 270 270 269 270 271 271 270 267 264 261 260 260 261 262 263 264 265 265 268 271 273 276 280 282 284 285 286 287 288 289 290 291 292 292 293 292 290 287 284 281 276 272 269 266 263 261 260 262 265 265 263 262 261 259 259 258 257 257 256 255 253 253 256 250 259 256 253 257 259 260 260 259 259 258 257 256 254 252 250 249 248 247 247 247 246 245 245 244 243 244 243 243 242 242 242 242 242 241 240 239 238 236 233 234 234 234 234 232 230 229 229 227 226 225 225 229 230 229 229 229 229 229 228 227 226 225 223 223 224 225 225 224 224 224 225 225 225 225 225 224 223 222 222 223 225 225 232 229 227 227 227 225 225 225 227 227 229 229 229 229 231 232 233 233 234 234 235 235 235 235 235 235 236 236 237 238 238 238 238 238 238 238 237 236 237 238 238 238 238 238 239 245 247 246 244 240 237 237 233 234 233 232 232 233 234 235 237 237 238 236 234 232 230 228 229 231 233 236 240 243 245
230 231 232 233 233 233 234 228 225 231 231 228 227 221 222 229 231 230 229 224 227 225 224 223 221 218 218 218 218 218 219 222 222 222 223 224 224 225 225 225 226 227 228 228 227 227 228 228 228 228 228 230 232 233 233 233 233 234 234 234 234 235 235 235 234 233 232 232 232 233 233 234 234 235 236 237 238 240 241 242 242 243 244 244 245 245 245 246 247 251 256 261 266 272 279 286 290 295 299 302 306 308 310 311 313 313 313 313 312 313 314 314 315 314 314 313 312 309 307 305 303 303 302 301 302 302 304 304 304 303 301 300 299 298 298 297 297 298 297 296 296 295 295 294 293 291 289 286 283 281 279 280 284 288 290 291 291 290 288 285 279 277 275 274 273 271 269 268 266 264 264 263 264 265 266 267 268 268 269 271 271 271 272 273 273 271 268 264 261 261 262 264 265 266 267 268 268 268 272 275 277 281 284 285 287 288 289 289 290 291 292 293 293 293 292 288 284 280 277 274 270 267 264 262 262 262 265 267 266 265 263 261 260 259 258 258 256 255 254 255 255 262 259 260 260 260 261 264 260 260 260 259 258 258 256 254 252 250 250 249 249 249 248 248 247 246 246 246 245 245 244 243 243 243 242 242 241 240 239 237 236 234 233 231 230 230 228 227 226 225 225 225 223 225 229 230 230 229 229 229 229 228 228 227 225 224 223 224 224 225 225 225 225 225 226 226 226 226 225 224 223 223 223 233 233 227 228 229 229 229 227 225 224 228 228 229 230 230 231 232 233 233 233 234 234 235 235 236 236 236 237 237 237 238 238 239 239 239 239 238 238 237 239 240 239 239 239 240 240 242 246 248 246 243 240 239 238 235 236 234 234 234 234 234 235 236 237 236 235 233 233 231 229 229 231 233 235 239 242 244
232 232 233 234 234 234 233 225 225 235 235 234 236 234 224 232 230 231 229 225 223 222 221 220 219 218 218 216 218 219 222 222 223 224 226 226 228 230 230 230 229 230 231 231 229 228 228 229 229 229 230 232 233 234 234 235 235 236 236 237 237 238 239 239 239 237 235 234 233 233 233 234 234 234 233 234 235 236 237 239 239 239 240 241 241 242 243 243 245 250 255 259 264 270 275 284 289 294 298 301 304 307 309 311 312 314 314 314 314 315 315 316 316 316 316 314 313 311 308 306 305 304 304 303 304 305 305 306 306 305 302 301 300 300 299 299 299 299 298 297 296 296 295 293 292 290 287 285 282 280 280 282 284 288 289 289 288 287 286 281 278 275 274 272 271 270 267 266 265 264 264 265 267 268 269 269 270 269 271 272 273 273 274 275 274 271 267 264 262 262 265 267 268 269 270 271 272 269 272 276 279 282 285 287 289 290 290 291 291 292 293 294 295 292 289 285 280 276 274 271 268 265 263 262 263 265 267 268 267 266 264 262 261 260 259 257 255 254 254 257 263 259 260 260 260 260 261 261 267 261 260 259 259 258 257 254 252 251 251 251 251 250 249 249 249 249 248 248 247 246 245 244 243 243 242 242 241 240 238 236 234 233 232 231 229 228 228 226 225 225 225 225 225 227 232 230 230 230 228 230 230 229 228 227 226 224 223 224 224 225 225 226 226 226 226 226 226 226 225 224 224 228 233 229 226 227 228 229 230 229 228 228 228 226 229 230 231 231 232 232 233 233 234 235 235 236 237 237 238 238 238 239 239 239 239 240 240 240 240 239 239 239 241 242 242 242 240 240 241 245 247 248 247 245 242 242 242 240 238 236 235 235 236 236 236 236 237 236 235 234 233 232 230 229 231 233 235 238 241 243
233 233 234 234 234 234 233 226 225 235 237 237 235 236 233 231 230 228 226 223 222 221 220 219 218 218 218 218 219 220 221 222 223 224 226 228 230 233 232 232 232 232 232 231 230 229 229 229 230 230 231 232 233 234 234 235 236 236 237 238 238 239 240 240 241 240 237 236 235 235 235 235 234 234 233 233 233 234 235 236 236 236 237 237 238 239 240 241 244 249 253 258 263 268 273 280 288 292 296 299 302 304 307 309 311 313 314 315 316 316 317 317 318 318 317 316 314 312 310 308 307 305 305 306 307 308 308 308 308 306 304 303 302 301 301 301 300 300 299 298 297 296 294 293 291 290 287 284 282 280 281 283 284 286 287 286 285 285 283 280 277 273 272 270 270 268 266 265 265 265 266 268 270 272 273 272 271 271 272 273 274 275 276 277 276 272 268 266 263 264 268 271 272 272 273 274 275 272 271 275 280 283 286 289 290 291 291 292 293 293 294 295 294 291 288 284 279 274 271 270 267 265 264 264 265 268 270 269 268 266 264 262 261 260 258 256 254 254 255 265 259 259 260 260 260 260 261 262 263 266 260 260 259 258 257 255 253 251 252 251 251 250 250 250 250 250 249 249 248 246 245 244 244 243 242 242 241 239 238 236 235 232 232 230 229 228 227 225 225 225 226 227 228 229 231 231 231 230 230 230 229 229 228 227 225 224 224 224 224 224 225 225 226 226 226 227 227 227 225 224 233 233 225 224 225 226 228 230 230 229 230 229 227 227 228 230 231 232 232 233 233 234 234 235 236 237 238 239 240 240 240 240 240 240 241 241 241 241 241 241 241 240 243 245 246 245 242 240 242 245 247 248 247 246 245 245 244 242 240 237 238 238 238 238 238 238 238 237 236 235 234 232 231 231 231 232 234 236 239 241
234 234 234 234 234 234 234 235 235 236 237 235 235 233 232 230 227 225 223 221 220 220 219 218 218 218 218 219 219 220 221 222 223 225 226 228 231 233 233 233 233 233 233 232 231 230 230 230 230 231 232 233 233 234 234 235 236 236 237 237 238 239 239 240 240 241 240 239 238 238 238 238 237 236 234 234 233 233 234 234 234 234 235 236 236 237 238 240 243 247 252 256 261 266 271 276 285 291 293 296 300 302 304 306 309 311 313 315 316 317 318 318 319 319 319 317 315 313 311 310 308 307 307 309 310 310 310 310 309 307 306 304 303 303 302 302 301 300 299 298 297 297 295 293 290 288 285 284 282 281 282 284 285 285 285 283 283 282 281 279 275 272 270 269 268 266 266 266 267 268 269 270 272 275 276 275 273 273 274 276 276 277 279 278 276 271 270 268 265 266 270 273 275 275 276 277 277 275 272 274 278 283 287 289 290 291 292 293 294 294 294 294 293 291 288 284 279 274 270 268 266 267 266 266 268 269 270 269 267 265 263 261 260 259 257 255 254 254 258 257 259 260 261 260 260 260 260 262 262 262 261 261 263 258 257 256 255 252 252 249 250 250 251 251 251 250 250 249 248 247 246 245 244 243 242 242 240 239 238 236 234 232 231 230 228 228 226 225 226 226 227 228 230 231 232 233 230 231 231 230 229 228 229 226 225 224 224 224 224 224 225 225 225 226 226 227 227 226 228 234 231 225 223 224 226 228 228 230 230 230 230 230 229 228 229 230 230 232 233 233 234 234 235 236 237 238 239 241 242 243 243 242 242 242 242 243 243 244 243 243 243 242 244 246 247 246 244 242 242 245 247 248 248 248 248 247 246 244 242 240 240 240 240 240 240 240 240 239 236 236 234 233 232 231 231 232 233 235 237 238
234 234 233 233 233 233 234 235 235 236 236 235 233 232 232 229 225 223 221 220 220 220 219 218 218 218 218 219 219 220 221 222 223 224 226 228 230 232 233 233 233 233 233 232 231 231 230 230 231 232 232 233 233 234 234 234 235 236 237 237 238 239 239 240 240 241 241 241 240 241 241 241 240 239 238 237 234 233 233 234 234 234 235 236 236 237 237 240 242 246 250 254 259 263 268 274 280 287 291 294 297 300 302 305 307 310 312 314 316 317 318 319 319 320 320 319 317 315 313 311 310 309 310 311 312 312 311 310 309 308 306 305 304 303 303 302 302 301 300 299 298 296 294 292 289 286 284 283 282 283 284 285 285 285 283 281 280 279 278 276 273 271 270 269 268 267 268 269 270 271 272 274 276 278 278 277 275 275 276 278 279 280 280 280 276 274 273 271 266 267 273 276 278 279 280 281 281 279 274 275 279 281 284 287 290 292 293 294 295 295 295 294 293 291 286 282 277 273 269 267 267 269 269 269 270 272 271 269 267 265 263 261 259 257 256 255 254 254 256 258 260 260 256 261 260 261 263 263 263 263 262 262 261 260 257 254 254 252 252 251 251 248 250 251 251 251 250 250 249 247 246 245 244 243 242 241 240 239 237 236 234 232 230 229 229 228 226 225 225 227 229 230 231 232 233 229 232 232 231 230 229 228 229 226 225 225 225 224 224 224 224 225 225 226 226 227 227 233 234 227 226 224 223 223 226 227 229 230 230 231 231 231 230 229 229 229 230 232 233 233 234 234 235 236 237 239 240 242 243 244 244 244 244 244 244 245 246 246 245 245 245 244 246 248 248 247 246 245 244 245 247 249 249 249 249 249 248 245 243 243 243 242 242 242 242 242 241 240 238 236 235 234 233 233 233 232 233 234 235 237
234 234 233 233 233 233 233 234 235 235 236 232 231 231 230 227 225 222 221 220 220 220 219 218 218 218 218 218 219 220 220 221 223 224 225 227 230 232 232 233 233 233 232 232 231 231 231 231 231 232 232 232 233 233 234 234 234 235 236 237 237 238 239 239 240 241 241 241 242 243 244 244 244 242 241 241 238 236 234 235 235 235 236 237 237 237 237 239 241 245 249 253 257 261 266 271 277 282 287 291 294 297 300 303 305 309 311 313 315 317 318 319 320 320 320 320 318 316 314 313 312 311 312 312 312 312 311 310 309 308 306 305 304 304 303 303 302 301 300 299 297 295 292 290 287 285 283 284 285 286 286 287 286 285 283 280 278 277 275 273 272 271 271 271 269 269 270 271 272 273 275 277 280 282 281 279 278 278 279 280 281 282 282 281 279 277 275 272 267 268 276 279 281 282 283 283 284 283 277 275 280 282 285 287 290 292 294 295 296 296 294 293 292 288 282 278 275 271 269 268 270 271 271 272 273 273 271 269 267 265 263 262 260 258 256 255 255 256 258 260 260 260 261 261 260 263 263 263 263 263 262 262 262 261 257 254 254 253 252 252 252 251 248 248 251 251 251 250 250 248 246 245 244 243 242 241 240 238 237 235 233 231 229 229 229 228 226 226 226 228 231 232 233 234 234 233 233 232 231 230 229 228 229 226 225 225 225 225 225 225 225 225 226 227 227 228 234 233 227 226 226 225 223 224 229 230 230 230 231 231 230 231 231 230 229 229 230 232 233 234 234 234 235 236 238 239 241 242 244 245 245 245 246 245 246 247 248 247 247 247 248 247 248 249 250 249 249 248 247 246 247 249 249 249 250 249 248 247 245 245 245 244 244 244 244 243 242 241 239 236 236 235 234 234 234 234 233 234 235 236
234 233 233 233 233 233 233 233 234 235 235 234 232 228 229 228 225 222 221 220 222 223 221 219 217 218 218 218 218 219 220 221 222 223 224 226 230 231 232 233 233 233 232 232 232 231 231 231 232 232 232 232 233 233 233 233 233 234 235 236 236 238 238 239 239 240 241 242 242 244 246 247 247 246 245 244 241 239 237 237 237 238 238 239 239 239 237 238 240 244 248 251 255 259 265 270 274 279 284 288 291 294 297 300 304 308 311 313 314 316 318 319 320 320 320 320 319 317 316 315 314 313 312 313 312 312 311 310 309 308 306 304 304 303 303 302 302 301 300 298 295 292 290 288 285 284 285 287 288 289 289 288 287 286 283 280 278 276 274 273 273 273 273 273 272 272 272 273 274 275 276 280 285 285 284 282 281 281 282 283 284 284 283 282 280 278 276 273 268 272 279 281 283 284 285 286 286 284 279 275 279 282 284 286 289 293 295 297 297 296 293 291 284 285 279 275 273 270 269 271 273 274 274 276 277 275 272 270 268 265 264 262 259 257 257 256 255 258 259 260 260 260 260 260 263 263 263 263 263 263 262 262 262 261 258 255 254 254 254 254 253 252 248 248 250 252 252 251 250 249 247 245 244 243 242 241 239 237 236 234 232 230 229 229 229 229 226 226 227 229 232 233 234 234 235 234 233 234 231 230 229 228 228 226 226 226 226 225 225 225 225 226 226 227 228 235 229 228 227 226 225 224 224 224 237 242 239 228 231 232 232 231 231 230 229 229 229 231 233 233 234 234 235 236 237 239 240 242 243 245 246 246 247 247 248 248 249 249 249 249 250 250 249 251 251 251 251 250 249 249 249 249 250 250 250 250 249 247 247 247 247 246 246 245 244 244 242 241 240 238 236 236 236 236 235 235 235 236 236 237
234 233 233 233 233 233 233 233 233 234 234 232 233 231 229 228 225 223 221 222 224 225 224 223 219 216 218 218 218 218 219 220 220 222 224 226 229 230 232 233 233 232 232 231 231 231 231 231 231 231 231 232 232 232 232 233 233 233 234 235 236 237 238 238 239 240 241 242 243 244 246 247 249 248 248 246 244 241 241 240 241 242 241 241 242 242 240 238 239 243 246 249 252 256 262 268 272 277 282 286 289 292 294 297 302 307 310 311 313 315 317 319 319 320 320 320 319 319 317 316 315 314 314 313 313 312 311 310 308 307 305 304 303 302 301 301 300 300 299 297 294 291 288 286 285 286 288 290 291 291 291 289 287 286 283 280 278 276 274 274 275 275 275 275 274 274 275 275 276 277 278 283 288 287 286 285 285 284 285 285 285 285 284 283 281 279 277 273 269 274 281 283 284 285 286 286 286 284 281 277 278 281 284 287 290 294 297 298 298 297 293 291 282 284 278 277 275 271 271 274 276 278 278 280 281 278 274 271 269 266 264 261 259 258 257 257 257 259 260 260 261 260 260 262 264 264 263 263 263 263 262 262 262 261 258 256 255 255 256 255 255 255 251 252 253 253 252 252 251 249 247 245 243 242 241 239 238 236 234 233 231 229 228 228 228 227 226 226 228 230 232 233 234 235 235 234 233 231 231 230 230 228 229 228 226 227 227 227 226 226 226 226 229 236 235 229 229 228 227 226 225 224 224 225 241 245 244 230 230 231 231 230 229 229 229 229 229 231 232 233 233 234 235 236 237 238 240 241 242 243 245 246 247 248 248 249 249 250 250 251 252 252 252 252 252 252 252 251 251 251 251 250 250 250 250 250 249 248 248 247 247 246 246 246 245 244 243 242 241 241 239 236 237 237 237 236 237 237 238 238
232 232 233 233 233 233 233 232 232 231 229 231 232 232 230 228 226 223 222 222 226 227 227 226 222 218 216 218 217 217 218 218 219 220 222 225 228 230 231 233 232 232 231 231 230 230 230 230 230 231 231 231 232 232 232 232 232 233 233 234 235 236 237 238 238 239 240 242 243 244 246 247 249 250 250 249 247 245 245 245 245 245 244 244 244 244 242 240 239 241 244 247 251 254 259 264 270 275 279 283 286 289 292 295 299 304 308 310 312 314 316 318 319 319 319 319 319 319 318 318 317 316 315 315 314 312 311 309 308 306 304 302 302 300 299 298 298 297 297 296 293 291 288 286 287 289 292 293 294 293 291 289 286 284 282 280 278 276 276 276 276 277 278 278 276 276 277 278 279 280 282 286 289 289 288 288 288 287 287 287 287 286 285 284 283 280 277 273 269 273 278 281 283 284 285 286 285 284 282 280 280 284 287 290 292 296 299 299 298 296 294 291 292 290 282 280 277 273 273 276 278 281 283 285 284 279 275 272 269 266 263 261 259 259 259 259 259 260 260 261 261 259 262 263 264 265 264 263 263 263 263 262 262 260 258 257 257 257 258 256 256 256 254 255 255 254 253 252 251 250 248 246 244 242 240 238 237 235 233 232 230 229 228 228 227 226 226 227 229 230 233 234 235 235 235 233 232 231 229 229 229 228 228 229 228 228 228 228 227 227 226 233 237 232 228 229 229 228 227 225 224 224 225 229 243 244 244 236 229 230 229 229 230 230 230 230 230 231 232 233 233 234 235 235 236 237 238 240 241 242 244 245 246 247 248 249 249 250 251 252 252 253 252 252 253 253 252 252 252 252 251 251 250 250 250 249 249 248 248 247 247 246 246 246 245 245 244 243 242 242 241 240 236 239 238 238 239 239 240 241
232 231 230 232 233 233 233 232 231 230 230 231 232 232 231 228 226 223 222 224 227 229 229 228 226 223 220 218 218 217 217 217 218 218 220 223 226 229 231 231 231 231 231 231 230 229 229 229 229 229 230 231 231 231 231 231 231 232 232 233 234 235 236 237 238 238 240 241 243 244 246 248 249 250 251 251 250 249 249 249 248 248 246 246 247 246 245 243 240 239 242 246 248 252 256 261 265 271 276 279 282 286 290 294 298 302 305 308 310 314 315 317 318 318 319 319 319 319 318 318 318 317 316 315 314 313 311 309 307 304 302 301 300 299 298 297 295 294 293 292 291 289 288 288 290 292 295 296 295 295 293 288 287 285 283 281 278 277 277 277 278 279 280 280 278 279 280 281 282 284 286 288 291 291 290 290 290 289 290 289 288 287 286 285 283 278 275 271 270 271 275 278 280 282 284 286 287 286 285 283 283 287 290 293 296 298 300 300 298 295 293 291 289 286 283 280 276 275 275 277 280 284 286 288 286 280 276 272 269 266 263 260 259 260 260 261 261 260 260 260 259 264 264 264 264 265 264 263 263 263 263 262 261 259 259 258 257 257 258 258 257 255 253 256 255 255 254 253 252 251 248 246 245 243 241 238 236 233 231 230 229 228 228 226 226 226 226 228 229 231 233 234 235 236 235 234 232 231 230 231 229 228 228 229 229 228 229 229 228 228 237 237 228 228 228 229 229 228 227 225 224 225 226 234 244 243 243 240 230 229 229 229 230 230 230 230 231 232 233 233 233 234 235 235 236 236 237 239 239 241 242 244 245 246 248 249 250 250 251 252 253 253 253 253 253 253 253 253 252 252 251 251 250 250 249 249 249 248 247 247 246 246 246 245 245 245 244 244 243 243 243 244 236 240 242 242 241 242 242 243
231 230 230 230 232 233 233 233 231 229 229 229 231 232 230 228 225 224 222 225 228 230 230 230 228 226 223 220 218 218 217 217 217 217 218 221 225 227 229 230 230 230 230 230 229 228 227 227 227 228 229 230 230 230 230 230 231 231 232 233 234 234 235 236 236 238 239 241 243 244 246 248 249 250 251 252 252 252 252 252 252 250 249 249 250 249 247 246 244 241 242 244 247 251 254 258 262 265 271 275 279 283 288 292 296 300 302 305 308 311 313 315 317 318 318 318 318 319 319 318 318 317 316 316 314 313 311 309 307 304 303 301 301 300 299 298 297 295 293 290 289 289 289 290 293 295 297 298 297 296 294 291 290 288 286 283 279 278 278 278 280 281 281 281 279 281 282 283 285 288 290 291 292 293 293 292 292 291 291 290 288 286 284 281 278 275 273 273 274 274 275 277 278 281 284 286 289 289 289 287 285 290 292 296 299 299 300 298 295 292 289 287 286 283 280 277 275 275 276 279 283 287 288 289 287 280 276 273 270 267 264 261 260 261 262 263 262 262 261 260 263 265 265 264 265 265 265 265 264 263 263 261 260 260 259 259 259 258 258 258 257 257 257 256 256 255 254 253 253 251 249 247 245 244 242 238 236 234 232 230 229 228 227 228 226 226 227 228 229 231 232 234 235 236 235 234 232 231 230 229 235 229 228 229 230 230 230 228 230 239 237 227 227 228 229 229 229 229 227 226 225 226 228 235 237 238 237 236 232 229 229 229 230 230 230 232 233 233 233 233 234 234 235 235 236 236 237 237 238 240 241 242 244 245 247 249 250 250 251 251 252 252 252 252 252 253 253 253 252 252 252 251 250 250 249 248 247 246 246 246 246 245 245 245 245 244 244 244 244 244 244 245 244 237 243 244 245 244 244 243
231 230 230 233 236 234 234 234 229 230 226 227 230 230 229 227 226 224 225 226 230 231 231 231 230 228 226 223 220 218 216 217 217 217 217 218 222 225 227 228 229 229 230 230 229 227 226 226 226 227 228 229 229 229 229 229 230 230 231 232 233 233 234 235 236 237 239 241 242 244 246 247 249 251 252 253 254 254 255 254 254 252 251 251 252 251 250 248 246 243 242 244 246 249 252 255 259 262 266 272 277 282 286 291 295 298 301 304 307 309 312 314 316 317 317 318 318 319 319 318 318 318 317 316 314 313 311 309 307 305 304 303 303 302 301 300 299 297 295 292 291 291 292 293 296 298 299 300 300 299 297 295 294 291 287 283 280 279 279 281 282 283 283 282 280 282 284 286 289 293 294 293 294 294 294 294 293 293 290 288 285 283 280 277 275 274 274 276 278 277 277 278 279 282 285 288 291 292 292 291 286 293 297 299 301 300 298 296 294 290 287 285 283 280 279 277 275 276 279 283 286 288 290 289 284 279 276 274 271 269 267 265 264 264 264 264 264 263 261 263 264 264 265 265 265 265 265 265 264 263 262 261 260 260 259 259 259 259 258 258 258 257 257 256 256 255 254 254 253 251 249 247 245 244 242 240 237 235 234 232 230 229 228 230 225 226 227 228 229 231 232 234 235 236 235 234 232 231 230 229 229 235 228 229 230 230 230 229 231 230 229 227 227 228 229 229 229 229 229 228 227 227 229 232 234 236 235 235 234 229 229 229 230 230 230 232 233 233 233 234 234 234 235 235 236 236 237 237 238 239 240 241 243 245 247 248 249 250 251 251 252 252 252 252 252 252 252 252 252 252 251 251 250 249 248 247 246 245 245 245 245 245 244 244 244 244 243 243 243 243 244 245 245 240 238 245 246 245 245 243
232 237 233 234 235 235 235 233 230 230 228 226 226 227 226 226 224 228 229 230 231 232 233 232 231 229 227 225 222 219 218 216 217 217 217 217 219 223 226 227 228 229 229 230 228 227 225 225 225 225 227 228 228 227 228 228 229 229 230 232 232 233 234 235 236 237 238 240 242 243 245 247 248 250 252 253 254 255 256 255 254 254 253 253 253 254 253 251 248 245 242 244 246 248 250 253 255 259 264 270 275 280 285 290 294 297 300 302 305 308 311 314 315 316 317 318 318 319 319 318 318 317 317 316 314 313 311 309 307 307 306 305 304 303 303 301 300 299 297 295 294 294 294 296 298 299 301 302 301 300 298 296 295 291 287 283 280 280 281 283 284 285 285 284 281 282 285 287 290 294 295 295 296 295 294 293 292 290 288 286 283 280 278 279 278 278 278 280 281 281 280 278 279 283 286 291 293 294 295 295 290 293 299 303 303 302 298 296 295 292 288 286 285 281 279 278 276 279 282 285 288 290 289 286 282 278 276 274 272 270 268 267 267 267 266 266 265 264 263 264 264 264 265 265 266 265 265 264 264 263 262 261 260 260 259 259 258 258 258 258 258 258 257 256 255 255 254 254 253 251 249 247 246 244 242 241 238 237 235 234 232 230 228 229 226 226 227 228 229 231 232 234 235 236 235 234 233 232 231 230 230 229 228 230 231 231 230 230 231 229 229 228 228 229 229 229 228 228 229 228 229 228 228 229 230 233 234 235 235 228 228 229 229 230 230 231 232 233 233 233 234 234 235 235 236 237 237 238 239 240 240 241 243 245 247 248 249 250 251 251 251 252 252 252 252 252 252 252 252 252 251 251 250 249 247 246 244 244 243 243 244 244 243 243 242 242 242 242 242 242 243 243 244 242 239 245 246 246 246 245
240 240 233 237 235 235 234 230 231 232 233 234 230 227 225 226 228 232 233 234 234 234 234 233 232 230 228 225 223 221 219 217 217 216 217 217 217 220 224 225 227 228 229 229 228 226 225 224 224 224 225 226 226 226 227 228 228 229 230 231 233 233 234 235 236 237 238 240 241 243 245 246 247 249 251 252 254 255 256 255 255 254 253 254 254 255 254 252 249 247 244 242 245 247 249 251 254 258 263 269 274 279 284 289 294 297 299 302 304 307 309 311 313 315 316 317 318 318 319 319 318 317 317 316 314 313 311 310 309 308 307 306 305 304 303 302 301 300 299 298 297 296 297 298 300 301 303 303 302 301 299 296 293 289 285 283 281 281 283 285 286 287 287 286 283 282 284 287 289 292 295 296 297 296 294 293 291 289 287 284 281 282 284 284 283 282 281 284 284 282 282 280 280 283 289 293 296 297 298 298 295 292 299 302 304 302 299 297 296 294 292 289 287 282 280 278 278 281 284 287 288 287 285 283 280 277 276 274 272 270 268 267 267 267 268 267 267 266 266 266 264 265 265 265 266 266 265 264 264 263 262 261 260 260 259 259 258 258 258 258 258 257 257 256 255 254 253 253 252 250 248 247 245 244 243 241 239 238 237 235 234 232 230 227 228 226 228 229 230 231 233 234 235 236 235 234 233 232 231 230 230 230 230 236 232 231 231 231 231 230 229 227 226 228 228 228 228 228 228 228 229 229 229 229 228 227 231 231 232 230 228 227 229 229 230 230 231 233 233 233 233 234 235 236 237 238 238 239 240 241 241 242 243 245 247 248 249 250 250 251 251 252 252 252 252 252 252 251 251 252 251 250 249 248 246 245 244 243 242 242 242 243 242 242 241 241 241 241 242 242 242 243 243 244 241 240 246 245 246 246
240 234 234 235 235 235 231 234 234 234 240 244 242 240 237 235 236 239 240 241 238 237 237 235 233 231 229 226 223 221 219 218 218 217 217 217 217 219 223 225 226 227 228 228 228 226 225 223 223 223 224 226 226 226 227 228 229 229 230 231 233 233 234 235 236 237 238 239 240 242 244 245 246 248 250 251 253 254 255 255 254 254 254 255 255 256 255 252 251 248 246 243 244 245 248 251 254 258 263 267 272 277 282 288 293 296 298 300 302 305 306 308 309 312 314 316 317 318 319 319 318 318 317 316 314 312 311 310 310 308 307 307 306 305 304 303 302 301 299 299 298 298 298 299 300 301 301 302 303 301 298 295 291 289 286 284 283 283 285 287 288 289 289 288 286 283 283 286 288 290 293 296 296 296 294 293 291 289 288 284 283 286 288 288 286 286 284 286 287 285 284 283 282 283 290 295 298 300 301 302 298 294 298 301 303 302 301 299 297 295 293 289 285 282 280 279 281 284 286 288 287 284 282 280 278 276 275 274 272 270 269 268 268 268 268 268 268 268 268 267 265 265 265 266 266 265 265 264 263 262 261 261 260 260 259 258 258 258 258 258 258 257 256 254 253 252 252 251 250 248 247 246 244 243 242 241 241 239 238 236 235 233 230 227 230 227 228 229 230 231 233 234 235 236 235 234 233 232 232 231 231 231 232 232 236 232 232 231 231 231 230 228 228 229 228 228 228 229 228 229 229 229 229 228 229 226 226 226 226 228 228 227 228 229 229 229 231 233 234 234 233 234 235 236 237 238 239 240 241 241 242 243 244 245 246 247 248 249 250 251 251 251 251 252 252 252 251 251 251 251 251 250 249 247 245 243 243 242 241 241 242 241 242 241 241 241 241 241 241 241 242 242 243 243 244 241 245 245 245 245
241 234 236 236 235 235 231 236 234 238 247 251 252 251 249 247 244 245 246 246 244 242 240 237 234 231 229 227 224 222 220 218 218 217 217 217 217 216 222 225 225 226 227 228 227 226 224 222 222 223 224 226 226 226 228 228 228 229 230 232 233 234 234 236 237 238 239 240 240 242 243 244 245 247 249 250 252 253 253 254 254 253 254 255 255 256 255 253 251 250 248 244 244 245 247 249 253 257 261 266 271 276 281 286 291 294 297 298 300 302 303 305 306 309 313 314 316 317 318 319 318 317 317 316 314 313 312 311 309 308 307 306 305 304 303 302 301 300 299 298 298 297 297 297 298 299 300 301 302 301 299 296 293 291 288 286 285 284 287 289 290 291 291 290 288 285 284 285 287 290 293 296 297 296 295 294 292 290 288 284 287 290 290 290 290 289 287 288 290 288 286 287 286 284 289 294 298 301 303 304 302 299 300 303 305 304 302 301 298 296 293 289 284 282 281 282 284 286 288 289 285 282 280 278 277 275 275 274 272 270 269 269 269 269 269 269 269 269 269 268 266 265 266 266 265 265 264 263 262 262 261 260 259 259 258 258 257 257 258 258 258 257 255 254 251 250 249 249 248 247 246 244 243 243 242 242 241 241 239 238 236 233 230 227 229 227 227 229 231 232 233 234 235 235 235 234 233 232 232 231 232 232 232 233 233 236 235 231 232 232 230 229 229 229 229 228 229 230 230 229 229 228 228 228 228 229 229 228 228 228 231 231 228 229 228 230 232 233 233 233 234 234 235 236 237 239 240 240 240 241 242 242 244 245 245 246 248 249 250 250 251 251 251 251 251 251 251 250 250 250 250 250 248 246 244 243 242 241 241 241 241 241 241 241 240 240 240 241 241 241 241 241 242 242 243 242 242 244 244 243
240 234 236 236 235 234 231 234 233 243 253 257 260 260 259 257 253 252 252 253 251 247 244 240 236 232 230 228 224 223 220 219 218 217 217 217 216 217 219 223 223 225 225 226 225 224 222 222 222 223 225 227 227 228 227 227 227 227 229 232 233 234 235 236 237 238 239 240 242 243 244 245 247 248 248 250 251 252 252 252 253 253 254 254 255 256 256 254 252 251 248 247 246 244 245 248 252 256 260 264 269 274 279 285 289 292 295 297 298 300 301 303 306 308 311 313 315 317 317 318 318 317 316 316 314 313 312 310 308 307 306 305 304 303 302 301 300 299 298 298 297 296 295 296 296 297 298 300 301 302 300 298 295 293 290 289 287 286 288 290 292 293 293 292 289 287 286 286 287 290 293 296 297 298 296 295 293 290 288 284 288 292 293 294 293 293 292 290 292 290 289 290 290 287 289 294 298 300 303 305 305 304 304 306 306 305 303 301 298 295 292 289 285 283 283 285 286 288 288 286 283 280 278 276 275 274 273 273 272 271 270 271 270 270 270 270 270 269 268 267 266 265 265 265 265 264 263 262 261 260 259 258 257 258 258 257 256 256 257 258 257 256 254 252 250 248 247 247 246 245 244 243 243 242 242 241 241 241 239 237 236 234 231 228 227 228 227 229 231 232 234 235 235 236 235 235 233 232 232 232 233 237 233 234 234 234 235 235 233 233 231 231 230 230 230 230 230 230 230 229 229 228 227 227 227 228 228 229 232 233 234 233 228 229 230 231 232 233 233 234 234 235 236 236 238 239 240 241 240 240 241 242 243 243 244 245 247 248 250 250 250 251 251 251 251 251 250 250 250 249 250 249 247 245 244 243 242 241 241 241 241 241 241 240 240 240 240 240 240 241 240 241 241 241 242 243 242 243 243 238
235 235 236 235 236 235 234 231 237 250 257 265 268 267 267 264 258 258 258 258 256 252 247 243 239 235 230 229 224 223 222 220 219 218 217 217 216 216 217 221 221 224 224 224 224 222 221 222 223 224 226 227 227 227 227 227 227 227 228 231 232 234 235 236 237 238 239 240 242 243 245 247 248 250 251 251 251 251 252 252 253 253 254 254 256 257 257 255 254 252 251 249 248 246 245 247 251 255 258 262 267 272 278 284 288 291 293 295 296 298 300 302 305 307 309 312 314 316 317 317 318 317 316 315 314 313 311 309 307 306 305 304 302 302 301 300 299 298 297 296 296 295 294 294 294 295 296 298 299 302 301 299 297 295 293 291 289 288 290 292 294 294 294 294 292 290 288 288 289 291 294 297 299 299 298 296 293 291 288 286 289 292 295 296 297 297 297 294 294 293 293 294 294 292 290 294 299 301 303 305 307 307 307 309 308 306 304 302 300 297 295 292 287 284 285 287 291 290 287 283 281 279 277 275 274 272 271 271 271 270 271 271 271 271 271 271 270 269 267 265 263 263 263 263 263 263 262 261 260 259 257 256 255 256 256 256 255 255 256 256 256 255 254 252 250 248 246 245 244 244 243 242 242 241 241 241 240 239 238 237 235 233 230 228 226 229 228 231 232 233 234 235 235 236 236 233 232 233 234 234 240 244 238 234 234 234 234 234 235 233 232 232 232 232 232 231 231 231 230 229 228 227 227 227 225 226 229 226 234 236 236 234 229 229 231 232 232 233 233 234 234 235 236 236 238 239 239 240 239 239 240 240 241 242 242 244 246 247 249 250 250 250 250 251 250 250 249 249 249 248 248 248 246 245 244 243 242 241 241 241 241 241 240 240 240 240 240 240 240 240 240 240 241 241 242 242 242 243 239 243
236 236 235 237 237 235 235 236 243 252 262 270 277 277 274 271 263 265 266 263 260 257 252 245 241 237 232 229 226 223 222 221 220 218 218 217 216 217 218 219 220 223 223 223 222 221 221 222 223 225 226 227 228 228 227 227 227 227 227 230 231 233 235 236 236 237 238 240 241 243 245 247 249 251 252 252 252 252 252 252 253 254 254 255 256 257 257 256 255 254 253 252 250 248 247 248 251 254 257 261 266 271 276 283 287 288 290 293 294 296 299 302 304 306 308 310 313 315 316 317 317 317 316 315 314 313 311 309 307 305 303 302 301 300 299 299 298 297 296 295 295 294 293 292 292 293 294 295 297 299 301 300 298 297 295 293 291 290 291 293 295 296 296 295 294 293 292 291 291 292 295 298 300 301 300 297 294 292 290 288 289 291 294 297 299 300 299 298 297 297 297 298 297 297 294 292 297 301 304 306 308 309 309 309 308 306 304 302 301 298 296 293 287 286 290 292 292 288 284 282 280 278 276 274 273 272 270 269 270 270 270 270 270 270 271 271 270 268 265 262 260 260 260 261 261 260 260 259 258 257 255 254 254 254 255 254 254 254 254 255 255 254 253 252 250 248 246 245 243 243 242 241 240 240 240 240 239 238 237 235 234 232 230 228 227 228 229 232 234 234 235 235 235 236 236 235 234 234 234 242 243 238 235 234 234 234 234 234 234 235 234 233 233 233 232 232 232 231 230 229 228 227 227 227 227 226 226 228 229 233 235 233 227 229 232 232 232 233 233 233 234 234 235 236 237 238 238 239 238 238 239 239 240 241 242 243 245 247 248 249 249 250 250 249 249 249 248 247 247 247 247 247 245 244 244 242 242 241 241 240 241 241 241 240 240 240 240 240 240 240 240 240 240 241 241 242 242 240 243 242
236 235 235 235 236 232 236 241 250 255 266 273 280 282 281 277 274 271 269 265 262 256 252 247 242 238 233 227 225 223 222 221 220 219 217 217 216 217 216 218 220 221 222 221 220 220 221 222 223 225 226 226 226 227 227 227 227 227 228 229 231 233 235 235 236 236 238 240 242 243 245 247 249 250 252 253 253 253 253 252 252 253 255 255 257 257 257 256 256 256 255 254 252 251 247 247 250 253 256 259 264 269 273 279 284 285 288 290 292 295 299 303 306 307 308 310 312 314 316 317 317 317 316 315 314 312 311 310 308 306 303 300 299 297 297 296 295 295 294 294 293 293 292 290 290 290 292 293 295 297 300 300 299 298 297 295 294 293 293 294 296 298 298 297 296 295 294 294 294 294 297 299 301 302 301 298 296 294 291 290 290 292 294 298 300 302 302 301 301 302 302 302 301 299 298 296 298 301 304 306 307 309 309 308 307 306 303 300 299 298 295 290 288 290 293 293 289 285 283 281 279 277 275 273 272 270 268 267 268 268 268 268 268 269 270 270 269 267 263 260 258 257 257 257 257 257 257 256 255 255 254 253 253 253 252 252 252 253 253 252 252 254 252 251 250 249 247 245 243 242 240 239 239 238 238 238 237 236 235 234 232 231 229 228 227 231 229 233 234 235 236 235 238 237 236 235 235 235 242 242 237 235 235 234 234 234 234 234 234 234 234 234 234 233 233 232 231 231 230 228 227 227 227 227 228 227 225 230 228 230 234 231 227 229 231 232 232 233 233 233 234 234 235 235 237 237 237 237 237 237 238 239 240 242 243 244 245 247 248 249 249 249 249 249 248 247 245 246 245 245 245 245 245 244 243 242 242 241 240 240 241 241 241 240 240 239 239 240 239 239 239 240 240 240 241 241 240 246 243 242
236 235 236 235 235 233 235 243 251 258 268 275 281 283 284 284 281 277 271 266 261 255 252 247 243 238 235 228 226 224 223 221 220 219 217 216 216 217 216 217 218 219 219 219 219 220 221 222 223 224 225 226 226 226 226 226 226 227 227 227 227 231 235 235 234 235 237 239 241 242 244 246 248 249 251 252 253 253 254 253 252 253 255 256 257 258 258 258 258 258 257 256 254 253 249 247 249 252 255 258 261 265 270 275 280 283 286 289 292 295 298 300 303 307 309 310 313 314 316 317 317 317 316 315 315 314 312 310 308 306 302 299 297 296 295 293 292 291 291 291 291 291 290 289 287 288 289 290 292 295 298 300 300 299 298 297 296 295 296 297 298 299 300 300 299 298 297 297 297 297 298 300 302 303 302 300 298 296 295 292 290 293 295 297 300 302 304 305 306 308 307 307 305 303 303 301 299 301 304 306 307 309 309 308 307 306 302 299 297 295 292 291 292 294 294 291 285 283 281 279 278 276 274 273 270 267 266 265 266 266 266 265 266 267 267 267 265 263 261 258 255 254 254 253 253 253 253 253 252 252 252 252 252 251 250 250 251 251 251 250 250 251 251 251 250 249 247 245 243 241 239 238 237 237 237 236 235 234 232 231 230 229 228 227 227 230 230 232 234 236 235 238 238 238 237 237 239 242 242 236 236 236 236 235 234 234 234 234 234 235 234 234 234 233 232 232 231 230 229 228 227 227 227 228 229 230 230 232 230 232 233 231 227 230 231 232 232 233 233 234 234 235 235 235 236 236 236 237 237 237 238 240 242 243 244 245 246 247 247 247 247 248 247 247 246 246 245 244 244 243 243 243 243 243 242 242 241 241 240 240 240 241 241 240 239 239 239 239 239 239 239 239 240 240 240 240 242 241 247 241
236 236 236 236 235 234 234 243 252 260 270 277 284 286 288 288 285 278 271 265 258 253 250 246 242 238 234 229 227 225 223 222 220 219 217 217 216 216 217 216 218 218 218 219 219 220 221 221 223 223 224 226 226 226 227 227 228 229 227 227 227 227 232 234 234 235 236 238 239 241 243 244 246 248 250 251 251 252 253 253 253 254 255 257 258 259 260 259 259 259 259 258 257 255 251 248 249 251 253 256 260 264 268 274 279 283 285 288 291 294 296 297 298 303 308 311 313 314 316 317 317 317 316 316 315 314 313 310 307 303 300 298 297 296 294 293 291 288 287 288 288 288 288 286 286 285 287 290 290 293 297 299 300 300 299 298 298 297 298 298 299 300 301 302 302 301 300 300 299 299 300 301 303 304 303 300 299 298 296 293 291 292 296 298 300 302 304 308 310 313 313 312 309 306 307 305 305 306 307 308 308 310 310 309 307 305 301 298 296 294 293 294 295 296 292 286 284 282 280 278 276 275 273 272 269 267 266 264 263 263 263 262 263 264 263 263 262 259 257 255 253 252 251 250 250 250 250 250 250 250 250 251 251 250 249 248 249 249 249 248 248 248 249 250 249 247 246 245 243 241 240 238 237 236 235 234 233 231 230 229 229 228 228 227 227 229 230 232 235 236 235 238 238 238 238 241 242 241 237 235 237 237 237 237 236 235 235 234 234 235 234 234 234 234 232 231 230 230 228 228 227 228 228 229 230 232 232 232 231 230 233 230 228 230 231 232 232 233 233 233 234 234 234 235 235 235 236 236 237 238 239 241 243 244 245 246 246 247 246 246 246 246 246 246 245 245 244 243 242 242 242 242 242 242 242 242 241 240 239 239 240 241 241 240 239 239 239 239 239 239 239 239 239 239 239 241 241 240 247 242
236 236 237 236 236 236 238 245 254 262 270 279 284 288 289 289 286 278 270 263 256 251 247 243 240 237 234 230 227 225 224 223 221 219 217 217 216 216 216 218 218 219 220 219 219 220 221 221 222 223 224 226 226 226 227 229 231 232 230 230 233 234 235 235 235 235 235 236 238 240 241 242 244 246 247 248 249 250 251 252 253 253 255 257 258 259 260 260 261 261 261 260 259 257 253 250 249 251 253 257 260 264 268 274 279 283 285 287 290 292 294 296 297 299 303 306 310 313 315 316 316 316 316 316 315 314 312 309 305 301 298 297 296 295 293 291 290 286 285 285 285 285 285 285 284 283 284 288 288 292 295 298 299 299 299 297 298 298 298 299 300 301 303 304 305 305 304 303 302 301 301 303 304 305 304 302 301 299 297 294 293 293 295 298 300 302 305 307 310 314 315 314 311 310 310 310 310 310 311 311 311 312 311 310 308 304 302 299 297 295 295 296 296 293 288 284 282 280 278 276 275 273 271 270 268 267 266 264 262 261 260 260 260 260 259 259 258 256 255 253 252 250 250 249 248 248 248 248 248 248 248 249 249 248 248 247 247 247 246 246 246 247 247 248 247 246 244 243 242 241 240 239 237 236 234 233 231 230 229 228 229 228 228 227 227 228 230 232 234 234 234 238 238 236 242 242 239 239 237 238 238 239 239 238 238 237 236 235 235 235 233 233 234 234 232 233 230 229 228 227 227 229 229 229 231 232 232 231 231 229 232 230 229 231 231 232 232 233 233 233 233 234 234 234 234 235 235 236 237 238 240 242 244 245 246 247 247 246 246 246 245 245 245 244 244 243 243 242 241 241 241 241 241 242 242 242 241 240 239 239 239 240 240 240 239 239 239 238 238 239 239 239 239 239 240 240 241 240 240 248
237 237 237 237 236 237 241 246 255 264 271 278 284 287 289 289 286 277 268 260 254 249 244 241 238 236 234 230 228 225 224 223 221 219 216 216 216 216 216 218 220 221 221 221 220 220 221 221 222 223 225 226 226 226 228 230 232 234 236 235 236 236 236 236 237 237 237 237 238 239 240 241 241 243 244 246 247 248 249 250 252 252 254 256 258 259 260 261 262 263 263 263 262 259 255 252 250 251 254 258 261 264 268 274 279 281 284 286 288 291 293 294 297 299 302 305 307 309 312 314 316 316 315 315 314 312 310 307 304 301 298 297 295 293 291 290 286 285 284 283 282 282 282 283 282 281 282 286 288 291 294 296 297 297 296 295 296 297 298 299 301 302 303 305 306 307 307 306 305 304 304 305 305 306 306 306 304 303 299 296 295 294 295 297 300 302 305 307 310 313 315 315 314 314 313 313 314 313 313 313 313 313 312 311 308 305 303 300 299 298 298 298 295 289 286 283 280 278 276 275 273 271 269 268 268 267 265 264 262 261 260 259 258 257 256 255 255 254 253 252 250 249 248 247 246 246 246 246 246 246 247 247 246 246 245 245 245 244 244 244 244 244 244 245 244 244 243 242 241 240 240 239 238 236 235 233 231 230 229 229 229 229 229 228 228 228 229 233 234 238 237 234 240 242 239 241 242 240 240 239 240 241 241 241 240 239 236 235 234 234 233 233 234 233 232 232 230 228 228 228 227 229 229 230 230 231 231 231 230 229 231 229 229 231 231 232 232 233 233 233 233 234 234 234 234 234 235 236 237 239 240 242 244 246 247 247 247 246 246 245 244 244 243 243 243 242 242 241 241 240 240 240 241 241 242 242 241 241 240 239 239 239 240 240 239 238 238 238 238 239 239 239 239 240 240 240 241 241 240 248
238 238 238 238 236 239 244 249 255 261 269 277 283 287 289 290 285 276 266 258 251 248 244 240 237 235 233 230 228 226 224 223 221 218 216 216 215 215 217 218 220 222 223 221 220 220 221 221 222 223 225 226 226 226 229 230 234 236 237 237 237 237 237 238 238 238 239 239 240 241 242 242 241 241 243 244 245 246 247 249 250 252 254 255 257 257 260 262 264 265 265 264 263 260 257 254 251 251 254 257 261 264 268 272 277 280 283 286 288 289 290 292 296 298 301 303 305 307 309 311 313 314 313 312 311 310 308 306 303 301 299 298 295 293 290 289 287 286 285 283 281 279 279 279 281 280 282 284 287 290 292 294 294 294 293 291 292 294 296 297 300 302 304 306 307 308 309 309 308 307 307 307 308 309 309 308 307 305 300 298 297 296 296 297 299 302 304 307 310 312 314 315 315 315 316 316 317 316 315 315 315 314 313 311 308 305 303 301 300 300 300 299 292 288 285 282 279 277 275 273 271 270 268 267 266 265 264 264 263 262 261 259 258 257 256 255 253 253 252 251 249 248 247 246 245 245 244 244 245 245 245 245 244 244 244 244 243 243 242 241 242 241 241 242 242 241 240 239 240 240 239 239 237 236 235 233 231 229 229 229 231 231 230 229 228 228 229 232 234 236 236 242 240 238 241 241 241 241 241 241 242 242 242 242 241 240 237 235 234 234 233 233 233 233 232 232 231 230 228 228 228 228 230 230 231 230 230 231 231 228 228 227 228 230 231 232 232 232 232 233 233 233 233 233 234 234 235 237 238 242 242 243 244 245 246 246 246 245 245 244 243 243 242 242 241 241 241 241 240 239 239 239 240 241 241 242 241 241 240 239 238 238 239 240 239 238 238 238 238 239 239 240 241 240 240 240 240 240 240 240
239 240 239 239 236 239 245 251 256 260 265 273 282 287 290 290 284 275 265 257 250 248 244 240 238 235 233 230 228 227 225 223 221 218 216 216 215 215 217 218 220 222 222 221 220 220 220 221 222 223 225 226 226 227 229 231 234 235 237 237 237 238 238 239 239 240 240 240 241 242 243 243 243 243 244 244 245 246 247 248 250 252 253 255 257 258 260 262 266 267 267 265 264 260 257 255 253 252 253 256 260 264 267 271 276 280 281 284 286 286 289 291 294 297 300 302 304 306 308 309 311 311 310 309 308 308 307 306 304 302 300 299 296 293 291 290 288 287 285 284 282 279 279 279 281 279 281 283 286 289 290 291 292 291 290 289 289 291 293 297 299 302 303 305 306 308 310 311 311 311 310 310 311 311 311 311 308 306 303 301 300 300 299 300 300 302 305 307 310 312 313 314 316 316 317 317 317 316 315 315 315 315 313 311 308 304 301 301 301 302 300 294 290 287 285 281 278 276 274 272 270 268 267 266 264 264 263 263 263 263 262 260 258 258 258 256 254 253 251 250 249 248 246 245 244 243 243 243 243 243 244 243 242 242 242 242 242 241 240 240 239 239 239 239 239 239 237 236 237 237 237 237 236 235 234 232 230 229 229 230 231 232 231 230 228 228 228 233 233 235 241 235 236 239 240 241 242 242 242 242 243 243 243 242 242 240 238 236 235 234 233 233 233 233 232 232 231 230 231 228 228 228 230 230 230 230 230 230 231 230 228 227 227 229 230 231 231 231 232 232 232 232 233 233 233 234 235 237 239 243 244 243 243 245 245 245 245 244 244 243 242 242 241 241 240 240 240 240 239 238 238 238 239 241 241 241 241 241 240 240 239 237 239 240 240 239 238 237 237 239 240 241 241 241 240 240 240 240 240 240
240 240 239 239 237 241 247 250 256 261 265 270 279 286 289 287 282 272 262 256 251 249 244 240 238 235 230 228 227 226 225 223 220 218 216 213 215 216 217 217 219 221 221 220 220 219 220 221 222 223 225 226 227 227 227 228 231 233 236 237 237 238 239 239 239 240 241 241 242 243 243 243 244 245 245 245 246 247 248 250 252 252 253 255 257 259 260 263 265 267 267 266 264 261 258 256 254 253 254 256 259 263 265 270 274 277 280 282 284 286 289 291 294 297 299 301 304 306 307 308 309 310 309 307 306 306 306 305 304 302 299 297 294 292 291 289 288 286 285 283 282 279 279 279 280 279 280 282 285 287 288 289 289 289 288 287 288 289 293 295 298 300 302 303 304 307 310 312 312 313 312 313 314 314 314 313 310 308 305 304 303 303 302 302 303 304 306 307 308 310 312 314 316 316 317 318 318 316 315 314 314 313 311 309 307 304 299 299 302 300 294 289 287 286 283 280 277 275 273 270 268 267 266 264 263 262 262 262 262 262 262 261 260 260 259 257 255 253 252 250 249 248 246 245 244 243 243 242 242 242 241 241 241 241 240 240 240 240 238 238 237 237 237 237 237 235 234 234 234 234 235 234 234 233 232 231 230 230 230 231 232 233 233 231 229 228 229 232 232 233 232 234 237 238 239 240 241 241 242 244 244 244 244 243 242 241 239 237 235 234 233 233 233 233 232 232 231 230 230 230 228 228 230 230 230 230 230 231 231 230 228 227 227 228 229 230 231 231 231 231 231 232 232 233 234 235 235 237 239 243 243 243 243 244 244 244 244 243 242 241 241 240 240 240 239 239 239 239 238 238 237 238 239 240 241 241 241 241 241 240 239 238 238 240 240 240 238 237 238 240 240 240 241 240 239 239 239 240 239 240
240 240 239 238 238 241 245 249 254 259 266 271 278 284 286 285 278 268 260 255 250 249 245 241 238 234 227 227 226 225 224 223 219 217 215 216 216 216 217 217 218 219 220 219 219 219 220 221 221 222 224 226 227 227 227 227 227 232 234 235 237 237 238 239 239 240 240 241 241 243 243 243 244 245 246 246 247 248 249 251 254 254 254 255 257 258 260 262 265 266 267 266 264 262 259 257 256 255 254 256 259 264 266 270 273 276 279 281 283 285 288 291 293 296 299 301 303 305 306 307 308 309 308 306 304 303 302 302 301 300 297 295 293 291 291 290 288 287 283 282 282 282 279 281 279 279 279 281 283 284 285 286 287 287 286 285 286 289 291 293 295 297 298 300 303 307 309 311 313 314 314 314 315 316 316 314 312 309 307 306 306 305 304 304 304 306 307 308 309 309 311 314 315 316 317 317 317 316 314 313 312 309 308 307 305 302 298 292 294 291 288 286 284 283 281 279 276 274 271 269 267 266 264 263 262 261 261 261 261 261 261 261 261 261 260 258 256 254 253 251 250 248 247 246 245 244 244 243 243 243 243 241 241 240 238 238 238 238 237 236 235 234 234 234 233 233 232 231 231 231 232 232 232 231 231 230 230 230 231 232 234 234 234 233 238 230 229 231 230 234 234 234 236 237 238 239 239 240 242 243 244 244 244 243 242 241 239 237 236 234 234 233 233 233 234 232 231 230 230 230 233 229 230 230 230 230 230 231 231 229 228 227 228 228 229 229 230 230 231 231 232 233 233 234 235 236 237 237 239 243 244 244 244 244 244 243 243 242 241 241 240 240 239 239 239 238 238 238 238 237 237 237 238 240 240 241 241 241 241 240 239 238 238 239 240 239 238 239 240 238 239 239 240 239 239 238 238 239 240 241
240 239 239 238 238 241 244 247 251 256 263 270 277 282 283 280 272 265 259 252 249 247 244 240 237 231 227 226 224 223 222 221 218 217 215 216 216 216 216 216 217 217 218 218 218 219 220 220 221 222 223 225 227 227 227 227 229 231 234 234 235 236 237 238 239 239 240 240 241 241 242 243 244 245 246 247 247 249 250 252 255 255 255 256 257 258 260 262 264 266 267 267 265 263 261 259 257 256 256 257 260 263 267 270 272 275 277 279 282 285 288 290 293 296 298 301 303 304 305 305 306 305 304 303 301 299 298 298 296 296 295 293 292 293 292 291 290 288 286 284 284 283 282 280 278 277 277 279 281 281 284 285 286 285 284 284 285 287 288 290 291 293 296 299 303 306 308 311 312 314 316 315 316 316 315 314 313 311 310 309 308 306 305 305 305 306 308 308 307 307 308 310 311 313 315 315 314 313 312 312 310 306 307 305 302 296 291 287 285 283 282 281 280 280 279 277 275 272 270 268 267 265 264 263 262 261 260 259 260 260 260 261 261 261 261 260 258 256 254 253 251 250 248 247 246 246 245 244 244 244 244 243 241 240 239 237 236 236 235 234 233 233 232 231 231 231 231 232 231 231 232 231 231 231 230 230 230 231 233 234 235 236 238 238 238 238 229 229 228 227 233 233 235 237 238 238 238 240 241 242 244 244 244 243 242 241 239 237 236 235 234 234 234 234 234 233 231 230 230 230 229 232 230 229 230 230 231 231 230 229 228 228 228 229 229 229 230 230 231 232 233 233 234 234 235 237 238 238 239 243 243 244 246 244 243 242 242 241 240 240 239 239 238 238 238 238 237 237 237 237 236 237 237 239 240 240 241 241 240 240 239 238 237 239 239 240 240 239 237 237 237 238 238 238 238 238 238 239 240 241
240 239 238 237 238 241 244 247 249 253 260 267 274 277 277 273 267 262 257 252 248 246 244 241 236 230 227 226 224 222 221 219 218 217 215 214 216 216 216 217 218 218 218 218 218 218 219 220 220 222 223 225 227 227 227 228 229 231 232 233 234 235 236 237 238 238 239 240 240 239 240 242 244 245 246 247 248 250 252 254 256 256 256 257 258 259 261 263 264 266 267 268 267 265 263 261 259 258 257 257 260 263 265 268 271 273 275 278 281 284 287 290 292 295 298 300 302 303 304 304 304 304 303 302 299 297 296 295 294 293 292 290 290 291 291 291 291 289 287 286 285 284 282 280 277 276 275 277 279 281 282 282 284 284 283 282 283 285 286 287 289 292 295 299 302 305 306 309 311 314 315 316 316 315 315 314 313 312 311 310 308 306 305 305 305 306 307 306 305 304 304 304 305 309 311 310 310 309 308 309 307 305 306 302 297 290 287 283 280 278 277 277 277 277 276 275 272 270 269 267 266 265 263 262 261 260 259 259 259 259 259 259 260 261 261 261 260 259 257 255 253 251 250 248 248 247 248 247 247 247 246 245 243 242 239 238 237 235 234 233 232 232 232 231 231 232 232 233 233 233 232 232 232 232 231 231 232 233 235 236 237 238 238 237 232 231 230 227 227 228 230 231 235 235 237 237 238 239 240 242 244 244 244 243 241 240 239 238 237 236 235 235 235 235 235 234 232 231 232 232 230 230 231 230 231 231 232 232 230 228 229 229 229 229 230 230 230 231 232 233 233 234 235 235 236 238 239 240 240 243 243 245 246 243 242 241 241 240 240 239 238 238 238 238 237 237 237 237 236 236 236 236 237 238 239 240 240 240 240 239 239 238 237 238 238 238 240 236 236 237 237 237 237 237 238 238 238 239 241 242
240 239 237 236 238 241 243 246 248 252 257 264 269 272 270 266 261 257 254 250 247 245 242 239 234 230 227 225 223 222 220 219 218 216 215 213 214 215 216 217 220 221 220 219 219 219 219 220 221 222 223 224 227 227 227 227 228 230 231 232 233 234 235 236 237 238 238 238 238 237 239 242 243 245 247 248 249 251 253 255 258 258 257 258 259 260 262 264 265 267 268 268 269 268 266 263 261 260 260 258 259 261 264 266 269 271 273 275 279 284 286 288 291 294 297 299 301 302 302 303 302 302 301 300 298 296 295 294 292 290 289 288 287 287 287 288 288 288 287 286 285 283 281 279 277 275 273 276 279 280 281 281 282 282 281 281 282 283 284 286 288 291 294 297 299 301 301 304 309 312 314 316 315 315 314 313 312 312 310 308 306 305 304 304 304 304 305 304 304 302 301 301 301 303 304 304 304 305 304 303 303 305 303 299 292 288 285 281 277 275 274 274 274 273 272 271 269 268 266 265 264 264 263 262 261 261 260 260 258 257 257 257 258 259 261 261 261 261 260 258 256 254 252 250 249 249 249 250 249 249 249 248 246 244 241 238 236 235 234 233 232 232 232 232 233 234 234 234 234 235 235 234 234 234 233 232 234 236 237 237 237 236 234 233 232 231 230 229 229 229 229 229 234 235 236 237 237 239 240 242 244 244 243 242 241 240 239 238 237 236 236 236 236 236 235 234 233 232 232 232 230 230 234 232 233 232 232 232 230 228 230 230 230 230 230 230 231 232 232 233 234 235 236 237 237 239 240 241 242 243 245 246 244 242 241 241 240 240 239 239 238 238 237 237 237 237 237 236 236 236 235 236 237 237 238 239 240 240 240 239 239 238 236 236 238 238 236 236 237 238 238 238 238 238 238 238 238 239 240 241
239 243 239 236 239 242 246 248 249 251 255 260 264 266 264 260 256 252 250 247 243 242 240 237 232 229 227 225 223 222 220 218 217 216 215 214 213 214 216 218 221 223 222 221 220 220 220 220 221 222 223 224 226 227 227 226 226 229 231 232 233 233 234 235 236 237 237 237 236 237 239 241 243 245 246 248 249 252 254 256 259 258 258 259 260 261 263 265 266 268 269 270 271 270 268 266 263 263 262 260 259 261 263 265 267 269 271 274 277 281 284 287 290 292 296 299 301 302 302 302 301 301 300 299 298 296 294 293 291 290 288 286 285 284 283 283 284 284 284 284 284 282 280 278 277 274 275 277 279 280 280 280 280 280 280 279 280 281 283 285 287 289 291 293 295 297 296 300 305 308 310 312 314 313 312 310 309 309 308 306 304 303 303 303 303 303 303 302 302 300 299 298 298 299 300 300 300 301 300 298 301 302 300 295 290 287 283 279 275 272 271 270 268 268 268 267 266 264 264 263 263 263 263 263 262 263 263 261 259 257 255 255 255 257 258 260 261 261 261 261 259 257 255 253 252 252 252 252 251 251 251 250 249 246 242 239 236 234 233 232 233 233 233 234 235 236 237 237 237 237 236 236 235 235 235 236 236 237 240 239 238 236 235 234 233 232 231 230 229 229 230 230 230 235 236 236 237 239 240 242 244 244 243 242 240 240 239 238 237 237 236 236 236 236 235 234 233 231 231 231 231 231 231 234 234 233 233 232 231 230 230 231 230 230 231 231 232 232 233 234 235 236 237 238 239 240 241 242 242 245 245 245 242 241 241 240 240 239 239 238 238 237 237 236 236 236 236 236 235 235 235 235 236 237 238 238 239 240 240 239 238 237 236 237 238 236 236 237 238 239 240 240 240 240 239 239 239 239 239 240
237 237 237 236 241 243 246 247 248 251 253 256 260 259 257 254 252 249 246 243 240 239 238 234 230 228 226 224 223 221 220 219 217 216 215 215 212 215 216 219 222 224 224 223 222 221 220 221 221 222 223 224 226 227 227 226 226 227 230 231 232 232 234 235 236 236 236 236 234 235 238 240 242 244 246 247 249 252 254 257 260 260 259 259 261 263 265 266 267 269 270 272 273 272 270 268 266 265 264 262 261 261 263 266 268 271 273 274 276 279 283 286 289 292 295 298 300 302 302 301 301 300 299 298 296 295 294 292 291 290 289 287 285 283 281 281 280 279 278 278 279 281 279 277 275 273 275 278 279 280 280 279 278 278 278 278 278 280 282 284 285 287 289 291 292 293 293 297 300 302 305 308 310 309 308 307 307 307 306 304 303 301 301 301 301 301 301 300 299 298 297 295 295 296 296 297 298 297 296 297 299 300 298 292 289 286 281 277 274 271 267 266 266 265 264 263 263 262 261 261 261 262 263 264 264 265 265 263 260 258 256 254 253 254 256 257 258 259 260 260 261 260 259 257 256 256 255 254 253 253 253 251 250 247 242 238 236 234 233 234 235 236 236 236 238 239 239 240 238 237 236 235 235 235 236 236 238 241 241 240 239 237 236 235 234 233 232 231 230 229 230 231 230 234 235 236 237 239 240 242 243 244 243 242 241 240 239 238 238 237 237 237 237 236 236 234 232 231 230 231 231 231 231 234 235 234 233 232 230 230 230 231 231 231 231 231 232 233 234 235 236 237 238 239 240 241 242 243 243 245 246 244 242 241 240 240 239 238 238 237 237 237 237 236 236 236 236 235 235 235 235 235 235 236 237 237 238 239 239 238 237 236 237 237 235 235 236 237 239 240 241 242 242 242 241 240 239 239 239 239
236 236 236 237 236 241 242 244 246 249 251 254 256 255 252 251 249 245 242 238 236 237 237 233 229 227 225 224 222 221 219 218 217 216 216 215 215 214 216 219 222 225 225 224 223 222 221 221 221 222 223 224 225 226 228 226 226 229 230 231 231 232 233 235 236 235 236 235 233 234 237 239 241 243 245 247 249 252 254 257 259 260 260 260 261 264 265 267 268 271 274 275 275 273 271 270 269 268 266 264 262 262 265 267 270 273 275 276 278 281 284 287 291 295 298 298 299 300 301 300 300 299 298 297 296 294 293 292 291 290 290 288 285 284 281 280 279 278 277 276 276 277 275 275 273 272 275 277 278 279 278 278 277 277 277 277 277 279 281 283 284 285 287 289 289 290 291 293 295 297 301 303 304 305 305 305 305 304 303 302 301 300 299 298 299 299 299 298 297 296 294 293 292 292 292 293 293 293 295 298 301 302 298 292 289 284 280 276 273 269 266 264 263 262 261 261 260 259 259 259 260 261 263 264 265 266 265 263 261 259 256 254 253 252 253 255 256 256 258 259 261 261 260 259 260 259 258 256 255 255 254 252 250 247 241 238 236 234 234 235 237 239 239 239 239 239 239 239 236 235 235 238 239 240 239 237 240 242 242 241 240 238 237 236 235 234 233 232 231 230 229 231 232 230 234 235 237 239 240 242 244 245 244 243 242 241 240 239 238 238 238 237 237 236 236 234 232 232 231 230 231 231 231 233 234 233 233 233 229 230 230 232 231 231 231 232 233 234 235 236 237 238 239 240 241 242 243 244 244 246 246 243 241 241 240 239 239 238 237 237 237 237 236 236 235 235 236 235 235 235 234 234 234 235 236 236 237 238 238 238 236 237 237 235 236 236 237 237 238 240 241 242 242 243 242 241 240 239 239 239
236 236 236 236 235 234 237 239 242 245 248 250 251 251 250 248 246 242 238 232 229 234 234 230 227 226 224 223 221 220 219 218 216 216 215 215 214 214 217 219 222 225 227 225 224 223 222 222 222 222 223 224 225 226 226 226 226 228 230 230 231 232 233 234 236 236 235 234 232 232 235 238 239 242 244 246 248 250 253 257 259 260 260 261 262 264 266 267 270 274 277 278 277 275 274 273 272 270 268 266 264 263 266 269 271 273 275 278 280 283 286 290 293 293 293 294 294 294 294 294 294 294 294 294 294 293 293 292 292 291 290 289 288 287 286 285 284 283 282 282 281 279 281 280 280 280 280 279 278 278 278 278 279 278 277 276 276 277 279 281 283 285 286 287 287 287 289 290 291 293 297 299 299 301 302 303 303 303 302 301 300 299 296 295 296 296 296 295 294 293 290 290 289 289 288 288 289 293 296 300 303 302 297 291 287 283 280 276 272 269 266 263 261 260 260 259 259 257 257 257 259 260 262 263 265 266 264 263 261 259 257 254 252 250 251 252 253 254 255 257 258 258 258 258 260 259 258 257 256 255 254 253 251 246 241 238 236 234 235 237 238 239 238 238 238 237 236 244 243 243 243 242 242 242 241 239 239 242 242 241 240 239 238 237 237 235 234 233 232 231 230 229 230 231 233 235 236 238 240 242 244 245 245 244 243 242 241 240 239 239 238 238 237 237 236 234 233 232 231 231 231 231 232 233 231 233 232 233 229 230 230 232 232 232 232 232 233 234 236 237 238 239 240 242 243 244 245 245 246 246 244 242 241 240 239 239 238 237 237 236 236 236 236 235 235 235 235 235 235 234 234 234 234 234 235 235 236 236 237 237 237 237 235 236 237 238 239 239 239 239 240 241 242 242 242 242 241 240 240 239
236 236 236 236 239 234 233 234 235 238 241 243 244 245 246 245 243 240 237 234 230 229 231 229 226 225 223 222 221 220 218 217 216 215 215 215 214 213 216 219 222 225 226 226 225 224 223 222 223 223 224 224 225 227 226 226 226 228 229 230 230 231 229 232 234 235 234 233 231 232 234 237 239 241 243 245 247 249 252 255 258 260 261 262 263 265 266 268 271 277 278 278 278 278 276 276 275 273 270 267 265 264 264 269 273 276 279 281 283 284 285 287 289 290 291 292 294 295 296 297 297 295 294 293 292 291 292 291 291 291 290 290 288 286 284 282 280 279 277 275 274 272 271 270 270 272 275 277 277 277 277 277 277 277 278 278 279 280 280 280 281 281 281 283 285 285 286 287 288 291 294 295 296 298 299 300 301 301 301 300 298 297 294 293 292 292 292 291 291 290 288 288 287 286 286 288 291 293 297 300 300 297 294 291 287 283 279 275 272 268 265 263 261 260 259 259 258 257 256 256 258 259 261 262 262 262 261 261 260 258 256 253 251 250 248 249 251 252 253 253 254 254 254 256 258 257 257 256 256 255 253 251 248 244 240 238 237 237 239 239 239 239 239 242 244 246 246 246 245 245 245 244 244 244 243 241 240 242 242 242 241 240 239 239 238 237 236 235 233 231 230 229 229 230 231 234 236 237 239 241 243 245 246 245 245 243 242 241 241 240 239 238 238 237 236 235 234 233 232 231 231 232 232 233 234 230 228 231 228 230 230 232 232 232 232 232 233 234 236 237 238 239 241 242 244 245 246 246 246 246 243 242 241 240 239 238 238 237 236 236 235 235 236 235 235 235 235 235 234 234 234 234 234 234 234 234 235 235 236 237 237 235 235 237 238 239 240 240 240 239 239 240 241 242 242 242 242 242 240 240
235 236 237 238 235 234 233 233 233 233 234 235 234 239 241 242 240 238 237 234 232 230 226 226 224 223 222 222 221 219 218 217 216 215 215 215 214 215 216 218 221 224 226 226 225 224 223 223 223 223 224 224 225 226 226 226 226 227 228 229 229 230 230 232 233 233 232 231 229 231 234 237 238 240 242 244 246 248 250 254 257 259 261 262 264 266 267 269 272 278 278 279 280 280 280 278 277 276 272 273 274 275 276 277 278 279 278 277 280 284 287 289 291 295 298 301 302 303 303 302 300 297 295 293 291 290 289 289 290 290 290 290 289 287 286 284 283 281 279 277 275 273 270 269 270 273 275 276 276 276 277 278 278 278 277 275 273 273 275 277 279 284 282 282 282 283 284 285 286 287 288 290 292 294 295 297 298 300 300 299 297 295 293 291 290 290 289 289 289 286 286 285 283 284 287 291 292 294 296 298 296 296 293 290 286 282 278 275 271 268 265 263 260 260 259 258 257 256 255 255 256 257 257 258 258 258 258 258 257 256 255 252 251 249 247 247 248 249 250 251 251 251 251 253 255 254 254 254 253 252 249 246 244 242 241 241 240 240 240 243 245 247 248 248 249 248 248 247 246 246 246 245 245 245 244 242 240 242 243 243 242 241 240 240 240 239 237 236 235 233 231 229 229 229 230 233 235 236 238 240 243 245 247 246 246 245 244 243 242 241 240 239 238 237 235 234 234 233 232 232 232 232 233 233 233 230 229 230 228 230 231 232 232 232 233 233 234 235 236 237 238 239 241 243 244 245 246 246 246 245 243 241 240 240 239 238 237 237 236 235 235 235 235 235 234 234 234 234 234 234 233 233 233 233 234 234 234 235 236 237 235 235 235 237 238 239 240 240 240 240 240 240 241 241 242 242 242 242 242 241
234 236 238 237 235 234 233 232 232 232 230 229 231 234 237 239 238 237 237 234 231 229 226 224 223 223 222 221 220 219 217 216 215 215 212 213 214 215 216 218 221 222 224 226 225 225 223 223 223 223 224 224 225 225 226 226 226 226 227 227 227 228 229 230 230 231 230 229 229 231 233 235 236 237 240 243 245 247 249 253 257 259 260 262 264 266 268 269 272 271 270 269 269 270 271 271 272 273 272 269 268 267 267 269 271 274 277 279 281 284 287 289 292 295 299 301 303 303 303 302 300 299 296 293 292 289 288 288 288 289 290 290 290 289 288 286 285 283 281 279 277 274 271 269 269 272 274 274 274 275 276 277 279 280 278 275 273 273 274 276 278 279 280 280 280 280 281 283 286 287 288 288 288 289 290 290 290 291 294 296 295 293 291 290 289 288 287 286 285 282 282 282 281 283 286 291 292 293 295 296 295 294 291 288 285 281 277 274 270 267 265 263 261 260 259 258 257 257 256 255 254 254 254 255 255 255 255 255 254 254 253 252 250 249 247 246 246 246 247 248 248 249 249 250 251 250 248 247 245 243 243 243 242 240 239 238 237 239 242 245 247 249 250 250 251 250 249 248 247 247 246 246 245 244 243 243 243 243 244 244 243 242 242 241 241 240 239 237 236 234 232 231 230 230 230 230 234 235 237 240 242 244 246 246 246 246 245 244 243 242 241 239 237 236 235 234 234 233 232 232 232 233 233 233 233 231 232 231 228 230 231 233 233 233 233 233 234 235 236 236 238 239 241 242 243 244 245 245 245 244 242 241 240 239 238 237 237 236 236 235 234 234 235 235 234 234 234 234 234 233 233 233 233 233 233 234 234 236 236 234 234 235 235 236 237 238 239 239 240 240 240 241 241 241 241 242 243 243 243 242
234 237 238 235 235 234 233 232 230 230 229 228 229 233 236 236 236 237 236 233 229 227 224 223 223 222 222 221 219 218 216 215 215 214 213 214 215 216 217 218 220 221 221 224 224 224 223 223 223 223 223 224 224 225 225 226 225 225 226 226 226 226 227 227 228 229 228 228 229 230 232 234 235 237 239 242 244 246 248 252 255 257 260 260 260 261 263 264 266 267 269 272 274 277 279 280 277 275 272 269 269 270 270 271 272 274 277 279 282 284 287 290 293 295 298 301 302 303 302 300 299 297 295 294 292 290 288 287 287 288 290 291 291 291 290 288 286 285 283 281 279 276 272 269 268 271 273 273 272 273 276 278 280 282 281 276 273 272 272 274 276 277 278 278 278 278 281 283 284 285 285 286 288 291 292 292 292 291 290 290 290 289 290 290 289 288 286 283 281 280 280 280 281 283 286 290 292 293 294 294 293 291 289 286 282 278 275 272 269 266 265 263 261 260 259 259 258 258 257 255 254 253 253 253 253 253 253 253 252 253 252 251 250 249 247 246 245 245 245 246 246 247 249 246 245 245 244 244 243 242 242 240 239 238 241 241 240 242 244 248 250 251 252 253 252 251 250 249 248 247 247 246 246 245 244 244 244 244 245 245 244 243 243 242 242 241 240 239 237 235 233 232 231 231 230 229 233 234 236 238 241 243 245 246 246 246 246 245 244 243 241 239 236 235 235 234 234 233 233 233 233 233 234 234 234 231 230 230 228 230 232 233 233 233 233 233 234 235 236 236 238 239 241 242 243 243 244 244 243 243 242 241 239 239 238 237 236 236 235 235 234 234 234 234 234 234 234 233 233 233 233 233 233 234 234 235 235 236 234 234 234 235 235 236 237 238 238 239 239 240 240 240 241 241 242 242 243 243 243 243
235 237 236 236 235 234 233 231 229 227 228 226 227 231 233 234 234 237 233 229 227 223 222 222 222 222 221 220 219 217 216 215 215 213 213 214 215 217 218 219 220 221 221 223 223 223 222 222 222 222 223 223 223 223 224 224 224 224 225 225 225 225 225 225 226 227 227 226 227 228 231 234 235 239 243 246 249 251 252 254 255 257 258 260 262 265 268 271 276 280 283 285 283 284 282 279 276 273 271 270 271 272 272 273 274 276 278 281 283 285 288 291 293 296 299 300 302 302 302 300 298 296 294 293 291 290 288 286 286 288 290 291 292 292 291 289 288 287 285 283 281 278 274 270 268 269 271 271 270 272 275 277 280 283 284 280 274 271 270 272 273 275 276 276 276 277 280 282 282 283 283 284 286 289 291 292 293 294 294 293 292 291 290 288 288 288 287 283 280 278 278 278 280 283 285 288 289 290 291 290 290 288 286 282 279 276 273 269 267 265 264 263 262 261 260 260 259 259 258 256 254 253 252 251 251 251 251 251 251 251 251 250 249 248 247 246 245 244 246 247 247 246 246 246 246 245 243 242 241 240 239 238 239 242 241 241 242 244 247 250 252 253 254 253 252 251 250 249 248 248 247 247 246 246 245 245 245 245 245 245 245 244 244 243 243 242 241 240 238 237 235 234 233 232 231 229 230 233 235 237 239 242 243 244 245 246 246 246 245 243 241 239 236 235 235 235 235 234 233 233 233 233 234 234 234 231 230 230 229 230 231 233 233 234 234 234 234 235 236 237 238 239 240 241 242 243 243 243 242 242 241 240 239 238 237 236 236 235 235 234 234 233 233 233 233 233 233 233 233 233 233 233 233 234 234 236 235 234 234 234 234 235 235 236 237 237 238 239 239 240 240 241 241 242 242 242 243 243 244 244
236 237 236 236 235 234 233 231 230 229 227 226 226 227 230 232 232 230 228 227 224 222 221 221 221 221 221 220 218 216 215 215 214 213 213 214 216 218 219 220 221 221 222 222 222 222 222 221 221 221 222 222 222 222 222 222 223 223 223 224 224 224 224 224 224 227 229 232 236 238 240 242 243 244 246 247 248 249 251 253 255 258 260 262 264 266 268 270 278 283 284 284 285 284 282 278 275 273 274 273 274 274 274 275 276 278 281 283 285 286 289 292 294 297 299 301 302 302 301 299 297 295 293 292 290 289 288 286 285 286 289 291 292 293 292 291 290 288 286 285 283 279 275 271 268 267 269 269 269 271 273 276 279 280 282 281 278 274 271 269 271 272 273 274 275 277 279 280 280 280 281 282 284 286 289 291 293 294 294 295 295 294 293 293 291 289 285 285 280 285 284 281 279 283 284 286 286 287 287 287 287 285 281 278 275 271 268 266 265 264 263 262 262 262 261 260 259 259 258 257 255 253 252 251 250 250 249 249 249 249 249 249 248 248 248 248 248 248 247 243 241 241 240 242 242 241 241 240 239 238 238 238 242 242 243 241 244 247 250 253 254 255 255 254 252 251 251 250 249 248 248 248 247 247 246 246 246 246 246 245 245 245 244 243 243 242 241 240 239 237 236 235 234 232 231 230 230 233 234 235 238 240 241 243 244 246 246 246 245 244 242 239 237 236 235 236 236 235 234 234 233 233 234 234 234 232 229 229 229 230 232 233 234 234 234 234 235 235 236 237 238 239 240 240 241 242 242 242 241 241 240 239 238 237 237 236 235 235 235 234 234 233 233 233 233 233 233 233 233 233 233 233 234 234 236 236 234 234 234 234 235 235 236 236 237 238 238 239 240 241 241 242 242 242 243 243 243 244 245 245
237 237 236 236 235 234 233 232 233 232 230 227 225 225 226 228 228 227 225 224 222 222 222 221 221 220 220 219 218 216 215 215 212 213 214 215 217 218 220 221 221 221 221 221 221 221 221 221 220 220 220 221 221 221 221 221 222 223 224 224 223 226 228 230 232 233 234 235 235 234 234 235 237 243 246 248 250 251 252 254 257 259 261 262 264 267 269 272 276 280 283 283 285 284 281 278 274 276 279 276 276 276 277 278 279 280 282 284 287 288 290 292 295 298 300 302 302 302 301 299 297 295 293 291 290 289 287 286 284 284 287 289 291 292 292 291 290 288 287 285 282 279 276 273 270 266 266 267 267 269 271 275 277 279 280 279 278 275 272 269 268 270 271 272 274 276 278 279 278 278 279 281 283 285 288 291 293 295 295 296 296 295 295 294 291 288 285 282 279 277 278 281 281 280 279 280 281 282 283 284 283 280 277 274 269 267 265 264 263 263 263 262 261 261 260 259 259 258 257 256 255 254 252 251 252 251 248 247 246 246 250 249 249 249 245 244 243 243 243 242 241 241 242 241 240 240 240 239 239 241 241 242 243 243 242 243 245 249 252 254 256 256 254 253 252 252 251 251 250 250 249 249 249 248 247 247 246 246 246 246 245 245 244 243 243 242 241 240 239 238 237 236 235 233 231 230 231 233 233 234 236 238 239 241 243 245 246 245 244 244 242 241 239 238 237 238 237 236 235 234 234 234 233 233 233 232 230 229 229 231 232 233 234 234 234 235 235 235 236 237 238 239 239 240 241 241 241 241 240 240 239 238 238 237 236 235 235 234 234 234 233 233 233 233 233 233 233 233 233 233 233 233 234 236 235 234 234 234 234 234 235 235 236 236 238 239 239 240 241 242 243 243 243 243 244 244 244 244 245 246
237 239 237 236 235 234 234 234 234 233 232 229 226 224 224 225 225 224 223 222 221 221 222 222 221 220 219 219 217 216 215 214 212 214 215 216 218 219 220 220 220 220 220 220 220 221 221 220 220 219 219 220 220 221 221 222 223 224 224 225 226 227 228 228 228 228 228 228 229 230 235 237 239 243 246 248 250 252 253 255 257 259 261 262 264 267 269 272 275 279 283 283 285 283 281 278 276 278 280 280 278 278 279 280 281 282 284 287 289 290 292 294 296 299 301 302 302 301 300 299 297 295 293 291 290 288 287 286 284 283 284 287 288 290 290 290 288 287 286 285 283 280 277 274 271 267 265 265 266 268 271 274 277 278 280 279 277 274 272 269 267 267 270 273 274 275 275 277 276 277 279 281 283 286 288 290 293 295 296 297 297 296 295 292 288 286 283 280 279 277 275 274 275 277 279 279 277 276 275 274 274 275 273 270 266 265 264 262 261 261 261 261 260 259 258 258 258 257 256 255 254 253 252 251 252 252 251 251 251 250 245 245 244 244 243 243 242 242 243 243 243 243 244 244 242 241 240 240 240 242 242 243 242 244 245 245 247 250 253 255 257 256 255 254 253 253 252 252 251 251 251 251 250 249 248 247 247 247 246 246 246 245 244 244 243 242 241 240 239 238 237 236 235 233 232 231 229 233 232 233 234 235 237 240 242 245 246 245 245 244 243 242 241 240 239 239 238 237 237 238 235 235 233 233 233 232 229 230 229 230 232 234 234 234 235 235 235 236 237 238 239 239 239 240 240 241 240 240 239 239 238 237 237 236 235 235 234 234 234 233 233 233 232 232 232 232 232 232 233 233 233 234 236 235 234 234 234 234 234 235 235 235 236 237 238 240 240 241 242 243 244 245 245 245 245 245 245 245 246 247
237 237 236 236 235 234 234 234 234 233 233 230 227 225 223 222 222 222 221 221 221 221 221 221 221 220 220 219 218 215 215 214 214 214 216 217 218 219 220 220 220 220 219 220 220 220 220 219 219 219 219 220 221 221 221 222 223 223 224 229 230 230 231 231 230 230 230 229 229 231 235 238 241 243 246 248 250 251 253 255 258 260 261 263 264 267 269 273 276 281 283 284 285 283 281 278 277 279 280 281 280 280 281 282 283 286 287 289 291 293 294 295 298 300 302 302 302 301 300 299 297 295 293 291 289 288 286 285 283 281 282 284 285 287 288 287 285 285 284 284 283 280 277 274 271 267 265 263 265 268 271 275 278 280 280 279 277 274 270 268 265 267 271 272 273 273 273 273 275 277 281 283 285 287 289 291 293 295 295 296 297 296 294 291 288 285 282 279 278 276 274 273 273 276 277 278 279 278 277 274 273 271 269 268 266 265 263 262 261 259 259 258 257 256 256 256 255 254 254 254 253 253 253 252 252 250 247 246 245 245 245 244 243 244 243 243 243 243 244 244 244 245 246 246 245 242 241 242 242 243 245 245 245 245 248 249 251 253 255 257 257 256 255 255 254 254 254 253 253 252 252 252 251 250 249 248 247 247 247 246 246 245 245 244 243 242 242 241 240 239 238 236 235 234 233 231 230 232 232 232 232 234 235 238 241 244 245 246 246 245 244 243 242 240 240 240 239 238 238 238 237 236 233 233 233 232 229 229 230 232 233 234 234 235 235 236 237 237 237 238 239 239 239 240 240 240 240 239 239 238 238 237 236 236 235 235 234 234 234 233 233 232 232 232 232 232 232 233 233 233 234 236 235 234 234 234 234 234 235 235 236 236 236 237 238 240 242 243 244 245 246 247 247 247 247 247 246 246 247 247
237 236 237 236 236 235 235 235 234 233 233 231 228 226 224 223 222 222 221 221 221 222 223 223 222 220 219 218 216 215 215 214 214 215 217 218 218 219 220 220 220 219 219 219 219 219 219 218 218 219 220 221 221 221 221 222 225 226 227 228 230 231 231 232 231 231 231 230 230 232 235 237 240 242 245 247 249 251 252 255 258 260 261 263 265 267 271 277 280 285 286 284 286 284 281 278 278 280 281 281 281 282 283 284 286 288 290 291 293 295 295 297 299 301 302 302 302 300 299 298 297 294 292 290 288 286 285 283 282 280 280 280 282 283 284 283 282 281 282 282 282 279 277 273 269 266 264 262 264 267 272 276 279 282 282 280 277 274 270 267 264 266 270 271 271 271 270 272 275 278 282 285 287 289 291 292 294 294 295 295 296 295 293 290 287 284 281 279 277 275 274 273 273 273 275 275 276 276 276 275 273 270 267 265 263 262 261 261 261 259 257 257 257 256 255 255 254 254 254 253 253 252 252 250 249 249 247 246 246 245 246 246 246 246 245 245 245 245 245 245 246 247 248 247 245 243 243 243 244 245 248 249 249 250 252 253 255 256 257 258 258 256 256 255 255 255 255 254 254 254 253 252 251 250 249 248 248 247 247 246 246 245 245 244 243 243 242 241 240 239 238 237 236 235 234 232 231 232 231 231 231 232 234 236 239 242 245 246 246 245 244 243 241 241 240 240 239 238 238 238 237 236 233 233 233 233 230 230 231 232 233 234 235 235 236 236 238 237 238 238 238 239 239 239 239 239 239 239 238 238 237 237 236 235 235 234 234 234 233 233 233 232 232 232 232 232 232 233 233 233 234 236 234 234 234 234 235 235 235 236 236 236 237 237 238 240 241 243 245 247 248 249 249 249 249 248 248 248 248 248
238 237 237 237 236 236 236 236 235 234 234 231 229 227 225 224 223 222 223 224 225 225 226 225 224 222 219 217 216 215 214 214 214 216 218 218 218 218 219 219 219 219 218 218 218 218 218 218 219 220 221 220 220 221 223 224 224 226 227 228 230 231 231 232 231 231 231 231 231 233 235 237 238 240 243 246 247 249 251 254 257 260 261 263 265 267 271 277 281 285 288 285 286 285 282 279 278 280 281 282 283 283 284 286 288 291 293 295 296 297 297 299 300 302 303 303 302 300 299 297 295 293 291 288 287 286 284 284 283 282 280 279 279 279 280 280 278 277 279 280 280 278 276 273 269 265 263 262 263 266 271 275 280 283 283 280 277 274 270 267 264 266 269 270 270 268 270 273 276 279 282 285 290 292 293 294 294 294 295 295 295 294 292 290 287 284 281 279 278 276 274 272 271 271 271 271 271 271 271 270 270 268 265 264 263 261 260 259 258 261 264 264 256 256 256 255 254 253 252 251 251 250 250 249 248 247 247 246 247 247 248 248 248 248 248 248 247 247 247 247 247 248 249 248 246 245 245 246 246 248 250 250 251 254 256 257 258 258 259 258 258 257 257 256 255 255 255 255 255 254 254 252 251 250 249 249 248 247 247 246 246 245 245 244 243 243 242 241 240 239 238 238 237 236 234 233 232 233 232 231 231 232 233 235 237 240 243 246 246 245 244 243 241 240 240 240 238 238 238 238 238 237 234 234 234 233 231 231 231 228 235 235 235 236 237 237 236 237 237 238 239 239 239 239 239 239 239 238 238 237 237 236 235 235 235 234 234 233 233 233 232 232 232 232 232 232 232 233 233 234 237 235 235 235 235 235 235 236 236 236 237 237 237 238 238 240 241 243 245 247 248 249 250 251 250 250 249 249 249 250
238 237 237 237 236 236 237 238 237 236 235 233 231 229 226 224 222 222 224 226 227 227 228 227 226 224 221 219 217 215 214 214 213 217 218 218 218 218 219 219 219 219 218 218 217 217 217 218 219 220 219 219 220 222 223 224 225 226 227 228 229 230 231 231 231 230 230 230 230 232 234 235 237 239 241 244 247 249 251 254 257 259 262 263 266 268 271 276 280 281 284 286 287 286 282 279 279 281 282 283 284 284 286 288 290 293 295 297 298 298 299 300 301 302 303 303 302 301 299 297 295 292 290 289 287 287 286 287 287 285 282 279 278 277 276 275 275 274 275 277 278 277 276 273 269 266 263 261 262 266 270 274 278 282 283 280 277 273 269 266 264 266 268 269 268 268 270 273 276 279 282 285 290 292 293 294 293 294 295 295 294 294 292 289 287 285 283 280 278 276 274 273 271 269 268 268 267 267 267 267 267 266 264 263 262 261 261 260 258 257 256 257 259 255 255 254 253 252 252 251 250 250 249 249 248 248 248 248 248 249 249 250 250 251 251 250 249 249 249 249 248 249 249 248 246 246 247 247 249 251 252 254 255 257 259 260 260 260 260 259 258 257 256 256 255 255 255 255 255 254 253 252 251 250 249 248 248 247 246 246 245 245 245 244 243 243 242 242 241 240 239 238 237 235 234 233 231 233 232 231 231 232 233 234 236 238 241 245 245 245 244 243 240 239 239 239 238 238 238 238 238 237 234 234 234 234 231 231 232 232 228 236 236 236 237 236 236 238 238 239 238 238 239 239 238 238 238 238 237 237 236 236 235 235 234 234 233 233 233 233 232 232 231 232 232 232 233 233 234 239 235 235 235 235 236 236 236 236 237 237 238 238 238 239 240 241 242 243 244 246 247 249 250 251 251 251 250 251 251 251
239 237 237 237 236 237 237 237 237 237 235 234 232 229 227 224 222 224 226 228 228 228 228 228 227 225 223 220 217 215 214 214 214 217 218 218 218 218 218 219 219 218 218 217 217 217 218 218 219 219 218 219 220 221 222 223 223 225 226 227 228 229 230 230 229 228 228 228 229 231 232 234 236 238 241 244 247 249 251 254 257 260 262 263 266 267 270 275 279 283 285 286 288 287 283 280 281 283 284 285 285 286 287 289 292 295 298 299 300 300 301 302 303 303 304 303 302 301 299 298 296 294 293 291 290 289 289 289 289 288 285 282 279 277 275 273 271 270 272 273 275 275 275 274 271 267 263 261 261 264 267 272 277 281 282 279 275 271 267 265 262 265 267 267 266 268 270 273 276 277 279 282 286 290 293 293 293 294 294 294 294 293 291 289 288 287 284 282 280 278 275 274 272 269 268 267 266 266 265 265 264 264 264 264 263 262 261 260 259 257 256 256 257 258 255 254 253 252 252 252 252 251 251 251 250 250 249 249 250 250 251 252 252 253 253 252 251 252 252 251 250 250 249 249 248 248 249 250 252 254 257 258 259 260 261 262 261 261 260 259 258 257 256 255 255 255 254 254 254 253 252 252 251 250 249 248 248 247 246 245 245 245 244 243 243 242 242 242 241 240 239 238 237 235 234 235 237 235 233 233 232 232 233 234 235 237 239 242 244 245 244 243 239 236 239 238 238 238 238 238 237 236 235 235 234 235 232 233 234 235 234 228 239 236 236 237 238 238 238 238 238 239 238 238 238 238 237 237 237 236 236 235 235 234 234 233 233 233 233 233 232 231 231 232 232 232 233 234 239 235 235 235 236 236 236 237 237 237 238 239 239 240 240 241 242 242 242 243 243 245 246 247 250 251 252 252 252 252 252 251
239 237 237 236 236 236 235 235 235 235 235 233 232 229 227 224 222 224 227 229 229 229 229 229 228 226 223 220 217 215 212 213 215 217 217 217 217 218 218 218 218 218 218 217 217 217 218 219 219 217 218 219 220 220 221 222 222 223 224 225 226 227 227 227 227 226 226 227 228 229 231 233 236 239 242 246 248 250 252 254 257 260 261 263 265 267 269 274 281 284 286 289 289 287 284 281 282 284 286 286 287 287 289 291 294 297 300 301 301 301 302 303 304 304 304 304 302 301 300 299 298 296 295 294 293 292 292 292 292 291 289 286 282 279 278 277 274 271 267 270 270 272 273 273 271 268 264 261 260 263 267 272 276 279 280 277 273 270 267 263 261 263 264 264 266 268 270 272 274 275 277 280 284 288 291 292 293 292 292 292 292 291 291 290 288 287 286 285 283 280 277 275 273 270 268 266 265 264 264 264 263 263 263 264 263 262 262 260 259 258 257 256 255 255 254 254 253 253 253 253 253 253 253 252 252 251 251 251 251 252 253 253 255 256 255 254 254 254 254 253 252 251 250 250 250 252 252 253 255 258 260 261 262 263 263 263 263 262 261 260 259 257 256 256 255 254 253 253 253 252 252 251 250 249 248 248 247 246 246 245 245 245 243 242 242 242 242 241 241 240 239 238 237 235 234 236 237 236 235 235 233 233 233 233 234 235 237 240 243 244 244 243 241 238 238 238 238 238 240 240 239 241 240 238 235 236 234 234 235 236 236 235 228 238 237 236 236 237 237 237 237 237 237 237 237 237 237 237 237 236 236 235 234 234 233 233 233 233 233 233 232 231 231 232 232 233 234 237 234 235 235 236 236 237 237 238 238 239 239 240 241 242 243 243 243 242 243 243 244 245 247 249 250 251 251 252 252 252 252 252
237 235 235 234 234 233 232 232 232 232 232 231 230 228 226 223 223 225 228 230 231 230 230 230 229 227 224 220 217 215 213 214 215 216 216 216 216 217 217 217 217 217 217 216 216 217 218 215 216 217 218 219 219 220 220 221 221 222 222 223 224 225 225 225 225 224 225 226 227 229 231 234 236 239 243 247 249 251 253 255 257 259 261 263 265 267 268 271 280 285 287 290 290 288 285 282 283 286 287 288 289 290 291 294 297 299 301 303 303 303 304 305 305 305 305 304 303 301 300 299 299 298 297 296 295 295 295 295 294 293 291 287 284 282 282 281 279 276 273 271 269 268 269 271 270 268 265 261 259 262 267 271 275 278 278 275 271 268 265 262 260 261 262 263 265 267 269 270 272 273 276 279 283 287 290 291 291 291 291 291 291 290 290 290 289 288 288 286 285 282 279 276 273 271 269 266 265 264 263 263 263 262 263 263 263 262 262 261 259 258 257 257 255 255 254 254 254 254 254 254 255 255 254 254 253 253 252 253 253 253 254 255 257 258 258 257 257 257 256 255 254 253 251 252 254 257 257 257 258 262 263 264 265 265 264 264 263 262 261 260 259 258 257 256 255 254 253 253 252 252 251 250 249 249 248 247 246 246 245 244 244 243 242 242 241 241 241 241 240 239 237 237 236 235 235 236 239 236 236 235 234 233 233 233 234 234 236 238 240 242 243 242 241 239 237 236 236 237 241 242 246 246 244 242 241 236 234 235 236 236 236 236 235 228 237 237 236 236 236 236 236 236 237 237 237 237 237 237 236 236 236 235 234 234 233 233 232 232 232 232 231 231 232 232 233 233 234 236 234 235 235 236 237 237 238 239 239 240 240 241 243 244 244 244 244 244 245 245 245 246 248 249 250 251 251 252 252 252 253 252
236 233 232 232 232 230 229 229 229 229 229 229 229 226 224 223 224 226 228 231 232 231 231 230 229 228 225 221 218 215 213 214 214 215 216 215 216 216 216 216 216 216 216 216 217 217 215 217 217 218 218 218 219 219 219 220 220 220 220 221 222 222 223 223 223 223 224 225 227 229 232 234 237 240 243 247 250 252 253 255 257 259 261 263 264 266 268 270 276 284 286 290 290 288 286 283 284 287 289 290 291 292 294 297 299 301 303 304 304 304 304 306 306 305 305 304 303 302 300 299 298 298 298 297 297 296 297 297 297 295 292 289 286 285 284 283 281 278 277 276 273 270 267 266 266 264 262 260 259 260 265 269 273 276 276 274 270 266 263 261 259 260 261 263 265 267 269 270 273 275 277 281 285 289 290 291 291 290 290 290 289 289 289 288 288 288 288 288 286 283 280 277 274 271 269 267 265 264 264 263 262 262 262 262 262 262 262 261 260 259 258 257 256 255 254 254 255 255 256 256 256 256 256 255 255 254 254 254 254 255 256 257 260 261 260 260 259 259 258 257 256 253 253 255 259 261 262 262 263 264 265 266 265 265 264 264 263 262 261 260 259 258 257 256 255 254 253 253 252 251 250 250 249 248 248 247 246 245 244 244 243 243 242 241 241 240 240 238 238 236 236 236 236 235 235 236 242 237 236 236 235 234 233 233 233 234 235 237 239 241 241 241 240 239 237 236 236 237 238 239 247 246 243 241 240 236 235 236 237 237 237 237 236 236 228 235 236 236 235 235 235 235 236 236 236 236 236 236 236 236 236 235 235 234 233 233 232 232 232 231 231 231 232 232 233 234 239 234 235 235 236 237 237 238 238 239 240 240 241 243 244 245 245 245 246 246 247 247 247 247 249 249 250 251 251 251 252 253 253 252
235 231 231 231 230 230 229 229 229 228 227 227 225 225 224 224 225 227 229 231 232 233 232 231 230 228 225 221 218 215 213 214 214 215 215 215 215 215 215 216 215 215 218 217 216 215 216 217 217 218 218 218 219 219 219 219 219 219 219 220 220 221 221 222 222 223 224 225 228 230 233 235 237 240 244 247 250 252 253 255 257 259 260 262 264 266 267 269 273 282 285 288 289 288 287 286 287 288 291 292 293 294 297 298 300 302 304 305 305 305 305 306 306 306 306 305 304 302 300 298 297 297 297 297 297 297 297 298 297 296 294 291 289 288 286 284 283 281 281 280 278 274 270 264 263 262 261 259 259 259 262 266 270 273 275 272 269 266 262 260 259 260 263 264 266 268 269 271 273 277 281 285 286 289 290 290 290 289 289 288 288 287 287 287 287 287 287 287 285 282 279 277 274 271 269 268 266 265 264 263 263 262 262 261 261 262 262 261 260 260 259 258 256 255 254 255 255 256 257 257 257 257 257 257 256 256 255 255 256 256 257 259 262 263 262 261 261 261 260 259 257 255 256 259 261 263 265 266 266 266 266 266 265 265 264 264 263 262 261 261 260 259 257 256 256 255 254 253 252 251 250 250 249 248 247 246 245 245 244 244 244 244 243 242 241 240 239 236 236 236 236 236 236 236 235 235 243 236 236 236 235 234 233 233 233 233 234 236 238 240 241 241 240 239 238 237 236 237 237 240 245 244 242 241 240 237 237 237 237 238 238 237 237 236 235 230 233 235 234 234 234 235 235 235 235 236 236 236 236 236 236 236 235 234 233 233 232 231 231 231 231 232 232 232 233 237 234 235 236 236 237 237 238 238 239 240 241 241 242 244 245 246 246 247 247 248 248 248 248 248 249 249 250 250 251 251 252 252 252 252
240 234 232 230 229 227 226 226 227 228 227 227 225 225 225 226 226 228 233 232 233 234 233 231 231 229 225 222 219 217 212 213 214 214 214 214 214 215 215 215 217 217 218 215 214 215 216 217 218 218 218 218 218 218 218 219 219 219 219 219 220 220 221 221 222 222 224 226 228 231 233 236 238 240 244 247 249 251 253 254 256 258 260 262 263 265 266 269 272 278 284 286 290 289 288 288 289 290 293 295 296 296 298 300 300 303 304 305 306 306 306 306 307 306 306 305 304 302 300 298 296 296 296 296 297 297 298 298 298 297 295 293 292 291 289 287 286 285 284 282 280 276 272 266 264 262 262 261 260 259 259 263 267 270 272 271 269 266 262 258 258 261 264 265 267 268 270 272 274 280 283 286 287 287 288 288 288 288 288 287 286 286 285 286 286 286 286 286 284 282 279 276 274 272 270 268 267 266 265 264 263 262 262 261 261 261 261 262 261 260 259 258 256 255 254 255 256 257 257 258 259 259 259 258 257 257 257 257 257 257 258 260 263 264 264 263 263 262 260 258 256 256 258 260 263 265 266 266 266 266 266 266 265 265 264 264 263 262 261 261 260 259 258 257 256 255 254 253 252 251 251 250 249 248 247 247 246 246 246 245 245 245 244 243 242 241 239 237 238 237 238 238 237 237 236 235 242 235 235 235 235 234 233 233 233 233 234 235 237 240 240 241 241 240 240 239 238 237 237 240 241 241 242 242 241 237 237 238 238 238 238 238 237 237 236 235 231 232 233 233 234 234 234 234 235 235 236 236 236 236 236 236 235 234 234 233 232 231 231 231 232 233 233 234 233 235 234 235 236 237 237 238 239 239 240 241 242 242 243 244 246 247 247 248 248 249 249 249 249 249 249 249 250 250 250 251 251 251 252 252
236 234 234 235 234 233 232 232 232 232 232 231 229 226 225 227 228 229 230 233 234 234 233 232 231 230 227 223 220 217 215 214 213 214 214 214 214 214 217 217 218 216 212 214 215 216 216 217 218 218 218 218 218 218 219 219 218 219 219 219 219 220 220 221 221 222 224 226 229 231 234 236 238 240 244 247 249 251 252 253 255 257 260 262 263 264 266 268 270 276 283 286 290 290 289 290 291 292 294 296 297 298 298 301 301 303 305 306 306 306 307 307 307 307 307 306 305 303 300 297 295 294 294 295 296 297 298 298 298 298 296 296 295 293 291 290 288 287 285 283 280 276 272 268 266 265 265 265 264 262 259 260 263 267 269 269 268 266 262 258 258 261 264 266 267 269 270 272 274 278 283 285 286 286 285 283 284 287 288 287 286 284 284 284 284 284 284 284 282 281 278 276 273 272 271 269 268 267 265 264 263 262 262 261 260 261 261 261 260 260 258 257 256 255 255 256 257 258 258 259 260 260 260 259 259 258 258 258 258 259 259 262 264 265 265 265 263 262 260 258 258 258 259 262 264 265 266 266 266 266 266 265 265 264 264 263 262 262 261 261 260 260 259 258 257 256 255 254 253 251 251 250 249 248 247 247 247 247 247 246 246 246 245 244 243 242 241 240 239 238 239 239 238 237 237 235 240 235 236 235 235 234 234 234 234 234 234 236 237 239 240 241 241 242 241 241 240 239 238 241 242 241 241 241 240 237 237 238 239 239 239 238 238 237 236 235 235 231 233 233 233 233 233 233 234 235 235 235 235 236 236 236 235 234 233 233 232 231 231 231 232 233 233 234 234 234 235 235 236 237 238 239 240 241 241 242 243 243 243 245 247 247 248 248 248 249 249 249 249 249 249 249 249 249 250 250 250 251 251 252
234 234 234 236 236 234 232 233 233 233 232 231 230 230 230 229 228 231 230 231 232 232 233 233 232 230 227 223 219 217 216 215 214 212 214 217 216 217 214 217 215 212 214 214 215 215 215 216 217 217 217 217 217 218 219 219 219 218 218 219 219 219 220 220 221 222 223 227 230 231 234 236 237 240 242 246 248 250 250 252 254 257 260 262 263 264 265 267 270 276 283 286 288 291 291 292 294 294 295 297 299 300 300 299 301 304 305 306 307 307 307 308 308 308 307 306 304 303 300 297 294 292 292 293 294 296 297 298 298 298 298 297 296 294 293 291 290 288 285 282 279 275 273 273 270 268 269 269 268 265 262 258 259 262 264 265 265 264 261 258 257 260 263 265 267 268 269 272 274 277 280 282 284 284 281 280 281 285 287 287 286 284 283 282 282 283 283 282 281 279 277 275 273 272 271 269 268 267 266 265 263 262 262 261 260 259 259 259 259 258 257 256 256 256 256 257 258 259 259 260 261 262 263 261 260 260 260 260 260 261 261 263 266 267 267 266 264 263 261 261 260 260 261 263 265 266 266 266 266 266 265 265 264 264 263 262 262 261 260 260 259 259 258 258 257 256 255 254 252 252 251 250 249 249 248 248 248 248 247 247 247 247 246 245 244 244 242 241 240 240 239 239 238 237 237 238 239 235 235 235 235 234 234 234 234 234 235 237 238 239 239 241 242 243 243 242 242 240 241 242 241 240 240 240 240 237 238 239 239 240 239 239 238 237 236 235 234 234 232 232 232 232 232 233 233 234 235 235 235 235 236 235 235 234 233 232 232 231 231 232 233 234 234 236 235 236 236 236 237 238 239 241 241 242 243 243 244 244 245 246 247 248 248 248 248 249 249 249 249 249 249 249 249 248 249 249 250 250 250 251
237 240 235 234 234 235 235 234 234 234 233 231 228 227 228 230 230 228 228 226 226 227 229 229 230 229 227 223 220 218 221 220 219 212 218 215 213 217 215 212 212 213 214 214 214 215 215 216 216 216 216 216 217 218 219 219 219 218 218 218 219 219 220 220 221 222 223 226 230 231 233 234 236 239 241 244 246 247 248 251 254 256 259 262 263 265 266 267 270 275 283 285 287 291 293 294 295 296 297 297 299 301 301 301 302 304 305 306 306 307 308 308 308 308 307 305 304 302 299 296 293 290 290 291 292 294 295 297 297 297 299 298 297 295 294 292 290 287 284 281 278 278 278 278 276 274 273 272 271 267 263 259 257 259 261 261 262 262 260 257 256 259 262 264 265 267 268 270 272 274 277 279 281 280 277 277 280 285 287 287 286 285 283 281 280 281 281 280 279 277 275 274 273 272 270 269 268 267 266 264 263 263 262 261 261 260 259 258 258 257 257 257 257 257 258 258 259 260 261 262 263 265 265 263 261 261 261 262 262 262 263 265 267 268 269 268 266 265 264 263 263 263 264 265 266 266 266 266 266 265 265 265 264 263 262 260 260 259 259 259 259 258 258 257 257 255 254 254 253 252 251 250 250 249 248 248 248 248 248 248 248 247 247 246 245 244 244 243 242 241 241 239 238 236 236 240 238 235 235 235 235 234 234 235 235 235 236 238 239 239 240 242 243 244 244 244 244 243 243 243 242 241 241 241 240 238 239 239 240 241 240 239 238 237 236 235 234 233 233 231 231 232 232 232 232 233 234 235 235 235 235 235 234 234 233 232 232 231 231 232 234 235 236 239 237 237 237 237 237 239 241 242 243 243 244 244 245 246 246 247 248 249 249 249 249 248 248 248 248 249 249 248 248 247 247 248 249 249 250 250
240 235 236 235 235 235 234 234 233 233 232 229 228 228 229 231 235 233 232 231 231 231 231 229 227 226 225 222 222 222 222 222 219 215 213 216 217 213 213 213 213 213 214 214 214 214 214 215 215 216 216 217 217 218 219 219 218 218 218 218 218 219 219 220 221 222 223 224 226 229 231 233 234 236 238 240 243 244 247 251 253 256 259 262 263 265 266 267 270 274 280 285 286 288 290 293 296 297 298 299 300 301 302 302 302 303 304 305 306 307 307 308 308 308 306 304 302 300 297 295 292 289 288 289 290 292 294 296 297 298 299 299 297 296 294 292 289 287 284 283 282 282 282 281 281 280 278 275 273 269 265 262 258 257 258 258 258 259 258 256 255 258 261 262 264 264 266 268 270 272 274 276 278 276 274 275 281 284 287 287 286 285 283 281 280 279 279 278 276 275 274 273 272 271 269 269 269 266 265 264 264 263 263 263 262 261 260 260 259 258 258 258 259 259 259 260 261 261 262 264 266 268 267 265 263 263 263 263 264 265 266 267 269 270 270 269 269 268 267 266 266 266 266 267 267 267 266 266 265 265 264 264 263 263 261 259 258 257 257 257 257 256 256 256 255 255 254 253 252 252 251 251 250 249 249 249 249 248 248 248 248 247 247 246 246 245 245 244 243 243 242 240 238 236 235 244 238 235 235 235 234 234 234 235 235 236 237 239 240 241 242 243 244 245 246 246 246 245 244 243 243 243 242 242 243 238 241 240 241 241 240 239 238 237 235 234 234 233 233 232 230 230 231 231 232 232 233 234 234 234 235 235 234 233 233 232 231 231 231 232 234 235 237 238 238 239 239 239 238 239 241 243 244 244 245 245 246 247 247 248 248 249 249 249 249 248 248 248 248 248 248 247 246 246 247 248 248 249 249 250
238 237 236 236 235 235 234 233 233 232 231 229 228 229 230 232 234 233 233 233 232 230 224 223 223 223 226 229 228 227 227 224 224 223 214 213 214 214 213 213 213 213 213 213 214 214 214 214 215 216 216 217 217 218 218 218 218 218 218 218 218 219 219 220 221 221 222 224 226 228 230 232 233 235 236 238 240 243 247 250 252 255 258 261 263 265 266 267 270 274 278 283 285 286 288 291 295 298 299 300 301 302 303 303 303 304 304 304 304 305 306 306 306 305 304 303 301 299 297 294 290 287 286 287 288 289 291 293 295 296 298 298 298 296 295 293 291 289 288 287 286 286 286 286 285 283 281 278 275 272 268 264 260 258 256 256 256 257 256 255 255 258 259 261 262 263 265 267 269 271 273 274 275 273 272 275 280 284 286 286 286 285 283 282 280 279 277 276 275 275 274 273 271 269 269 269 268 267 266 266 266 265 265 264 263 263 262 261 260 260 260 260 260 260 261 261 262 263 264 266 268 271 270 268 265 265 265 265 266 267 268 270 272 272 271 271 270 269 269 268 268 268 268 267 267 267 266 266 264 264 264 264 263 262 261 259 257 256 255 255 254 254 254 254 254 253 253 252 251 251 251 251 250 249 249 248 248 248 248 248 248 247 247 246 245 245 244 244 243 243 241 240 238 236 235 243 237 235 235 235 234 234 235 235 235 236 237 238 240 241 243 244 245 246 246 247 247 247 246 246 245 244 244 245 244 238 241 241 242 241 240 239 237 236 235 234 234 233 233 232 231 229 230 231 231 232 233 233 234 234 234 234 233 233 232 231 231 231 231 232 234 236 239 239 240 240 241 241 240 239 241 242 244 245 246 246 247 247 248 248 249 249 249 249 249 248 248 247 247 247 247 246 245 245 246 247 247 248 249 249
238 237 237 236 236 235 235 234 233 231 230 229 229 230 231 234 233 232 226 225 225 224 228 231 234 235 233 231 230 229 227 224 221 220 220 218 215 215 214 214 213 213 213 213 213 214 214 214 215 216 217 217 217 217 217 217 217 217 217 218 218 219 219 220 221 221 222 223 226 228 230 232 233 235 237 239 241 244 247 250 252 255 258 261 263 264 265 267 269 274 278 282 284 285 287 289 295 299 300 301 302 303 303 304 304 305 304 304 304 303 303 302 301 299 299 300 299 298 296 294 290 287 284 285 286 287 288 290 293 295 296 297 298 297 295 294 293 291 290 290 289 289 289 288 287 285 283 280 277 274 270 266 261 259 258 255 255 255 254 255 254 257 258 259 261 262 264 266 268 269 270 272 272 269 270 274 279 283 285 286 286 285 284 282 281 279 278 278 277 277 277 275 273 271 269 269 269 268 268 267 267 267 266 266 265 264 263 263 263 263 263 263 263 262 262 263 264 265 266 268 271 273 273 271 269 267 267 267 269 270 272 273 273 273 272 272 271 271 270 270 269 269 269 268 268 267 266 265 263 262 262 263 263 262 260 259 257 256 254 252 252 252 252 252 252 252 251 251 251 250 250 251 250 249 248 248 248 248 247 247 247 246 246 245 244 243 242 242 242 241 240 239 238 236 235 243 238 235 235 235 234 234 235 235 236 236 236 237 238 239 242 244 246 246 246 247 247 248 248 248 247 245 244 246 245 238 242 242 242 242 240 239 237 236 235 234 234 233 232 232 231 230 229 230 231 231 232 233 233 233 233 233 232 232 231 231 231 231 232 233 235 237 241 240 241 242 242 242 241 240 240 242 244 245 246 247 248 248 249 249 249 249 249 249 248 248 248 246 246 246 245 244 244 245 246 247 247 247 248 248
238 237 237 236 236 236 235 234 233 231 230 230 231 232 229 228 227 227 231 232 232 232 231 230 229 226 225 225 224 223 222 221 220 220 220 219 218 218 217 215 213 213 213 213 213 213 214 214 215 216 216 216 217 217 217 217 217 217 217 217 218 218 219 220 220 221 222 223 226 228 231 233 234 236 238 241 244 246 248 250 252 255 257 260 263 264 265 267 269 273 278 281 282 284 285 288 293 297 300 302 303 304 304 305 305 305 304 303 302 302 300 298 296 295 295 296 296 295 294 293 290 286 283 283 283 284 285 287 290 293 294 296 296 297 296 295 294 293 292 291 291 290 290 289 288 286 284 282 278 273 268 265 263 261 260 258 257 255 254 254 254 256 257 259 260 262 263 265 266 267 268 269 269 268 269 273 277 280 283 284 285 284 284 283 281 281 280 280 279 280 279 278 275 273 273 272 271 270 270 270 270 269 269 268 267 266 265 265 266 266 266 266 266 265 265 265 267 268 269 271 273 276 276 275 272 271 270 271 272 273 275 275 274 274 273 273 272 272 271 271 270 270 269 268 267 267 266 264 263 260 260 261 261 261 260 258 256 255 253 251 250 250 250 250 250 249 249 250 250 250 250 250 250 248 247 247 247 246 246 246 245 245 244 243 242 241 240 239 239 239 239 238 238 237 238 243 238 235 235 235 235 235 236 236 236 237 237 237 238 239 241 243 245 246 247 247 248 248 248 249 248 247 245 245 244 238 243 243 242 241 240 238 237 236 235 234 234 233 232 232 231 231 230 228 230 231 232 232 232 232 232 232 231 231 230 231 233 234 234 237 239 239 241 242 242 243 243 244 243 241 240 241 243 245 246 247 248 249 249 249 249 249 249 249 248 248 247 246 244 244 243 243 244 246 247 247 247 247 249 248
238 237 237 236 236 235 235 234 233 232 231 231 230 230 234 233 233 233 233 233 233 232 232 230 229 228 228 226 224 222 221 220 218 219 218 218 218 217 216 215 214 213 213 213 213 213 213 213 214 214 215 216 216 216 216 216 216 217 217 218 218 218 219 219 220 221 222 223 226 229 231 233 235 237 240 244 246 248 250 251 253 255 257 260 261 263 264 267 270 272 277 280 282 283 285 286 288 292 299 301 303 304 305 305 305 305 304 303 301 301 299 296 294 293 292 292 292 292 291 290 288 285 282 281 281 282 283 284 287 290 292 294 295 296 296 296 294 293 291 291 291 290 290 289 288 287 284 282 278 273 271 268 265 263 262 260 259 258 256 253 252 254 257 259 260 261 262 263 264 265 265 266 266 266 268 272 275 278 281 282 283 283 283 283 282 282 282 282 282 281 281 279 276 275 276 275 274 273 272 272 273 272 271 271 270 269 267 267 268 269 270 269 269 268 268 268 269 271 272 274 276 277 277 277 276 274 273 274 275 275 276 276 275 274 273 273 272 272 272 271 270 270 269 268 267 266 265 264 262 259 258 259 259 259 258 257 255 253 252 250 249 248 248 248 247 247 247 249 251 250 250 249 249 247 246 246 245 245 244 244 243 243 242 241 240 238 237 237 238 238 239 238 238 238 239 242 239 236 236 236 235 236 237 237 237 237 237 238 238 240 241 243 244 246 247 248 249 249 249 249 248 246 245 245 244 240 242 242 242 240 239 238 236 235 234 233 233 232 232 231 231 230 230 229 230 230 231 231 231 231 231 232 230 231 230 231 232 233 234 235 237 238 241 243 244 245 246 246 245 244 242 241 243 244 246 247 249 249 249 249 249 249 248 248 247 247 246 245 243 242 242 243 245 246 247 248 248 247 248 248
238 237 237 236 235 234 234 232 232 232 233 234 233 234 234 234 234 234 233 233 233 233 232 231 230 230 229 228 226 223 220 218 217 216 216 216 216 216 215 214 213 213 213 213 213 212 213 214 214 214 214 215 215 216 216 216 216 217 217 218 218 218 219 219 220 221 221 223 226 229 231 234 236 239 242 246 248 249 250 252 253 254 256 259 261 262 264 267 270 272 276 280 282 283 285 286 287 292 299 301 302 304 306 306 306 305 304 302 301 300 298 294 293 291 290 289 289 289 288 287 286 284 282 280 279 280 281 282 284 287 290 292 294 294 295 295 293 290 289 289 288 288 288 288 288 286 285 282 280 277 275 273 271 268 265 263 262 260 257 255 253 254 257 258 260 261 261 262 263 263 264 264 264 265 268 270 273 276 278 278 280 282 283 283 283 283 283 284 283 282 281 279 278 278 278 278 277 275 275 275 276 275 275 274 272 271 270 270 271 271 272 272 271 271 270 270 272 274 276 277 278 278 278 278 277 276 276 276 276 276 276 276 275 274 274 273 272 272 271 271 270 269 268 267 266 264 264 263 261 259 256 256 257 257 255 254 253 251 250 249 248 247 247 246 246 245 245 249 250 249 248 248 247 246 246 245 244 244 243 242 241 241 241 239 237 237 237 238 238 238 238 239 238 238 238 238 238 237 236 236 236 237 238 238 238 237 238 238 239 240 241 243 244 245 247 248 249 249 249 249 248 246 245 244 242 242 242 241 241 240 239 237 236 235 234 233 232 232 231 231 231 230 230 229 229 230 230 230 230 230 230 230 228 231 231 232 234 235 235 236 239 239 243 245 247 247 248 248 247 246 244 242 242 244 245 247 248 249 249 249 249 248 248 247 246 246 245 244 243 241 241 243 245 247 247 248 247 247 248 247
238 238 237 236 234 232 232 234 234 233 233 233 233 233 234 234 234 234 234 234 233 233 232 232 231 231 229 228 225 222 218 216 215 215 215 215 215 215 213 213 213 213 213 213 213 213 214 215 215 214 214 214 214 216 216 216 216 217 217 218 218 219 219 219 220 220 221 223 226 229 231 235 238 240 244 248 249 250 252 252 252 254 256 260 262 263 264 267 270 272 274 280 282 283 284 286 287 288 293 300 302 304 305 307 306 306 304 302 300 299 297 294 293 291 289 288 288 287 286 285 285 283 281 279 278 279 279 280 281 284 287 290 292 293 294 293 291 288 285 285 284 284 284 286 286 285 284 282 281 280 278 277 275 272 269 267 264 261 259 256 252 253 255 256 258 259 260 260 261 261 262 262 262 264 266 268 270 273 274 275 278 280 282 282 282 283 283 284 284 283 282 281 281 281 281 280 279 278 277 279 279 278 278 277 276 275 276 276 274 275 275 275 274 274 273 274 275 277 278 279 279 279 278 278 277 276 276 276 276 276 275 275 274 274 273 272 271 270 270 270 269 268 267 266 264 263 262 261 260 258 255 253 253 253 252 251 250 249 248 247 247 246 246 245 245 245 246 249 250 250 250 251 251 251 249 246 244 243 242 241 241 240 240 239 239 238 238 238 238 239 239 240 240 240 240 239 238 237 236 236 235 237 237 238 238 238 238 238 239 240 241 243 244 245 247 248 248 248 248 248 247 246 244 243 240 241 240 240 240 239 237 237 235 234 233 232 232 231 231 231 230 230 229 229 229 229 229 229 228 230 230 230 230 231 232 233 235 236 237 238 240 241 244 246 248 249 249 249 248 246 245 243 243 244 245 247 248 248 248 248 248 248 247 246 246 245 244 243 242 241 241 243 245 246 247 247 247 247 248 247
238 237 236 232 232 233 235 235 234 234 234 233 233 233 234 235 235 235 234 234 233 233 233 232 231 231 229 226 223 220 217 215 215 214 214 214 213 213 213 213 213 213 213 213 213 213 214 216 216 216 215 215 215 215 216 216 216 217 218 219 219 219 219 219 220 220 221 223 226 228 231 235 238 241 245 249 251 251 251 251 252 253 256 259 262 263 264 266 268 271 273 278 282 283 284 285 286 287 289 292 297 300 306 307 308 307 305 303 301 300 298 295 293 291 290 289 288 287 286 285 284 282 281 279 278 277 277 278 279 282 285 288 291 292 291 290 288 285 282 280 279 280 281 282 283 283 282 281 280 279 278 278 278 276 274 271 266 262 259 256 251 251 252 254 256 257 259 259 259 260 260 260 261 262 264 265 267 269 271 273 276 278 280 281 282 282 283 284 285 284 284 283 283 283 283 283 282 280 280 282 282 282 282 280 279 280 281 282 277 278 278 278 277 277 276 276 278 279 280 280 280 280 279 278 277 276 275 274 275 275 274 274 273 272 271 269 268 268 268 268 267 266 266 265 263 261 260 259 258 257 254 251 250 250 249 248 248 247 247 246 246 246 248 248 249 252 254 254 256 259 260 261 260 257 253 248 244 242 241 241 241 240 240 239 239 239 239 239 239 240 240 240 240 240 240 239 240 237 236 234 235 237 237 238 238 238 238 238 239 240 241 242 244 246 247 248 248 247 247 248 247 244 242 240 239 239 239 239 238 238 237 236 235 233 232 232 231 231 230 230 230 229 229 229 229 229 229 230 228 230 230 231 231 232 234 236 237 238 239 239 242 244 245 247 249 250 250 249 248 247 245 244 244 244 245 246 247 248 248 248 247 247 246 246 245 244 243 242 241 240 241 242 244 245 246 247 247 247 247 247
237 231 231 234 234 235 235 235 234 234 234 233 234 234 234 235 235 235 234 234 233 233 232 231 230 230 227 224 221 218 216 215 214 213 213 213 213 213 213 213 213 213 213 213 213 214 215 217 217 217 217 216 216 216 216 216 217 218 219 220 220 220 220 220 220 221 221 223 226 228 231 234 238 241 245 249 250 250 250 250 251 253 255 259 261 263 264 265 267 269 272 276 281 284 284 285 286 287 288 291 293 297 304 307 309 308 306 304 302 301 300 298 295 293 291 289 288 287 286 285 284 283 281 280 278 277 275 276 278 280 283 287 290 290 289 288 285 283 280 278 277 276 277 279 279 279 279 279 277 276 274 275 277 277 274 270 266 262 259 256 251 250 251 254 255 256 258 258 258 258 258 259 260 261 263 264 265 267 269 271 274 276 278 279 280 281 282 284 284 285 285 285 285 285 285 285 284 282 284 285 284 286 285 283 282 282 282 281 280 281 280 280 279 279 279 278 279 281 281 281 281 280 280 278 277 275 273 273 273 273 272 272 271 270 268 267 265 264 265 266 265 264 264 263 261 259 258 257 257 255 253 251 249 248 248 247 247 247 247 247 246 246 249 251 253 255 257 259 263 265 265 263 262 259 255 249 243 243 243 242 242 241 241 240 239 239 240 240 239 240 240 240 240 240 240 239 242 237 235 234 234 234 237 237 238 238 238 238 239 240 241 242 244 246 247 248 247 246 246 246 244 242 239 239 239 239 239 239 238 236 236 235 234 233 232 232 231 231 230 230 229 229 229 229 230 229 229 230 229 231 231 231 232 233 235 239 240 240 240 238 243 245 247 248 250 250 250 250 249 248 246 246 245 245 245 246 247 247 248 247 247 246 245 244 244 243 242 242 241 240 240 242 243 244 245 246 246 247 247 247
230 234 236 236 236 236 235 235 234 234 234 234 234 234 234 234 235 234 234 234 233 233 231 230 229 226 224 221 218 216 215 214 213 213 213 213 213 213 213 213 213 213 213 213 212 215 216 217 218 218 218 217 217 216 216 217 218 218 219 220 221 221 220 220 220 221 222 223 225 227 230 234 237 240 243 246 247 248 248 248 249 252 255 259 261 263 263 265 266 268 271 275 279 283 284 285 286 287 288 290 293 296 300 306 309 308 307 305 303 302 301 301 297 294 292 290 289 287 286 285 284 283 282 280 279 277 275 275 276 279 282 285 288 288 287 285 283 281 279 276 275 273 273 274 274 273 272 272 272 271 270 272 273 275 273 269 265 262 259 257 254 251 250 252 255 256 257 257 257 257 257 258 260 262 264 266 268 270 271 271 271 273 275 277 278 280 282 283 284 285 286 286 286 286 286 286 286 284 285 286 286 287 286 285 284 283 282 282 282 282 282 281 281 280 280 280 281 281 281 281 281 281 280 279 277 275 273 271 271 271 270 269 268 267 266 264 262 262 262 263 263 263 262 261 260 258 256 255 254 253 251 250 249 248 248 248 248 248 248 248 248 249 248 252 257 258 261 264 266 266 266 264 262 260 257 250 244 244 244 244 243 242 242 241 240 239 240 240 240 240 240 240 240 240 240 239 243 236 234 234 234 235 237 237 237 238 238 239 239 240 241 242 244 246 248 249 248 247 245 243 242 240 238 237 238 239 239 238 237 235 235 234 233 233 232 231 231 230 230 229 229 229 228 230 230 231 231 231 231 232 233 232 233 234 237 240 241 242 241 244 245 246 249 250 250 251 251 250 250 249 248 248 247 247 247 247 247 248 248 247 247 245 244 243 243 242 241 241 240 240 239 241 242 243 244 244 245 247 247 247
238 239 238 238 236 236 235 235 235 234 234 235 235 235 234 234 234 234 234 233 233 232 230 228 226 224 221 219 217 215 214 213 213 213 213 214 213 213 213 213 213 213 212 211 215 216 217 218 218 219 219 218 217 217 217 218 218 219 220 220 221 221 221 220 221 221 222 223 225 227 229 232 235 238 241 242 244 245 246 246 248 251 254 258 261 263 264 265 266 268 271 274 278 282 284 285 286 287 289 290 293 295 298 304 308 309 308 307 305 304 302 302 300 296 293 290 289 288 287 285 284 283 282 281 279 278 276 274 275 277 280 283 286 287 285 283 281 279 278 276 273 271 270 269 268 267 266 265 265 265 266 268 269 271 271 268 265 263 260 258 255 252 250 250 253 255 255 255 255 255 257 259 261 263 265 268 271 274 275 275 274 275 277 278 279 280 282 283 284 285 285 286 286 286 286 286 286 285 285 285 286 286 286 285 285 284 283 282 282 282 281 281 281 280 281 281 282 282 281 281 281 280 279 278 277 275 273 271 269 269 268 267 266 264 263 262 260 259 259 259 260 260 260 259 258 257 255 253 252 251 250 249 248 248 248 249 250 251 250 250 250 249 254 257 260 261 261 264 266 266 265 264 262 258 255 251 245 245 245 244 244 243 242 241 240 239 239 239 239 239 239 239 240 240 240 239 243 236 234 234 235 236 237 237 237 238 238 239 239 240 241 242 243 245 247 249 248 247 246 243 240 238 236 235 238 239 239 238 236 234 233 233 232 232 232 231 231 230 229 229 229 229 229 230 231 232 233 233 233 234 234 234 234 235 238 241 243 243 240 244 245 247 249 250 250 251 251 250 250 250 250 249 249 249 248 248 248 248 248 247 247 246 244 243 242 241 241 240 240 239 239 240 241 241 242 243 244 246 246 246
239 240 239 238 237 236 235 235 235 235 235 235 235 234 234 233 233 233 233 233 232 231 229 226 223 221 218 217 216 215 214 213 213 212 213 214 214 213 213 212 213 211 213 215 216 217 217 217 218 219 219 219 218 217 217 218 218 219 219 220 220 220 221 221 221 222 222 223 224 226 228 230 234 236 238 240 242 244 245 246 248 250 253 258 260 262 263 265 267 268 270 273 276 278 282 285 286 287 289 290 292 295 298 303 307 308 307 307 306 305 303 302 302 298 294 291 290 289 287 286 285 284 282 281 280 279 277 275 273 275 277 280 283 284 284 282 279 277 275 274 272 270 268 266 265 264 263 262 262 262 263 264 266 268 269 268 265 263 261 259 256 253 251 248 251 252 252 254 255 256 258 260 262 265 267 270 273 276 278 279 279 279 280 280 281 282 282 283 285 285 285 285 285 285 286 286 286 285 285 285 285 285 285 285 285 283 282 281 280 280 280 280 280 280 280 281 282 281 281 280 281 280 279 278 277 276 274 271 269 267 266 265 264 262 261 260 259 258 258 257 257 257 257 256 257 256 254 253 251 250 249 249 249 249 250 251 253 253 253 253 253 252 259 260 261 261 256 259 263 264 263 262 258 251 248 246 245 245 245 245 244 243 242 241 240 239 239 239 239 239 239 240 239 239 239 238 238 237 235 235 236 237 237 237 238 238 239 239 240 241 242 243 244 245 246 248 249 248 246 244 240 238 236 234 240 239 238 237 235 233 233 232 232 232 231 231 230 230 229 229 229 229 230 230 232 233 234 234 235 235 236 236 236 237 239 241 243 243 238 244 246 248 249 250 250 250 250 250 250 250 250 249 249 249 249 249 249 248 248 247 246 246 244 243 242 241 240 240 239 239 238 238 239 240 240 242 243 244 244 244
239 240 240 238 237 236 236 235 235 235 235 235 235 234 234 233 232 231 231 232 231 229 227 224 221 219 217 216 215 213 213 213 213 213 212 213 213 212 212 213 213 214 215 216 217 217 217 217 218 219 219 219 218 218 218 218 218 219 219 219 220 220 220 221 221 222 222 223 224 226 228 230 232 234 237 239 241 244 247 248 249 251 253 257 260 262 263 265 266 268 269 271 273 276 279 282 286 287 289 290 292 295 298 301 304 305 307 307 307 306 304 303 302 300 296 292 291 290 288 287 286 284 283 282 281 279 277 275 273 272 274 277 281 282 282 279 277 275 273 272 270 268 266 265 263 261 260 260 260 260 261 262 263 264 265 265 264 263 262 260 258 254 251 248 250 250 252 254 256 257 260 262 264 266 268 271 274 277 280 281 282 282 283 283 283 283 284 285 285 285 285 285 285 285 285 285 285 284 284 284 284 285 285 285 284 283 281 280 279 278 278 278 278 279 279 280 280 280 280 280 279 278 278 277 277 276 274 272 270 269 268 267 266 264 263 262 260 259 259 258 256 255 254 254 255 254 253 252 250 249 249 249 250 252 253 254 255 255 255 255 256 255 260 261 260 256 255 257 259 259 258 258 256 249 247 247 246 246 246 245 245 243 242 241 240 239 239 239 239 239 239 240 239 238 237 237 237 240 236 236 237 238 238 238 239 239 239 240 240 242 243 244 245 245 246 248 250 249 247 245 242 239 238 235 239 233 234 234 233 233 232 232 232 231 231 230 230 229 229 229 229 230 231 232 232 234 235 236 236 237 237 238 239 240 241 242 243 242 240 245 247 248 249 250 250 250 250 250 250 250 250 250 250 250 250 250 249 249 248 248 247 246 244 243 242 241 240 240 239 239 238 238 238 238 239 240 241 242 243 241
239 240 239 239 238 236 236 235 235 235 235 235 235 234 234 232 230 229 230 230 229 227 225 223 219 217 216 215 214 213 213 213 213 213 213 213 213 213 213 214 215 216 217 217 217 217 217 217 218 219 219 219 219 218 218 218 219 219 220 220 220 220 221 221 222 222 223 224 225 226 227 229 231 233 235 238 241 245 249 251 252 252 254 258 261 262 263 264 266 267 269 270 272 274 276 279 284 287 288 289 291 294 296 299 301 303 306 307 307 307 306 304 303 301 297 294 292 291 290 288 287 285 284 283 281 280 278 276 273 271 271 273 276 279 279 277 275 273 271 269 268 266 263 262 261 260 258 256 256 257 259 260 261 261 262 263 263 263 262 261 259 255 252 249 249 250 253 254 256 258 261 264 266 268 270 272 274 277 280 281 282 283 284 284 284 285 286 286 285 285 285 284 284 283 283 284 284 282 281 281 282 283 284 284 283 282 281 279 277 276 275 275 276 277 278 278 278 278 278 278 277 276 276 276 276 276 275 274 272 271 271 269 268 267 266 264 263 261 260 259 258 256 255 253 253 253 252 251 250 249 249 251 253 254 256 256 257 257 258 258 258 255 262 262 262 260 259 257 256 255 253 252 251 249 248 247 247 246 246 245 245 243 243 241 241 240 240 240 240 240 240 239 239 237 236 236 236 242 237 237 238 239 239 239 239 240 240 240 241 243 244 246 246 246 247 249 249 248 247 246 243 241 239 236 236 234 233 233 232 232 232 232 231 231 230 230 230 229 229 228 230 231 233 234 234 234 236 237 237 238 239 240 240 242 243 244 244 242 243 246 247 248 249 249 249 249 249 249 249 249 250 250 250 250 250 250 250 249 249 249 248 246 245 244 243 242 241 241 240 239 239 238 238 237 238 238 239 239 240 239
238 239 240 240 239 237 236 235 235 235 235 235 233 232 231 230 228 226 226 227 226 225 223 221 217 215 214 214 213 213 213 213 212 212 213 213 213 214 215 215 216 217 217 217 217 217 217 217 218 218 219 219 218 218 219 219 219 220 220 220 220 221 221 221 222 223 223 224 225 226 228 229 230 233 236 239 243 247 251 253 254 255 256 259 261 262 263 264 265 266 268 269 271 272 274 276 279 285 288 289 290 292 295 297 299 301 305 307 307 307 306 304 303 303 301 297 294 292 291 289 287 285 284 283 282 280 278 276 273 272 269 269 271 274 276 275 274 271 268 267 265 263 261 259 258 257 257 256 254 254 255 258 258 259 260 261 261 261 261 260 257 255 252 249 248 250 252 254 257 259 263 265 267 269 271 273 275 276 278 279 281 283 284 285 285 286 287 287 286 285 285 284 283 282 282 282 282 281 280 280 280 281 282 283 283 282 280 278 276 275 273 273 274 275 276 276 276 275 275 275 275 273 272 274 275 275 275 275 274 273 273 272 271 269 268 266 264 262 261 260 259 257 255 254 253 251 251 250 250 250 251 253 255 257 258 258 259 260 260 260 260 259 263 263 263 262 261 259 257 255 254 253 251 249 248 248 247 247 246 245 245 244 243 243 242 241 241 241 241 240 240 240 239 238 237 237 236 238 237 237 238 239 239 240 240 240 241 241 241 243 245 247 247 247 248 249 249 248 248 246 244 242 240 237 235 234 233 232 232 231 231 231 231 231 230 229 229 229 229 228 230 232 234 235 235 236 236 237 238 239 240 241 242 243 244 245 244 238 244 246 246 247 248 248 248 248 248 248 248 249 249 249 250 250 250 250 250 250 249 249 248 247 246 245 245 244 243 242 241 241 240 240 238 237 237 237 237 238 238 238
238 239 240 240 239 237 236 236 235 235 234 234 232 231 229 228 226 224 223 223 224 222 222 219 216 214 213 213 213 213 213 213 213 213 213 213 214 215 216 216 217 217 217 217 217 217 217 217 217 218 218 219 219 219 219 219 220 221 221 221 221 221 221 222 222 223 223 224 225 227 228 229 231 233 236 240 244 249 253 255 256 255 256 258 261 262 263 264 265 266 267 268 270 270 272 274 276 281 287 289 290 291 292 296 299 301 304 308 308 308 307 305 303 303 303 300 296 294 292 290 288 285 284 283 281 280 278 277 274 272 270 268 268 271 272 271 271 269 266 264 263 260 259 259 258 259 259 259 257 254 253 254 256 257 257 258 258 258 259 258 257 254 252 250 247 249 252 254 257 258 262 265 267 269 271 272 272 273 274 276 278 281 283 285 286 286 287 287 287 286 285 284 282 281 280 280 280 279 278 278 279 280 281 281 282 281 279 278 276 275 273 271 272 273 273 273 273 272 272 272 271 271 269 271 272 274 274 275 275 275 274 273 272 271 269 267 265 263 262 260 259 257 256 254 253 251 250 250 250 252 254 256 258 259 260 261 261 261 262 262 262 262 264 264 264 263 262 260 258 256 255 253 251 250 249 248 247 247 246 245 245 244 244 243 243 242 242 242 241 241 241 240 239 238 238 237 237 236 240 237 238 239 239 240 240 241 241 241 242 243 245 246 247 248 249 249 250 248 248 246 245 244 243 241 235 234 233 233 232 231 231 231 230 230 230 229 229 229 229 228 230 233 235 237 237 237 237 238 239 240 241 242 244 245 245 245 244 237 244 245 245 246 246 246 246 246 246 246 246 247 248 249 250 250 250 250 250 250 250 250 249 248 248 247 246 245 244 243 243 242 242 241 240 238 237 237 237 237 237 237
238 239 240 240 240 238 236 235 234 234 233 233 232 230 230 230 228 225 222 221 221 220 219 217 214 213 213 213 212 213 213 213 213 213 213 214 215 216 216 217 217 217 217 217 217 217 217 217 217 218 218 218 219 219 219 219 220 221 221 221 221 221 222 223 223 223 223 224 225 226 227 229 231 233 237 241 245 249 253 256 257 257 258 259 261 262 262 263 263 264 266 267 268 269 270 272 274 277 283 288 289 290 291 294 298 301 304 308 309 308 307 305 304 303 303 302 298 296 294 291 289 286 284 282 281 280 278 277 275 273 271 269 267 268 268 267 267 266 263 262 260 260 260 260 261 262 262 262 260 257 254 251 251 253 254 255 255 255 256 256 255 254 252 250 247 248 251 254 256 258 260 262 265 267 269 270 269 269 272 274 277 279 281 283 285 286 286 287 286 285 284 283 282 281 279 278 278 277 277 277 278 279 280 280 280 279 278 276 275 273 272 270 270 271 271 271 270 269 269 269 269 268 268 268 270 271 272 273 274 275 274 274 273 271 270 267 265 263 262 260 259 257 255 254 252 250 250 251 252 254 257 259 260 261 262 262 263 263 263 263 263 264 264 264 263 263 262 260 258 257 255 253 252 250 249 248 247 247 246 246 245 244 243 243 243 243 243 242 242 241 241 240 240 239 238 238 237 236 241 237 238 238 239 240 240 241 242 242 242 243 244 245 246 248 249 249 250 248 247 246 245 245 244 242 236 235 234 234 233 232 231 230 230 230 229 229 229 229 228 229 231 234 237 239 239 239 239 239 240 241 242 244 245 245 245 245 243 238 243 243 244 244 244 245 245 245 244 244 245 245 246 248 249 250 250 250 250 250 250 250 250 249 249 248 247 246 246 245 244 243 243 242 241 239 237 236 236 236 236 237
238 239 239 240 240 239 237 236 235 234 233 232 231 232 232 232 230 226 223 220 219 218 218 216 213 213 212 212 212 212 212 213 213 213 213 214 215 216 216 217 217 217 217 217 217 217 217 216 217 217 218 218 218 218 219 219 219 220 220 221 222 222 223 224 224 224 224 224 224 225 227 229 231 234 237 241 244 248 253 257 258 258 259 260 261 262 262 262 263 264 264 265 267 268 269 271 273 275 278 284 288 290 291 294 298 301 303 308 310 309 307 305 303 303 303 303 299 297 295 293 290 287 284 283 281 280 279 277 275 274 272 270 268 266 265 264 265 265 263 262 262 263 263 264 265 265 265 264 261 257 254 252 250 250 251 252 253 253 253 253 253 252 251 249 247 247 250 252 254 256 258 260 262 263 265 266 266 268 272 276 278 280 282 284 285 285 286 286 285 284 283 282 281 280 279 277 276 276 276 276 278 278 278 278 278 277 276 275 273 272 270 269 268 268 269 269 268 268 267 267 267 266 265 266 267 267 268 270 272 273 274 273 272 271 269 267 265 263 261 260 258 256 254 253 251 251 252 253 255 257 260 261 262 263 264 264 264 265 265 265 264 264 264 264 263 262 261 260 258 257 255 254 252 250 250 249 248 247 246 245 244 243 243 243 242 242 242 242 242 241 241 240 239 239 238 237 237 236 236 238 237 238 239 239 240 241 241 242 242 243 244 245 246 247 248 249 249 248 247 247 246 245 244 241 238 237 236 235 234 232 231 231 230 230 229 229 228 228 229 230 233 235 238 240 241 241 241 241 242 242 243 245 245 245 245 244 241 240 242 242 242 242 243 243 243 243 243 241 242 243 245 247 249 250 250 250 250 250 250 250 250 249 249 248 248 248 247 246 245 245 244 243 242 240 238 236 236 236 236 238
239 239 240 240 240 239 238 236 235 234 233 233 233 234 233 233 230 227 224 221 219 217 216 215 214 213 212 212 212 212 212 212 213 213 213 214 215 216 216 216 217 217 217 217 217 217 216 216 216 217 217 218 218 218 218 219 219 219 220 220 222 223 224 224 225 225 225 224 224 225 226 228 231 233 235 241 244 247 251 257 259 259 260 261 261 262 262 262 261 262 263 264 265 266 268 270 272 273 275 279 284 288 290 293 297 300 303 308 310 309 307 305 303 302 303 303 300 298 296 294 291 288 286 283 281 280 279 277 276 275 273 271 269 267 266 266 266 267 268 267 267 267 266 267 269 268 268 266 261 257 255 253 252 249 248 249 250 250 250 250 250 250 249 248 246 247 249 251 251 254 256 257 259 261 262 264 267 269 273 276 280 282 284 285 285 285 285 285 284 283 282 281 280 279 278 277 276 275 275 276 276 277 277 277 276 275 274 273 271 270 268 267 267 266 266 267 267 266 265 265 265 265 264 263 264 264 264 267 269 271 272 272 271 269 268 266 263 261 259 258 257 255 253 251 252 252 254 255 258 260 261 263 264 265 265 266 266 265 265 265 264 264 264 263 263 262 261 260 258 257 255 253 252 251 250 249 248 247 246 245 244 243 242 242 242 242 242 242 242 241 240 239 239 238 237 237 237 236 236 240 238 238 238 238 239 240 241 241 242 243 244 245 245 246 247 249 249 248 247 247 247 245 244 242 241 240 238 236 235 233 232 231 231 230 230 228 228 228 229 232 234 237 239 241 242 242 242 242 242 243 243 245 244 244 244 243 240 240 240 241 241 241 241 241 241 241 241 241 241 242 244 245 247 248 249 250 250 250 250 250 250 250 249 249 248 248 248 247 247 246 245 243 242 240 238 236 235 236 237 238
240 240 240 241 240 239 238 237 236 235 234 234 234 234 234 232 230 227 224 222 220 218 216 215 213 213 212 211 211 212 212 212 212 213 213 214 214 215 216 216 216 217 217 217 217 216 216 216 216 217 217 218 218 218 218 218 218 219 219 220 222 223 224 225 225 225 225 225 224 224 226 227 230 232 234 238 243 245 249 255 259 259 260 261 262 262 261 260 260 261 262 263 264 265 268 269 271 272 273 275 279 283 288 292 296 299 303 308 309 308 306 304 303 302 303 302 300 298 296 295 293 290 287 284 282 280 279 278 277 275 274 272 271 269 270 270 270 271 273 272 271 270 270 271 272 271 269 266 261 258 256 255 252 250 248 247 247 248 248 248 248 247 247 246 246 248 247 249 251 253 254 257 259 261 263 265 268 271 274 277 280 283 285 286 286 285 284 284 283 282 281 280 279 278 277 276 275 274 274 275 275 275 275 275 274 273 272 271 270 268 267 266 265 265 265 265 265 265 264 263 263 263 262 261 261 262 262 263 266 268 269 270 269 267 266 264 262 259 258 257 255 253 252 251 252 254 256 258 260 262 264 265 265 266 266 266 266 266 265 265 264 264 264 263 262 261 261 259 258 256 255 253 252 250 249 249 248 247 246 245 244 243 242 242 242 242 242 242 241 241 240 239 238 238 237 237 236 236 236 239 238 238 238 238 239 240 241 241 243 245 245 246 246 247 248 248 247 246 246 247 246 246 244 242 244 242 240 237 235 234 233 232 232 231 230 229 227 229 230 231 233 236 239 241 243 243 243 243 243 243 243 244 244 243 243 242 239 239 240 240 239 240 239 240 240 240 240 241 241 241 242 244 245 247 248 249 249 249 250 249 249 249 249 249 248 248 248 248 247 246 245 243 242 240 237 235 235 236 237 240
240 241 241 241 240 240 239 238 236 235 234 234 234 234 233 232 229 227 224 222 221 218 217 215 213 212 212 211 210 212 212 212 212 212 213 213 214 215 216 216 216 217 217 217 217 216 216 216 216 217 217 218 218 218 218 218 218 219 220 220 221 223 224 225 226 226 225 225 225 225 226 227 228 231 232 235 240 243 245 251 257 259 259 260 261 261 259 258 258 259 260 262 263 265 266 268 270 271 272 274 276 279 283 288 293 298 301 307 309 307 305 304 301 301 302 302 300 298 297 295 293 291 288 285 283 281 280 279 278 276 274 274 273 272 272 273 273 275 277 277 275 274 274 274 273 272 269 265 263 260 257 255 253 251 249 248 246 246 246 246 246 245 245 246 248 249 250 249 252 255 257 258 261 262 264 267 270 273 276 278 281 284 286 286 286 285 284 283 282 281 280 279 278 277 276 275 274 273 273 273 274 274 273 272 272 271 270 269 268 267 266 265 264 264 264 263 264 263 263 262 262 261 261 260 259 259 259 260 262 264 267 267 267 265 264 262 260 258 256 255 254 252 251 252 255 257 258 260 262 264 265 266 267 268 267 267 267 266 265 265 264 264 263 263 262 261 260 259 257 255 254 252 251 250 249 248 248 247 246 245 244 243 242 242 242 242 242 241 241 241 240 239 238 238 237 237 236 236 236 236 239 238 238 238 239 240 241 242 243 245 246 247 247 247 247 247 246 246 245 246 246 246 245 245 246 243 241 238 236 235 234 233 233 232 231 228 227 228 229 231 232 235 238 241 243 244 243 243 243 243 243 244 243 242 242 240 236 239 239 239 238 238 238 239 239 239 239 239 240 240 241 242 243 245 246 247 248 249 249 249 249 249 248 248 247 247 247 247 247 246 244 242 241 239 236 235 235 236 238 241
241 241 241 241 241 240 239 238 236 235 235 234 235 234 233 231 229 227 225 223 221 218 217 215 214 212 211 211 211 212 212 212 212 212 212 213 214 214 215 215 216 216 217 216 216 216 216 215 215 216 217 217 218 218 218 218 218 219 220 221 221 223 224 224 225 226 226 225 225 225 226 227 228 229 231 233 237 241 243 245 252 256 257 259 259 258 257 255 254 257 260 262 263 264 266 268 269 270 271 273 275 278 280 283 288 293 299 303 307 306 304 302 299 301 302 302 301 299 297 295 293 290 289 286 284 282 281 279 278 276 276 275 274 274 274 275 276 278 280 279 278 277 277 275 274 272 270 267 264 260 258 256 254 252 250 249 246 245 245 245 244 245 247 249 251 252 253 254 253 256 258 260 261 263 265 267 270 273 276 279 282 284 286 287 286 285 284 283 281 280 279 278 277 276 275 274 273 272 272 272 272 272 271 271 270 269 268 268 267 266 265 264 263 263 263 262 262 262 262 262 261 260 260 259 258 258 258 258 259 261 263 264 264 263 262 261 259 257 255 253 252 251 252 254 258 260 261 262 264 266 267 267 268 268 268 267 266 266 265 264 264 263 262 262 262 260 259 258 256 254 253 251 250 250 249 248 247 247 246 245 244 243 242 242 242 242 242 242 241 241 240 239 238 238 237 237 237 237 236 235 239 238 238 239 239 240 240 241 243 244 245 246 247 247 247 246 245 245 245 246 246 247 247 248 246 244 242 240 238 237 236 235 234 233 232 230 228 229 229 230 232 235 239 242 243 243 243 242 242 242 242 242 242 241 241 239 235 238 238 238 237 238 238 238 238 238 238 238 238 239 240 241 242 243 244 246 247 247 248 248 248 248 248 247 246 246 246 247 246 245 243 242 239 237 236 235 235 236 239 242
241 241 241 241 241 240 239 237 236 236 235 235 235 233 232 230 228 226 224 222 220 218 216 214 213 212 211 211 211 212 212 212 212 212 212 212 213 214 214 215 215 216 216 217 216 216 215 215 215 216 217 217 217 218 217 218 218 219 220 221 222 222 223 224 225 225 226 225 225 225 226 226 227 229 230 232 234 238 241 243 246 251 255 256 256 256 254 252 252 257 260 260 262 263 265 266 268 269 270 272 274 277 279 282 284 287 294 299 303 303 302 300 298 300 301 301 299 298 296 295 293 291 289 286 284 283 281 279 278 277 277 277 276 276 277 276 277 279 280 280 279 279 278 276 275 273 270 267 263 261 260 258 256 254 251 249 247 245 245 245 245 247 250 252 253 254 256 258 257 256 259 260 261 262 264 266 269 272 276 279 283 285 287 287 286 285 284 283 281 280 278 277 276 275 275 274 273 272 272 271 271 270 270 269 268 268 267 267 266 265 264 263 263 263 262 262 262 262 261 261 261 260 260 260 259 258 257 256 257 258 259 261 261 261 260 259 258 256 254 253 252 252 254 257 260 262 264 265 267 268 268 269 269 269 268 267 266 265 264 264 263 262 261 261 260 259 258 257 255 254 252 251 250 249 249 248 247 246 245 244 243 243 243 243 242 242 242 242 241 241 240 239 239 238 238 238 238 238 238 235 238 239 239 239 239 239 240 241 243 243 244 244 245 246 246 245 244 244 245 246 246 247 247 248 247 245 243 241 240 239 237 236 235 233 232 230 229 229 228 229 231 235 239 241 243 243 242 242 241 240 240 240 240 239 238 238 235 237 237 237 236 237 237 237 237 237 237 237 238 238 239 240 241 242 243 244 245 246 246 247 248 248 247 246 245 245 246 246 245 244 242 241 238 236 235 234 235 236 238 241
241 241 241 242 241 239 238 236 236 235 235 235 234 233 231 228 226 224 223 221 219 217 215 213 212 211 211 211 211 211 212 212 212 212 212 212 213 213 214 215 215 216 216 216 216 215 215 215 215 216 216 217 217 217 217 218 218 219 220 220 221 221 222 223 224 224 225 225 225 226 226 226 227 228 229 231 232 235 238 241 243 246 250 252 252 252 252 250 251 254 258 259 261 262 264 265 266 268 269 271 273 275 278 280 283 285 288 294 299 299 298 297 295 297 299 298 297 297 296 294 292 290 288 286 283 282 281 280 279 278 278 278 278 278 279 279 279 279 281 281 280 279 278 277 275 273 270 266 264 263 262 260 257 254 251 250 249 246 244 244 247 250 252 254 256 258 260 261 261 259 257 259 259 261 263 265 268 272 275 278 282 285 287 287 286 285 284 283 281 279 278 277 276 275 275 274 273 273 273 273 272 271 270 269 268 268 267 266 266 266 265 265 264 263 263 263 263 264 263 263 262 263 263 262 262 260 259 257 256 256 257 258 258 258 258 257 256 255 253 252 252 253 256 260 262 264 267 268 269 270 270 270 269 269 268 267 266 265 264 263 262 261 261 260 259 258 257 256 254 253 252 250 250 249 249 248 247 246 245 244 243 243 243 242 242 243 243 242 241 241 240 240 239 239 239 239 238 238 239 239 239 238 238 238 239 239 239 239 241 242 242 242 244 245 246 243 242 242 244 246 246 246 247 248 247 246 245 243 242 240 238 237 235 233 232 231 229 229 227 228 230 234 238 240 241 242 241 241 240 239 238 238 237 237 236 236 235 235 236 236 236 236 236 236 236 236 236 237 237 238 238 239 240 241 242 243 244 244 245 246 247 247 247 246 245 244 245 245 244 243 241 239 237 235 234 234 235 236 237 239
241 241 241 242 241 239 237 235 235 235 235 235 234 233 231 227 225 223 221 219 218 216 214 212 211 211 211 211 211 211 211 212 212 212 212 212 212 213 213 214 215 215 216 216 215 215 214 215 215 216 216 216 217 217 217 218 218 219 219 220 221 221 222 223 223 224 224 224 224 225 226 227 228 228 229 230 232 234 236 238 240 242 244 247 248 248 248 249 250 253 257 259 261 262 263 264 265 267 268 270 271 274 276 278 281 283 286 288 291 293 294 294 292 293 294 294 294 293 292 291 291 290 287 285 283 281 280 279 279 279 279 279 280 280 280 281 281 280 281 281 281 280 279 277 275 273 271 268 265 264 262 260 257 255 253 252 249 247 243 245 248 251 254 256 258 260 262 263 263 261 259 258 259 261 263 265 268 271 274 277 280 284 287 287 287 286 285 284 282 280 279 278 277 276 275 274 273 274 274 275 274 273 272 271 270 269 269 268 268 268 268 267 266 265 264 265 265 267 266 266 266 266 266 266 264 263 261 259 257 257 257 257 256 256 256 256 255 253 253 252 252 254 257 260 263 266 269 270 271 271 270 270 269 269 268 267 266 265 263 262 261 261 260 259 258 257 257 255 254 253 251 250 249 249 248 248 247 246 244 244 243 243 242 242 243 243 243 242 241 241 240 240 240 239 239 239 238 238 238 239 238 238 238 238 238 238 238 238 239 240 240 240 241 242 242 241 241 240 242 245 245 246 244 247 247 246 245 244 242 241 239 237 235 234 232 231 230 228 227 227 229 232 236 238 239 240 240 239 238 237 236 236 236 236 235 235 234 234 234 234 235 235 236 236 236 236 236 236 236 237 238 238 239 240 241 241 242 243 244 245 247 247 247 246 245 244 243 243 242 241 239 237 236 235 234 234 234 235 236 237
240 240 241 241 241 239 237 235 233 234 235 235 234 232 230 227 224 222 219 219 217 215 213 211 211 211 211 211 211 211 211 211 211 211 212 212 212 212 213 213 214 214 215 215 214 214 214 214 215 215 216 216 217 217 217 218 218 219 219 220 220 221 221 222 223 223 224 224 224 225 226 227 228 228 229 230 232 234 235 236 239 240 241 243 245 245 246 248 251 254 257 260 261 262 263 264 265 267 268 269 271 273 275 277 279 282 284 285 288 290 291 290 289 288 287 289 291 289 288 288 288 288 286 284 282 281 279 279 278 278 278 279 280 281 282 281 281 281 281 280 280 280 279 277 275 273 271 267 265 263 261 260 257 256 254 252 249 245 243 245 248 252 256 258 260 262 264 265 265 263 261 260 260 261 264 266 268 271 273 276 280 284 286 287 287 286 285 284 283 282 280 279 278 277 276 275 274 275 275 276 276 276 275 274 273 271 271 270 271 271 270 269 268 266 266 267 268 269 269 270 269 270 270 269 267 264 262 260 258 258 257 257 256 255 254 254 254 253 253 253 253 255 258 261 264 267 270 271 272 271 271 270 269 269 268 266 265 264 263 262 261 260 259 258 257 256 255 254 253 252 251 250 249 248 248 247 246 245 244 244 243 243 242 242 242 242 242 242 241 241 240 240 240 239 239 239 239 238 238 238 238 238 238 237 237 237 237 238 238 239 239 239 239 240 241 241 240 240 242 244 244 245 241 246 246 246 244 243 242 240 238 237 235 233 232 231 230 229 227 227 228 230 233 235 237 238 238 238 237 236 235 235 235 235 234 234 234 234 233 233 234 235 235 235 235 235 235 236 236 236 237 238 238 239 239 240 241 242 243 244 246 247 247 246 245 243 241 240 240 239 237 236 235 234 234 234 235 235 236 236
239 240 240 241 241 239 237 234 232 232 234 234 233 232 229 227 224 222 220 220 217 215 212 211 211 211 211 211 211 211 211 211 211 211 211 212 212 212 213 213 213 213 214 214 214 214 214 214 215 215 216 216 217 217 217 218 218 219 220 220 220 221 221 221 222 223 223 224 224 225 226 227 228 228 229 231 232 234 235 238 241 241 243 245 246 245 246 248 251 254 257 260 261 262 263 264 265 266 267 268 270 272 274 275 277 279 281 283 285 287 288 286 286 284 283 284 286 286 285 285 285 285 283 282 280 279 278 278 277 277 278 279 280 281 281 281 280 280 279 279 279 279 278 277 276 273 270 266 263 261 260 258 255 254 253 251 247 244 243 247 250 253 258 261 263 265 267 268 267 265 264 263 263 263 264 267 269 271 273 276 279 283 286 287 287 287 286 285 284 283 282 281 280 279 277 275 275 275 276 277 278 278 277 276 275 273 273 273 273 273 272 271 269 267 268 269 270 272 272 273 273 273 273 271 269 266 263 261 259 258 258 258 256 255 254 254 254 253 253 253 254 256 258 261 265 268 270 271 272 272 271 270 269 268 267 266 265 264 263 261 260 259 258 257 256 255 254 253 252 251 250 249 248 248 247 246 245 245 244 244 243 242 242 242 242 241 241 241 241 240 240 240 240 239 239 239 239 239 238 238 238 238 238 237 237 237 237 238 238 239 239 239 238 238 238 238 237 239 241 242 242 244 241 245 244 243 241 240 240 238 236 235 233 233 232 231 230 228 227 226 227 229 231 233 235 236 236 236 235 234 234 234 234 234 235 232 233 233 233 233 234 234 234 234 234 234 235 235 236 236 236 237 237 238 239 239 240 241 242 243 244 246 246 246 245 244 242 239 238 237 236 235 234 234 233 234 235 236 237 237
238 240 240 240 240 239 237 234 230 230 233 233 232 231 229 227 225 223 222 222 218 216 213 211 211 211 209 211 211 211 211 211 211 211 211 211 212 212 213 213 213 213 213 213 214 214 214 215 215 216 216 216 217 217 218 218 219 219 220 220 221 221 221 222 222 223 223 224 224 225 226 226 227 228 229 230 232 234 236 238 242 244 245 250 251 249 249 249 251 253 256 259 261 262 263 264 265 266 266 267 269 270 272 274 276 278 279 281 283 285 285 284 283 282 281 281 282 282 282 282 282 280 279 279 278 277 277 276 276 276 277 278 279 280 280 280 279 279 278 278 278 278 277 276 275 272 268 265 263 261 259 256 253 252 251 249 244 242 245 250 254 257 260 264 266 268 270 270 268 268 267 266 266 265 265 266 268 270 273 276 278 281 284 287 288 288 287 286 286 284 283 282 281 280 278 276 275 276 277 279 279 279 278 277 276 275 275 275 274 274 274 272 270 270 271 272 273 274 274 275 275 275 275 273 271 268 265 263 261 260 259 259 257 256 255 255 255 254 253 254 255 258 260 262 265 268 271 272 273 272 271 270 269 268 267 266 265 263 262 261 260 258 258 257 255 254 253 252 251 250 250 249 248 247 246 246 245 245 244 244 243 243 242 241 241 241 241 241 241 241 240 240 240 240 240 239 239 239 238 238 238 238 237 237 237 236 237 237 238 238 239 239 238 238 237 236 235 237 238 239 240 241 241 241 240 239 237 237 236 236 233 232 232 232 232 232 230 229 227 226 228 229 231 232 234 235 235 234 234 233 233 233 233 233 233 234 232 232 232 232 233 234 233 233 234 234 235 235 236 236 236 236 237 237 238 238 239 239 240 241 243 244 245 245 244 244 243 240 238 237 236 235 234 233 233 234 236 239 240 240
239 240 240 240 239 239 237 233 229 228 231 232 232 230 228 226 225 224 223 222 219 216 214 211 211 210 211 211 211 211 211 211 211 211 211 211 212 212 212 213 213 214 213 213 213 214 215 215 216 216 217 217 218 218 218 218 219 220 220 221 221 221 222 222 223 223 223 224 224 225 226 226 227 228 229 230 232 234 237 239 244 247 250 254 254 253 253 252 251 253 255 257 259 261 262 263 264 265 266 266 268 269 270 273 275 276 278 280 282 283 283 282 281 280 279 279 279 279 279 280 278 276 275 275 275 274 275 274 275 275 276 277 278 279 279 279 278 277 277 276 275 274 273 273 273 270 267 265 263 261 259 256 253 251 249 247 243 244 248 253 257 259 262 265 268 271 272 271 272 270 270 269 269 268 267 267 269 270 273 275 278 281 284 287 288 289 288 288 287 286 285 284 283 281 280 277 276 278 279 280 281 281 280 279 278 277 277 276 276 275 274 272 271 271 272 273 274 275 276 276 276 276 276 274 271 269 267 264 262 262 261 260 259 258 257 257 256 255 254 255 257 259 262 263 266 269 271 273 273 272 271 270 269 268 267 266 264 263 261 260 259 258 257 256 255 253 252 251 251 250 249 248 248 247 246 246 245 245 244 244 244 243 242 242 241 241 241 241 241 241 240 240 240 240 240 240 240 239 239 238 238 237 237 237 236 236 236 236 237 237 237 238 238 238 238 237 235 236 237 237 238 239 239 239 238 236 235 234 234 233 232 230 230 231 232 232 230 228 226 227 229 230 231 232 233 233 233 233 233 232 232 232 232 232 232 233 231 232 232 232 233 233 233 233 234 235 235 236 236 236 236 236 236 237 237 238 238 238 239 239 241 242 243 243 243 243 242 241 239 237 236 235 234 233 233 234 238 241 242 242
239 240 240 240 239 238 236 232 228 226 228 230 230 229 227 226 225 224 223 222 219 216 215 212 211 210 211 211 211 211 211 209 211 211 211 211 211 212 212 213 214 215 214 214 214 215 216 216 217 217 217 218 218 218 218 219 220 221 221 222 222 222 223 223 224 224 224 225 225 225 226 226 227 228 229 231 233 235 238 241 247 251 255 259 258 257 257 257 256 254 254 255 258 260 261 262 263 264 265 265 266 268 269 271 273 275 278 280 281 282 282 281 279 278 277 276 276 275 276 276 274 273 272 272 272 273 273 272 273 274 275 276 277 277 277 277 277 276 276 275 273 269 268 267 268 268 266 265 263 263 261 257 253 251 249 244 242 245 249 253 257 260 263 267 270 272 274 274 274 273 274 273 271 271 270 271 271 271 272 274 277 280 283 287 288 289 289 288 288 287 286 285 284 283 281 279 277 279 280 281 282 282 282 281 280 279 278 278 277 276 275 273 272 273 274 275 276 276 276 277 276 275 275 273 271 269 267 265 264 263 262 261 260 259 258 257 256 255 254 256 258 261 263 265 268 270 272 273 273 273 272 270 269 268 266 265 264 262 261 260 258 257 256 255 255 254 252 251 250 250 249 248 248 247 246 245 245 244 244 244 244 243 243 242 242 242 242 241 241 241 240 240 240 240 241 241 240 240 239 239 238 237 237 237 236 235 236 236 236 236 235 237 237 238 238 236 235 235 235 236 236 237 237 237 236 235 233 232 232 232 231 229 229 230 231 231 229 228 226 226 228 229 230 231 232 232 232 231 232 232 232 231 231 231 232 231 231 231 232 233 233 232 233 233 234 234 235 236 236 236 236 236 236 236 237 237 237 237 237 238 239 240 241 241 241 241 240 239 238 237 236 234 234 233 233 235 238 241 243 243
240 240 240 239 239 238 234 231 227 224 224 226 226 226 226 225 224 224 223 221 219 216 215 214 213 213 211 211 209 211 211 211 210 209 211 211 211 212 212 213 215 216 216 215 216 216 216 216 217 217 218 218 218 218 219 220 220 221 222 222 223 223 224 224 224 225 225 225 226 226 226 226 227 228 229 231 233 235 238 242 248 254 259 263 262 261 262 261 259 257 256 255 257 260 261 261 262 263 264 265 265 267 268 269 271 274 276 279 280 281 281 279 278 276 275 272 270 270 270 270 271 270 269 270 271 271 271 270 272 273 274 275 276 276 276 276 275 275 274 274 271 267 266 264 264 264 263 264 264 264 261 257 254 252 249 242 242 246 251 255 258 261 264 268 272 274 276 277 276 277 278 277 275 274 273 274 275 275 274 275 277 280 283 287 289 290 290 290 289 289 288 287 286 284 282 280 278 280 281 282 284 284 283 282 281 281 280 279 278 277 275 274 274 274 275 276 276 276 276 276 275 274 273 272 270 269 267 266 265 263 263 262 261 259 258 258 257 255 255 257 259 262 264 267 269 271 272 273 273 273 272 270 269 268 266 265 264 262 261 259 258 257 255 254 254 253 252 250 250 250 249 249 248 247 246 245 245 244 244 244 243 243 243 242 242 242 242 241 241 241 240 240 240 241 241 241 241 240 240 239 238 237 237 237 236 236 236 236 235 235 235 235 237 238 237 235 233 232 233 235 235 235 235 235 235 234 232 230 231 231 229 229 227 228 229 229 229 227 226 227 228 229 230 231 231 231 231 230 230 231 231 231 230 230 231 231 232 230 231 232 232 232 233 233 234 234 235 235 235 235 235 235 236 236 236 236 236 236 236 237 237 238 238 239 238 238 238 237 237 236 235 234 233 232 233 235 237 241 243 244
239 240 240 239 239 237 233 231 226 224 222 221 222 224 224 224 224 224 223 221 218 217 216 216 216 215 214 216 216 214 212 211 210 210 210 211 211 212 212 213 215 216 216 216 216 216 216 216 217 217 218 219 219 219 219 220 221 221 222 222 223 223 224 224 224 224 224 225 226 226 226 226 226 228 230 232 234 236 238 242 248 256 262 266 265 265 266 265 263 260 257 255 257 259 260 260 261 262 263 264 264 266 267 269 271 274 275 277 279 280 279 278 276 275 273 270 267 266 267 267 268 267 266 266 269 269 269 269 270 272 273 274 275 275 275 275 274 274 272 271 268 267 265 263 261 260 260 262 263 263 260 258 255 253 248 242 241 246 251 255 259 262 265 268 272 275 277 279 280 281 282 281 278 277 277 277 278 277 277 277 279 282 284 287 289 290 291 291 290 290 290 288 287 285 283 281 280 281 283 284 285 285 285 284 283 282 281 280 279 278 276 275 275 276 276 276 276 276 275 275 274 273 271 270 269 267 266 266 265 264 263 262 261 259 259 258 257 255 256 258 260 263 265 267 270 271 272 273 273 272 271 270 269 268 266 265 263 262 260 259 257 255 254 253 253 252 251 250 250 250 250 249 249 248 247 246 245 244 244 243 243 243 243 242 242 242 242 241 241 241 240 240 240 241 241 242 241 241 240 239 239 238 238 237 236 236 236 236 236 235 235 236 237 238 238 237 232 231 232 234 234 234 233 233 233 232 231 229 229 229 228 227 226 226 228 229 227 226 228 227 228 229 229 230 230 231 230 226 228 230 231 231 229 229 229 230 233 230 230 231 231 232 233 234 234 235 235 235 235 235 235 235 235 235 236 236 236 236 236 235 236 236 236 236 236 236 236 235 235 235 234 234 233 232 233 235 237 240 243 244
239 239 239 240 239 239 234 231 227 225 223 221 220 221 222 224 224 224 223 221 218 217 217 217 217 216 216 216 215 214 213 211 210 210 210 210 211 211 212 213 214 216 216 216 216 216 216 216 217 217 218 219 219 220 220 221 221 222 222 223 223 223 224 223 223 223 223 224 225 224 225 225 226 228 230 231 234 236 238 242 249 258 263 269 268 268 269 269 266 262 259 257 257 258 259 259 259 260 261 262 263 265 266 268 271 273 275 277 278 278 277 276 275 274 272 268 266 263 263 265 265 264 263 264 267 268 268 267 269 269 270 272 274 274 273 273 273 272 269 268 267 266 263 261 259 258 257 258 260 261 259 258 256 254 249 244 240 245 250 255 258 263 265 269 272 276 278 281 282 283 284 284 281 280 280 281 281 281 281 280 281 283 286 288 290 290 291 291 291 292 291 290 288 287 285 282 281 283 285 285 286 287 286 285 284 283 282 281 280 279 278 277 276 277 276 276 276 276 275 274 273 271 270 268 267 266 265 265 264 263 262 261 260 260 259 258 257 256 258 260 261 264 265 268 270 271 272 273 272 271 271 269 268 267 266 264 263 261 259 258 256 255 253 252 251 251 251 252 251 251 251 250 250 249 248 246 245 245 244 244 243 242 242 242 242 242 241 241 241 241 241 240 240 240 241 241 241 240 240 240 239 239 238 238 238 236 237 237 236 236 236 236 236 237 237 236 233 232 232 232 232 236 232 231 231 230 231 231 231 229 228 226 226 226 226 226 226 228 230 230 229 227 228 229 229 230 229 226 227 229 230 229 229 228 228 229 234 229 230 231 232 233 233 234 234 234 234 235 235 235 235 235 235 235 235 235 235 235 235 235 235 235 235 235 235 235 234 234 234 233 233 233 233 232 233 235 238 241 243 244
238 239 239 240 240 239 235 232 229 226 224 222 219 219 221 223 223 224 223 220 217 216 217 217 217 216 216 215 215 214 213 211 210 210 210 210 210 211 212 213 215 216 216 216 216 216 216 216 217 217 218 219 219 220 220 221 221 222 222 222 222 223 223 223 222 222 222 223 223 224 225 225 226 228 230 232 234 236 238 242 248 258 264 270 272 271 272 271 269 264 260 258 257 257 258 258 259 258 259 260 262 264 266 269 271 273 274 276 277 277 276 275 274 272 270 267 265 262 260 260 261 261 260 263 265 266 266 266 266 267 267 269 271 272 272 270 270 269 267 267 266 263 262 260 258 256 254 255 257 258 259 259 258 255 249 244 240 244 250 253 257 261 265 269 273 276 279 281 283 284 285 285 284 282 282 283 283 283 284 283 283 285 286 288 289 290 291 291 292 292 291 290 289 287 285 283 282 285 286 287 288 288 287 286 285 284 283 282 281 280 279 278 277 277 277 276 276 275 274 273 271 270 268 267 265 265 264 263 263 262 261 260 260 259 259 258 256 257 260 262 263 265 266 268 271 272 272 272 272 271 270 268 267 266 265 263 262 260 258 257 256 255 253 252 252 252 252 253 253 252 252 251 250 249 248 247 246 245 245 244 243 242 242 242 241 242 242 241 241 241 241 240 240 240 240 240 240 240 239 239 239 239 239 239 239 235 238 237 237 236 236 237 237 237 236 234 234 234 234 233 231 237 232 235 236 238 242 242 242 240 229 227 226 225 225 225 227 230 231 230 229 229 228 228 229 229 230 226 227 228 228 228 228 228 228 228 234 229 230 232 232 233 234 234 234 234 234 234 234 235 235 234 234 235 235 234 234 234 234 234 234 234 234 234 234 234 233 233 233 233 233 233 232 232 233 236 240 242 244 245
237 239 239 240 241 239 236 233 230 227 225 222 219 218 220 222 224 224 222 218 216 215 216 217 217 216 215 215 214 213 212 211 210 210 210 210 211 211 213 214 215 216 216 216 216 216 216 216 217 217 218 219 219 220 220 221 221 221 221 222 222 222 222 222 221 221 221 222 223 223 224 225 226 228 230 232 234 236 238 242 246 258 264 270 274 273 273 272 270 266 261 259 258 257 257 257 258 258 258 260 262 265 267 270 272 273 274 275 276 276 275 273 272 271 268 266 264 262 258 257 258 258 260 263 263 264 263 264 264 265 266 267 268 269 267 267 266 266 266 266 264 261 260 258 256 254 253 253 254 256 258 258 257 254 248 243 240 243 248 251 254 258 261 265 271 275 279 281 283 284 285 286 285 284 284 284 285 285 285 285 285 286 287 288 289 290 291 291 291 292 291 290 289 288 286 284 283 286 287 288 289 289 288 287 286 285 284 283 282 281 280 279 278 277 277 276 275 274 273 272 271 270 269 268 266 265 264 263 262 261 260 260 259 259 258 257 257 259 262 264 265 266 267 269 271 271 272 271 271 270 269 267 266 264 263 262 261 259 257 256 255 255 255 255 254 254 254 254 254 253 253 252 251 250 249 248 247 246 245 244 243 242 242 242 242 242 242 242 242 241 241 240 240 240 240 240 240 239 239 239 239 239 239 239 239 238 237 238 237 237 237 237 238 238 237 235 235 235 235 234 233 236 238 243 239 232 236 237 239 242 235 228 227 225 225 226 229 231 232 231 230 229 229 228 229 229 227 225 226 228 228 228 228 229 228 228 234 230 231 232 233 234 234 234 234 234 234 234 234 234 234 234 234 234 234 234 234 234 234 233 233 233 233 233 233 233 232 232 232 232 232 232 232 232 233 235 239 241 243 245
236 237 238 240 241 239 236 234 230 227 224 221 219 217 219 222 223 224 221 217 214 214 215 217 216 215 214 214 213 212 212 211 210 210 210 210 210 211 213 215 216 217 217 216 216 216 216 216 217 217 218 218 219 220 221 221 221 221 221 221 221 221 221 221 221 220 220 221 222 223 224 225 226 228 230 232 234 236 238 241 246 256 262 268 274 275 274 271 268 265 262 260 258 257 256 256 256 256 258 260 262 264 267 270 272 273 273 274 274 274 273 272 271 269 267 265 264 261 258 254 256 259 260 261 261 261 261 262 263 263 264 265 266 265 264 264 263 264 263 261 259 258 257 256 254 252 250 250 252 254 257 257 256 252 247 242 239 243 246 249 252 254 257 261 266 272 277 280 282 283 285 285 285 285 285 285 286 286 286 286 286 286 287 288 289 290 291 291 291 291 290 290 289 288 287 285 284 286 288 288 289 289 289 288 287 286 284 283 282 281 280 279 278 278 277 276 275 274 273 273 273 272 271 270 269 267 266 264 262 261 259 259 258 258 257 258 259 261 264 265 266 267 268 270 271 271 271 270 269 267 266 265 264 263 262 261 260 258 257 256 255 257 257 257 256 256 256 256 256 255 254 254 253 251 250 248 247 247 246 245 244 243 243 243 243 242 242 242 242 241 241 240 240 240 240 240 240 240 240 240 239 239 238 238 237 237 234 237 237 237 237 238 238 240 240 236 236 236 236 235 234 235 231 236 240 240 238 238 228 235 240 230 226 225 225 226 229 230 231 230 230 229 229 228 229 229 226 225 226 228 229 230 230 230 230 229 234 230 232 233 233 234 234 234 234 234 234 234 234 234 234 234 234 234 234 234 234 234 234 233 233 232 232 232 232 232 232 232 232 232 232 232 231 232 233 235 237 239 242 243
236 237 237 239 240 238 236 233 230 226 223 220 218 216 219 222 223 223 220 215 213 212 214 215 214 213 213 212 212 211 211 211 210 210 209 210 211 212 214 215 217 217 217 217 216 216 216 216 217 217 218 218 219 220 220 220 220 220 221 221 221 220 220 220 220 220 220 220 221 222 223 224 225 228 230 232 234 236 238 240 245 254 261 267 272 275 275 271 267 264 261 260 258 256 255 254 255 256 258 259 261 264 267 269 271 272 273 273 273 273 272 270 270 268 267 265 263 260 257 253 256 258 259 259 259 259 259 260 261 262 263 263 263 261 261 260 260 257 256 254 253 252 251 251 251 252 250 247 250 252 254 254 252 248 245 241 239 243 247 248 251 253 255 259 263 268 273 278 280 282 282 283 284 284 285 285 285 285 286 286 285 285 285 287 288 289 291 291 291 291 291 290 289 288 287 286 286 287 288 288 289 289 288 288 287 286 284 283 282 281 280 279 279 278 277 277 276 275 275 275 275 275 274 272 270 268 266 264 262 260 259 258 258 258 259 260 262 264 266 267 268 268 270 271 271 270 270 268 267 265 264 263 262 262 261 260 259 258 258 258 258 258 259 258 258 258 258 258 257 257 256 255 254 252 251 249 249 248 248 247 246 245 244 244 244 243 243 242 242 242 241 240 240 240 240 240 240 240 240 240 239 239 238 237 237 236 236 235 236 236 237 238 238 239 238 236 237 237 237 236 234 235 233 239 239 240 239 237 237 229 240 230 226 225 225 228 229 230 230 230 230 230 229 228 228 228 227 225 226 228 229 230 231 231 231 230 232 230 232 233 234 234 234 233 233 233 234 234 234 234 234 234 234 234 234 234 234 234 233 233 233 232 232 232 232 232 232 232 232 232 232 231 231 231 232 234 235 238 240 241
236 237 237 238 238 237 236 232 229 226 224 222 218 215 218 221 222 220 217 213 212 212 212 212 212 211 211 211 211 211 211 210 210 210 210 210 212 214 215 216 217 217 218 217 216 215 215 216 217 217 218 219 219 219 220 220 220 220 220 220 220 220 219 219 219 219 219 220 221 222 222 223 225 227 229 231 233 235 237 240 244 253 259 265 271 274 275 270 266 263 261 259 257 255 254 253 255 256 258 259 261 263 266 268 270 271 272 272 273 272 271 269 269 268 266 264 263 260 257 253 252 255 257 258 257 256 257 259 260 260 261 261 259 257 256 255 254 252 250 249 248 246 244 244 244 244 244 243 247 249 251 251 248 245 242 240 240 243 246 249 251 254 256 260 263 266 270 274 278 279 279 280 282 283 283 284 283 284 284 284 283 282 283 285 287 289 290 291 291 291 291 290 290 289 288 287 287 287 288 288 288 288 288 287 287 286 284 283 282 281 280 280 279 279 278 277 277 276 276 276 276 276 275 272 270 267 265 262 260 260 259 259 260 260 261 263 265 267 268 269 269 270 271 272 271 269 268 267 266 266 265 264 263 263 262 261 260 260 260 260 260 260 260 260 260 259 259 259 259 258 258 257 255 254 252 251 251 250 249 248 247 246 245 245 245 244 243 243 242 242 241 241 240 240 241 241 240 240 240 240 239 238 238 237 236 236 235 234 235 236 237 238 238 238 237 236 237 237 237 236 235 236 228 237 230 233 240 238 236 236 240 230 225 225 226 229 229 229 229 230 230 230 228 228 228 228 229 227 227 228 229 230 231 231 231 230 230 229 231 233 233 234 233 233 233 233 234 234 234 234 234 234 234 234 234 234 233 233 233 233 232 232 232 232 232 231 231 231 231 231 231 231 231 231 232 233 235 237 239 239
234 236 237 238 238 237 235 231 228 226 224 221 218 214 213 217 217 215 213 211 211 210 210 210 210 210 210 210 210 210 210 210 210 210 210 211 213 214 216 217 217 217 217 217 216 215 215 216 217 217 218 219 219 219 219 219 219 219 219 219 219 219 219 218 218 218 218 219 221 221 222 223 224 226 228 230 232 234 237 240 244 251 257 263 270 273 274 271 266 263 260 258 256 255 253 253 255 256 258 259 261 262 264 267 269 270 271 272 272 271 269 268 267 266 265 264 262 260 258 255 252 250 253 255 255 253 255 257 258 257 256 257 255 252 249 248 248 247 246 245 244 242 241 240 240 239 239 240 242 245 248 247 244 242 240 239 241 244 247 249 251 254 257 260 263 266 269 273 276 276 277 278 279 280 280 281 281 281 281 281 280 280 283 286 287 289 290 291 291 291 291 291 290 290 289 288 288 288 288 288 288 288 287 287 286 285 284 283 282 281 281 280 280 279 279 278 278 277 276 277 276 274 273 271 269 266 263 261 260 259 260 261 262 262 264 265 267 269 270 271 271 271 272 272 270 269 268 268 268 268 267 267 266 266 265 264 263 262 262 262 262 262 261 261 261 260 260 260 260 259 259 258 256 255 254 253 252 252 250 249 249 248 247 246 245 245 244 243 242 242 241 241 241 241 241 241 240 240 240 240 239 238 237 236 236 235 234 236 234 236 236 237 238 238 238 237 237 237 237 236 236 237 222 220 223 230 236 238 236 233 236 233 226 225 226 229 229 229 229 229 230 229 228 227 227 228 227 228 227 228 229 230 230 230 231 231 230 230 232 233 233 233 233 233 233 233 234 234 234 234 234 234 234 234 233 233 233 233 232 232 232 232 232 232 231 231 231 231 231 231 231 231 231 231 231 233 234 235 236 237
234 235 237 239 238 237 234 231 228 225 221 219 216 213 212 212 212 211 210 210 210 210 210 210 210 210 210 210 210 210 210 210 210 210 210 213 214 215 216 216 217 217 217 217 216 214 215 216 217 217 218 218 218 218 219 219 218 218 218 218 218 218 218 218 217 218 218 219 220 220 221 222 224 226 228 230 232 234 236 239 243 249 255 261 267 270 272 272 267 262 260 258 255 253 252 253 255 256 257 259 260 262 264 266 268 269 270 271 271 269 268 266 265 264 263 263 262 260 258 255 253 248 247 249 250 247 248 251 253 252 252 253 252 247 244 243 243 243 242 241 240 238 237 237 236 236 235 237 239 242 243 243 241 239 238 240 243 246 248 251 253 256 258 261 264 267 270 273 276 274 274 274 276 276 276 277 277 277 277 278 277 279 282 285 287 289 290 290 291 291 291 291 291 290 290 289 289 288 288 287 287 287 287 286 286 285 284 282 282 281 281 280 280 280 279 279 278 277 276 275 274 273 271 268 266 264 262 260 260 262 263 264 265 265 266 268 270 271 273 273 273 272 272 272 270 269 269 270 270 270 270 269 269 268 267 266 265 264 264 264 264 264 263 262 262 261 261 261 260 260 259 258 257 257 255 255 254 253 252 251 250 249 248 247 246 245 244 243 243 242 242 241 241 241 241 241 241 240 240 240 239 238 237 236 235 235 234 239 234 234 236 237 238 238 237 237 237 238 237 236 235 236 215 213 217 222 227 229 229 229 240 234 226 225 225 228 229 228 228 229 229 229 228 227 227 227 227 226 227 228 228 229 230 230 230 230 230 231 232 233 233 233 232 233 233 234 234 234 234 234 235 235 234 234 234 233 233 232 232 232 232 232 232 232 231 231 231 231 231 231 231 231 231 231 231 232 233 234 235 235
234 235 236 238 239 237 234 231 229 226 223 219 215 212 210 210 210 209 210 209 209 209 209 210 210 209 210 209 210 210 210 209 209 210 212 214 215 215 216 216 216 217 217 217 217 215 215 215 217 217 217 218 218 218 218 218 217 217 217 217 217 217 217 217 217 217 217 218 219 220 220 222 224 226 227 229 231 233 236 238 242 248 253 258 264 268 269 270 267 262 259 256 254 251 252 254 256 257 258 259 260 261 263 265 267 268 269 270 269 267 266 263 262 261 261 261 260 259 257 254 252 251 245 244 244 243 245 246 248 248 249 250 247 242 241 241 241 240 239 237 236 235 234 234 234 235 235 235 236 239 239 239 239 238 240 242 244 247 250 252 255 258 260 263 266 269 271 274 274 272 270 271 272 272 272 273 272 272 273 273 274 277 281 284 286 288 289 290 290 290 290 291 291 291 290 290 289 288 287 286 285 285 285 285 285 284 283 282 281 280 279 279 280 279 279 279 278 276 275 273 271 270 268 265 263 262 261 261 263 265 266 266 267 267 269 271 273 274 275 274 274 273 273 272 271 271 272 272 272 272 272 271 271 270 269 268 267 266 266 265 265 265 264 263 262 262 262 261 261 260 259 259 258 257 257 256 255 254 253 252 251 250 248 247 246 245 244 243 243 242 242 242 241 241 241 241 241 240 240 239 238 237 237 236 235 234 233 235 234 233 235 237 238 237 237 237 237 237 237 236 235 235 214 206 205 208 207 211 227 233 242 232 226 225 225 226 227 227 228 228 228 227 227 227 226 226 226 226 226 227 228 230 229 229 229 230 230 231 232 233 233 233 232 232 233 233 233 233 233 234 235 235 235 234 233 233 232 232 232 232 232 232 232 231 231 231 231 231 231 231 231 231 230 230 231 232 233 233 234 235
234 235 236 237 238 237 234 231 228 226 223 220 215 211 209 209 209 210 207 210 209 210 210 210 210 209 210 209 210 210 210 210 210 213 214 215 216 216 216 216 216 216 216 217 216 215 214 215 216 217 216 216 217 217 217 216 216 216 216 216 216 217 216 216 216 216 217 218 219 220 221 222 223 225 227 228 230 233 235 237 241 245 251 254 260 265 265 265 265 262 258 255 252 249 252 253 256 257 258 259 260 261 263 264 266 267 268 268 268 266 264 262 260 258 257 256 254 254 253 252 251 252 247 243 240 241 242 244 245 245 246 246 242 240 239 238 238 236 234 233 233 233 235 237 237 238 237 236 236 237 237 238 238 239 241 243 246 248 251 253 255 258 262 265 268 270 271 272 272 270 267 266 267 266 267 267 267 267 269 270 272 275 278 282 284 286 287 289 289 289 290 291 291 292 291 291 290 288 286 285 283 283 283 283 283 283 282 281 280 279 278 278 279 279 278 277 276 275 273 271 269 267 265 264 262 261 261 263 265 267 268 268 269 270 271 273 275 276 276 276 275 274 274 273 273 273 274 274 274 274 274 273 272 271 270 269 268 267 266 266 266 265 264 263 263 262 262 262 261 260 260 259 258 258 257 257 256 254 253 252 252 251 249 248 247 246 244 243 243 242 242 242 242 242 242 241 241 240 240 239 238 237 236 235 235 233 234 233 234 234 232 236 237 237 237 237 237 237 237 236 234 236 213 197 198 194 201 220 235 236 234 229 226 225 224 224 225 226 227 225 225 225 227 226 226 225 225 226 226 227 228 229 229 228 228 229 230 230 231 232 233 233 232 232 232 232 232 232 233 234 235 235 234 234 233 233 232 232 232 232 232 232 232 231 231 231 230 231 231 231 230 230 230 230 231 232 232 232 233 234
234 235 236 236 237 236 233 229 226 223 221 218 213 210 209 209 209 209 209 210 210 210 210 209 210 210 210 210 210 211 211 211 210 215 216 216 216 216 216 216 216 216 216 216 216 215 214 214 215 215 215 215 216 216 216 215 215 215 215 216 216 216 216 215 216 216 217 218 220 221 222 223 224 225 226 227 229 232 234 236 239 242 247 251 255 262 263 261 260 259 256 253 250 249 252 253 254 256 258 259 260 261 262 264 266 267 267 267 266 265 263 261 258 255 254 253 252 251 250 248 248 249 249 243 240 238 239 241 242 243 243 241 239 237 236 236 234 233 233 234 235 237 238 240 240 241 239 238 237 237 237 238 240 241 243 245 247 249 252 254 257 260 262 265 268 270 270 270 269 266 264 263 263 263 263 263 264 267 269 271 273 273 275 278 281 283 286 288 288 289 290 290 291 292 292 291 290 288 286 284 282 281 281 281 281 281 280 280 279 277 277 277 278 278 278 276 274 272 271 269 267 265 264 263 262 262 263 265 267 268 270 271 272 273 274 275 277 277 277 276 275 275 275 275 275 275 275 275 275 275 275 275 274 273 271 270 268 267 267 266 266 266 264 264 263 263 262 262 261 260 260 260 259 258 258 257 256 255 254 253 252 251 250 248 246 245 244 244 243 242 242 242 242 242 242 242 241 241 240 239 237 236 236 235 234 233 235 234 233 234 234 232 237 237 237 237 237 237 237 236 235 234 207 196 194 196 207 230 238 234 232 229 227 225 225 224 225 225 226 225 225 225 225 226 225 225 225 225 226 226 227 228 228 228 228 227 229 229 230 231 232 231 230 231 231 231 231 232 233 234 234 234 234 234 233 233 233 232 232 232 232 232 231 231 231 230 230 230 230 230 230 230 230 230 231 231 231 231 232 233
234 235 236 236 236 235 232 229 225 222 219 215 212 207 208 209 209 209 209 210 210 210 210 210 211 211 211 211 211 212 213 214 215 216 216 216 216 216 216 216 216 216 216 216 215 214 214 214 214 214 213 214 214 215 214 214 214 214 214 215 215 215 215 215 216 216 218 219 220 221 223 224 224 224 225 226 227 229 232 235 236 239 242 247 250 256 261 259 257 255 253 251 248 248 251 252 254 256 257 258 259 260 262 263 265 266 267 266 265 264 263 261 258 253 251 250 249 249 248 246 245 246 248 244 240 237 235 237 240 241 240 238 236 235 234 233 232 232 234 236 238 239 240 242 243 243 242 240 238 237 239 241 243 243 245 247 251 252 254 256 259 263 264 267 268 269 268 266 264 261 260 260 260 260 262 263 265 267 271 274 276 275 275 276 279 282 284 286 287 288 289 290 291 291 292 291 290 288 286 283 281 280 279 279 279 279 279 278 277 276 275 276 277 277 277 275 273 271 269 267 266 264 263 263 263 264 265 267 269 270 272 273 274 275 276 277 278 278 277 276 276 277 277 277 277 277 277 277 276 276 276 275 275 274 273 271 269 268 267 266 266 265 265 264 263 263 262 262 261 260 259 259 259 258 257 256 255 254 253 252 251 250 249 248 246 245 244 243 243 242 242 242 242 242 242 242 242 242 241 239 237 236 235 234 234 234 233 232 233 233 234 234 232 237 237 237 237 237 236 236 236 231 204 198 200 207 225 240 239 234 231 229 227 226 226 225 224 224 225 226 225 225 228 226 225 225 225 225 225 226 227 227 227 227 226 226 229 229 230 230 230 230 230 230 229 229 231 232 232 233 233 233 234 234 234 233 233 233 232 232 232 231 231 231 230 230 229 229 229 229 229 229 229 229 230 230 230 230 231 231
235 235 236 237 236 235 232 228 224 220 218 215 211 210 209 208 209 209 210 210 210 210 211 211 212 212 211 211 213 213 214 214 215 215 215 216 216 216 216 216 216 216 215 215 215 214 214 214 212 212 212 212 213 214 213 213 213 214 214 214 214 215 215 215 216 217 218 219 220 222 223 223 224 224 225 226 228 230 231 232 234 236 238 243 246 249 255 255 254 253 251 249 247 249 251 252 254 256 258 259 260 260 261 262 264 265 266 265 264 263 261 259 256 252 249 248 247 247 245 243 243 244 244 242 240 238 235 233 236 239 236 234 233 232 232 231 232 233 235 238 240 241 243 245 245 246 245 243 240 238 241 244 244 245 247 251 255 256 257 259 261 263 267 268 268 267 265 262 259 257 257 258 259 260 262 265 267 269 272 277 279 279 278 276 278 280 282 284 286 288 289 290 291 291 291 291 290 288 286 284 282 279 278 277 277 277 277 276 276 275 274 274 275 275 275 273 271 269 267 266 265 264 264 264 264 265 267 269 270 272 273 275 276 277 278 279 279 279 278 277 277 278 279 279 279 279 279 278 278 277 277 276 276 275 273 272 271 269 267 267 266 265 264 264 263 262 262 261 260 260 259 258 258 257 256 255 254 253 252 251 250 249 248 247 245 244 243 242 242 241 241 242 242 243 243 243 243 242 240 238 237 236 234 234 234 234 233 233 233 233 234 234 235 232 236 236 236 237 237 237 236 230 204 202 213 221 239 240 237 234 232 230 228 227 227 225 224 224 224 225 226 227 227 225 224 224 224 224 225 226 226 227 227 226 225 226 227 230 230 230 230 230 229 228 229 228 230 231 232 232 232 233 234 234 234 233 233 233 233 232 232 231 227 231 231 231 231 231 231 230 230 230 227 227 229 229 229 229 229 230
236 236 237 238 237 234 232 228 224 220 216 213 210 209 209 208 209 209 210 210 210 210 211 211 212 212 211 212 213 213 214 214 215 216 216 216 215 216 216 216 216 215 215 215 214 213 212 212 212 211 211 212 212 212 212 212 213 213 214 214 214 214 215 215 216 217 218 220 221 222 222 223 223 223 224 227 229 229 229 230 231 230 234 238 241 243 244 247 251 250 249 246 247 250 251 252 254 256 258 259 260 260 260 261 263 264 265 264 263 261 258 256 254 251 248 246 245 243 242 242 241 241 241 240 239 237 235 233 233 235 233 231 231 231 231 232 233 235 237 240 242 243 245 248 249 249 249 246 242 239 239 243 245 245 248 253 256 259 260 261 262 263 262 266 266 264 261 258 257 258 260 261 261 261 263 265 268 271 273 278 282 282 281 280 278 279 281 283 286 288 289 290 291 291 292 291 290 288 285 283 281 279 278 276 276 276 275 275 274 274 273 273 273 273 273 272 270 268 266 265 264 264 265 266 265 265 267 269 271 273 275 277 278 279 279 280 279 279 278 278 279 279 280 280 280 280 280 279 279 278 278 277 276 275 273 272 271 269 267 267 266 265 264 263 262 262 261 260 260 259 259 258 256 255 254 253 252 251 250 249 248 247 246 245 244 243 242 242 241 241 240 241 242 243 243 243 243 241 239 237 236 236 234 233 234 234 233 233 232 232 233 233 234 234 232 235 236 236 236 236 236 236 236 226 228 238 240 241 247 234 232 230 228 227 226 225 224 224 224 225 226 226 226 225 224 224 224 224 224 225 226 227 226 225 225 225 227 229 228 228 227 228 228 227 227 227 230 230 231 231 231 233 233 232 231 232 232 232 230 227 231 231 231 232 232 232 232 232 231 231 230 230 230 230 229 229 229 229 227 229
237 237 240 240 237 235 232 227 223 220 218 214 211 209 208 209 209 210 210 210 210 210 211 211 212 212 211 212 212 213 213 214 215 216 216 216 215 215 215 215 215 215 215 214 213 212 212 211 211 211 211 212 212 212 212 212 213 213 214 214 214 214 215 215 216 217 218 220 220 221 221 222 222 222 223 226 228 227 228 228 228 230 232 234 232 234 239 242 246 247 246 244 246 249 251 252 254 255 257 259 260 260 260 261 262 263 263 261 260 258 256 254 252 249 247 245 243 242 241 241 240 240 239 239 237 236 235 234 231 231 230 230 232 233 234 235 236 238 239 241 244 244 245 245 251 252 252 247 244 242 239 240 244 246 249 252 255 257 260 262 263 264 265 263 260 259 257 255 257 260 263 265 265 264 264 265 267 270 273 278 282 284 283 283 281 280 280 283 286 288 289 290 291 292 292 291 290 287 284 282 281 279 277 276 275 274 274 273 273 272 272 271 271 271 270 269 267 266 265 264 265 266 268 268 267 266 267 269 272 274 276 278 279 280 280 280 280 279 279 279 280 280 281 281 281 281 281 280 280 279 278 277 276 274 273 271 270 269 267 267 266 265 264 263 262 261 260 259 259 259 258 257 254 252 251 250 249 248 248 247 247 246 245 244 243 242 241 241 241 240 240 240 241 242 242 242 242 241 239 238 236 235 234 234 233 234 233 232 232 232 232 233 233 234 234 235 235 236 236 236 236 237 238 238 238 239 240 240 247 234 232 230 230 227 226 225 224 224 224 224 225 225 225 224 224 224 223 223 224 225 226 226 225 225 224 225 225 227 228 228 228 227 227 227 227 228 229 230 230 231 228 230 231 227 229 232 232 233 233 232 232 232 232 233 234 234 234 234 233 232 231 230 230 230 230 230 230 229 229 229
238 240 242 240 237 235 232 228 225 223 222 217 211 210 207 209 209 209 210 210 210 210 211 211 211 212 212 212 212 212 213 213 214 216 216 216 215 215 215 215 215 215 214 213 213 212 211 211 211 211 212 212 212 212 212 213 213 213 214 214 214 214 215 215 216 217 218 219 219 220 220 221 221 222 223 224 225 226 227 228 229 230 233 235 239 241 248 243 238 242 243 242 245 248 249 251 252 254 256 258 259 260 260 261 262 262 261 260 257 256 254 253 250 248 245 244 242 241 240 239 239 239 238 237 235 234 233 232 230 230 230 233 235 237 238 239 243 240 242 244 246 248 250 252 254 255 254 246 247 244 240 240 242 245 247 250 252 255 257 259 260 260 259 257 256 255 254 255 259 262 266 269 269 267 266 266 267 269 272 277 281 284 285 285 284 283 281 283 286 288 290 290 291 292 292 291 289 287 285 283 281 280 278 277 276 274 273 272 272 271 270 270 270 269 268 267 265 265 266 266 267 269 270 269 268 267 268 270 272 275 277 279 280 282 282 281 281 280 280 281 281 281 282 282 282 281 281 281 280 279 278 276 275 274 272 271 270 268 267 266 265 264 263 262 261 260 259 258 258 258 257 256 254 251 249 248 247 246 245 244 244 244 243 243 242 241 241 241 241 240 239 238 239 241 241 241 241 240 239 239 238 236 234 234 233 233 233 232 232 232 232 232 233 233 234 234 235 237 236 232 237 237 237 239 240 239 239 237 236 234 232 231 228 227 226 225 224 224 223 223 224 224 223 224 223 223 223 223 224 224 225 225 225 224 224 224 225 226 227 227 227 226 226 227 228 229 230 231 231 232 232 233 234 234 234 234 234 234 234 233 232 233 235 236 238 238 237 237 236 234 232 232 231 231 231 231 231 230 229 228
238 243 243 239 236 234 232 229 227 225 223 218 213 209 209 208 209 209 209 210 210 210 211 211 211 212 212 212 212 212 212 213 215 215 216 215 215 215 215 215 215 214 214 213 212 212 211 211 211 212 213 214 213 213 213 213 213 213 214 214 214 215 215 215 215 217 218 218 218 219 220 220 221 222 223 223 224 225 226 228 230 232 234 238 243 246 248 250 246 245 244 243 245 247 249 251 252 254 256 258 260 260 261 261 261 261 261 259 256 255 253 252 250 248 244 242 241 240 238 238 238 237 236 235 234 232 231 230 229 231 234 236 238 240 242 244 244 244 245 247 248 250 253 256 259 260 258 255 253 248 246 240 239 243 246 248 249 251 253 255 255 256 255 253 252 253 255 258 261 265 268 271 272 270 269 268 269 269 271 274 278 282 284 285 286 285 283 284 287 288 290 291 291 292 292 291 290 288 286 285 283 281 280 278 277 275 273 272 272 271 271 271 270 269 268 267 267 268 268 268 269 271 271 270 269 268 269 270 273 275 278 279 281 283 283 282 282 282 282 282 282 282 282 282 282 281 281 280 280 278 277 276 274 273 272 270 269 268 267 266 265 264 263 261 260 259 258 257 257 256 255 254 252 250 248 247 246 245 243 241 243 242 242 242 241 240 240 241 240 240 239 238 239 239 240 240 240 239 239 238 238 237 236 235 234 233 233 232 232 232 232 232 232 233 233 235 237 237 238 232 237 237 237 238 239 239 238 237 235 234 232 230 228 227 226 225 224 224 224 223 223 223 223 223 223 223 223 223 223 224 225 224 224 224 223 224 224 225 226 226 226 226 226 227 228 229 230 231 231 232 233 234 234 235 235 235 235 235 235 234 234 236 238 240 241 242 241 240 238 236 234 233 232 232 232 232 232 231 230 229
236 240 239 235 234 233 231 229 226 224 222 219 214 211 209 208 209 209 209 210 210 210 211 211 211 211 212 212 212 212 212 213 214 215 215 215 215 215 214 214 214 214 214 213 212 211 211 211 211 213 214 214 214 213 213 213 213 213 214 214 214 215 215 216 216 216 217 218 218 219 219 220 221 222 222 225 226 227 228 230 232 234 236 241 246 249 252 253 250 249 248 247 246 247 249 251 252 254 256 258 260 261 261 261 261 261 260 258 256 254 252 251 250 246 241 240 239 238 237 236 236 235 234 233 232 230 229 229 230 233 236 238 241 242 245 247 248 247 247 249 251 253 256 259 262 263 261 258 254 250 245 242 239 240 244 245 247 248 249 250 251 251 251 250 252 255 257 260 262 266 270 273 275 274 273 272 272 272 272 272 274 279 283 285 286 287 285 284 286 288 290 291 291 292 292 292 291 289 288 286 284 282 280 278 277 275 273 272 273 273 273 272 272 270 269 270 271 272 271 270 271 271 272 271 270 269 270 271 273 276 278 280 282 283 284 283 283 283 283 283 283 283 283 282 282 281 281 280 279 277 276 274 273 272 270 269 268 267 266 265 264 264 262 260 259 258 258 257 255 255 253 252 251 249 248 247 247 246 244 243 242 241 241 240 240 239 240 240 240 239 238 238 238 238 238 238 239 238 238 238 238 237 236 234 233 233 233 232 232 232 231 232 232 233 232 232 237 237 239 237 238 238 238 239 240 240 239 236 234 233 232 230 229 228 226 225 225 224 224 224 224 224 223 223 223 223 223 223 223 224 224 224 223 223 223 223 224 225 225 225 225 226 226 227 228 229 230 231 232 233 234 234 235 236 235 235 235 235 235 235 235 237 239 241 242 242 243 242 240 238 235 234 234 234 234 233 232 231 230 228
231 235 235 232 232 231 229 228 225 222 219 216 214 212 209 208 209 209 209 210 210 210 211 211 211 211 211 212 212 212 212 213 214 214 215 215 214 215 214 214 214 213 212 212 211 211 211 211 211 213 214 215 215 215 214 213 213 213 214 214 214 215 215 215 216 216 217 217 218 219 219 220 220 221 222 226 228 229 230 232 234 236 239 244 248 251 254 255 254 252 250 249 249 249 250 251 253 254 256 258 259 260 260 259 259 259 258 256 255 253 252 250 248 243 238 238 237 235 234 233 233 232 232 231 230 228 228 229 231 234 236 239 241 244 247 249 251 251 250 253 255 257 260 262 264 263 261 258 255 252 247 243 248 240 241 242 244 245 246 247 248 249 250 252 254 257 259 261 263 266 271 275 278 278 277 277 277 277 276 274 274 277 281 284 286 287 287 286 286 288 289 290 291 292 292 292 290 289 287 285 283 282 280 278 277 275 274 274 273 274 274 274 273 271 270 272 273 274 274 273 273 274 274 273 272 271 271 272 275 277 279 281 283 284 284 284 284 284 284 284 284 283 283 282 282 281 280 279 278 276 274 273 272 270 269 268 267 266 265 264 263 262 261 260 258 258 257 255 255 255 255 250 251 250 249 248 248 246 245 243 242 241 240 240 239 239 239 239 239 239 238 238 238 238 238 238 238 238 238 237 237 235 234 234 233 233 233 232 232 232 231 232 232 232 232 232 235 234 237 234 237 239 240 240 241 240 238 236 235 233 232 231 229 228 228 226 225 224 225 226 226 225 224 224 223 223 222 222 223 223 223 223 223 223 223 224 225 225 225 225 226 227 227 227 228 229 230 231 232 233 234 235 236 236 235 235 235 236 236 236 236 237 239 240 241 241 241 241 240 238 236 236 236 236 236 234 234 232 230 229
227 229 230 229 229 228 227 225 223 220 217 214 213 212 210 207 209 209 209 209 209 210 210 210 210 210 211 211 211 211 212 212 213 214 214 214 213 214 215 214 214 213 212 211 211 211 211 211 212 213 214 215 215 215 214 214 213 213 214 214 214 214 215 215 216 216 217 217 218 218 219 219 220 221 222 226 229 230 231 234 236 239 242 246 250 252 255 256 255 253 251 251 251 251 251 252 253 254 255 257 259 260 259 258 258 257 256 254 254 252 250 249 246 241 237 236 235 234 232 232 231 231 230 229 228 228 228 230 232 234 238 239 241 244 247 250 252 253 254 255 257 260 263 265 264 263 259 257 254 251 247 243 239 248 242 244 245 246 247 249 251 252 253 254 256 258 261 262 264 266 271 276 280 281 282 282 282 281 280 278 277 278 280 282 285 287 287 287 287 287 289 290 291 291 292 292 290 289 287 285 284 282 281 279 278 277 276 275 275 275 275 275 273 271 271 272 275 275 275 275 275 275 275 275 274 273 272 273 276 278 280 282 284 285 285 284 284 284 284 284 284 284 283 282 281 281 280 278 276 275 273 271 270 269 268 267 266 264 262 262 262 262 260 259 258 258 258 255 255 255 255 253 251 251 250 249 249 247 245 243 242 241 240 240 239 238 238 238 238 238 238 237 237 237 237 238 237 237 236 236 235 234 233 234 233 233 232 232 232 232 231 231 231 232 231 234 230 229 233 234 238 238 240 240 241 240 240 238 236 235 234 232 231 229 228 227 226 225 225 226 226 226 225 224 223 222 222 222 222 223 222 222 223 223 224 225 227 226 226 227 227 228 228 228 229 229 230 231 233 234 235 235 235 236 236 235 236 236 237 237 237 237 238 239 240 240 240 240 240 239 238 238 238 238 237 236 235 233 231 229
223 225 225 226 226 225 224 223 221 219 216 215 215 214 212 209 208 208 209 209 209 210 209 210 210 210 210 211 211 211 211 212 213 213 213 213 213 213 214 214 214 213 212 211 211 211 211 211 211 213 214 215 215 215 215 214 214 213 214 214 214 214 215 216 216 216 216 217 217 218 218 219 220 221 222 225 229 231 232 235 238 241 245 247 251 253 256 258 257 254 253 253 253 252 252 252 254 255 256 257 258 259 259 258 257 256 255 254 252 251 249 247 244 238 236 235 234 233 232 230 230 230 229 229 228 228 229 232 234 236 237 239 242 244 247 250 252 254 256 257 260 262 266 267 264 262 258 255 252 249 246 243 240 241 249 247 248 249 250 251 252 254 256 257 257 260 262 264 265 266 270 276 281 284 285 286 285 284 283 282 281 281 282 282 284 287 288 289 288 288 288 290 291 291 292 292 291 290 289 287 286 284 282 280 279 278 277 277 277 276 275 274 272 271 271 273 275 276 277 277 277 277 277 277 276 275 273 275 277 279 281 282 284 285 285 285 285 285 285 285 284 284 283 282 281 280 280 278 276 275 273 272 271 270 269 268 266 263 262 262 262 260 259 258 258 258 258 257 256 257 256 255 253 251 251 250 249 247 245 243 242 241 240 240 239 238 238 237 237 237 237 237 237 237 237 237 237 236 235 234 234 234 233 233 233 233 232 232 231 231 231 231 231 231 231 232 230 230 232 235 238 238 239 239 240 240 239 237 237 237 235 233 231 230 229 228 226 225 226 227 227 226 225 224 223 222 222 222 222 222 222 223 224 224 225 226 230 227 228 228 228 229 229 229 229 230 230 232 233 234 234 235 235 235 235 235 236 236 237 238 238 238 238 239 239 240 240 240 240 240 239 239 239 239 238 238 236 234 232 230
220 221 223 222 222 222 222 222 221 220 219 218 217 216 213 210 207 207 208 209 209 209 209 209 209 210 210 211 210 210 211 212 212 212 212 212 212 212 213 213 212 212 211 211 211 211 211 211 211 212 213 215 215 215 215 215 214 214 214 214 214 214 215 216 216 216 216 217 217 218 219 220 220 221 222 225 229 231 233 235 238 241 244 247 251 254 257 259 258 255 254 254 255 254 253 253 254 255 257 258 259 259 258 257 256 255 254 253 252 250 249 247 242 237 235 234 233 233 232 230 229 228 228 227 228 229 232 235 235 237 238 240 243 245 247 250 252 255 257 259 262 265 268 268 265 261 257 255 252 249 246 243 241 245 247 250 249 250 252 252 253 255 257 259 259 261 264 267 267 268 270 277 281 284 286 287 287 286 285 285 285 285 285 286 286 288 289 289 289 289 289 290 291 292 292 292 292 291 291 289 287 285 284 282 280 279 278 278 277 276 275 273 272 271 272 273 276 277 277 278 278 279 278 278 278 276 274 275 277 278 281 283 285 285 285 285 285 285 285 285 284 284 283 282 281 281 280 279 277 275 274 273 272 271 270 269 268 265 262 262 262 260 258 258 258 258 258 258 258 258 256 255 253 251 250 249 248 246 245 243 242 242 241 240 239 238 238 237 237 237 237 236 236 236 236 236 236 235 234 234 234 233 233 233 233 232 232 232 231 231 231 231 231 231 231 230 230 230 231 236 239 239 238 238 239 239 238 238 238 237 235 233 231 230 228 228 227 226 226 227 227 226 225 224 223 222 222 222 222 222 223 224 225 226 226 228 231 228 229 229 229 230 230 230 230 230 231 232 233 234 234 235 235 235 235 235 236 237 238 239 239 239 239 239 240 240 241 241 240 240 240 239 239 239 239 238 237 235 233 230
215 217 219 219 219 219 221 221 223 222 221 220 218 215 213 210 209 208 208 209 209 209 209 209 209 210 210 211 210 210 210 211 211 211 211 210 210 211 211 212 212 211 211 210 210 211 211 211 211 212 213 214 215 216 215 215 214 214 214 214 214 214 215 215 216 216 216 216 217 218 219 220 221 222 223 225 228 231 233 235 238 241 244 247 251 254 257 260 259 257 255 256 256 255 254 255 255 256 257 258 259 259 259 257 256 254 253 253 252 250 249 247 243 236 234 233 233 232 231 229 228 228 228 228 229 231 234 236 238 239 240 242 245 246 247 250 252 255 258 262 265 267 270 269 265 260 257 254 252 250 247 243 241 244 246 247 250 250 253 254 254 256 258 261 263 263 266 268 269 271 273 279 283 285 286 287 288 288 287 287 287 288 288 288 289 290 290 290 291 291 290 290 291 292 292 292 292 292 292 291 289 287 285 283 281 279 278 277 276 275 274 273 271 271 273 274 276 278 278 279 279 280 280 279 280 278 276 277 277 278 281 283 285 285 285 285 285 285 285 285 285 284 283 282 282 281 281 280 279 277 275 274 273 272 270 269 268 266 264 262 262 261 260 259 258 259 259 257 257 257 255 254 252 250 248 247 246 245 244 243 242 242 241 240 239 239 238 236 236 236 236 236 236 236 236 236 235 234 233 233 233 233 233 233 232 232 232 231 231 231 231 231 231 231 231 230 230 230 232 235 238 240 239 239 239 239 239 239 238 236 235 232 231 230 228 228 227 226 227 227 226 225 224 223 222 222 222 223 223 224 224 225 226 228 230 230 230 231 231 231 232 232 232 232 231 231 232 232 233 234 234 235 235 235 235 235 236 237 238 239 239 239 239 239 240 240 241 241 240 240 240 239 238 239 239 238 237 235 233 231
212 213 215 216 217 218 219 222 223 223 222 221 219 215 212 210 209 209 208 208 209 209 209 209 209 209 210 210 210 210 210 210 210 210 210 210 210 210 211 211 211 211 211 210 210 211 211 211 211 212 213 214 215 216 215 215 214 214 214 214 214 215 215 215 215 216 216 216 218 218 219 221 222 223 223 225 227 230 232 235 238 241 244 248 252 254 258 261 260 258 257 258 257 256 255 256 256 256 257 258 260 260 258 257 255 254 252 251 250 249 249 248 242 236 233 231 231 231 230 229 228 228 227 231 232 235 236 239 241 242 243 245 247 249 249 251 254 257 261 264 267 270 271 270 266 261 258 255 252 250 248 245 242 242 242 245 247 251 252 253 254 256 258 262 265 266 268 270 272 275 277 281 284 286 287 288 288 288 287 288 289 289 291 291 291 291 291 291 291 291 291 291 291 292 292 292 292 292 292 292 290 288 286 284 281 279 277 276 275 274 273 272 272 273 274 275 277 278 280 280 281 281 281 281 281 278 277 277 277 278 281 283 285 285 285 285 285 285 285 285 284 283 283 282 281 280 280 280 279 277 276 275 273 272 270 269 268 266 263 262 262 260 259 258 258 258 258 257 256 255 254 252 251 249 247 246 245 244 243 243 242 241 241 239 239 238 237 236 235 235 235 235 235 235 235 235 235 234 234 233 233 232 232 232 232 232 231 231 231 231 231 231 231 231 231 230 230 229 233 235 238 240 241 239 238 239 239 238 237 236 234 231 230 229 228 227 227 227 227 226 225 224 224 223 222 222 222 223 224 224 225 226 227 228 229 232 230 233 233 234 234 234 234 233 232 233 233 233 233 234 234 235 235 235 235 235 235 236 237 238 239 240 240 240 239 239 239 240 240 240 239 238 237 238 238 237 236 235 233 231
210 211 212 214 215 216 219 220 222 223 222 220 219 215 212 210 209 209 206 208 209 209 209 209 209 209 209 209 209 209 210 210 210 210 210 211 211 211 211 211 211 211 211 211 211 211 211 211 211 212 212 213 214 215 215 214 214 214 214 214 214 214 215 215 215 215 216 216 217 218 219 220 222 223 224 225 228 230 233 235 238 241 244 248 252 254 258 261 261 259 258 259 258 257 257 257 257 257 257 259 260 260 258 257 255 253 251 250 249 249 249 246 241 236 233 232 231 230 229 228 228 227 230 235 236 238 240 242 245 247 247 248 249 251 253 255 258 260 264 267 270 272 273 272 268 263 259 256 254 251 249 246 244 241 241 243 246 249 251 252 254 256 258 262 265 268 270 272 274 278 281 282 283 285 287 287 285 285 286 287 289 291 292 292 293 292 292 292 292 292 292 292 292 292 292 292 292 293 293 293 291 289 287 285 282 279 277 275 275 274 272 272 273 274 275 276 277 279 280 282 282 282 281 280 280 280 278 277 277 279 282 284 285 285 285 285 285 285 285 284 283 282 282 281 280 280 279 279 278 277 275 274 273 271 269 268 267 265 263 262 260 259 258 258 257 256 256 255 254 253 252 251 249 248 247 246 245 244 243 242 242 241 240 239 238 238 237 236 235 234 234 235 235 235 234 234 234 234 233 233 233 232 232 232 231 231 231 231 231 231 231 230 230 231 230 229 229 229 231 233 236 239 241 239 237 239 239 238 236 235 233 230 230 229 228 228 227 227 226 226 225 224 223 222 222 222 223 224 224 225 225 226 227 228 229 231 230 232 234 234 234 235 235 234 233 234 233 233 233 234 234 235 234 234 234 235 235 236 237 238 239 240 240 239 239 239 238 239 239 239 238 237 236 236 236 236 235 234 233 231
210 210 210 212 214 216 217 219 221 222 223 222 218 215 212 210 209 208 208 208 208 209 209 209 209 209 209 209 209 209 209 210 210 211 212 213 214 213 213 212 211 211 211 211 211 211 211 211 212 212 212 212 214 214 214 214 214 214 213 214 214 214 214 214 215 215 215 216 217 218 218 220 221 222 223 225 227 230 233 235 238 241 244 248 251 255 258 261 261 260 259 260 259 258 258 258 257 258 258 259 259 260 258 257 255 252 251 249 247 248 246 244 239 235 232 231 229 229 228 228 227 229 235 237 240 242 243 244 247 250 252 252 252 254 257 260 262 264 267 271 273 274 274 273 269 263 260 258 255 252 250 248 246 244 243 243 245 248 250 251 253 255 258 261 264 268 271 272 274 279 281 282 283 284 284 283 281 281 283 286 289 291 292 293 293 293 293 293 293 293 292 293 292 292 293 293 293 293 293 293 292 290 288 286 283 280 278 276 275 274 273 273 274 276 277 277 278 279 281 282 282 282 282 280 279 279 277 277 277 280 283 285 285 285 285 285 285 284 284 283 282 282 281 280 280 279 279 278 277 276 275 273 272 270 269 268 266 264 262 261 259 258 257 256 255 254 253 252 252 251 250 249 248 247 247 246 245 244 243 242 241 240 239 238 237 237 236 235 234 233 234 234 234 234 234 234 234 233 233 233 232 232 231 231 230 230 231 231 230 230 230 230 230 231 229 228 228 229 229 231 234 237 238 237 237 238 237 234 233 232 231 229 229 228 228 228 228 228 227 226 224 223 223 222 222 222 224 224 225 225 226 227 227 229 230 231 231 232 234 235 235 235 235 235 235 234 234 234 234 234 235 235 234 234 234 234 235 235 236 238 239 239 239 240 239 238 238 237 238 238 237 236 235 235 235 235 234 233 232 230
210 210 209 211 213 214 216 218 220 221 222 220 218 215 212 211 210 208 208 208 208 208 209 209 208 208 208 209 209 209 209 210 211 212 214 215 216 216 215 214 213 211 211 211 211 212 211 211 212 212 212 212 213 213 214 214 214 213 213 213 214 214 214 214 214 215 215 215 217 218 218 219 220 221 222 225 227 230 233 235 237 240 243 247 251 254 257 261 262 261 260 261 260 259 259 258 259 259 259 258 259 258 258 256 254 252 250 247 247 246 244 242 238 234 231 230 228 228 228 227 229 235 236 241 243 244 246 247 250 254 255 256 257 258 260 263 265 267 270 273 275 276 276 274 270 265 261 257 255 253 251 249 248 247 245 243 245 247 249 253 252 255 257 259 263 266 269 271 272 276 278 279 280 281 281 279 278 278 281 285 289 291 293 293 294 294 294 294 293 294 294 293 293 293 293 293 294 294 294 294 293 291 289 286 283 280 278 277 275 274 274 274 276 277 278 278 279 279 281 281 281 281 281 281 280 279 277 277 279 281 284 285 285 285 285 285 285 284 283 281 280 279 279 278 277 277 277 277 276 275 274 273 271 270 268 267 265 263 261 259 258 257 256 254 253 252 251 250 249 248 248 248 247 247 246 245 244 244 243 241 240 239 238 237 236 236 235 235 234 233 233 233 233 233 233 233 233 232 232 232 233 232 229 228 226 228 230 230 230 230 230 230 230 231 228 228 228 228 229 230 229 231 234 233 234 234 231 230 228 227 229 227 226 226 227 227 227 227 227 225 224 223 222 222 221 222 224 224 225 225 226 227 228 229 231 231 231 232 234 235 235 235 235 235 235 235 235 235 234 235 235 235 234 234 234 234 235 236 237 238 240 240 240 240 239 238 237 237 236 236 236 235 234 234 234 233 233 232 231 230
210 210 210 210 211 213 215 217 219 220 221 220 217 214 213 212 211 209 209 208 207 208 209 209 208 208 208 209 209 209 210 211 212 214 215 217 218 218 216 212 212 212 212 211 212 212 212 212 212 212 212 212 212 213 213 214 213 213 213 213 213 214 214 214 214 215 215 215 216 217 217 218 219 220 221 224 227 230 233 235 237 239 242 246 250 253 256 260 262 262 261 262 261 260 259 259 259 260 259 258 258 257 256 255 253 250 249 246 246 243 242 240 236 232 230 228 228 227 226 228 234 236 241 243 245 247 248 250 254 256 258 259 260 262 263 265 267 269 272 274 276 278 277 276 272 267 262 258 256 254 252 251 249 248 246 245 244 247 249 252 254 253 255 257 262 264 265 266 269 272 273 274 276 277 277 275 274 276 280 284 287 291 292 293 294 294 294 295 294 294 294 294 294 294 294 294 294 295 295 294 293 291 289 286 284 281 279 277 276 275 275 275 277 278 279 280 279 279 280 280 281 281 281 281 280 279 278 279 281 283 284 285 285 285 285 285 285 284 282 280 278 277 276 276 275 275 275 275 274 274 273 272 271 269 268 266 264 262 261 259 257 256 255 253 252 251 250 249 248 247 247 246 246 245 245 244 244 243 242 240 239 238 237 236 235 235 235 235 235 235 234 234 233 233 233 233 233 232 232 233 233 232 226 226 227 226 226 229 229 229 228 226 228 231 228 228 228 230 233 236 234 231 229 231 228 227 229 233 231 229 229 226 224 224 224 224 225 225 226 225 223 222 222 221 221 223 225 224 225 226 226 227 228 230 231 232 232 233 234 235 235 235 235 235 235 235 236 236 236 235 235 235 234 234 234 234 235 236 238 239 240 241 241 240 240 239 238 236 235 235 234 234 233 232 232 232 232 231 230 230
210 210 210 210 210 212 214 216 218 219 219 218 216 214 212 212 211 210 208 208 208 208 208 209 208 209 209 209 209 210 211 213 214 215 217 218 219 218 217 216 214 213 212 212 212 213 213 213 213 212 212 212 212 212 213 213 213 213 213 213 213 214 214 214 214 215 215 215 216 216 217 218 219 220 221 223 225 228 231 233 236 239 242 245 249 252 255 260 262 263 262 262 262 261 260 259 260 260 260 258 257 256 254 253 251 249 247 246 244 241 239 238 234 231 228 228 227 227 227 232 238 241 243 245 246 248 250 253 257 259 260 262 263 264 265 266 268 270 273 276 278 278 278 277 274 267 263 259 257 255 253 252 250 249 247 246 244 246 248 251 252 252 254 257 260 261 261 263 266 267 269 270 271 273 273 272 272 274 278 282 286 290 292 293 294 294 294 295 295 295 295 295 295 295 295 295 295 295 295 294 293 291 288 286 285 283 280 279 277 276 276 276 277 278 280 280 280 280 280 281 281 281 281 281 280 280 279 280 282 284 285 285 285 286 286 285 285 284 282 281 279 277 275 273 273 272 273 273 273 272 271 271 270 269 267 266 264 263 261 260 258 255 254 253 251 250 249 248 247 246 245 245 245 244 244 243 243 242 241 240 239 238 236 236 236 236 236 236 236 236 236 235 234 233 233 232 232 232 232 234 234 233 229 228 226 226 226 226 226 226 226 229 231 230 229 229 230 231 236 238 239 237 232 230 227 232 238 237 234 232 230 227 226 225 224 223 223 223 223 223 223 222 221 221 221 223 224 225 225 226 227 227 229 230 231 231 233 233 234 235 235 235 235 235 235 235 236 236 236 236 235 234 234 234 234 235 235 237 238 240 241 241 241 241 241 239 238 237 235 233 233 232 232 231 231 231 230 230 230 230
209 210 210 210 209 211 213 215 217 218 217 216 214 212 212 211 210 210 208 208 208 207 208 208 209 209 209 209 210 211 213 214 216 217 218 219 219 219 218 217 216 214 213 213 213 214 213 213 213 213 213 212 212 212 212 213 213 213 213 214 213 214 214 214 214 215 215 215 216 216 217 217 218 220 221 223 225 228 231 233 235 238 241 245 249 251 254 259 262 263 263 262 262 261 260 260 260 260 258 257 256 255 253 252 250 248 246 246 244 240 238 235 233 230 228 227 226 226 228 235 239 242 244 246 247 249 253 256 259 261 262 263 264 264 265 267 269 272 275 277 278 279 279 278 275 269 263 260 258 256 254 252 251 249 249 247 244 246 249 250 250 250 251 254 257 258 258 259 261 262 263 264 264 266 268 269 269 272 275 279 284 289 291 292 293 293 293 293 294 295 295 294 295 295 295 296 296 296 296 295 294 291 289 288 287 285 282 280 278 277 277 277 277 279 279 280 281 281 282 282 282 282 281 281 281 281 281 282 283 284 285 285 286 286 286 285 285 284 282 281 280 278 277 274 272 270 270 270 270 269 269 269 269 268 267 266 265 263 262 260 258 256 254 253 251 250 249 248 247 246 244 244 244 244 244 244 244 243 242 241 240 238 237 236 237 238 238 237 237 237 237 236 235 234 233 233 233 232 233 236 235 235 233 231 230 230 230 230 228 230 230 231 231 230 229 230 230 231 238 241 242 242 237 234 237 239 239 238 236 235 232 230 229 226 225 224 223 222 222 222 221 221 221 221 222 223 224 225 225 226 227 228 229 231 232 231 233 234 235 235 235 235 235 235 235 235 236 236 236 235 235 234 234 234 234 234 235 237 239 240 241 242 242 242 241 241 239 238 236 234 232 231 231 231 230 230 230 230 230 229
210 210 210 210 210 211 213 215 216 216 215 213 212 211 210 210 209 209 208 208 208 207 208 208 209 209 209 211 212 213 214 216 217 218 218 219 219 219 219 218 217 216 215 214 214 215 215 215 214 214 214 213 213 212 212 212 213 213 213 215 214 214 214 214 214 215 215 216 216 217 217 218 218 220 221 223 226 229 231 234 235 238 240 244 248 251 254 258 262 263 262 262 262 261 260 260 260 259 257 256 255 253 252 251 249 247 246 245 242 239 237 234 232 229 226 226 226 227 229 235 240 244 245 247 249 252 255 258 260 262 264 263 263 263 264 265 268 273 276 277 279 280 280 279 276 270 264 261 259 256 255 253 252 251 249 248 245 244 248 250 249 249 249 250 254 254 256 257 258 259 260 261 262 264 265 266 267 270 275 279 283 287 289 291 292 291 291 292 293 293 292 292 293 295 296 296 297 296 296 296 294 292 291 290 290 287 284 281 279 278 279 279 279 279 280 281 281 282 283 283 283 283 282 282 282 282 283 284 285 285 285 286 286 286 286 285 285 284 283 282 281 279 278 275 273 271 269 268 267 267 267 267 267 267 266 266 265 263 262 260 259 257 256 254 252 251 250 249 248 247 246 246 246 246 246 245 245 244 243 242 241 239 237 238 239 240 240 239 239 239 238 237 236 235 234 234 234 233 237 238 236 236 235 234 233 232 232 231 231 231 232 232 231 230 229 230 230 232 239 241 243 242 239 238 241 241 239 238 237 235 233 231 229 226 225 225 225 225 222 222 221 221 221 221 222 224 225 226 227 227 228 229 230 231 232 230 234 234 235 235 236 235 235 234 234 234 235 236 236 235 235 234 234 234 234 234 235 237 238 240 241 242 242 242 242 241 240 239 236 234 232 230 230 230 229 229 229 229 229 229
209 210 210 209 209 211 214 215 215 213 212 211 210 210 209 209 209 209 207 207 207 206 209 208 209 209 210 212 213 215 216 217 218 218 218 219 219 219 219 218 218 217 217 216 216 216 216 216 216 215 215 214 213 213 213 213 214 214 214 214 216 217 215 214 215 215 216 216 216 217 217 218 219 220 221 224 227 230 232 234 236 238 240 244 248 251 254 258 261 262 262 262 261 261 259 259 259 258 256 254 253 252 250 249 247 245 244 242 242 240 236 233 231 229 227 226 228 231 231 236 238 242 247 249 250 253 257 259 261 263 262 261 261 260 261 264 268 272 275 278 279 280 281 278 277 272 266 263 261 258 256 255 253 252 250 248 246 244 245 248 248 248 247 248 251 254 254 254 255 256 258 259 261 263 265 267 268 269 273 278 282 285 288 289 289 289 288 287 289 291 290 289 291 294 295 296 297 297 297 296 295 294 293 292 291 289 286 282 280 279 280 281 281 281 281 281 281 283 283 283 283 283 283 283 283 284 285 285 286 286 286 286 286 286 286 286 285 284 283 282 281 280 278 276 274 273 271 268 266 265 264 264 265 265 266 266 265 263 262 260 259 258 256 255 254 253 251 250 250 249 248 248 248 247 247 246 245 244 244 243 241 239 238 240 241 242 242 241 241 241 240 239 238 237 236 235 235 235 242 244 237 236 236 234 234 233 233 232 232 232 233 233 231 231 230 230 230 233 240 241 242 242 240 241 242 241 240 238 237 235 233 232 229 228 226 226 227 226 223 222 221 221 221 221 222 224 225 227 228 228 229 230 231 231 233 231 234 235 235 236 236 235 234 233 233 233 234 235 235 235 235 234 233 233 233 234 235 236 238 239 240 241 242 242 241 240 239 238 236 233 231 229 229 229 228 228 228 228 228 228
208 209 209 210 209 211 213 214 213 211 210 210 210 210 209 209 208 209 207 207 207 207 209 209 209 210 211 213 214 216 216 217 218 218 218 218 218 219 219 219 219 218 218 217 217 217 217 217 217 216 216 215 214 215 215 215 215 215 215 217 217 217 217 215 215 216 216 217 217 218 218 218 219 220 222 225 228 230 232 233 235 238 240 243 247 251 254 257 261 262 262 261 261 261 259 258 258 258 256 254 251 250 248 247 245 245 244 243 242 241 238 234 232 230 227 229 230 231 231 236 236 236 243 249 251 254 257 259 261 260 259 259 258 257 259 263 267 271 274 277 279 280 281 279 277 274 268 265 263 260 258 257 255 253 252 250 249 247 245 245 247 247 246 246 248 250 253 254 255 256 258 258 260 262 265 268 269 271 273 277 280 284 285 286 286 286 285 284 285 286 286 286 289 291 292 295 297 297 297 297 296 295 294 293 292 289 287 284 282 280 280 282 283 283 282 283 283 284 284 284 284 284 283 284 284 285 286 286 287 287 287 286 286 286 285 285 285 284 283 282 281 280 279 277 275 274 272 270 268 265 263 262 262 263 263 264 264 263 261 260 259 258 257 256 255 254 253 252 251 250 250 249 249 248 248 247 246 245 244 243 242 239 239 241 243 244 244 243 243 242 241 240 239 238 237 237 236 237 247 249 239 236 236 235 235 234 234 233 233 233 233 233 231 230 230 231 231 234 240 241 241 241 241 242 243 242 241 238 237 235 233 231 229 228 228 227 226 225 223 222 221 221 221 221 222 224 226 228 229 229 230 230 231 232 232 232 234 235 236 236 236 235 233 232 232 233 234 235 235 235 234 233 233 233 233 233 234 235 237 238 239 241 241 241 241 239 238 237 235 232 230 229 228 228 227 227 227 227 227 227
209 209 209 210 209 213 214 214 212 210 209 209 209 209 209 208 208 207 207 207 207 207 209 210 211 212 213 214 215 216 216 216 217 217 217 218 218 218 218 219 219 219 219 218 218 218 218 218 218 217 217 216 216 217 217 217 217 216 216 216 217 217 217 215 216 216 217 218 218 219 219 219 219 220 222 224 227 230 231 233 235 237 240 243 247 251 254 258 260 262 261 261 261 260 259 258 258 257 256 254 251 249 246 244 243 243 243 242 240 240 238 234 232 230 227 230 230 230 231 235 236 237 239 248 250 252 255 257 257 257 256 255 253 255 259 263 267 270 274 276 278 280 281 281 278 275 270 267 265 263 261 260 258 255 255 254 252 249 246 245 245 245 245 245 246 248 249 254 256 256 257 258 260 264 269 272 272 273 274 275 279 281 282 281 279 282 282 280 281 281 281 282 285 288 290 293 296 297 297 297 296 296 295 294 292 290 287 286 285 283 281 282 284 284 283 284 285 285 285 285 285 284 284 285 285 286 287 287 287 287 287 286 286 286 285 284 284 283 283 282 281 280 279 277 276 275 274 272 270 267 265 262 260 260 260 261 261 261 260 259 259 258 257 257 256 255 254 253 253 252 251 251 250 249 249 248 247 246 245 244 242 241 241 243 245 245 245 244 244 244 243 242 241 239 238 238 237 240 248 248 239 236 236 235 234 234 234 234 233 233 234 233 232 231 230 231 231 234 239 240 240 241 242 243 243 242 241 238 236 234 232 230 229 228 227 226 225 224 222 221 221 221 220 221 222 224 227 229 230 230 230 231 231 232 230 233 234 235 236 236 236 234 233 233 233 233 234 234 235 235 234 233 232 232 232 233 233 234 236 237 238 240 240 240 240 238 237 235 234 231 230 228 227 227 227 226 226 226 226 226
209 209 209 210 211 216 214 214 212 210 209 209 209 209 209 207 207 207 207 207 206 208 209 211 212 213 214 213 215 215 216 216 216 216 216 217 217 218 218 218 219 219 219 219 219 219 219 219 219 218 218 218 218 218 218 218 218 217 217 216 217 216 217 217 218 218 218 218 219 220 219 220 220 220 222 224 227 229 230 233 235 238 240 244 248 251 254 258 260 262 261 260 260 260 258 257 256 256 255 253 250 247 245 243 241 241 242 240 240 240 238 234 232 230 230 229 230 230 231 236 236 237 238 246 248 248 250 252 253 254 253 251 251 254 258 263 267 270 273 276 278 280 282 282 280 278 273 270 268 267 267 265 262 257 258 259 256 253 251 248 246 246 246 246 245 246 248 250 256 256 256 259 263 269 274 277 277 277 278 276 277 278 278 277 275 277 277 277 277 278 279 280 284 287 290 293 296 297 297 297 296 296 295 294 293 291 288 288 287 285 283 283 284 285 284 285 286 286 286 286 285 285 286 286 286 287 287 288 288 287 286 286 285 284 284 283 283 282 282 281 280 279 278 277 276 275 274 273 272 269 266 264 261 259 257 257 258 258 257 257 257 257 257 257 257 255 255 254 253 253 252 252 251 251 250 250 248 247 245 244 243 241 241 244 245 246 245 245 245 245 244 243 242 240 239 238 238 238 239 239 237 235 235 234 234 234 234 233 233 233 234 233 232 231 231 231 231 234 238 238 239 240 242 242 242 242 240 238 235 233 231 230 229 227 226 225 223 222 221 221 221 221 221 221 223 225 228 229 230 231 231 232 232 232 229 233 234 235 235 236 236 235 235 235 234 234 234 234 234 234 234 233 232 232 232 232 233 233 234 235 237 238 239 239 239 237 236 234 232 231 229 228 227 226 226 226 226 226 226 226
209 209 208 208 212 213 213 213 212 210 209 208 209 209 208 208 207 207 207 207 207 209 211 212 213 213 214 214 215 215 216 216 216 216 216 217 217 217 217 217 218 218 219 219 219 220 220 220 220 219 219 219 219 219 219 219 219 218 218 217 216 216 218 219 220 219 220 220 220 221 221 220 221 221 222 225 226 228 231 234 236 239 242 244 247 251 255 258 261 262 261 259 259 258 256 255 254 254 253 252 249 246 244 242 240 238 239 240 241 238 236 233 228 230 230 231 232 233 234 236 237 237 238 239 242 244 247 248 249 249 249 249 250 254 258 262 266 270 273 276 279 281 283 283 282 280 277 274 272 272 271 270 266 262 261 261 260 257 255 252 250 248 248 248 247 247 249 250 251 256 253 257 265 273 278 280 281 281 281 279 275 274 274 273 273 273 274 274 274 275 277 280 283 288 293 295 297 298 298 298 298 297 297 296 294 293 291 290 289 288 286 285 286 286 286 287 287 287 287 287 287 287 287 287 287 288 288 288 287 287 286 285 284 283 282 281 281 281 280 279 279 278 277 276 276 275 275 274 273 270 268 265 263 261 258 256 255 255 255 255 255 256 256 256 256 256 255 254 254 253 253 252 252 252 251 250 249 248 247 245 243 241 243 245 246 246 246 245 245 245 245 244 243 241 240 239 238 239 239 238 236 235 234 234 234 234 233 233 233 233 234 234 232 232 233 233 233 233 237 238 239 240 242 242 242 241 239 237 234 232 231 229 228 226 225 223 222 222 221 221 221 221 221 222 224 226 228 230 231 232 232 233 233 233 231 234 235 235 236 236 236 236 236 236 235 234 234 234 234 234 233 233 232 232 231 231 231 232 233 235 236 237 238 239 238 237 235 234 232 230 229 228 227 226 226 226 225 225 225 226
209 209 208 209 212 213 213 213 212 210 209 209 208 208 208 207 207 207 207 207 208 210 212 212 213 213 214 214 214 215 215 216 216 216 216 216 217 217 217 217 218 218 218 218 219 219 220 220 220 220 220 220 220 220 220 220 220 219 219 218 217 216 218 219 220 220 220 221 221 219 222 221 221 222 223 225 227 229 231 234 237 239 242 245 248 251 255 258 261 262 261 259 258 257 255 253 251 251 251 250 247 245 243 240 238 236 236 236 235 234 231 229 230 231 232 233 235 235 236 236 237 237 237 237 237 240 243 244 245 246 247 248 251 254 258 262 266 270 273 276 279 281 284 285 284 282 279 277 275 274 273 271 267 265 264 264 261 259 257 254 252 251 250 250 250 250 251 252 252 252 254 254 262 270 277 281 282 282 281 278 274 270 269 269 268 270 270 271 271 273 275 279 282 287 292 296 297 299 299 299 298 298 297 296 295 294 293 292 291 290 288 287 287 287 287 288 288 288 288 288 288 288 288 288 288 288 288 288 287 287 286 285 283 282 280 279 279 278 278 277 276 276 276 275 275 274 274 274 272 271 269 267 265 263 260 258 255 254 254 253 253 254 255 255 255 255 255 254 253 252 252 252 251 251 251 250 249 248 247 245 243 241 244 245 245 246 246 245 245 245 244 244 243 242 241 240 240 240 239 237 236 235 235 234 234 234 233 233 233 233 234 235 238 236 234 234 237 233 236 237 238 241 242 242 242 240 238 236 233 232 230 227 227 226 224 223 222 221 221 220 220 220 221 223 225 227 228 230 231 232 233 233 234 232 231 233 234 235 236 236 237 237 236 236 235 234 233 233 233 233 233 233 233 232 231 231 230 231 232 233 234 236 236 237 237 236 235 233 231 230 228 227 226 226 226 225 225 225 225 226
209 209 208 211 212 213 213 213 211 210 209 209 208 208 208 207 207 207 207 208 210 211 212 212 213 213 213 214 214 215 215 215 216 216 216 216 216 216 217 217 217 218 218 218 218 219 219 220 220 220 220 220 221 221 221 221 221 221 220 219 218 217 218 219 220 220 221 221 222 222 222 222 222 222 223 225 227 229 231 234 237 240 242 244 247 250 254 257 260 261 260 258 257 256 254 252 250 249 248 247 245 243 241 239 237 234 233 232 232 229 229 229 230 231 233 234 236 236 236 237 237 237 237 237 236 237 238 240 242 243 246 248 251 254 258 262 267 270 273 276 279 281 284 286 286 284 282 279 278 276 274 272 270 269 269 267 263 260 257 255 253 253 252 252 252 252 253 254 254 255 254 253 259 266 273 278 280 281 279 275 270 267 265 265 266 269 270 272 273 274 277 281 285 287 291 295 298 299 300 300 299 298 298 297 296 295 294 293 292 292 291 289 288 288 288 289 289 289 289 288 288 288 288 288 288 288 288 287 287 286 286 285 283 281 279 277 276 276 275 275 274 274 274 274 273 274 273 273 272 271 270 268 266 264 262 260 258 255 253 252 251 251 252 253 253 253 253 252 252 251 251 250 250 250 249 249 248 247 245 244 242 243 244 245 245 245 245 245 245 244 244 244 243 242 241 241 240 240 238 236 235 235 235 235 235 235 234 233 236 236 236 235 234 232 233 234 236 235 236 238 239 241 242 242 242 239 236 234 232 231 230 229 227 225 223 222 222 221 220 220 220 220 222 224 226 228 229 230 231 232 232 233 234 229 231 233 233 235 236 236 236 237 236 235 234 234 232 231 231 232 233 233 233 232 232 231 230 230 231 232 233 234 234 235 235 235 234 232 231 229 228 227 226 226 226 226 225 225 225 225
209 208 207 211 213 213 213 213 212 210 209 209 208 208 208 207 207 206 208 209 210 211 212 212 212 213 213 214 214 214 215 215 215 216 216 216 216 216 216 217 217 217 218 218 218 219 219 220 220 220 220 221 221 221 221 222 222 221 221 220 219 217 217 219 220 220 220 221 221 222 222 222 222 222 224 225 227 229 231 234 236 239 241 243 246 249 253 256 259 259 259 257 256 255 254 251 249 247 246 245 243 241 239 236 234 231 229 228 229 228 229 229 229 230 232 235 236 237 237 237 239 239 240 240 239 238 237 238 240 242 245 248 251 255 259 263 267 270 273 276 279 281 284 287 288 287 284 282 279 277 275 273 273 273 272 269 265 261 258 256 255 254 254 253 254 254 254 255 256 257 258 257 258 262 269 273 275 277 276 272 267 264 263 265 268 270 273 276 277 277 279 284 289 291 293 296 298 300 300 300 299 298 298 297 296 295 294 294 293 293 292 291 290 290 289 290 290 289 289 288 288 288 287 287 287 287 287 287 287 286 286 285 284 282 280 278 276 274 273 273 272 272 272 272 272 272 272 272 271 270 269 268 267 265 263 261 259 257 255 253 251 250 250 251 251 251 251 251 250 249 249 249 249 248 248 247 246 245 244 242 243 244 245 245 245 245 245 245 244 244 244 244 243 242 241 241 240 239 237 236 235 235 235 236 236 236 236 234 236 236 236 236 234 233 234 235 238 237 237 238 240 241 242 242 241 237 234 232 230 230 229 232 229 225 223 222 222 221 219 219 220 221 222 224 227 229 230 231 231 232 232 233 233 228 231 233 234 235 236 236 236 236 235 235 234 233 231 230 230 230 232 233 233 232 232 231 230 229 230 230 231 232 233 233 233 233 232 231 230 228 228 228 226 226 226 226 225 225 225 224
206 208 208 210 212 212 213 214 212 211 210 209 208 208 207 207 207 207 207 209 210 211 211 212 212 212 213 213 214 214 215 215 215 215 216 216 216 216 216 217 217 217 217 217 218 218 219 220 220 220 220 221 221 221 221 222 222 222 222 220 219 218 217 218 219 219 220 220 221 221 222 222 222 222 223 224 226 228 230 233 235 238 240 243 245 248 251 254 257 258 257 256 255 254 252 249 247 244 242 241 240 238 235 232 230 227 228 227 228 228 229 229 229 230 232 235 237 237 238 240 242 242 243 242 242 241 240 239 240 242 245 248 251 254 259 263 266 270 273 276 279 282 285 287 288 288 285 283 281 279 277 276 277 277 275 271 267 263 260 258 257 255 255 255 255 255 255 256 257 258 259 259 258 259 263 266 268 271 272 271 267 263 263 265 268 272 276 279 281 281 282 285 290 294 297 298 299 300 301 301 300 299 298 297 297 296 295 294 293 293 292 292 291 291 291 290 290 290 289 289 288 288 286 286 286 286 286 286 286 286 286 285 284 282 281 279 277 274 273 271 270 270 269 270 270 270 270 270 270 269 269 268 267 266 264 263 261 258 256 254 253 251 249 249 249 249 249 249 248 248 247 247 247 246 246 245 244 243 243 243 245 245 245 244 244 244 244 244 244 244 243 243 243 242 241 241 237 235 236 237 235 236 236 237 237 238 237 236 236 237 236 236 235 233 235 236 240 236 237 239 240 241 242 241 239 235 232 229 228 227 228 228 227 226 225 223 222 221 220 219 220 221 222 224 227 228 230 231 231 231 231 232 232 229 233 233 234 234 235 234 234 234 234 234 233 232 230 229 229 230 231 232 232 232 232 231 231 230 229 229 229 230 231 231 231 231 231 230 229 228 226 227 226 226 226 226 225 225 225 224
209 209 208 210 212 213 214 213 214 212 211 209 208 207 207 208 208 208 208 209 210 210 211 211 211 212 212 212 213 214 214 215 215 215 215 215 216 216 216 216 216 217 217 217 218 218 219 219 220 220 220 221 221 221 222 222 222 222 222 221 220 219 218 218 218 219 219 220 220 221 221 221 221 222 223 224 226 228 230 232 235 237 240 242 245 247 250 253 255 256 257 256 254 251 249 247 244 242 239 238 237 235 232 229 226 226 227 227 228 228 229 230 230 231 232 234 237 239 241 243 245 246 245 245 244 244 242 241 241 242 244 247 250 254 258 263 266 270 274 276 279 282 285 287 289 288 287 284 283 282 280 280 280 279 276 273 269 266 263 260 258 257 257 257 256 256 256 257 258 259 261 261 259 258 259 260 261 263 266 267 265 263 263 265 267 271 276 281 284 285 285 287 290 294 298 300 301 301 301 301 300 299 298 297 296 296 295 294 293 293 292 292 292 292 291 291 291 290 290 289 288 288 286 285 285 285 285 285 286 285 285 284 284 282 281 279 277 275 273 273 272 271 269 268 267 267 268 268 268 268 267 266 266 265 264 262 261 259 258 255 253 251 249 248 248 248 248 247 247 246 246 246 245 245 245 244 244 244 244 245 246 245 245 243 243 243 243 243 243 243 243 243 243 242 241 240 235 235 235 236 238 237 237 238 239 239 238 237 238 237 237 237 236 236 235 238 238 236 237 238 240 241 241 240 237 233 229 227 228 228 227 226 225 224 224 223 222 221 220 219 220 221 222 224 226 228 230 231 231 230 231 231 229 232 233 233 234 233 234 233 233 233 233 232 232 231 230 229 228 228 230 231 231 231 231 231 231 230 228 228 228 228 229 229 229 230 230 229 227 227 227 227 226 226 226 226 226 225 225 224
209 209 208 210 212 211 212 214 214 213 211 210 209 207 207 208 208 208 208 209 209 209 210 210 211 211 211 212 213 214 214 214 215 215 215 215 215 215 215 215 216 216 217 217 217 218 218 219 220 220 220 221 221 221 222 222 222 222 222 222 221 220 219 219 218 218 219 219 220 220 220 221 221 222 223 224 226 227 230 232 234 237 239 242 244 247 249 252 254 256 256 255 252 250 246 244 241 239 236 235 234 232 230 226 225 221 224 227 228 229 230 230 231 232 233 236 240 243 245 249 252 251 250 249 248 248 246 243 241 243 244 247 249 254 259 264 267 270 274 277 280 282 285 287 289 289 287 287 285 284 283 283 282 281 278 275 272 269 266 263 260 258 258 257 257 257 257 258 259 260 262 263 261 259 258 256 255 257 259 261 261 261 262 264 266 269 273 280 285 288 290 291 293 296 298 300 301 302 301 301 300 299 298 297 296 295 295 293 293 292 292 292 292 291 291 291 291 291 290 289 289 288 286 285 283 284 284 284 284 284 284 284 283 282 281 279 278 276 275 275 274 273 271 269 267 266 265 265 265 265 264 264 263 263 263 262 260 260 258 256 254 251 249 248 249 249 249 248 248 247 246 245 245 245 245 245 245 246 246 246 246 245 244 243 242 242 242 242 241 241 242 242 242 242 241 235 235 235 237 239 241 241 239 239 240 240 239 238 238 239 238 238 237 236 236 239 237 237 234 239 240 241 241 239 236 232 229 228 227 226 226 225 224 223 223 222 222 221 220 219 220 220 221 223 225 227 229 230 230 230 230 229 228 230 231 232 233 233 233 232 232 232 231 231 230 230 229 228 227 227 229 230 230 231 231 231 231 230 229 228 227 227 227 228 228 228 229 229 228 227 227 227 226 226 226 226 226 225 224 224
207 209 208 208 210 210 210 215 214 213 211 210 208 207 208 208 208 208 208 208 209 209 210 210 210 211 211 212 213 214 214 214 214 214 214 214 215 215 215 215 215 216 216 217 217 218 218 219 219 220 220 221 221 221 221 222 222 222 222 222 221 221 220 220 219 219 218 219 219 220 220 221 221 222 223 224 225 227 229 232 234 236 239 241 244 246 249 251 253 255 255 253 251 247 243 240 238 236 234 232 231 230 226 222 222 223 225 228 229 230 231 233 235 235 237 240 243 246 251 257 260 260 259 256 253 251 249 245 243 243 245 246 249 253 258 264 268 271 274 277 280 283 285 287 289 289 289 288 287 287 286 285 284 281 279 276 274 271 268 265 261 259 259 258 258 258 259 260 261 261 263 264 264 262 260 258 255 254 254 256 258 259 261 264 266 268 271 276 283 287 290 293 295 297 298 300 302 302 301 301 300 299 298 297 296 295 294 293 292 292 291 291 292 291 291 291 291 291 290 290 289 288 287 285 283 282 282 283 283 283 283 283 283 282 281 280 279 277 276 276 275 274 273 271 269 268 267 266 264 263 262 262 261 261 261 261 260 259 258 256 253 250 249 250 251 251 251 250 249 249 248 247 247 247 248 248 248 248 247 247 247 245 244 243 242 242 242 241 240 240 241 241 240 240 239 235 235 237 240 241 242 243 242 241 241 241 240 239 239 239 239 239 238 238 236 237 238 238 238 239 241 242 240 237 234 231 227 227 226 225 225 224 223 223 222 222 221 220 219 219 220 221 222 223 225 227 228 229 229 229 229 228 228 231 231 232 232 232 231 231 231 230 230 229 229 228 228 227 227 227 227 228 229 230 231 231 230 230 230 229 228 227 227 226 226 227 227 228 228 228 227 227 227 227 227 227 226 225 224 224
209 208 208 208 209 209 211 210 213 213 210 209 208 207 207 208 208 208 208 208 208 209 209 209 210 210 211 212 213 213 214 214 213 213 214 214 214 214 214 214 215 215 216 216 217 217 218 219 219 220 220 220 221 221 221 222 222 222 222 222 221 221 221 221 220 220 219 219 219 220 220 220 221 221 223 224 225 227 229 232 234 236 238 241 243 246 248 251 253 254 254 252 248 244 240 237 235 233 231 230 230 228 224 222 220 223 227 229 230 232 235 238 238 239 241 243 246 251 257 261 264 266 264 263 258 255 252 249 245 244 245 247 249 253 259 263 268 271 274 277 280 283 285 287 289 290 290 289 289 288 287 286 285 282 279 277 274 271 268 265 263 262 261 261 260 260 261 262 263 264 264 266 267 265 263 259 257 255 253 253 256 259 261 263 265 267 270 274 279 284 289 292 295 297 299 300 301 302 301 301 300 299 298 297 296 295 294 293 292 291 291 291 291 291 291 291 291 291 290 290 289 288 286 285 283 280 280 281 281 282 282 282 282 282 281 280 279 278 277 277 276 275 274 273 271 270 270 268 267 265 263 263 261 259 259 259 259 259 257 254 253 251 252 253 253 253 253 252 251 250 250 250 250 250 251 251 250 249 248 248 247 246 245 244 243 243 242 241 241 240 240 240 239 240 240 235 237 239 241 243 244 244 242 242 241 241 241 240 240 240 239 238 238 238 237 237 238 239 240 238 241 241 240 236 232 230 228 227 226 224 223 222 222 222 222 221 220 219 219 219 220 221 222 223 225 226 227 228 228 228 228 232 232 229 230 230 230 230 230 230 229 229 228 228 227 227 227 226 225 226 226 228 229 230 231 230 230 230 230 229 228 227 227 226 226 226 226 226 227 226 226 226 227 227 227 227 226 225 224 224
209 208 208 206 208 208 209 208 212 211 209 208 208 207 207 207 208 208 208 208 208 208 209 209 209 210 210 211 212 213 213 213 213 213 213 213 213 213 213 214 214 215 215 216 216 217 218 218 219 219 220 220 220 221 221 221 222 222 222 222 222 222 221 221 220 220 220 219 220 220 220 220 221 221 223 224 225 227 229 231 234 236 238 241 243 246 248 250 253 254 253 250 246 241 238 235 232 231 229 229 228 225 223 222 223 225 228 230 232 236 239 241 242 242 243 246 249 254 259 262 266 268 268 265 263 259 256 252 248 245 245 248 250 254 260 264 268 272 275 278 280 283 285 287 289 290 290 290 290 289 288 287 284 282 279 277 274 271 268 266 266 265 264 263 262 262 263 264 265 266 267 268 269 267 265 261 259 257 255 253 254 258 260 262 264 267 269 272 277 283 288 292 295 297 298 299 301 301 301 301 300 299 298 297 296 295 293 292 291 290 290 290 290 290 290 291 291 290 290 290 289 288 286 284 282 280 278 278 279 280 280 280 281 281 281 280 279 278 277 277 276 276 274 273 272 271 270 270 268 267 265 264 263 261 259 259 259 259 259 254 253 254 256 257 257 256 255 254 253 253 253 253 252 252 253 252 252 251 249 248 248 246 245 244 244 244 244 242 242 242 241 240 240 240 240 238 240 240 241 243 244 243 241 241 241 241 241 241 241 240 239 238 237 237 238 238 238 240 241 234 240 240 238 234 231 227 228 227 225 223 222 221 221 221 221 220 219 219 220 220 220 221 222 223 224 226 226 227 227 228 229 228 227 228 229 229 229 229 229 229 228 227 227 226 226 226 226 225 225 225 225 226 229 230 230 229 229 229 230 229 229 228 227 226 225 225 225 225 225 225 226 226 226 227 228 227 226 225 224 224
209 209 208 208 208 208 209 207 209 210 208 208 208 207 207 207 207 208 208 208 208 208 208 209 209 209 210 211 212 212 212 212 212 212 212 212 212 213 213 213 214 214 215 215 216 216 217 218 218 219 219 220 220 220 221 221 221 222 222 222 222 222 222 221 221 220 220 220 220 220 220 220 221 221 223 224 226 227 229 231 233 236 238 240 243 245 247 250 252 252 251 248 243 239 236 233 231 229 227 227 224 225 223 221 224 227 230 232 235 238 242 244 245 245 246 248 252 257 260 263 267 269 269 268 266 263 259 255 251 248 247 248 251 255 260 265 269 272 275 277 280 283 285 287 289 290 291 290 290 290 288 287 284 282 280 277 275 271 270 269 268 267 266 265 264 264 265 266 267 269 270 271 271 269 266 263 259 258 256 254 253 256 259 261 263 266 269 273 278 283 288 292 294 294 295 297 299 300 300 300 300 299 298 297 295 294 293 292 291 290 289 289 289 289 289 290 290 290 289 289 288 287 286 284 282 280 278 276 276 277 277 278 279 280 280 279 278 278 277 277 276 275 274 273 271 271 270 269 268 267 265 264 263 261 259 259 259 259 259 259 258 259 260 260 259 258 257 256 255 255 255 255 255 255 255 254 253 252 251 249 248 247 246 246 245 245 245 244 244 243 241 241 241 241 240 240 241 241 241 242 243 242 241 241 240 241 241 241 241 240 239 237 237 237 237 237 238 240 241 241 239 238 235 232 229 228 227 226 224 223 222 221 220 220 220 220 219 219 221 221 221 220 221 222 224 225 226 226 227 226 226 227 226 227 228 228 228 228 228 228 227 226 225 225 225 224 224 225 224 224 224 225 227 228 228 228 228 228 229 230 229 228 227 226 225 225 224 224 224 224 225 226 226 227 228 227 226 225 224 224
209 206 209 209 208 208 207 207 207 206 206 206 208 207 205 207 207 207 208 208 208 208 208 208 209 209 210 210 211 211 211 211 211 211 212 212 212 212 213 213 213 214 214 214 215 216 216 217 218 218 219 219 220 220 221 221 221 222 222 222 222 222 222 221 221 220 220 221 221 221 221 221 221 222 223 224 226 227 229 231 233 235 238 240 242 244 246 249 251 251 250 247 241 237 234 232 229 227 225 223 223 223 222 222 226 229 231 234 237 241 244 246 247 248 249 251 254 257 261 264 267 270 270 269 268 266 263 259 254 251 249 249 251 255 261 266 269 271 274 276 279 282 285 287 289 290 291 291 290 290 288 287 285 282 280 278 275 274 273 272 271 270 269 268 267 266 267 268 270 271 273 274 273 271 268 265 262 259 257 256 254 254 257 259 263 267 272 276 279 284 288 291 292 291 292 294 297 298 299 299 298 298 297 296 295 294 293 292 290 289 289 288 288 288 288 289 289 289 289 288 287 286 285 283 282 280 278 276 274 274 275 276 277 277 278 277 277 277 276 276 275 274 273 270 270 269 268 267 266 265 264 263 261 260 259 259 259 259 259 259 261 263 263 262 261 260 259 258 257 257 257 256 256 256 256 256 254 253 251 250 248 248 247 247 246 246 246 246 245 243 243 242 242 241 240 241 241 241 241 241 241 242 241 240 240 241 241 241 240 240 239 237 237 237 236 236 238 240 241 240 233 235 232 230 228 226 226 225 224 223 222 221 220 220 220 220 220 221 223 222 221 220 221 222 223 225 225 226 226 226 227 227 226 226 227 227 227 227 227 227 226 225 224 224 224 224 224 224 224 223 223 223 224 225 225 225 225 227 228 229 229 229 228 227 226 225 224 224 224 224 225 226 227 227 227 227 226 225 224 224
209 209 209 209 207 207 207 206 206 206 206 206 207 207 207 207 207 207 207 208 208 208 208 208 208 209 209 210 210 210 210 210 211 211 211 212 212 212 212 213 213 213 214 214 215 215 216 216 217 218 219 219 219 220 220 221 221 221 222 222 222 222 222 222 221 221 221 221 221 221 221 221 221 222 223 224 226 227 229 231 233 235 237 239 241 244 246 248 250 250 249 245 240 236 233 230 228 225 223 221 221 222 222 224 227 230 233 235 239 244 247 249 249 250 252 254 256 259 261 264 267 269 271 271 270 269 266 262 257 254 251 251 252 255 260 266 269 271 273 275 278 281 284 287 288 290 291 291 291 290 289 287 285 283 281 278 277 275 276 275 274 273 272 271 270 269 270 271 272 274 276 277 276 273 270 267 265 262 256 257 255 251 255 260 264 269 274 278 281 285 287 289 290 289 289 292 295 297 297 297 297 296 296 295 294 293 292 291 290 289 288 287 287 287 287 287 288 288 288 287 286 285 284 283 281 280 278 277 275 273 272 273 274 275 276 276 275 275 275 274 273 272 271 268 266 265 264 263 262 261 260 260 259 259 259 259 259 259 259 262 263 265 265 264 263 262 261 260 260 259 258 258 258 257 257 257 255 253 252 250 249 248 248 247 247 247 247 247 245 244 244 243 242 242 242 242 242 241 240 241 241 241 241 240 240 241 241 241 240 239 238 237 236 236 235 236 238 240 240 239 236 233 231 227 226 225 225 225 224 223 222 221 220 220 220 220 221 222 223 222 221 221 221 222 223 225 225 225 225 226 228 226 226 226 226 226 226 226 227 226 226 225 224 223 223 223 223 224 223 223 222 222 222 223 223 223 224 225 227 228 229 229 228 227 226 225 224 223 224 224 225 226 227 227 226 226 225 225 224 223
209 209 208 208 209 207 209 206 206 206 206 206 207 207 207 207 207 205 207 207 207 208 208 208 208 208 209 209 209 210 210 210 209 211 211 212 212 212 212 212 212 213 213 214 215 215 215 216 216 217 218 219 219 219 220 220 220 221 221 222 222 222 222 222 221 221 221 222 222 221 221 221 222 222 223 224 225 227 229 231 233 235 237 239 241 243 245 247 249 250 249 245 240 236 232 229 226 222 222 220 221 223 225 228 230 231 234 236 241 248 250 251 252 253 255 257 260 261 262 264 267 269 270 271 271 270 269 265 260 256 254 253 253 255 260 265 268 269 271 274 277 280 283 285 287 289 290 291 291 290 289 288 286 283 281 279 278 277 278 278 277 276 275 274 273 273 273 274 275 277 279 280 279 277 273 270 268 266 263 259 256 254 255 261 265 270 275 280 283 285 286 287 287 286 287 291 293 295 295 295 295 295 295 294 294 293 292 291 289 288 287 286 285 285 285 286 286 287 287 286 285 284 283 282 281 280 279 278 276 274 272 271 271 273 273 273 273 274 274 272 270 268 268 266 263 262 261 260 259 259 259 259 259 259 259 259 259 260 263 264 266 267 267 265 264 263 262 261 261 260 259 259 259 259 258 257 256 254 253 252 251 250 249 248 248 248 248 247 246 245 245 243 243 243 243 242 242 240 240 241 241 241 241 241 241 241 241 241 240 239 238 237 236 236 235 236 237 239 239 238 234 232 227 227 225 224 224 225 224 223 223 221 220 220 220 220 221 222 222 222 221 221 221 223 224 225 225 225 225 227 226 226 226 226 226 226 226 226 226 226 225 225 224 223 223 222 223 223 222 222 222 222 222 222 222 223 223 224 226 228 229 229 228 227 226 225 224 223 223 223 224 225 226 226 226 225 225 224 224 223
209 209 209 208 208 209 207 207 209 206 206 206 207 207 207 207 207 207 207 207 207 207 207 208 208 208 208 209 209 209 210 210 210 211 211 211 212 212 212 212 212 213 213 214 214 215 215 215 215 216 217 218 218 219 219 219 220 221 221 221 221 221 222 222 222 222 222 222 222 222 222 221 222 222 223 224 226 228 230 231 233 235 237 239 241 243 244 246 248 249 249 245 241 235 230 226 222 218 220 221 223 226 228 230 232 233 235 238 244 250 252 253 254 256 259 261 262 262 263 265 267 268 269 270 270 271 270 268 263 259 257 255 254 255 259 263 265 268 270 273 276 278 280 282 285 288 289 291 291 291 290 288 286 284 282 280 279 279 280 280 280 280 279 278 277 277 276 277 278 280 282 282 281 279 277 274 272 270 266 262 259 256 256 261 266 270 276 280 283 284 284 284 283 282 285 288 291 293 294 294 294 294 294 294 293 293 292 290 289 288 287 285 284 284 284 284 285 285 285 285 284 283 282 281 280 279 278 277 276 275 272 270 269 269 270 271 271 271 272 271 269 267 265 263 262 262 262 262 262 261 260 260 260 259 259 259 260 263 265 266 267 268 268 267 265 264 263 263 262 261 260 260 260 260 259 258 257 256 255 253 252 251 250 249 248 248 248 247 247 246 245 243 243 243 243 243 242 241 241 241 240 240 240 240 240 240 241 240 240 239 238 237 236 236 235 236 236 237 237 234 233 227 232 225 223 223 223 224 223 223 223 222 221 220 218 219 220 221 222 222 221 222 223 224 225 225 225 225 225 227 225 225 226 225 225 226 226 226 225 225 225 224 223 223 222 222 222 222 222 222 221 221 222 222 222 223 223 224 226 227 228 228 227 226 225 224 223 223 223 223 224 225 225 225 224 224 223 223 223 223
209 209 209 208 208 209 207 207 207 205 205 206 205 207 205 207 207 207 207 207 207 207 207 207 208 208 208 208 208 209 210 210 210 211 211 211 211 211 212 212 212 212 213 213 214 214 214 215 215 215 216 217 217 218 219 219 220 221 221 221 221 222 222 222 222 222 222 222 222 222 222 222 222 222 223 224 226 228 230 232 234 235 237 239 241 242 244 245 247 248 248 246 241 235 229 225 219 221 221 223 225 228 231 232 234 235 237 239 246 251 253 254 257 259 262 263 264 264 264 265 266 267 268 269 270 271 271 270 267 263 260 259 257 256 258 260 263 266 268 271 274 277 278 280 282 286 288 290 291 291 290 289 287 285 283 281 280 281 281 282 283 284 283 282 281 280 280 280 281 282 282 282 281 280 278 276 274 270 265 261 258 255 263 262 266 271 276 279 281 281 281 280 279 279 281 284 288 291 291 292 292 293 293 294 293 293 292 291 290 289 288 286 284 282 282 282 283 283 283 283 282 281 280 279 278 277 277 276 275 274 271 270 269 268 267 267 268 269 270 270 268 266 264 264 265 266 266 266 265 264 264 264 263 262 262 263 264 266 267 267 268 268 268 268 267 265 264 264 263 262 261 261 261 261 260 259 258 257 257 255 254 253 252 250 249 249 248 247 247 246 245 244 244 244 244 243 242 241 241 240 240 239 239 239 239 240 240 239 239 238 238 237 236 236 236 236 234 235 234 231 228 229 227 224 222 223 223 223 222 222 222 222 221 220 218 219 220 221 222 222 222 222 223 224 224 225 225 226 226 226 225 225 225 225 225 225 225 225 225 224 224 223 222 222 222 222 221 221 221 221 221 221 221 222 222 223 224 224 224 225 226 225 224 224 223 223 222 222 222 223 224 224 224 223 223 223 223 223 223 223
209 209 209 208 208 209 208 207 206 207 207 206 206 206 206 207 207 207 207 207 207 207 207 207 207 208 208 208 208 209 210 210 210 211 211 211 211 211 211 211 211 212 212 213 213 214 214 214 214 215 215 215 217 218 219 219 220 221 221 221 221 222 222 223 223 223 223 223 223 223 223 222 222 223 223 225 227 228 230 232 234 235 237 239 240 242 243 244 245 247 248 246 242 235 229 223 222 221 223 226 228 230 232 234 235 237 238 241 248 252 254 256 258 261 263 265 265 264 263 264 264 265 266 268 269 271 272 271 270 266 263 262 260 259 259 260 261 264 267 269 272 274 276 277 280 283 286 289 290 291 291 289 288 286 284 283 282 282 283 284 285 285 286 285 284 283 282 282 281 282 282 281 280 278 277 275 272 268 263 260 256 254 258 263 265 270 275 277 278 278 278 277 276 277 279 282 285 287 289 291 293 293 294 294 294 293 292 291 290 290 289 287 285 283 281 280 281 281 281 280 280 279 278 277 276 275 275 274 273 271 270 271 272 271 269 267 267 267 268 268 266 265 264 266 268 269 270 270 269 268 268 267 266 266 266 266 266 267 268 268 268 268 268 268 267 266 265 264 263 262 262 262 262 261 261 260 259 258 257 257 255 254 253 252 250 249 248 247 246 245 244 244 244 244 244 242 242 241 240 239 238 238 237 237 237 238 238 238 238 238 237 237 236 237 237 237 235 232 229 227 226 226 225 226 222 222 222 222 222 222 222 222 221 220 219 218 220 222 223 223 223 223 223 224 224 224 225 225 226 224 227 225 225 225 225 225 225 225 224 223 223 222 222 222 221 221 221 221 222 222 222 222 222 222 222 223 223 223 223 223 222 222 222 222 222 222 222 222 222 222 223 223 223 223 223 223 223 223 223 223
208 208 208 208 208 208 208 209 212 208 206 206 206 206 206 208 207 207 207 207 207 207 207 207 207 208 208 208 208 209 209 210 210 210 210 210 210 210 210 211 211 211 211 212 213 213 213 213 214 214 210 214 217 218 219 220 220 221 221 221 222 222 223 223 223 223 223 223 223 223 223 223 223 223 223 224 226 228 231 232 235 236 238 239 240 241 241 241 243 244 246 245 242 236 229 223 219 221 224 227 230 232 234 235 237 239 241 243 249 253 255 257 258 259 261 262 262 261 261 262 263 264 265 266 268 271 272 273 272 270 267 265 264 263 262 263 263 263 265 268 271 272 274 275 278 281 285 287 290 291 291 290 289 287 286 285 284 284 285 286 286 287 287 286 285 284 283 282 281 281 280 279 277 275 272 271 268 265 262 258 255 255 259 263 265 264 272 273 274 274 275 278 279 278 280 282 284 288 293 297 298 295 294 294 294 293 292 292 291 291 290 289 287 284 282 280 279 279 278 278 278 277 276 275 274 273 273 273 272 271 273 274 275 274 273 271 269 268 267 266 265 265 267 269 271 272 273 273 273 272 271 270 269 269 268 268 269 269 269 269 268 268 269 269 268 267 266 265 264 263 263 262 262 262 261 260 259 259 258 257 257 255 254 253 252 250 249 248 247 245 245 245 244 244 243 241 240 240 239 238 237 236 236 236 236 236 237 238 237 237 237 237 238 238 239 238 235 231 228 226 225 224 223 222 222 222 222 222 222 222 223 222 221 220 219 217 221 222 224 224 224 223 224 224 224 224 224 224 225 225 225 224 224 224 225 225 225 225 224 223 222 222 222 221 221 221 222 222 223 223 223 223 223 222 222 222 222 222 221 221 221 220 220 220 221 221 221 222 222 222 222 222 222 222 223 223 223 223 223 223
208 208 208 208 208 208 207 207 209 207 207 210 209 206 206 206 206 206 207 207 207 207 207 207 207 207 208 208 208 208 209 209 210 210 210 210 210 210 210 210 210 210 211 211 212 212 212 212 213 214 214 216 217 218 219 220 221 221 222 222 222 222 222 223 223 224 224 224 224 224 223 223 224 224 223 224 226 229 231 233 235 237 238 239 240 241 240 239 240 241 242 243 241 236 230 223 219 221 225 229 231 234 236 237 239 241 243 246 251 255 256 257 257 258 258 259 258 258 259 260 260 262 264 266 267 270 272 273 273 273 271 269 268 266 266 266 266 266 265 267 269 271 272 274 276 280 283 287 289 290 291 291 290 288 287 286 286 287 287 287 287 288 288 287 286 285 283 282 280 279 278 277 275 271 267 266 265 263 260 256 255 256 259 261 263 266 267 265 270 272 276 282 283 283 283 286 290 297 300 301 301 298 295 295 294 294 293 293 292 292 291 290 288 286 284 281 279 277 277 276 276 275 274 274 274 275 275 275 274 274 275 277 277 276 275 273 271 269 268 267 266 268 270 272 273 274 275 275 275 274 273 272 271 271 270 270 270 270 270 269 269 269 268 268 268 267 266 265 264 264 263 262 262 262 261 260 259 259 258 257 257 256 255 254 252 251 249 249 248 246 245 245 245 243 242 241 239 238 238 237 236 235 234 235 235 234 236 237 237 237 237 237 238 239 239 237 233 230 227 226 224 223 223 222 222 230 222 222 222 222 222 221 220 219 217 220 221 223 224 224 224 224 224 224 224 223 224 225 225 224 224 224 224 224 224 226 225 225 224 223 222 222 222 221 221 221 222 223 223 224 224 225 223 222 222 221 221 220 220 219 219 219 220 221 218 218 220 221 221 222 222 222 223 223 223 223 223 223 223 223
208 208 208 208 208 208 209 208 208 207 207 207 207 207 208 206 206 206 207 207 207 207 207 207 207 207 208 208 208 208 209 210 210 210 210 209 209 209 209 209 210 210 210 210 211 211 211 212 213 214 216 217 217 218 219 220 221 221 221 222 222 222 222 223 223 224 224 224 224 225 224 224 224 224 224 224 226 228 231 233 235 237 238 239 239 240 239 237 236 237 238 239 238 234 229 222 219 220 225 230 233 236 238 239 241 243 245 249 253 256 256 255 256 256 256 256 256 256 257 258 259 261 263 265 266 268 270 272 274 274 274 273 271 269 268 269 270 269 269 268 268 269 270 272 276 279 283 287 289 290 291 291 290 289 289 288 288 288 288 289 289 289 288 288 287 285 282 281 279 277 275 273 271 267 265 263 262 260 256 255 256 257 258 260 262 265 267 269 271 265 271 283 283 283 284 287 294 301 301 302 301 300 297 296 295 294 294 294 293 292 291 290 289 288 285 283 281 279 277 276 275 276 276 275 276 276 277 277 276 276 277 278 278 278 277 275 273 271 270 269 269 270 272 273 275 275 275 276 275 275 274 274 273 272 271 271 271 270 270 269 269 268 268 268 268 267 266 265 265 264 263 262 262 261 261 260 259 259 258 257 256 255 254 253 252 250 249 248 247 246 245 244 244 242 241 240 238 237 236 235 234 233 233 233 233 234 236 236 236 237 237 238 238 238 237 235 231 227 227 225 224 223 222 222 222 222 229 222 222 222 221 220 219 217 218 221 223 224 224 224 223 223 223 223 223 223 224 225 224 224 224 224 223 224 224 225 225 225 225 224 223 222 221 221 221 222 222 223 223 224 224 224 224 223 222 221 220 220 219 219 221 222 223 223 222 221 219 221 221 222 222 222 223 223 224 224 223 223 222 222
209 209 208 209 209 209 209 209 209 209 209 208 206 206 208 206 207 207 206 206 207 207 207 207 207 208 208 208 208 208 211 209 209 210 209 209 209 209 209 209 209 209 209 210 210 210 210 211 214 216 214 214 214 216 217 218 219 220 220 220 221 221 222 223 224 224 224 224 225 225 225 225 224 224 223 223 224 227 230 233 235 236 237 237 237 237 237 235 232 233 233 234 233 227 225 221 219 220 225 231 235 237 239 241 243 245 247 251 254 256 255 254 254 254 254 254 254 255 257 258 260 262 264 265 266 267 269 271 273 274 275 275 274 273 271 272 273 273 272 271 269 269 270 272 275 279 283 286 288 289 290 290 291 290 290 290 290 290 290 290 289 289 289 288 286 284 282 279 277 274 271 269 266 264 262 261 259 257 256 257 258 259 260 261 264 267 270 273 276 278 278 273 264 268 281 284 290 295 298 300 300 299 298 297 296 296 295 294 294 293 292 291 290 288 286 284 282 280 278 277 277 277 277 277 277 278 278 278 278 278 279 279 280 279 278 276 275 273 272 271 271 272 273 274 275 275 275 275 275 275 275 274 274 273 272 271 271 271 270 269 269 268 268 268 267 267 266 265 264 264 263 261 261 260 260 260 259 258 257 256 256 255 254 252 251 250 248 248 247 246 244 243 242 240 239 238 237 236 234 234 233 232 232 232 232 235 234 234 235 236 237 238 238 237 235 232 229 227 225 224 223 222 222 221 221 222 223 228 222 222 221 219 218 218 220 222 223 223 223 223 223 223 223 223 223 223 224 224 224 224 224 224 223 223 224 225 225 225 225 225 224 223 221 221 221 222 223 223 223 222 222 222 222 222 221 220 220 218 221 222 223 224 225 225 224 222 221 219 220 221 222 222 222 223 223 223 223 222 222 222
210 210 210 210 210 210 210 210 210 210 209 207 207 207 207 209 209 206 207 207 207 205 207 207 207 207 207 207 207 207 211 209 209 209 209 208 208 208 208 208 209 209 209 209 209 210 211 214 214 214 214 214 214 214 214 215 216 217 218 217 219 220 222 223 224 224 224 225 225 225 225 224 223 223 222 221 222 225 229 232 233 235 235 234 233 233 233 232 229 228 228 226 228 226 223 220 219 220 226 232 235 238 240 242 244 246 248 251 253 253 252 252 251 252 252 253 254 256 257 259 262 264 266 267 267 267 269 271 272 274 276 277 276 275 274 274 275 276 275 274 272 270 270 272 275 278 282 285 288 288 289 290 290 290 290 291 291 291 291 290 290 289 288 287 285 283 281 278 275 271 268 266 263 260 259 258 257 258 259 260 261 261 262 262 265 269 272 276 279 281 283 283 281 281 279 269 267 277 284 287 293 296 297 298 298 297 296 295 294 293 292 291 290 288 286 284 282 280 279 279 278 278 277 276 277 278 278 279 279 279 280 280 280 279 278 277 276 275 274 272 273 273 273 274 274 274 275 275 275 275 274 274 273 273 272 272 271 270 270 269 269 268 268 267 267 266 266 265 264 263 262 261 260 259 259 259 258 257 255 254 254 253 252 250 248 248 248 247 245 244 243 241 240 239 238 237 236 235 233 232 231 231 231 231 232 232 232 233 234 236 237 237 237 235 232 229 227 225 224 223 222 222 221 221 221 222 223 223 225 221 220 219 218 220 220 221 222 223 223 223 222 222 222 222 222 223 224 224 224 224 224 223 223 223 223 224 225 225 225 225 225 223 221 221 221 222 222 222 222 221 221 221 220 220 220 220 220 219 221 223 224 226 227 226 225 223 222 221 220 220 220 221 222 222 222 222 222 222 221 220
210 210 210 210 210 210 210 210 210 210 208 208 207 207 207 207 207 207 207 208 207 206 207 207 207 207 207 207 207 207 208 210 209 208 208 208 208 208 208 208 208 209 209 209 209 211 215 214 214 214 214 214 214 214 214 214 214 214 214 214 215 219 221 222 223 224 224 225 225 225 225 223 221 220 219 219 220 223 226 229 231 232 232 232 230 228 228 228 226 225 220 225 225 224 221 219 218 221 226 232 235 238 240 242 245 247 248 250 250 250 250 249 249 250 252 254 255 256 258 260 263 265 268 269 270 269 269 271 273 275 276 278 278 277 277 277 277 278 278 276 274 272 271 272 274 278 281 285 287 288 288 289 289 290 290 290 290 290 290 290 289 289 288 286 285 283 280 277 274 270 266 263 261 259 258 258 259 260 261 262 263 264 264 264 265 269 273 277 281 283 285 286 286 286 286 286 287 283 278 272 272 278 287 296 298 297 296 296 295 293 292 291 289 287 285 283 282 281 280 279 278 277 276 276 276 275 276 277 278 280 280 280 280 279 278 277 276 276 275 274 274 274 273 274 274 274 273 273 273 272 273 272 272 271 271 271 271 270 270 269 269 268 267 267 266 266 266 265 264 263 262 260 259 259 258 258 257 255 254 253 251 250 249 248 247 247 247 246 243 242 241 240 238 237 237 236 235 233 232 231 230 230 230 230 230 230 230 232 234 236 236 236 234 231 229 227 225 223 222 222 221 221 221 221 221 221 222 222 221 223 219 218 216 219 219 220 221 222 222 222 222 222 222 222 222 224 223 224 224 224 223 223 223 223 223 224 224 225 225 225 224 223 221 221 220 221 221 221 221 220 220 220 220 219 218 219 218 219 221 222 225 227 227 227 225 224 223 222 221 220 219 219 220 220 220 220 220 220 220 221
210 210 210 210 210 210 210 210 211 210 208 208 207 207 207 207 207 207 207 207 207 208 207 207 205 207 207 207 207 207 208 209 209 208 208 208 208 208 208 208 208 208 209 209 209 215 214 214 214 214 214 214 214 214 214 214 214 214 214 214 214 214 217 219 221 223 224 224 225 225 224 221 219 218 217 217 218 220 222 225 227 227 228 228 227 225 224 224 223 221 223 223 223 221 219 218 219 222 227 231 234 237 239 242 244 246 247 248 247 247 248 247 249 251 253 255 256 257 258 261 264 267 269 271 271 271 270 271 273 275 277 279 279 279 279 279 280 280 280 278 276 274 272 272 274 277 281 284 286 287 288 288 289 289 289 289 289 289 289 289 288 288 286 285 284 282 280 277 273 269 265 262 260 259 260 261 262 263 264 266 267 268 268 266 265 268 272 276 279 282 285 287 288 288 288 290 289 290 292 293 287 283 284 296 297 297 296 296 295 293 292 289 287 286 284 282 281 280 280 279 277 275 274 273 272 272 272 274 277 279 279 279 279 278 278 277 276 276 275 275 274 274 273 273 273 273 271 268 268 269 269 269 269 268 268 269 270 270 269 269 268 268 267 266 266 266 266 265 264 263 261 260 259 258 257 256 255 254 253 251 249 248 247 246 246 246 245 244 243 242 241 240 238 237 237 235 234 232 231 230 230 230 230 230 230 229 230 232 234 235 236 234 231 229 226 224 223 222 221 221 221 221 220 220 220 221 221 221 220 221 221 218 217 218 217 218 219 220 221 221 222 222 221 221 222 222 223 224 224 224 223 223 222 222 222 223 224 224 224 224 223 222 220 220 220 220 220 220 219 219 219 219 219 218 218 218 220 220 218 221 223 226 227 226 225 224 223 222 222 221 221 221 221 220 221 221 221 221 222 222
210 211 211 211 211 210 210 210 211 210 208 207 207 207 207 207 207 207 207 207 207 207 207 207 207 207 206 207 207 207 208 209 208 208 209 207 207 207 208 208 208 208 209 209 209 216 214 214 214 214 214 214 214 214 214 214 214 214 214 214 214 214 214 214 215 220 221 223 224 224 222 219 217 216 215 215 216 217 219 221 222 223 224 224 224 223 222 219 221 221 220 220 219 218 218 218 219 223 227 231 234 237 239 241 244 245 246 245 245 245 245 247 250 252 254 256 254 257 259 262 265 268 270 272 273 273 272 272 273 275 277 279 280 281 282 282 282 283 282 280 278 276 274 273 274 277 280 283 286 287 288 288 288 288 289 289 289 288 288 288 287 286 285 284 282 281 279 276 272 267 264 261 260 261 262 263 264 266 268 270 272 272 272 270 267 268 271 273 276 280 284 287 289 290 290 291 291 292 293 294 295 295 295 297 297 296 296 295 294 293 291 288 285 283 282 281 280 280 279 277 275 272 270 269 268 268 269 271 275 277 278 278 278 278 278 277 277 276 275 275 274 274 273 273 272 271 269 264 263 263 264 265 265 264 265 266 267 268 268 268 268 267 266 266 266 266 266 265 264 262 261 259 258 257 256 255 254 253 251 250 248 247 245 245 245 245 244 244 244 243 242 240 239 238 237 235 233 232 231 230 230 229 230 230 229 229 230 231 233 234 233 230 227 227 224 223 222 221 221 220 220 220 220 220 220 220 221 220 219 218 221 219 217 218 217 218 219 220 220 221 222 222 221 221 224 222 222 223 224 223 222 222 222 222 222 223 223 223 224 223 220 220 219 218 219 218 219 219 218 218 218 218 218 219 220 221 222 222 221 218 222 225 227 226 225 224 223 223 222 222 222 222 222 222 222 222 222 222 222 223
210 211 211 211 211 211 210 210 211 210 209 207 207 207 207 207 207 207 207 207 207 207 207 205 207 208 208 208 208 208 208 208 208 207 212 208 207 207 208 208 208 208 208 209 209 214 214 214 214 214 214 214 214 214 214 214 214 214 214 214 214 214 214 214 214 214 218 221 221 221 220 216 215 215 215 215 215 216 217 218 219 220 221 221 221 220 220 220 219 219 219 219 218 218 218 219 221 223 227 231 234 236 239 241 243 244 244 243 242 243 245 248 250 253 255 257 257 258 259 263 265 269 271 273 274 274 274 274 274 276 278 279 281 282 283 284 284 284 283 282 280 278 276 274 275 277 279 282 285 287 287 287 288 288 288 288 288 287 287 286 285 284 283 282 280 278 276 273 269 265 262 260 261 262 264 265 267 269 272 274 276 276 276 273 270 268 270 273 275 279 283 287 289 290 291 291 291 292 292 293 294 295 295 295 296 295 295 294 294 292 291 290 287 282 280 279 279 279 277 274 272 269 267 266 265 265 266 269 272 275 275 277 278 278 278 277 277 276 275 274 273 272 272 271 270 269 266 261 259 257 257 258 259 259 260 261 263 265 266 267 267 267 266 265 265 266 265 265 264 262 261 259 258 257 255 254 252 251 250 249 247 246 246 246 246 246 246 246 246 245 244 242 240 238 237 235 234 233 232 231 230 229 229 229 229 228 229 231 232 231 229 227 226 225 224 222 222 221 220 220 220 220 220 220 220 220 220 219 217 215 216 215 218 219 217 218 218 219 220 221 221 221 221 221 220 221 222 222 222 222 221 221 221 221 222 222 222 222 222 221 220 219 218 219 219 218 217 218 219 218 219 220 219 220 221 221 223 224 222 220 221 224 226 226 225 224 224 223 223 222 223 223 223 223 223 223 223 223 223 223
206 211 211 211 210 210 210 210 211 210 208 207 205 207 207 205 205 205 207 207 206 207 205 206 208 207 206 206 207 207 207 207 207 207 207 208 208 207 208 208 208 208 208 209 209 211 214 214 214 214 214 214 214 214 214 214 214 214 214 214 214 214 214 214 214 214 214 216 218 218 217 216 216 216 215 216 215 215 216 216 217 217 217 220 219 218 217 218 218 218 218 219 218 218 219 220 221 224 228 231 234 236 239 240 242 243 242 241 241 243 246 248 251 254 257 258 258 259 260 262 265 268 271 273 274 275 275 274 274 276 278 279 281 282 283 284 284 285 284 283 281 279 277 275 276 277 280 282 285 287 287 287 287 287 287 287 287 286 286 285 284 283 281 280 278 275 273 269 266 263 260 260 262 264 265 267 269 272 275 278 280 280 279 276 272 269 270 272 275 278 282 286 289 290 291 291 291 291 291 292 292 292 293 293 293 294 293 293 294 294 293 293 290 285 280 274 276 276 274 271 269 267 266 264 264 263 264 265 268 270 271 275 277 277 277 277 276 275 274 271 271 271 270 268 267 267 263 259 255 253 254 254 254 255 256 257 259 262 264 265 266 266 265 265 265 265 265 265 263 262 260 259 258 257 255 253 251 250 249 248 248 248 249 248 248 247 248 247 246 245 244 242 240 238 237 235 234 234 234 233 231 230 229 229 228 228 229 230 230 227 228 226 225 224 223 223 222 221 220 220 219 219 219 219 219 219 219 218 216 217 218 218 224 220 218 216 218 218 219 220 220 220 219 224 220 220 221 221 221 221 221 220 220 221 221 222 221 221 221 221 219 219 217 220 221 219 218 219 220 220 221 221 221 223 223 222 223 224 223 221 219 222 224 225 226 225 225 224 223 223 223 223 223 223 223 223 223 223 223 223
208 210 211 209 208 205 205 207 208 209 208 207 207 206 207 208 207 207 207 205 209 208 207 205 205 205 206 205 205 206 207 207 207 207 208 208 208 208 208 208 208 208 209 209 209 209 212 217 214 214 214 214 214 214 214 214 214 214 214 214 214 214 214 214 214 214 214 214 214 216 216 216 216 216 216 216 216 216 216 215 215 218 217 217 217 217 217 217 217 218 218 219 219 219 219 221 222 225 229 232 234 237 239 240 241 241 240 238 240 243 246 249 252 254 257 259 259 259 260 262 264 267 269 272 273 275 275 276 276 276 278 279 281 282 283 284 285 285 285 284 283 281 279 277 277 278 280 283 285 287 287 287 287 286 286 286 286 285 285 283 282 281 279 277 275 272 269 266 263 261 260 261 263 265 267 269 272 275 279 282 283 283 281 278 274 271 269 272 274 277 280 284 287 289 291 291 291 291 291 291 291 291 291 291 291 292 292 291 292 293 295 296 294 290 286 281 276 265 266 269 267 267 265 264 262 261 262 263 264 266 268 272 276 277 276 276 274 273 272 270 269 269 267 264 263 261 258 254 253 252 252 252 252 252 252 253 256 259 261 263 263 264 264 265 265 265 265 264 263 261 260 259 258 257 255 253 251 250 250 250 251 252 252 251 250 250 250 249 246 245 243 241 240 238 237 237 236 235 235 234 232 230 229 228 228 228 228 228 229 227 226 225 224 223 223 223 223 222 221 220 219 219 219 219 219 218 218 218 215 217 218 219 219 225 219 219 217 218 218 218 218 218 223 219 219 220 220 220 220 220 220 219 220 220 221 221 220 220 220 220 219 218 217 219 220 221 220 221 221 222 222 222 223 225 225 224 223 223 222 221 220 221 223 225 226 226 226 225 224 224 223 223 223 223 223 224 224 224 224 224
209 212 205 205 207 208 208 208 207 206 205 205 207 208 209 209 209 210 210 206 207 206 207 206 205 205 205 206 206 206 207 207 207 207 207 208 208 208 208 208 208 208 209 209 209 209 209 211 212 213 214 214 215 217 217 214 214 214 214 214 214 214 214 214 214 214 214 214 215 213 216 216 216 216 216 217 217 216 216 218 216 217 217 217 217 217 217 217 217 218 218 219 219 219 220 221 222 225 229 232 235 237 239 240 241 240 239 238 240 243 246 249 252 254 256 258 259 259 260 261 262 264 267 269 272 274 275 276 277 277 278 279 280 282 283 284 285 285 285 285 284 282 281 279 278 279 280 283 285 287 287 287 286 285 284 284 284 284 283 282 280 279 277 275 272 269 267 264 261 260 261 262 264 266 269 271 274 277 281 284 285 284 282 280 277 274 272 272 274 276 279 282 285 288 291 291 291 291 291 291 290 290 290 289 290 290 290 290 291 292 294 296 297 296 293 290 287 283 278 272 262 265 264 263 262 261 261 262 263 264 266 270 273 275 275 274 271 270 269 266 264 265 263 259 257 255 253 251 250 250 250 250 250 249 250 250 252 254 257 259 259 261 261 262 263 264 264 263 263 261 260 259 258 256 255 254 252 251 252 252 253 254 254 253 252 251 251 249 246 244 243 241 240 239 238 237 237 236 235 234 232 231 230 230 229 227 228 227 226 226 225 224 224 223 223 223 224 222 221 220 219 218 218 218 218 218 218 218 216 218 218 219 219 219 224 219 219 217 217 218 217 217 221 220 220 220 219 219 219 219 219 219 219 220 220 220 220 220 220 220 219 218 217 218 220 221 222 223 223 224 224 225 225 225 225 224 224 223 222 221 220 219 222 225 226 227 227 226 225 224 224 224 224 224 224 224 224 224 224 224
215 210 209 210 210 210 211 211 211 211 211 211 211 211 211 212 212 211 211 211 205 206 207 206 205 205 205 206 206 206 206 206 207 207 207 208 208 208 208 209 209 209 209 210 210 211 212 214 213 212 212 212 212 211 210 209 211 214 216 214 214 214 214 214 214 214 214 214 215 214 216 216 216 216 217 216 215 217 219 218 218 218 217 216 215 217 217 217 218 219 220 220 220 220 220 220 221 223 227 231 234 236 239 240 240 240 238 237 240 244 246 249 251 252 255 256 257 259 259 260 261 262 264 266 268 273 275 277 278 278 278 279 280 281 282 283 284 285 286 285 284 284 282 281 279 279 281 283 285 287 287 288 286 285 284 283 283 282 282 280 279 277 275 273 271 268 265 262 261 261 262 264 266 268 270 273 276 280 283 286 286 285 284 282 280 276 273 274 275 277 279 282 285 289 291 292 292 291 291 291 290 289 288 288 288 288 288 289 290 290 292 294 295 295 296 297 295 294 290 285 279 272 264 262 261 261 261 261 262 263 264 268 270 270 269 268 266 265 264 261 260 259 258 256 254 253 251 250 249 248 248 248 248 248 248 248 249 250 252 254 255 257 258 258 260 262 262 262 261 261 260 259 258 257 256 255 253 252 252 253 255 256 256 255 253 252 251 249 246 243 242 242 240 240 239 238 237 236 235 234 232 232 231 230 227 228 226 225 225 225 225 225 224 223 223 224 224 223 221 219 219 218 218 218 218 217 217 217 216 217 218 219 219 219 219 219 220 219 219 219 219 223 219 217 220 220 219 219 219 218 218 218 218 219 220 219 220 220 220 220 219 218 217 219 220 221 223 224 226 226 227 227 227 226 225 225 224 224 223 222 221 220 222 224 226 227 227 227 226 225 225 225 225 225 224 224 224 224 225 225
213 211 211 211 211 211 212 212 212 212 212 212 212 211 212 213 213 212 212 214 208 207 207 207 206 205 205 206 206 206 206 206 206 207 207 208 208 208 208 208 209 210 211 210 210 210 212 215 217 217 218 219 218 216 214 215 216 214 212 210 213 216 217 217 214 214 214 216 212 215 216 215 215 215 215 217 219 220 220 221 220 219 219 219 218 218 219 219 219 220 221 222 222 222 222 221 221 221 225 229 232 236 239 240 241 240 237 236 240 244 246 248 249 251 252 253 254 256 257 259 260 261 263 264 266 270 275 277 278 279 279 279 280 281 282 283 284 285 285 286 285 284 283 282 281 280 282 283 286 287 288 288 287 285 284 282 281 281 280 279 277 275 273 271 270 267 264 261 261 263 265 266 267 269 272 275 279 282 285 286 287 287 286 285 281 277 275 277 278 279 280 283 287 290 292 292 292 292 292 291 290 288 286 286 286 287 287 288 289 290 291 292 291 290 291 295 298 298 298 296 292 285 279 271 262 260 261 260 261 261 262 264 263 263 262 261 260 260 260 258 257 257 256 254 253 251 250 248 247 246 246 246 246 246 246 246 246 247 248 250 251 253 254 255 258 259 258 258 259 259 258 259 258 258 257 256 254 254 253 254 256 257 256 256 254 252 251 248 246 243 242 242 241 240 239 238 237 236 235 234 233 232 231 230 229 227 225 225 224 225 224 224 223 223 223 224 223 222 220 219 218 218 217 217 217 217 216 216 216 217 218 219 219 220 220 223 220 220 220 220 223 220 220 219 218 219 220 219 217 217 217 217 217 218 219 218 219 220 219 219 219 218 217 219 221 222 224 226 228 229 229 229 229 228 227 226 226 225 224 223 222 221 220 223 225 226 227 227 227 226 226 226 226 226 226 226 225 225 225 225
212 213 212 212 212 212 212 212 212 212 212 212 212 212 212 212 212 212 214 212 211 208 205 205 207 206 206 207 207 207 207 207 206 207 208 208 208 208 208 208 209 210 210 211 211 212 214 216 218 220 221 222 221 219 217 217 219 219 219 218 217 215 214 212 210 210 211 211 212 214 214 215 216 214 216 218 219 221 221 222 223 222 221 221 221 221 221 221 222 222 223 223 224 224 224 224 223 222 223 227 231 234 238 239 239 238 235 234 240 243 245 247 248 249 250 251 252 253 254 255 257 260 261 262 264 267 273 276 278 279 280 279 280 281 281 282 283 284 284 286 285 285 284 283 282 281 283 284 286 287 288 288 288 286 285 283 282 280 279 277 276 274 272 271 269 266 263 259 262 265 267 269 270 270 273 276 280 283 285 287 288 288 287 286 283 278 277 280 282 283 284 285 288 291 292 293 293 292 292 291 289 288 285 284 285 285 287 287 288 289 290 290 289 288 288 291 296 298 298 298 297 294 289 279 267 263 260 259 259 260 260 260 260 260 259 258 258 258 257 256 255 254 254 253 252 251 249 248 246 245 245 245 246 245 245 245 245 245 245 247 248 250 251 253 255 256 255 254 255 256 256 258 258 258 258 257 256 256 255 255 257 257 257 256 255 252 250 247 246 244 243 242 241 240 239 238 236 236 234 233 232 231 230 230 228 226 225 224 224 224 223 223 222 222 222 223 222 221 220 219 218 218 218 217 218 219 215 216 217 218 219 220 220 221 221 221 222 220 220 220 221 220 219 220 219 217 218 218 219 218 218 218 217 217 217 217 218 219 219 219 218 218 219 220 222 224 226 228 230 231 230 230 229 228 227 227 227 226 225 224 222 221 219 221 223 225 225 226 226 226 227 227 227 227 227 227 227 226 226 226
213 213 213 213 213 213 213 213 213 213 213 213 213 212 212 212 212 212 212 212 211 211 210 207 205 205 205 206 206 206 206 207 205 207 207 208 209 208 208 207 209 209 210 211 211 212 213 215 218 220 222 222 222 221 219 219 221 221 221 220 220 220 222 222 222 221 218 216 214 215 215 216 216 216 217 219 220 221 222 223 225 224 223 223 223 223 223 223 224 224 225 225 225 226 227 227 226 224 222 225 229 233 235 237 236 235 232 233 237 241 242 244 245 246 247 248 249 250 251 252 255 257 259 261 263 267 272 273 276 278 280 280 280 280 281 282 283 284 285 286 285 285 285 284 283 282 284 285 286 287 289 289 288 287 286 285 284 282 280 279 277 275 271 269 268 265 263 263 265 267 269 272 273 274 274 276 280 283 286 287 288 289 288 287 284 280 279 283 285 287 287 289 290 291 292 293 293 292 291 290 289 287 286 284 283 284 286 286 287 288 288 288 287 285 286 288 292 296 296 296 294 289 284 275 266 264 263 261 261 259 259 259 259 258 257 256 255 256 255 255 254 253 252 252 252 251 250 250 250 249 249 249 249 248 248 247 246 245 245 245 246 247 248 250 251 251 251 252 253 254 254 255 257 258 258 258 258 257 257 256 257 257 256 255 254 252 249 247 246 244 243 242 240 239 238 237 236 235 234 233 231 230 230 229 227 225 224 224 223 223 222 222 221 221 222 222 221 220 220 219 218 218 218 218 218 217 217 218 219 219 220 221 221 221 220 221 222 221 221 222 221 222 221 222 222 221 220 220 220 219 219 219 219 219 218 217 217 217 219 218 217 220 221 222 224 226 228 230 231 233 231 230 229 229 228 228 227 226 226 224 222 221 221 220 221 222 223 223 223 224 225 226 227 228 228 228 228 227 227 226
214 213 213 213 213 213 213 213 213 213 213 213 213 213 212 212 212 212 212 212 212 212 212 209 207 207 207 205 202 204 205 205 206 205 207 208 209 209 208 207 208 209 210 210 211 212 213 214 216 218 220 222 223 223 222 222 223 224 223 223 223 223 224 225 225 225 223 220 218 218 218 218 217 217 218 220 221 222 223 224 226 226 225 225 225 225 226 226 226 226 226 227 227 229 230 230 229 227 224 223 227 230 231 232 232 231 229 231 234 236 237 239 240 242 245 246 247 248 249 250 252 254 257 260 262 266 270 272 274 277 278 279 279 280 281 282 283 284 285 286 286 286 286 285 284 283 284 286 287 288 289 289 289 288 287 286 285 283 281 280 278 273 269 268 267 264 265 266 267 269 271 274 276 277 278 278 280 283 286 288 289 289 289 288 285 281 280 283 287 289 290 290 291 292 292 293 292 292 291 290 289 288 286 284 282 283 284 286 286 287 287 286 285 282 282 282 286 290 290 289 287 282 275 269 266 264 264 263 262 261 260 259 257 257 257 256 255 255 255 255 255 254 253 251 251 251 250 246 245 243 242 242 244 245 245 244 244 244 244 245 245 246 246 247 248 248 250 250 251 251 252 253 255 256 258 258 258 257 256 256 256 255 255 254 253 251 249 248 246 245 243 242 240 238 237 236 235 234 233 231 230 227 229 227 226 225 224 223 223 222 221 221 220 220 221 221 220 219 219 219 218 218 218 218 218 217 217 218 218 220 220 221 221 221 221 221 222 221 222 222 222 222 222 222 221 221 220 219 220 221 220 220 220 219 219 218 217 218 219 219 219 220 221 223 226 228 230 230 231 231 230 230 229 229 228 228 227 226 225 224 222 222 221 220 220 220 220 220 221 223 224 225 226 227 227 228 228 228 227 226
214 214 214 213 213 214 214 214 214 214 214 214 214 214 213 212 212 212 212 212 212 212 212 211 207 207 207 206 205 204 205 205 205 206 205 207 208 208 208 208 208 209 210 210 211 211 213 214 216 218 219 221 223 224 224 224 225 225 225 225 225 226 227 227 228 228 227 225 223 221 220 219 219 218 219 220 222 223 224 226 227 228 228 228 228 229 229 230 229 229 229 229 230 232 234 234 232 230 228 224 224 226 227 227 227 227 227 228 230 232 233 235 236 238 240 243 244 245 246 247 249 252 255 258 261 264 266 269 271 273 276 277 278 279 280 281 283 284 285 286 286 286 286 286 285 284 285 286 287 288 289 289 289 289 288 287 285 284 281 278 275 271 268 266 265 266 267 268 269 271 273 276 279 281 281 281 282 284 286 288 289 290 290 289 286 283 282 283 286 289 291 292 292 292 292 293 292 291 291 290 289 287 286 284 282 281 283 284 285 286 286 285 282 279 277 276 277 279 279 279 278 274 269 267 265 264 264 263 262 261 260 259 257 255 254 253 252 252 252 252 251 250 249 248 248 249 248 246 246 244 243 244 246 245 245 245 244 243 242 242 242 243 245 245 246 246 248 248 249 250 250 251 253 255 257 257 256 255 255 255 255 255 253 252 251 251 250 250 249 247 245 242 239 238 236 235 234 233 231 229 228 228 227 226 225 224 223 222 222 220 220 219 219 219 219 219 219 219 219 218 218 218 218 217 217 217 217 217 218 219 220 220 221 221 221 220 222 222 222 223 223 223 223 222 221 220 219 219 219 219 219 220 221 220 219 219 219 219 219 220 220 220 221 223 227 229 230 231 231 230 230 230 229 229 228 228 227 226 225 224 223 222 221 221 222 222 222 221 220 222 223 224 225 226 226 227 227 227 227 226
214 214 214 214 214 214 214 214 215 215 215 215 215 214 213 212 212 212 212 212 212 212 212 210 208 207 207 207 206 205 205 205 205 205 207 205 208 208 208 208 208 209 209 210 211 211 212 214 216 217 219 222 224 225 225 226 226 226 227 227 227 227 228 228 229 229 228 227 225 224 222 221 220 220 221 222 223 224 226 227 228 229 229 230 231 233 233 233 232 231 231 233 234 237 238 237 236 233 231 229 226 226 226 226 226 227 230 231 232 233 234 234 233 233 236 238 240 242 243 245 247 250 253 257 259 262 264 266 268 270 273 275 276 278 280 281 283 284 285 286 286 286 287 286 286 286 286 287 288 289 290 290 289 289 288 287 286 283 280 276 273 269 267 265 267 268 269 270 272 274 276 277 280 282 284 285 285 287 288 289 290 291 291 289 287 286 286 285 285 289 291 292 292 292 292 292 292 291 290 289 288 287 285 283 281 280 282 283 284 285 284 282 280 276 274 273 272 271 269 269 269 267 266 265 265 264 263 263 262 260 258 257 255 254 252 251 251 250 249 249 248 247 247 246 246 246 246 247 248 248 248 247 247 247 246 247 245 243 242 241 241 242 242 243 244 245 245 247 248 248 249 249 251 253 255 255 254 254 254 254 254 254 251 251 251 251 251 251 250 247 244 242 239 237 236 235 233 231 230 227 228 227 226 224 224 222 221 220 220 221 220 220 220 220 220 219 219 219 219 218 218 218 217 217 217 217 217 217 218 219 220 221 222 222 222 221 222 223 223 224 224 224 222 221 221 220 220 220 219 219 220 219 219 219 220 221 221 220 220 220 220 221 222 223 226 229 230 231 230 230 230 229 229 229 228 228 227 226 225 224 223 222 221 222 223 224 224 223 222 221 221 223 224 225 225 226 226 226 226 226
215 214 214 214 214 214 214 214 215 217 216 215 215 214 214 213 212 212 212 212 212 211 211 211 208 207 206 206 206 206 205 205 205 205 207 205 207 208 208 208 208 209 209 210 210 211 212 214 216 217 220 223 225 225 226 226 226 227 227 227 227 228 228 229 229 229 229 228 226 225 224 222 222 222 223 224 224 226 227 229 230 231 231 232 233 235 235 235 234 234 234 235 238 240 241 241 239 237 235 233 232 230 230 229 229 230 234 236 237 237 237 237 236 234 233 234 234 237 240 243 246 249 252 255 259 261 262 264 266 268 267 272 274 277 279 281 283 284 285 286 286 287 287 287 287 287 287 288 289 289 290 290 290 290 289 288 286 283 280 275 271 269 267 267 269 270 272 274 275 277 279 280 281 283 285 287 288 289 289 290 291 292 292 291 290 290 289 288 287 288 291 292 292 292 292 292 292 291 289 288 287 286 284 283 280 279 281 282 283 283 283 281 278 275 272 271 270 268 266 265 264 264 264 264 263 262 261 261 261 257 257 256 256 255 254 253 253 251 250 249 248 248 247 247 247 247 247 248 249 249 249 249 249 249 248 247 246 244 243 242 241 241 241 242 242 244 244 245 244 247 248 248 250 251 252 253 253 254 254 253 253 251 248 248 250 251 251 251 249 247 244 241 239 237 236 234 232 230 229 228 227 226 225 224 223 222 222 222 221 221 221 221 220 220 220 220 219 219 220 219 218 218 217 217 217 217 214 217 218 219 220 222 222 223 223 222 222 222 223 224 224 223 222 221 221 221 220 220 219 216 219 219 220 219 219 219 219 220 221 221 220 221 222 222 225 229 230 230 230 230 230 229 229 228 228 227 227 226 225 224 223 222 221 223 224 226 226 225 224 223 221 220 222 223 224 224 225 225 225 226
215 215 215 215 215 215 215 215 215 216 217 215 214 214 214 213 212 212 212 212 212 212 211 211 209 207 206 206 206 206 206 205 205 205 205 206 207 207 207 208 208 208 209 210 210 211 212 214 216 219 222 224 225 226 226 226 227 227 227 227 227 228 228 228 229 228 228 227 226 225 224 223 222 223 224 224 225 226 228 229 231 232 232 233 234 236 237 237 236 235 236 238 241 244 245 244 243 242 240 238 237 236 234 233 232 233 237 239 241 241 242 241 241 239 239 239 238 236 238 240 244 247 250 254 257 260 261 263 265 268 268 270 272 274 278 281 283 284 285 286 287 287 288 288 288 288 288 289 289 290 291 291 291 290 290 288 286 283 279 275 272 270 268 267 270 273 276 278 279 280 281 282 283 284 286 288 288 289 290 291 292 292 293 292 292 292 292 291 289 289 291 292 292 292 293 293 292 291 289 287 286 285 283 282 280 277 279 280 281 282 281 280 277 274 271 269 267 266 264 263 263 263 263 262 261 260 258 257 256 257 258 259 258 257 256 255 254 253 252 251 250 249 248 248 248 248 249 251 251 250 251 251 251 251 248 247 246 244 244 243 241 241 241 241 241 242 243 244 245 246 246 242 247 248 250 252 252 253 253 252 248 245 245 247 248 250 250 250 248 246 244 242 239 237 235 234 231 230 229 228 227 226 225 225 223 223 223 222 222 222 221 221 221 221 221 220 220 220 220 219 219 219 218 218 217 217 216 217 219 221 222 222 222 222 222 222 222 222 223 223 222 222 222 222 222 222 221 219 219 220 220 219 219 219 219 219 219 220 220 221 223 224 223 223 224 229 230 230 230 230 229 229 228 228 227 227 226 226 225 224 223 222 222 223 224 226 227 226 226 224 223 222 221 221 222 223 223 224 225 225
215 215 215 215 215 215 215 215 215 215 216 215 214 214 214 214 213 212 212 212 212 212 211 211 209 207 206 206 206 206 206 205 205 205 205 205 207 207 208 208 208 208 209 209 210 211 212 214 217 220 223 225 225 226 226 226 227 227 227 227 227 228 228 228 227 227 227 227 226 225 224 223 222 223 224 225 225 227 228 230 231 232 233 233 234 236 238 238 238 237 239 241 244 247 247 246 246 246 245 244 242 241 240 238 236 236 239 242 244 245 246 246 245 245 245 245 244 242 239 238 241 245 249 252 257 260 261 263 264 267 268 269 271 272 275 279 282 284 285 286 287 288 288 289 289 289 289 290 290 291 291 291 291 291 290 289 286 283 279 276 273 271 268 267 270 273 277 280 281 282 283 284 284 286 287 288 289 290 291 292 293 293 293 293 293 293 292 292 291 291 291 292 292 293 293 292 292 291 289 286 284 283 282 280 279 276 277 278 279 279 279 277 276 274 271 268 265 264 262 262 262 262 262 261 260 259 258 256 256 258 260 262 261 259 259 258 257 256 255 254 252 251 250 249 249 251 252 253 253 252 252 253 254 252 249 247 245 245 244 243 242 241 240 240 241 241 242 243 244 244 243 240 242 245 242 246 248 249 248 246 243 242 243 244 246 248 248 249 247 245 243 241 238 236 234 233 231 230 227 228 228 227 226 225 225 224 223 223 222 222 222 222 222 221 221 221 221 220 220 219 219 220 219 218 217 217 216 214 218 221 223 223 222 222 222 222 222 222 222 222 222 222 222 222 222 222 221 219 220 220 220 219 219 219 219 219 220 220 220 221 221 223 225 227 225 225 229 230 230 229 229 229 228 228 227 227 226 225 224 224 223 222 222 222 224 226 227 227 227 226 225 224 223 222 221 222 222 223 224 225
216 214 211 214 215 215 215 215 214 214 215 215 214 214 214 214 213 212 212 212 212 212 211 211 209 208 207 206 206 206 206 205 205 204 205 203 207 207 207 207 206 208 208 209 210 210 211 214 218 221 224 225 225 225 226 226 227 227 227 227 227 227 227 227 226 226 226 226 225 224 223 222 222 223 224 225 226 227 228 230 231 232 233 233 234 236 238 239 239 239 241 243 247 250 250 250 250 250 249 248 246 245 243 242 239 239 242 245 247 249 250 251 251 251 251 250 249 246 242 239 240 244 248 251 256 259 261 263 264 267 268 269 270 271 273 277 281 284 285 286 287 288 289 289 290 290 290 290 291 291 292 292 292 292 291 289 286 283 280 276 274 271 268 267 269 272 275 279 281 282 283 285 286 287 288 289 290 291 292 292 293 293 294 293 293 293 293 293 292 292 292 292 293 293 293 292 291 290 288 285 283 281 279 278 277 275 275 276 277 277 275 274 274 272 270 267 264 263 262 262 262 262 261 260 258 257 257 257 258 259 261 264 264 263 262 262 262 261 259 257 255 254 253 252 252 253 255 256 255 250 254 254 255 253 250 247 246 244 243 243 242 241 240 240 239 240 241 243 244 242 240 240 244 245 245 245 242 241 242 241 240 240 240 241 243 245 246 247 246 244 242 240 237 235 234 232 231 230 230 230 229 228 228 227 226 225 224 223 223 223 223 223 223 223 222 222 222 221 220 220 220 219 218 218 217 217 217 217 219 221 222 222 222 222 222 221 221 221 221 222 222 222 222 222 222 220 219 221 220 220 219 219 219 219 219 220 220 220 221 221 222 223 224 226 228 230 231 226 225 229 229 228 228 227 227 226 226 225 224 223 223 222 222 222 224 226 226 227 227 227 226 225 225 224 223 222 221 223 224 225
216 214 211 214 214 215 215 215 214 214 214 215 214 214 214 214 214 213 212 212 212 211 211 211 210 208 207 206 205 204 205 205 205 205 205 205 207 207 207 206 205 207 208 208 209 210 211 214 218 221 223 224 224 224 225 226 226 226 226 226 226 226 226 226 226 225 225 225 224 223 222 221 221 222 223 224 225 226 228 229 230 231 232 232 233 235 237 239 240 241 243 245 248 251 252 253 253 253 252 251 249 248 246 245 242 242 244 248 251 252 254 254 254 254 254 253 251 249 246 242 237 244 247 251 255 258 260 262 264 266 267 269 270 271 272 275 279 283 285 286 287 288 289 290 290 291 291 291 292 292 293 293 293 292 291 289 286 283 280 277 274 272 269 268 269 271 274 276 279 281 283 285 286 287 288 289 290 290 291 292 292 293 294 294 293 293 293 293 292 292 292 292 293 293 292 291 290 289 287 285 284 283 282 280 278 275 273 274 274 274 273 272 271 270 269 266 263 262 261 261 261 260 259 258 258 258 259 260 261 261 262 265 267 267 267 267 267 266 263 261 259 258 256 255 255 257 259 258 257 247 255 255 255 252 250 247 245 244 243 243 242 241 240 239 239 240 241 242 244 243 240 243 245 244 244 243 243 241 240 240 239 239 239 239 241 244 246 246 245 243 241 239 237 236 234 233 232 231 230 231 231 230 229 228 227 225 224 223 223 223 224 225 225 224 224 223 223 222 221 221 220 219 217 217 217 217 214 218 220 221 223 225 222 222 222 220 220 220 221 221 221 221 221 221 220 219 221 221 220 220 219 219 219 219 220 220 220 220 221 221 222 224 225 227 228 230 231 230 229 229 227 225 228 227 226 226 225 225 224 223 223 222 222 222 224 225 226 227 227 227 227 227 226 225 225 223 222 221 223 225
216 215 213 214 214 214 215 215 214 214 214 215 215 214 214 214 214 213 212 212 212 211 211 211 210 208 206 206 205 204 204 205 206 205 207 205 207 208 207 206 205 206 207 208 208 209 210 213 216 219 221 222 223 223 224 225 225 225 225 225 225 225 225 225 224 224 224 223 223 222 221 220 220 221 222 223 223 224 226 227 228 229 231 231 231 233 236 238 240 242 244 246 249 252 254 255 255 255 255 254 252 250 249 248 245 244 246 250 253 256 257 258 257 257 256 255 254 252 250 247 244 243 245 249 253 256 258 260 262 265 267 269 270 271 272 274 278 282 285 287 287 288 289 290 291 291 292 292 292 293 293 293 293 293 292 290 287 284 280 278 275 273 271 269 269 270 272 275 277 279 281 283 285 286 287 288 289 290 290 291 291 292 293 294 293 293 293 292 292 292 293 293 293 293 292 291 289 288 287 286 286 285 284 282 280 277 275 272 271 271 271 269 269 269 267 266 264 262 261 261 261 260 260 261 262 262 263 264 264 264 264 266 269 271 272 272 272 270 268 266 264 263 261 260 260 261 263 261 259 249 257 255 253 250 248 245 244 244 243 243 242 241 241 241 240 239 239 242 243 243 243 244 244 243 242 241 239 239 238 238 239 238 238 240 244 243 241 239 237 237 236 236 236 235 235 234 233 231 231 232 231 231 230 228 226 225 224 223 223 224 225 226 225 225 225 224 223 222 221 220 219 218 217 217 217 217 218 218 219 220 221 222 227 225 220 220 220 220 221 221 221 220 221 220 219 221 221 221 220 220 219 219 219 219 219 220 220 220 221 222 223 224 226 228 229 230 230 230 229 229 229 228 227 226 225 226 225 224 223 223 222 222 222 222 223 224 225 226 227 227 228 227 227 226 226 224 223 222 221 224
216 216 215 214 214 214 214 214 214 214 214 215 215 214 214 214 214 213 212 212 212 212 211 211 211 208 205 204 204 204 204 204 204 206 205 207 207 208 207 205 204 206 207 208 208 208 209 212 214 215 218 220 220 221 223 224 224 224 224 224 224 224 223 223 223 223 223 222 221 221 220 219 219 219 220 221 222 223 224 226 227 228 229 229 230 231 234 237 240 242 244 246 249 253 256 257 258 257 257 256 255 253 252 250 247 246 248 252 255 258 260 260 260 259 258 257 256 255 253 251 248 245 244 246 250 253 255 257 259 263 266 268 269 271 272 276 279 282 284 286 287 288 289 290 291 292 292 293 293 293 294 294 293 293 292 290 288 284 281 279 277 274 272 270 269 269 271 273 275 277 279 281 282 283 285 286 287 287 288 288 289 291 293 294 293 293 293 292 292 292 293 293 293 293 292 291 290 289 288 288 287 287 285 284 281 279 276 273 271 269 269 268 267 267 267 266 264 262 262 262 262 262 263 264 265 265 267 268 267 267 266 268 270 273 276 277 275 274 272 270 269 267 265 264 263 264 265 263 261 247 257 254 251 248 246 244 244 243 243 243 243 242 242 241 240 239 238 241 242 243 243 244 243 241 239 237 236 235 234 235 236 236 236 237 243 246 247 244 242 239 238 237 237 236 236 235 234 232 232 231 231 230 230 228 226 225 224 224 224 225 226 226 226 226 225 224 223 222 221 220 218 217 217 217 217 218 219 219 220 220 221 221 220 219 222 220 220 220 221 221 220 220 219 218 220 221 221 221 220 220 219 219 219 219 220 220 220 221 221 222 223 225 227 228 229 230 230 230 229 229 228 228 227 227 226 225 225 225 223 222 222 222 222 222 222 223 224 225 226 227 228 228 227 227 226 225 224 223 222 221
216 216 215 214 214 214 214 214 214 214 214 214 215 214 214 214 213 213 212 212 212 212 211 211 211 208 204 204 204 204 204 204 205 205 207 207 208 207 207 204 204 206 206 207 207 207 208 210 212 213 215 216 218 220 222 222 222 222 223 223 222 222 222 222 222 222 221 221 220 219 219 218 218 218 219 220 221 222 224 225 226 227 228 228 229 230 232 236 240 242 245 248 251 254 257 259 260 260 259 258 257 255 254 252 249 248 250 254 257 260 262 262 262 261 260 259 258 257 256 254 252 249 246 244 247 249 251 253 256 260 265 268 270 271 272 274 276 282 284 286 286 287 288 289 290 291 293 293 294 294 294 294 293 293 292 290 289 286 283 281 279 276 274 272 270 270 271 272 274 276 277 279 280 281 282 283 284 285 285 285 287 289 293 293 293 293 292 293 293 293 293 293 293 293 293 292 291 290 290 289 288 287 285 284 281 278 276 273 270 269 267 268 267 266 265 264 263 263 264 264 262 263 265 267 268 269 269 270 270 269 268 269 271 274 277 277 277 276 274 273 272 270 268 267 267 268 267 263 262 250 254 251 249 246 244 243 243 243 243 244 243 243 242 241 240 239 238 239 241 241 242 242 241 238 235 233 232 232 234 233 233 233 232 232 235 241 242 240 239 237 236 236 237 237 236 236 234 232 230 231 230 230 230 230 227 225 224 225 225 225 226 226 226 225 225 224 222 221 220 219 218 218 217 217 218 218 219 219 220 220 221 220 219 219 219 220 219 220 220 220 220 219 218 219 220 221 221 221 220 220 219 219 220 220 220 220 221 221 222 223 224 226 227 229 229 230 230 229 229 228 228 227 227 227 226 225 225 224 224 223 225 222 223 222 222 223 224 225 226 227 227 228 228 227 227 226 225 223 223 222
216 216 215 215 214 214 214 214 214 214 214 214 214 214 213 213 213 212 211 212 212 212 211 210 209 208 205 204 204 204 204 205 206 206 207 207 208 207 206 204 204 205 205 206 206 207 208 209 210 212 213 214 217 219 221 221 221 221 221 221 221 221 221 221 220 220 220 219 219 218 218 217 217 218 219 220 222 224 225 226 227 228 228 228 229 229 231 235 239 242 245 248 252 255 258 260 262 262 261 260 259 257 255 254 251 250 252 255 259 262 264 263 263 263 262 261 260 259 258 256 255 253 251 248 245 245 246 250 253 258 263 267 269 271 273 274 278 281 283 285 285 285 285 287 288 290 292 293 294 294 294 294 293 293 292 290 289 287 285 283 281 278 275 273 271 271 271 271 272 274 275 276 278 279 280 281 282 283 283 283 286 288 291 293 292 292 293 293 293 293 293 294 294 293 293 293 292 291 290 290 289 287 285 282 279 276 274 271 270 269 270 270 270 268 266 265 264 266 267 265 264 264 266 268 271 273 273 274 273 272 270 270 272 274 276 275 275 274 273 273 273 271 269 268 268 268 266 263 260 253 252 250 247 246 245 244 243 243 243 244 244 243 242 241 240 238 238 238 239 239 240 240 238 236 232 233 235 235 235 235 235 235 234 233 232 232 235 236 236 235 235 236 237 237 236 235 235 231 227 228 227 230 229 229 229 227 225 226 226 226 226 226 226 225 224 223 222 221 220 220 219 219 217 217 218 218 219 220 220 220 220 219 219 219 219 219 219 219 220 220 220 217 218 219 220 221 221 221 220 220 219 219 219 220 220 220 221 222 223 224 225 226 228 229 230 230 230 229 229 228 227 227 227 227 226 226 225 225 224 224 223 223 223 225 222 222 223 224 225 227 227 228 228 228 228 227 225 224 223 223
215 215 215 215 214 214 214 214 214 214 215 215 214 214 213 212 211 210 210 211 211 211 209 208 208 206 204 204 204 204 205 205 203 204 207 207 207 207 206 204 204 205 205 205 206 206 207 208 210 211 212 213 215 217 219 220 220 220 220 220 220 220 220 219 219 219 219 219 218 218 217 217 217 218 219 221 223 225 226 228 229 230 229 229 229 229 231 234 239 242 245 249 252 256 259 261 263 263 263 261 260 258 256 254 252 251 253 257 260 263 265 265 265 264 264 264 263 262 260 259 257 256 255 253 250 247 244 246 251 255 260 265 269 271 272 274 277 279 282 282 282 282 283 284 286 288 290 292 293 294 294 294 293 293 291 290 289 287 285 284 282 279 277 274 273 272 271 271 271 272 273 275 276 277 278 279 281 281 281 282 284 286 288 291 292 292 293 293 294 294 294 294 294 294 294 293 293 292 291 290 288 286 284 282 279 276 273 270 271 271 272 273 273 270 267 266 268 269 269 267 265 266 267 269 271 274 277 278 277 274 272 272 274 275 275 273 272 271 270 270 269 269 267 267 267 266 263 260 257 253 250 249 247 246 245 244 243 243 243 243 243 243 242 241 240 238 236 237 238 237 237 236 234 232 234 235 237 238 239 241 243 243 243 239 234 233 235 235 235 234 234 234 235 237 236 235 232 231 231 227 228 228 230 229 229 228 229 229 228 227 226 226 226 225 224 223 222 222 221 222 221 221 219 218 217 218 220 220 220 220 219 219 219 219 219 219 219 219 221 220 218 218 219 220 220 221 221 221 220 220 219 219 219 220 221 222 222 223 224 225 226 228 229 229 230 230 229 229 228 228 228 227 227 226 226 226 225 225 224 224 223 223 223 223 223 223 225 223 224 226 227 228 228 229 228 227 226 225 224 223
215 215 215 215 215 214 214 214 215 215 215 215 214 213 211 207 204 201 201 201 201 204 206 206 206 205 204 204 204 204 201 203 201 204 207 207 206 206 205 203 204 205 205 205 205 206 207 208 209 210 211 212 213 215 217 217 218 219 219 219 219 219 219 219 219 219 218 218 218 217 216 216 216 218 219 221 224 225 227 229 230 231 231 231 230 230 231 234 238 242 245 249 253 256 259 261 263 263 263 262 260 259 257 255 253 253 255 258 261 263 265 266 266 266 267 266 266 265 264 261 260 258 257 256 255 252 248 245 248 253 258 262 266 269 271 273 275 276 279 280 280 280 281 282 284 285 288 290 291 292 293 293 293 292 291 290 289 287 285 284 282 280 278 275 274 273 273 272 271 271 272 273 274 275 276 278 279 279 279 280 282 284 287 289 291 292 293 293 294 294 294 294 295 295 294 294 293 292 291 289 287 285 283 281 278 275 272 272 273 274 275 276 274 270 268 269 271 272 270 268 267 268 269 271 273 276 279 280 279 276 275 273 274 274 273 271 270 269 268 267 266 266 262 261 260 260 258 257 255 252 249 249 249 247 246 245 244 243 243 243 243 243 242 241 239 238 236 236 237 236 236 236 236 236 236 238 242 248 248 248 249 250 245 238 239 237 235 235 234 233 232 232 232 235 233 232 231 231 230 229 230 230 228 229 229 230 231 230 229 228 227 226 226 225 224 224 224 223 223 222 222 222 220 218 214 219 220 220 221 219 219 219 219 218 219 219 220 221 218 218 219 218 219 220 221 221 221 221 220 220 220 220 220 221 222 223 224 225 226 227 228 229 230 230 230 230 229 229 228 227 227 227 227 226 226 226 225 225 225 224 224 224 224 223 223 223 222 223 223 225 227 228 228 229 229 228 227 226 225 224
215 215 215 215 215 215 215 215 215 215 215 215 214 211 201 202 203 204 204 204 204 203 203 204 204 204 204 204 203 201 203 203 204 206 207 206 205 205 205 203 204 205 205 205 204 205 206 207 208 209 210 211 212 213 215 216 217 218 218 218 218 218 218 218 218 218 218 217 217 216 216 216 216 218 220 222 224 226 228 230 231 232 232 232 231 230 231 234 238 243 246 249 252 256 259 261 263 263 263 262 261 259 258 256 254 254 256 258 261 264 266 267 267 267 268 269 268 267 266 264 262 261 260 259 257 255 253 248 247 251 256 259 263 266 269 271 272 274 276 277 277 278 279 280 281 283 285 287 289 290 292 293 292 292 291 290 289 287 285 283 282 280 278 276 275 275 274 273 273 272 272 272 273 274 275 276 277 277 278 279 281 283 285 287 289 291 292 293 293 294 294 295 295 295 295 294 293 292 290 288 286 284 282 279 277 274 273 275 277 277 278 278 275 271 270 271 274 274 271 269 269 271 272 274 277 278 280 281 280 277 275 274 272 271 270 269 267 266 265 265 263 260 258 257 256 255 255 254 254 253 251 251 250 249 248 246 245 245 244 244 243 243 242 240 239 238 237 236 237 237 237 237 237 238 239 245 247 254 258 257 253 248 240 244 245 242 241 238 235 235 235 234 232 232 235 232 232 221 205 196 196 225 230 230 228 229 231 231 229 228 227 226 226 225 225 225 225 224 223 223 222 222 221 219 218 220 221 221 220 219 219 219 218 218 219 220 219 219 219 218 218 219 219 220 221 221 221 221 220 220 220 220 221 222 224 225 226 227 228 229 229 230 230 230 230 230 230 229 228 227 227 227 226 226 226 226 226 225 225 225 225 225 224 224 223 223 223 223 224 225 226 227 225 229 229 228 228 227 226 225
215 215 215 215 214 215 215 215 215 215 215 214 213 206 203 204 204 205 205 205 205 205 204 203 203 203 203 203 204 204 205 205 205 206 206 206 205 205 205 203 204 205 205 205 202 204 205 207 207 208 209 210 211 212 213 214 215 217 217 216 216 216 217 217 217 217 217 217 216 215 215 215 216 218 220 222 224 227 229 231 232 233 233 232 231 231 232 234 238 242 245 248 251 255 258 261 262 263 263 263 261 260 259 257 256 255 257 259 261 264 266 268 268 269 270 271 270 269 268 267 265 264 262 262 260 258 256 252 247 250 254 257 260 264 268 268 267 270 272 274 274 276 277 278 279 281 283 285 287 288 290 291 292 292 291 290 289 287 285 283 281 280 278 277 277 276 275 275 274 274 274 273 273 273 273 274 275 275 277 279 280 282 284 286 288 290 292 292 293 294 294 295 295 295 294 294 293 292 290 288 285 283 281 278 276 274 274 277 280 280 280 278 274 272 272 273 275 275 271 270 272 273 275 277 279 281 281 279 277 275 273 271 269 268 268 266 265 263 262 261 260 258 257 255 254 253 252 253 253 254 253 253 253 252 251 250 249 248 247 245 243 243 242 240 238 237 237 237 237 238 238 238 239 241 247 248 256 260 259 256 252 246 245 249 249 248 247 243 241 240 240 237 234 232 236 228 207 196 196 196 196 213 230 230 231 229 229 229 229 228 227 227 226 226 226 226 225 224 224 223 223 222 221 220 220 220 221 219 219 218 218 218 219 219 219 219 218 218 218 218 218 219 220 221 221 221 222 222 221 221 221 221 222 224 225 226 227 228 229 229 230 230 231 231 230 230 230 229 228 228 228 227 227 226 226 226 226 226 226 225 225 225 224 224 223 223 223 223 224 225 226 227 228 229 228 226 228 228 227 226
215 215 215 214 214 214 214 214 214 214 214 213 210 201 205 205 205 205 205 205 205 205 205 205 204 205 205 205 206 206 206 206 206 206 206 205 205 205 204 203 203 205 205 205 204 202 205 206 207 207 208 209 210 211 212 214 213 216 215 215 215 216 216 216 216 217 216 216 215 215 215 215 216 218 221 223 225 227 229 231 232 233 233 232 231 231 232 234 238 241 244 247 250 254 257 260 262 263 264 263 262 261 260 258 257 257 258 260 262 264 266 268 269 271 272 273 273 272 270 270 269 268 267 265 263 260 258 255 250 248 251 255 258 262 266 266 266 266 268 270 271 273 275 276 277 279 281 283 285 286 287 289 291 292 292 290 289 287 285 283 282 280 279 279 278 278 277 276 276 276 276 275 275 274 273 273 274 275 276 278 280 281 283 286 287 289 291 292 293 293 294 294 294 294 294 293 292 291 290 287 285 283 281 278 276 275 276 279 282 282 280 277 274 273 274 274 275 273 272 272 274 275 277 279 279 278 278 276 274 271 269 268 267 266 265 264 263 262 260 260 259 258 256 254 252 251 251 250 252 254 255 256 256 255 253 252 251 249 248 246 244 243 241 239 238 237 237 238 238 239 240 242 246 250 250 259 260 259 257 254 252 246 250 253 253 253 251 248 247 246 243 239 237 235 237 217 196 196 196 196 196 204 231 231 231 230 231 233 228 228 228 227 227 226 226 226 226 225 223 223 222 222 221 220 220 224 220 215 217 218 218 217 218 218 218 218 218 217 218 218 218 219 220 221 222 222 222 222 222 222 222 222 223 225 226 227 227 228 229 229 230 230 231 231 231 230 230 229 229 228 228 227 227 226 226 226 226 226 226 225 225 225 224 224 224 223 223 224 224 225 226 227 228 228 229 229 229 228 227 226
215 215 214 214 214 214 214 214 214 214 213 211 204 204 205 205 205 205 205 205 205 205 205 205 205 205 205 206 206 206 206 206 206 206 205 205 205 205 205 203 203 204 205 204 204 204 205 205 206 207 208 208 209 210 211 213 214 215 214 214 214 215 215 215 216 215 215 214 214 214 214 215 216 219 222 224 225 227 230 231 232 233 233 233 232 232 232 234 236 240 244 247 250 253 256 259 261 263 264 264 263 262 261 260 258 258 259 260 262 264 266 268 270 271 273 274 275 274 273 273 274 273 271 269 267 264 261 259 254 250 249 251 253 257 261 265 266 266 265 266 268 270 272 274 275 277 279 281 282 284 284 286 289 292 292 291 290 288 286 284 283 282 281 280 280 279 279 278 278 278 278 278 277 277 276 275 274 274 275 277 279 281 283 285 287 288 290 291 292 293 293 293 294 293 293 293 292 291 289 288 285 283 281 279 277 276 278 280 282 283 280 277 275 275 276 277 276 275 275 275 275 275 276 277 276 276 273 271 270 268 267 265 265 264 263 262 261 260 259 258 257 255 255 253 252 250 248 247 251 253 255 256 257 256 255 253 252 250 249 247 245 243 241 240 238 238 238 239 240 241 244 249 255 262 261 261 260 259 257 256 253 252 255 256 256 256 255 253 250 248 245 242 243 241 238 222 196 196 196 196 196 222 232 232 231 231 227 230 227 228 226 226 228 227 227 227 227 225 223 222 221 221 220 220 225 223 223 222 216 217 216 216 217 218 218 218 218 218 216 218 219 220 221 222 223 223 223 223 223 223 223 224 224 225 226 227 227 227 228 229 229 230 230 230 230 230 230 229 229 228 228 228 227 227 226 226 226 226 226 225 225 225 224 224 224 223 223 224 224 225 226 227 228 228 229 229 229 229 228 228
215 214 215 214 214 214 214 214 214 213 212 209 202 205 205 205 205 205 205 205 205 205 205 205 205 205 206 206 206 206 206 206 206 206 205 205 205 205 205 204 203 204 205 205 205 205 205 205 206 206 207 208 208 209 210 212 213 213 213 213 213 214 214 215 215 214 214 214 214 214 214 215 217 219 222 224 226 228 230 231 233 234 234 233 232 232 233 235 237 240 243 246 249 252 255 258 261 263 264 265 264 263 262 260 259 259 260 262 263 265 267 268 270 272 274 275 276 277 277 278 278 277 275 273 270 267 265 262 260 256 252 250 250 251 254 258 261 261 260 262 265 268 269 271 273 276 278 280 281 281 282 284 287 291 293 292 291 289 287 286 284 283 282 282 281 281 280 280 280 280 280 280 279 279 278 277 275 274 275 277 278 280 282 284 286 287 289 290 291 292 292 292 293 293 292 292 291 290 289 287 285 283 281 279 277 277 278 281 282 282 281 279 278 278 279 279 278 278 277 276 276 276 276 275 274 273 271 270 268 267 265 264 263 262 261 260 259 258 257 256 256 255 254 253 251 250 249 248 249 249 251 253 254 255 254 254 252 251 249 247 245 243 241 239 238 239 240 240 242 245 251 257 262 264 263 261 261 261 258 256 256 257 258 259 259 258 257 255 253 250 248 247 247 239 242 243 218 231 232 232 237 238 234 234 233 231 231 230 229 226 226 226 226 228 228 228 227 224 222 221 220 220 222 225 221 218 216 215 215 216 216 216 217 217 218 217 217 217 218 219 219 220 221 222 223 223 223 223 223 223 223 224 224 224 225 225 226 226 227 228 229 229 229 229 229 229 229 228 229 228 228 228 228 227 226 226 226 226 226 225 225 225 225 224 224 223 223 224 224 225 225 226 227 228 229 229 229 229 229 228
214 214 215 215 214 214 213 213 213 213 211 205 204 205 205 205 205 205 205 205 205 206 206 206 206 206 206 206 206 206 206 206 206 205 205 205 205 205 205 205 203 204 204 205 205 205 205 205 205 206 207 207 208 209 210 211 211 212 212 213 214 214 215 215 215 214 213 213 213 213 214 215 217 220 223 225 226 228 230 232 233 234 234 234 233 233 234 236 238 241 244 247 249 251 254 258 261 263 264 265 264 264 262 261 261 261 261 263 265 266 268 270 272 273 275 277 278 279 280 280 280 279 278 276 274 269 267 265 263 261 259 257 255 253 251 251 254 255 257 259 262 266 267 270 272 274 276 278 279 279 280 282 285 290 293 293 292 291 289 287 286 285 284 283 283 282 282 281 282 282 282 282 282 281 280 279 277 275 275 275 277 279 281 283 285 286 288 289 290 290 291 291 292 292 292 291 288 290 289 287 285 283 281 279 277 278 280 281 283 282 280 280 281 281 281 281 281 280 279 277 277 277 277 276 275 273 270 269 267 266 265 264 262 261 260 257 256 257 258 259 259 258 257 254 253 252 251 250 249 248 249 250 251 253 253 253 252 251 249 247 245 243 241 239 239 240 241 242 251 250 259 262 264 264 263 262 261 260 259 259 258 259 259 259 259 259 257 255 254 252 251 250 249 246 248 248 249 249 248 247 244 240 237 236 234 232 232 232 230 229 226 226 226 226 226 227 226 224 224 225 219 219 217 217 216 215 215 215 213 216 216 216 217 217 217 217 216 218 219 220 220 221 221 222 223 223 223 223 222 222 222 223 223 223 224 224 224 225 225 226 227 227 228 228 228 228 228 227 228 229 228 228 228 228 227 226 226 226 226 225 225 225 225 224 224 224 223 224 224 225 225 226 227 228 228 229 229 229 230 229
214 214 215 215 215 214 214 213 213 212 210 201 205 205 205 205 205 205 205 205 206 206 207 206 206 206 206 206 206 206 206 206 205 205 205 205 205 205 205 205 204 204 204 205 205 205 205 205 205 206 207 207 208 208 209 210 211 212 213 214 215 215 216 215 214 214 213 213 213 213 213 215 217 220 223 225 227 228 230 232 233 234 235 235 234 234 235 237 239 242 245 247 249 252 254 257 260 263 264 265 265 264 263 262 262 262 263 264 266 267 269 272 273 275 276 278 279 280 281 281 281 281 280 278 277 273 270 267 266 264 262 261 259 257 255 252 251 253 255 256 260 264 267 269 271 274 273 275 276 277 279 281 285 289 291 293 293 292 291 289 288 287 286 285 284 284 283 283 283 284 284 285 285 284 283 281 280 278 276 275 276 278 280 282 283 285 286 288 289 289 290 290 291 291 291 291 290 290 289 287 285 283 281 279 278 279 281 283 284 283 283 283 283 283 283 283 282 281 280 279 279 278 277 276 275 272 270 268 267 266 265 264 262 260 258 258 259 262 264 264 262 261 259 258 255 253 252 252 252 250 248 247 248 249 250 251 250 249 248 246 244 242 240 239 240 241 243 251 254 259 262 264 264 264 264 262 261 260 260 260 260 260 259 259 258 258 256 254 254 253 253 252 251 250 251 251 251 251 251 249 245 240 238 237 236 235 232 233 232 231 229 224 226 226 226 226 226 226 224 219 218 216 216 216 215 215 215 215 215 215 215 215 215 216 215 216 218 219 220 221 221 222 222 223 223 223 222 222 222 221 221 222 222 222 222 223 223 223 224 224 225 225 226 226 226 225 226 226 226 227 228 228 228 227 227 226 226 226 226 225 225 225 224 224 224 224 224 224 224 225 225 226 227 228 228 228 229 229 230 230
211 215 215 210 214 213 213 212 212 212 209 201 206 205 205 205 205 205 205 205 206 206 207 206 206 206 205 205 205 205 205 205 205 205 205 205 205 205 205 205 204 204 204 204 204 205 205 205 205 206 206 207 208 209 210 210 212 213 214 215 216 217 217 216 215 214 213 212 213 213 213 215 218 221 224 226 227 228 230 232 233 235 236 235 234 234 236 238 241 243 246 248 250 252 255 257 260 263 265 265 265 265 264 264 264 264 265 266 267 269 271 273 275 276 278 279 280 281 282 282 282 282 281 280 278 277 273 270 268 266 265 263 261 259 258 257 255 254 253 255 259 262 266 267 269 272 274 273 273 275 278 281 284 287 290 292 293 293 292 291 290 289 288 285 286 286 285 284 285 285 286 287 287 287 286 284 282 280 278 276 276 276 278 280 282 284 285 286 287 288 288 289 289 290 291 290 290 290 289 287 285 283 282 280 279 281 283 284 285 285 285 285 285 285 284 283 282 281 281 281 279 278 277 276 274 272 270 269 267 265 264 263 262 260 262 262 264 268 270 268 266 263 262 259 256 256 256 255 253 251 250 247 247 247 247 248 248 247 246 245 243 241 240 240 241 244 248 251 257 262 266 266 266 265 264 263 262 261 261 261 260 260 259 258 257 257 255 254 254 254 254 254 253 253 253 252 252 253 254 251 245 241 244 246 243 236 233 233 232 232 231 230 227 225 222 222 222 221 217 218 216 216 215 215 215 215 215 215 215 216 215 215 213 213 217 219 220 220 221 221 221 222 222 222 222 222 222 221 221 221 220 221 221 221 221 221 222 222 222 223 223 223 224 224 223 223 224 224 225 226 227 228 228 227 227 226 226 226 225 225 225 225 224 224 224 224 224 224 225 225 226 226 227 228 228 228 228 229 229 230
212 209 215 210 215 212 212 212 212 211 209 201 206 205 205 205 205 205 206 206 206 207 207 206 206 205 205 205 205 205 205 205 205 205 205 204 205 205 205 205 204 204 204 204 204 204 204 205 205 206 206 207 208 209 211 212 213 214 216 217 217 218 217 216 215 214 213 212 212 212 213 215 218 222 225 226 227 228 230 232 233 234 236 236 235 235 236 239 241 244 247 249 251 253 255 258 260 263 265 265 266 266 265 265 265 265 266 268 269 270 272 274 276 277 278 279 280 281 282 282 282 282 282 281 280 279 277 274 270 269 267 265 263 261 260 259 259 257 255 254 257 259 264 266 267 269 269 269 271 273 276 279 282 285 288 290 292 293 294 293 292 291 290 289 288 287 286 286 286 287 288 289 290 289 288 286 284 282 280 278 276 276 277 279 281 282 283 284 285 286 287 288 288 289 289 290 290 290 289 288 286 284 283 283 282 282 284 286 287 287 288 288 287 287 286 284 283 283 283 281 279 277 276 275 274 272 270 269 267 265 263 262 262 263 266 266 268 272 274 271 268 265 263 262 262 261 258 258 255 253 252 249 247 245 245 245 245 244 244 243 242 241 241 242 248 248 251 254 260 266 267 267 266 265 265 264 263 262 261 260 260 259 258 258 258 257 257 257 257 256 256 256 255 255 254 256 258 257 255 251 244 242 244 245 249 235 234 233 233 231 231 230 228 225 222 222 221 216 218 215 215 215 215 215 215 215 215 215 213 216 217 217 217 217 218 220 221 221 221 221 221 221 222 222 222 222 221 221 220 220 220 220 220 220 220 221 221 221 221 221 222 222 222 222 222 222 222 222 223 224 225 227 227 227 227 226 226 226 226 225 224 225 224 224 224 224 224 224 224 225 225 226 227 227 227 227 228 228 229 229
213 212 206 213 213 212 212 211 210 210 207 201 206 205 205 205 205 205 206 206 206 207 206 206 206 205 205 205 204 204 204 204 204 204 204 204 205 205 205 205 205 204 204 204 204 204 204 205 205 206 207 208 209 210 212 213 215 216 217 218 219 219 218 217 215 214 213 212 212 212 213 215 218 222 225 226 227 229 230 231 233 234 235 236 236 236 236 239 242 245 247 249 252 253 255 258 260 262 264 266 266 266 267 266 267 267 268 269 270 271 273 275 277 278 279 280 280 281 281 282 283 283 283 282 281 280 280 278 274 271 270 268 265 264 263 262 261 259 258 256 255 259 261 264 265 265 265 268 270 272 274 277 280 283 286 288 290 292 294 294 294 293 292 291 290 288 288 288 288 289 290 291 292 291 290 287 285 283 281 279 278 277 277 278 280 281 282 282 283 284 285 286 287 288 288 289 289 290 289 288 287 286 285 287 285 286 286 289 289 290 291 290 289 289 287 285 285 284 282 281 279 278 276 274 273 272 271 269 267 266 266 266 266 266 268 270 273 277 277 273 269 268 267 267 266 265 259 259 258 255 253 250 248 246 245 244 243 243 242 242 241 242 243 247 252 254 255 258 263 267 267 267 266 266 266 265 263 262 261 260 260 259 259 260 260 259 259 259 259 259 258 258 257 258 259 262 262 257 251 246 243 246 244 248 248 237 235 234 233 230 230 229 226 223 220 219 215 217 215 215 215 215 215 213 213 215 214 214 216 218 219 218 218 219 220 220 221 221 221 221 221 221 221 221 221 221 221 220 220 220 220 220 219 220 220 220 220 220 220 220 221 221 221 221 221 222 222 222 222 223 224 225 227 227 227 227 227 226 226 225 225 224 224 224 224 224 224 224 224 225 225 226 226 227 227 227 228 228 228 228
213 212 211 206 211 211 211 210 209 208 206 203 205 204 203 203 205 205 206 206 207 206 206 206 205 205 205 204 204 204 204 204 204 204 204 204 204 205 205 204 207 205 204 204 204 204 204 205 205 206 207 208 210 211 213 214 216 217 218 219 219 219 218 217 215 214 213 212 211 212 212 215 218 222 224 225 227 228 229 230 232 233 234 235 235 235 236 239 242 246 248 250 252 254 256 258 260 262 263 265 266 267 267 267 268 268 269 269 270 271 273 275 277 278 278 279 280 280 281 281 281 282 282 283 282 282 282 281 279 276 274 272 269 266 265 264 262 261 259 258 256 255 258 260 264 263 264 266 269 271 273 275 278 281 283 286 288 291 293 295 295 295 294 293 291 290 289 290 290 290 291 292 293 293 291 289 286 284 282 281 279 278 279 278 279 280 280 281 282 282 284 285 286 287 287 288 289 289 289 289 289 288 288 287 285 287 287 290 291 293 293 292 291 290 288 287 286 284 283 282 281 279 277 274 272 271 270 269 269 270 270 272 272 273 273 275 278 279 277 275 273 272 271 270 269 266 265 260 257 255 253 250 249 247 245 244 243 243 242 242 243 244 248 253 258 260 260 263 267 267 267 267 267 266 266 265 263 262 261 260 261 262 262 262 262 262 262 261 261 260 259 260 261 263 265 266 266 274 259 244 243 244 245 242 244 239 235 233 232 230 230 226 223 221 225 218 218 215 214 214 214 214 214 215 215 216 215 216 217 219 219 219 219 220 220 220 220 220 220 220 220 220 221 221 221 221 220 220 220 220 219 219 219 219 219 219 219 219 220 220 220 220 220 220 221 221 222 222 222 223 224 225 227 227 227 227 227 226 226 225 225 224 224 224 224 224 224 224 224 224 225 226 226 227 227 227 227 227 227 228
212 212 211 210 208 210 210 209 208 207 206 201 204 205 205 205 203 205 206 206 206 206 206 205 205 205 205 204 204 204 204 204 205 204 204 204 204 204 206 204 205 204 204 204 204 205 205 205 205 206 207 209 211 212 214 215 217 218 219 220 220 220 219 217 216 214 213 212 211 211 212 214 218 221 223 225 226 227 228 230 230 231 233 234 234 234 235 238 242 246 249 251 253 255 257 258 260 262 263 263 264 266 266 267 268 269 269 270 271 271 272 274 275 276 277 278 278 279 279 279 279 281 282 283 284 284 284 283 281 280 278 275 272 269 268 266 265 263 261 259 258 256 256 259 262 262 262 265 268 270 272 273 276 278 281 283 287 290 292 295 295 295 295 294 292 291 290 291 292 292 293 294 294 294 292 290 287 285 283 282 281 280 279 279 279 279 279 280 280 281 282 284 284 285 286 287 288 288 289 289 289 289 289 288 286 286 289 290 292 294 293 293 292 291 290 289 288 286 284 282 281 279 277 274 272 272 271 272 274 275 275 276 278 278 279 280 281 279 277 275 273 272 271 271 269 265 261 259 257 254 252 251 250 248 246 245 243 243 244 244 246 248 252 257 262 264 265 267 268 267 267 267 267 266 265 264 262 262 262 262 262 263 263 264 265 266 264 263 263 250 254 260 262 260 261 265 268 282 266 245 245 247 245 242 243 239 231 235 231 229 229 224 221 222 220 218 214 214 214 215 214 215 216 217 217 217 216 216 216 217 217 218 219 219 219 220 220 220 220 220 220 220 220 220 220 220 220 220 220 219 219 219 219 219 219 219 219 219 219 220 220 220 220 220 220 220 222 222 222 223 224 225 227 227 227 227 227 226 226 225 225 225 225 225 225 224 224 224 224 224 225 225 226 226 227 227 227 227 227 227
213 212 211 211 210 209 208 208 208 208 206 201 204 205 205 205 205 205 206 206 206 206 205 205 205 205 205 204 204 204 204 205 204 204 204 204 204 204 204 204 204 204 204 204 205 205 205 205 205 206 208 210 211 213 214 216 218 219 220 221 221 220 219 217 216 214 213 212 211 211 212 214 218 221 223 224 225 226 228 229 229 230 231 232 232 233 235 237 241 244 248 251 253 255 257 258 260 261 262 262 263 264 265 266 268 269 270 270 271 271 271 272 273 273 274 275 276 277 276 276 277 278 280 282 284 284 285 284 283 282 280 279 275 273 271 268 266 264 263 262 260 258 257 256 258 259 261 264 268 269 271 272 274 276 279 282 285 288 291 293 294 296 295 295 293 292 292 293 294 294 295 295 295 295 292 290 288 286 284 283 282 281 280 280 279 279 278 279 279 280 281 282 283 284 285 286 287 288 289 290 290 290 290 288 287 287 289 291 293 294 294 293 292 291 291 290 289 286 284 281 279 277 275 274 274 275 276 277 280 282 280 280 283 284 284 283 282 280 276 273 271 270 269 268 265 261 260 258 255 254 253 251 250 248 246 244 243 244 246 247 250 254 257 262 265 267 267 268 268 268 267 267 266 265 263 262 262 263 263 264 265 265 266 268 268 266 266 264 246 236 243 251 249 245 244 247 255 255 253 245 246 245 244 243 240 235 231 234 230 229 228 222 221 220 219 217 213 214 214 215 215 217 218 219 220 220 218 217 216 216 215 216 217 217 218 219 219 219 219 219 219 219 219 220 220 220 220 220 220 219 219 219 219 219 219 219 219 219 219 220 220 220 220 220 221 221 222 222 222 223 225 226 227 226 226 226 226 226 226 225 225 225 225 225 225 225 225 224 224 224 224 225 225 225 226 226 226 226 227 227
213 213 212 212 211 211 209 208 209 209 207 204 204 205 205 205 205 205 206 206 205 205 205 205 205 205 205 204 205 204 205 205 205 205 204 204 204 204 205 204 204 204 204 204 204 205 205 205 206 207 208 210 212 214 215 217 219 220 221 222 222 221 219 218 216 214 213 212 211 211 212 214 218 220 222 223 224 226 227 228 228 229 229 230 230 232 234 236 239 242 246 250 252 254 256 258 259 261 261 262 262 263 264 265 267 268 269 269 270 270 270 270 270 270 270 270 272 273 273 273 274 276 279 281 283 284 285 285 285 284 282 280 278 276 273 271 268 266 265 264 263 261 259 257 256 258 261 264 267 268 269 270 272 274 277 280 283 286 288 291 292 294 294 294 294 293 293 294 295 296 296 297 296 296 293 290 288 287 285 284 282 282 281 281 280 280 279 278 279 279 281 281 282 283 284 285 286 287 289 290 290 291 291 290 289 289 290 292 294 294 294 293 293 292 291 290 289 286 283 280 279 278 279 279 278 278 281 284 286 285 284 285 286 286 284 282 280 278 275 271 268 267 266 263 259 258 257 256 254 254 253 251 249 247 245 244 245 247 250 251 253 260 264 265 268 269 269 268 268 268 267 267 266 264 262 262 263 265 266 267 268 269 269 270 268 266 252 227 213 221 230 239 236 230 230 234 238 243 246 244 245 243 242 240 235 230 232 232 230 228 225 220 220 220 220 217 214 214 214 215 216 218 219 221 222 222 220 219 218 217 216 215 216 216 217 218 219 219 218 218 218 218 219 219 219 219 219 220 219 219 219 219 219 219 219 219 219 219 219 220 220 220 220 220 221 221 222 222 223 224 226 227 227 226 226 225 225 225 225 225 225 225 225 225 225 225 225 225 225 225 224 224 225 225 225 226 226 226 226 226
213 213 213 212 212 212 210 209 209 210 208 205 203 205 205 205 205 205 206 206 206 205 205 205 205 205 205 204 205 205 205 205 205 205 205 205 204 204 204 204 204 204 204 204 204 204 205 205 206 207 209 211 213 214 216 218 219 221 222 223 223 222 220 218 216 215 213 212 211 211 212 214 217 219 221 222 224 226 226 227 227 227 228 228 229 231 233 235 238 241 245 248 251 253 255 257 258 260 261 261 262 262 263 264 265 267 268 268 268 268 268 267 267 267 267 267 267 268 269 270 272 274 277 280 282 284 285 286 286 285 284 282 280 278 276 274 271 269 268 267 265 263 261 259 256 257 260 263 266 268 269 270 271 272 275 278 281 283 285 288 291 293 294 294 294 295 295 296 297 297 297 298 297 296 294 291 289 287 286 284 283 282 282 282 282 281 280 279 279 279 280 280 281 282 283 284 285 287 288 289 291 292 292 291 290 290 291 293 294 295 295 294 293 292 291 289 287 285 283 283 284 284 285 283 280 280 283 286 288 289 288 287 287 285 282 280 277 274 271 268 265 264 262 260 258 256 255 255 254 253 251 249 247 246 245 246 248 251 254 257 257 264 267 268 269 269 269 269 269 268 267 267 265 264 262 263 266 268 269 270 270 271 272 271 260 228 212 195 199 209 219 226 221 219 235 245 241 241 241 245 243 242 242 238 232 229 226 226 225 224 221 220 221 220 221 217 214 214 213 214 216 217 220 222 223 224 223 222 221 219 217 216 216 216 217 217 218 218 218 218 218 218 218 218 218 219 219 219 219 219 219 219 219 219 219 219 219 219 219 220 220 220 220 221 221 221 222 222 224 226 227 227 227 226 226 226 225 225 225 225 225 225 226 226 226 226 226 226 226 225 225 225 225 225 225 225 225 226 226 227
213 213 213 213 212 212 211 211 210 206 208 205 201 205 205 204 205 205 206 205 205 205 205 205 205 205 205 205 204 205 205 205 205 205 205 205 204 204 204 204 203 204 204 204 204 204 204 205 206 208 209 211 213 215 217 219 220 222 223 224 223 222 220 218 216 215 213 212 211 211 212 213 215 217 219 221 223 224 225 225 226 226 226 227 229 231 234 236 239 241 244 248 250 252 254 256 258 259 260 261 261 261 262 263 264 265 266 266 266 265 264 263 263 263 263 264 264 265 266 269 270 273 275 278 281 283 284 285 286 285 284 283 282 280 278 277 275 273 272 270 268 265 263 261 258 257 259 262 265 267 268 269 270 270 272 276 278 280 282 285 289 292 294 294 295 295 296 297 298 298 298 298 298 297 294 292 290 288 286 285 284 283 283 283 283 282 282 281 280 280 280 280 281 281 282 283 284 286 288 289 291 292 292 292 292 292 293 294 295 295 295 294 294 292 290 288 286 286 287 288 289 288 286 284 282 283 285 287 289 289 288 287 285 283 280 277 273 271 268 266 264 261 260 258 256 255 254 253 252 250 248 247 246 246 247 250 253 257 260 263 264 266 270 271 271 270 269 269 269 268 267 266 265 262 264 267 269 270 271 272 273 273 272 253 222 198 172 174 186 199 211 212 211 223 246 238 239 242 245 242 241 241 241 234 229 227 226 225 224 220 219 222 221 222 221 218 215 214 213 214 215 217 219 221 223 224 224 224 223 221 219 218 217 216 216 216 216 217 217 217 217 217 217 218 218 218 219 219 219 219 219 218 219 219 219 219 219 219 220 220 220 221 221 221 221 222 222 223 225 227 228 228 227 226 226 226 226 226 225 225 225 226 226 226 226 226 226 226 226 226 225 225 225 225 225 225 226 226 226 227
213 213 213 213 213 212 212 212 211 210 205 205 201 205 204 204 205 205 205 205 205 205 205 205 205 205 205 204 204 205 205 205 205 205 205 205 204 204 204 203 203 204 204 204 204 204 205 206 207 209 210 212 214 216 218 220 221 223 224 224 223 221 219 218 216 214 213 212 211 211 212 213 214 216 218 220 221 222 223 223 224 225 226 228 229 231 233 237 240 243 245 248 250 252 254 255 256 258 259 260 260 261 262 262 263 264 264 263 263 262 261 260 259 259 260 262 264 265 266 266 269 271 273 276 279 281 283 284 285 285 284 284 283 282 281 279 278 277 276 274 270 268 265 263 260 259 259 261 263 265 267 267 268 269 270 273 275 277 279 283 287 291 293 295 295 296 297 298 299 299 299 299 299 297 295 293 291 289 287 285 285 284 284 284 283 283 284 283 282 282 282 282 282 281 281 282 284 286 288 289 291 292 293 293 293 294 294 295 295 295 295 295 293 291 289 290 291 292 291 290 289 288 287 287 286 287 288 288 288 287 285 283 280 279 276 273 271 268 267 265 263 260 259 258 256 253 252 251 250 248 247 248 248 249 251 254 259 262 266 268 269 269 272 272 270 270 269 269 269 268 267 265 265 264 268 269 271 273 274 274 274 274 259 223 185 166 168 170 183 195 200 205 229 239 243 240 241 245 247 250 248 239 234 232 229 227 226 225 220 218 222 223 221 222 221 219 216 214 213 214 215 216 218 220 222 224 224 224 224 222 220 219 218 217 216 216 216 216 216 217 217 217 217 217 218 218 218 219 219 219 218 219 219 219 219 219 219 220 220 220 221 221 221 221 221 222 223 224 226 228 228 228 227 227 226 226 226 226 225 225 225 226 226 226 226 227 227 226 226 226 226 225 225 225 225 226 226 227 226 226
213 213 213 213 213 212 212 212 212 210 208 205 201 205 204 204 205 205 205 205 205 205 205 205 205 205 205 204 204 205 205 205 205 205 205 205 204 204 204 203 203 204 204 204 204 204 205 206 208 210 212 214 215 217 219 220 222 223 223 223 222 221 219 217 216 214 212 211 210 210 211 212 213 215 217 218 219 221 221 223 224 225 226 228 229 231 233 235 239 242 245 248 250 252 253 254 255 257 258 259 260 261 261 262 262 262 262 261 260 259 258 258 257 258 260 264 266 267 268 269 269 270 268 273 276 278 281 283 284 285 285 285 284 284 283 282 281 280 279 277 274 271 267 265 263 262 261 260 261 264 265 266 267 267 268 270 272 275 278 282 286 289 292 294 295 296 297 298 299 300 300 300 299 298 296 294 292 289 287 286 286 285 284 284 284 285 285 285 284 284 284 284 284 283 282 282 284 286 287 289 291 293 293 294 294 295 295 295 296 296 295 294 293 292 292 293 294 293 293 291 291 291 290 290 289 289 289 288 287 284 282 279 276 275 273 271 269 267 265 263 261 259 257 256 255 253 251 250 249 249 251 252 251 252 256 260 264 267 270 271 270 273 273 271 270 270 270 269 269 268 266 266 267 268 270 272 274 275 276 270 275 280 260 211 174 172 169 169 176 192 215 243 250 251 243 239 237 238 238 241 241 236 230 229 227 225 224 222 219 222 222 222 221 221 220 219 216 214 214 213 214 216 218 220 222 224 224 225 224 222 221 219 218 218 217 217 217 217 217 217 217 218 218 218 218 218 218 218 218 218 219 219 219 219 219 219 219 220 221 221 221 221 221 221 222 222 223 225 227 228 228 228 227 227 226 226 226 226 226 225 225 226 226 226 227 227 227 227 227 227 226 225 225 225 226 226 227 227 227 226
213 213 213 213 213 212 212 212 211 210 207 204 203 204 205 204 204 206 206 205 205 205 205 205 205 205 204 204 204 204 205 205 205 205 205 205 204 204 203 203 203 204 204 204 204 205 206 207 209 211 213 215 216 218 219 221 221 223 223 223 221 220 218 216 215 213 212 211 210 210 211 212 213 214 216 217 218 220 222 223 225 226 227 229 230 231 232 234 237 241 245 248 250 252 253 253 254 255 257 259 260 261 261 261 261 260 260 259 258 257 256 255 256 259 261 265 268 270 270 272 273 273 274 274 276 278 280 282 283 285 285 286 285 285 285 285 284 283 282 280 278 274 270 268 267 265 264 263 262 262 264 264 265 266 266 268 271 274 277 280 284 288 290 292 294 296 297 298 299 300 300 300 300 298 297 295 293 290 288 287 287 286 285 285 285 286 287 287 287 287 287 287 286 285 284 283 283 285 287 289 291 293 294 295 295 296 296 296 296 296 296 296 295 294 294 295 295 295 295 294 294 293 293 292 291 290 288 286 283 281 279 277 274 273 271 270 268 266 264 261 259 258 256 255 254 252 250 250 251 252 254 254 256 257 260 266 269 271 273 273 273 274 272 271 271 270 270 269 268 266 267 268 269 270 272 274 276 278 268 260 277 281 254 210 180 177 176 178 190 213 244 251 252 249 236 227 228 228 228 227 227 229 227 225 224 224 221 218 222 221 221 220 219 220 219 218 216 214 214 214 214 216 218 220 222 224 224 224 223 222 221 220 219 219 219 218 217 217 217 217 218 218 218 219 218 218 219 218 218 219 219 219 219 219 219 219 220 220 221 221 221 221 222 222 222 223 224 226 227 228 228 227 227 227 226 226 226 226 226 226 226 226 227 227 227 227 227 227 227 227 226 225 225 226 226 227 227 228 227 226
213 213 213 213 213 212 212 212 211 210 208 204 203 204 207 205 205 206 206 205 205 205 205 205 205 204 204 204 204 204 205 205 205 205 205 205 204 204 203 203 203 204 204 204 204 205 207 209 210 212 214 216 217 219 220 220 221 222 222 221 219 218 217 215 213 212 211 210 210 210 211 212 213 214 215 217 219 221 223 224 225 227 228 229 230 230 232 233 236 240 243 247 249 251 253 254 255 255 257 258 259 260 260 260 259 258 257 257 255 255 254 255 256 259 262 266 270 272 273 275 276 277 278 278 278 279 279 282 283 284 286 286 286 286 286 287 287 286 284 283 281 278 275 273 271 268 267 265 264 263 263 263 264 264 265 267 269 272 276 279 283 287 289 291 294 296 297 298 299 300 300 301 300 299 297 295 293 291 289 288 288 287 286 286 287 288 289 289 289 289 289 289 288 286 285 284 283 285 287 289 291 292 294 295 295 296 296 296 297 297 297 298 297 296 296 296 297 297 297 296 295 294 294 293 291 289 286 283 281 278 277 275 273 271 270 269 267 265 263 261 260 258 256 254 253 252 251 252 254 255 256 258 261 262 264 270 272 274 275 275 275 273 272 271 270 270 269 268 267 267 269 270 271 272 274 276 278 280 266 276 282 281 275 216 201 196 194 199 223 246 247 246 250 243 227 228 226 225 225 225 225 225 224 223 222 221 224 223 221 220 219 219 218 218 217 216 215 214 214 214 213 216 218 220 222 224 224 223 223 222 221 220 219 219 219 218 218 217 217 218 218 219 219 219 219 219 219 219 219 219 219 219 219 219 219 219 220 221 221 221 221 221 222 222 222 223 224 226 228 228 228 227 227 227 227 227 226 226 226 226 226 226 227 227 227 227 227 228 227 226 226 225 226 226 227 227 228 228 227 226
213 213 213 213 213 212 212 212 211 210 208 201 204 207 204 203 204 205 205 205 205 205 205 205 204 204 204 204 204 204 205 205 205 205 205 204 204 204 203 203 203 204 204 204 205 207 208 210 211 213 215 217 218 219 220 220 220 220 219 219 217 216 215 214 213 211 210 210 210 210 210 211 213 214 215 217 219 221 222 224 225 226 227 228 229 229 231 233 235 238 242 244 247 249 252 254 255 256 256 257 258 259 259 258 258 257 256 254 253 253 253 255 257 258 261 266 272 274 275 277 279 280 281 282 282 282 282 283 284 285 286 286 286 287 287 288 288 287 286 285 283 281 279 276 274 272 270 269 267 265 265 264 264 264 264 266 268 271 275 278 282 286 288 291 293 296 298 299 299 300 300 301 300 299 298 296 294 292 290 289 289 288 287 287 288 289 291 291 292 291 291 291 290 288 286 284 283 284 286 288 290 292 293 294 295 296 297 297 297 297 298 298 298 297 298 298 299 299 298 298 297 295 294 292 289 286 283 281 279 277 275 273 271 270 268 267 265 263 263 261 260 258 256 254 253 252 252 255 257 258 259 262 265 268 271 273 274 276 276 275 274 273 271 271 270 269 268 268 268 269 271 272 273 274 276 278 279 281 281 282 282 281 275 234 222 216 217 238 245 241 238 235 237 238 229 228 225 222 222 223 222 222 222 221 220 218 219 220 220 219 218 218 218 217 215 215 214 214 214 214 212 216 218 220 222 223 223 223 222 221 220 220 220 219 219 218 218 217 217 218 219 219 219 219 219 220 220 220 220 219 219 219 219 220 220 219 220 221 221 222 222 222 222 222 223 224 225 227 227 228 227 227 227 227 227 227 226 226 226 226 226 226 226 227 227 227 227 228 227 226 225 225 226 227 227 228 228 228 227 226
213 213 213 213 213 212 212 212 211 210 208 201 204 204 205 204 204 205 205 205 205 205 204 204 204 204 204 204 204 204 204 205 204 204 204 204 204 204 203 203 203 204 204 206 207 208 210 211 212 214 216 218 219 220 220 219 218 218 216 216 215 213 212 212 211 210 209 209 209 209 210 211 212 214 215 217 219 221 222 223 225 226 227 227 228 229 230 233 235 237 240 243 245 248 250 253 254 256 256 257 257 258 258 258 257 256 255 253 252 252 253 255 257 258 261 265 272 275 277 279 281 282 284 284 284 284 284 285 285 286 287 287 287 287 287 288 289 288 287 286 285 283 281 279 277 275 273 270 268 267 266 266 265 265 264 265 267 270 274 278 281 285 287 290 293 295 297 299 299 300 300 301 300 299 298 296 294 292 290 290 290 289 288 288 289 291 292 293 293 293 293 292 291 289 287 285 284 284 285 287 289 291 292 293 294 296 297 298 298 298 298 298 298 299 299 299 300 300 300 299 299 297 293 290 287 283 281 279 277 275 273 271 269 267 266 265 264 262 261 260 259 257 255 254 253 254 255 256 258 260 263 266 270 274 275 275 277 277 276 275 273 272 271 270 270 269 269 269 270 271 272 273 275 276 278 279 280 281 280 280 281 277 273 268 244 237 236 244 240 238 235 233 232 232 230 227 225 222 220 220 220 219 219 219 217 218 219 219 218 218 217 216 215 217 214 214 214 214 214 214 214 217 218 219 221 222 222 221 221 220 219 220 220 219 219 218 218 218 218 218 219 219 219 219 219 220 220 220 220 220 220 220 220 220 220 220 220 221 221 222 222 222 222 223 223 225 226 227 227 227 227 227 227 227 227 227 227 226 226 226 226 226 226 227 227 227 227 228 227 226 225 226 227 227 228 229 229 228 228 227
213 213 213 213 213 212 212 212 211 211 210 207 201 204 205 205 204 205 204 205 204 204 204 204 204 204 204 204 204 204 204 204 204 204 204 204 204 204 204 203 204 204 205 207 208 209 211 212 213 215 217 219 220 220 220 218 216 215 213 212 211 211 210 210 209 209 209 209 209 209 210 211 213 214 216 218 219 221 222 223 224 225 226 226 226 228 230 232 235 237 239 241 244 247 249 251 253 254 255 256 257 257 257 257 256 255 253 252 251 251 253 255 257 259 260 263 269 275 278 281 283 284 285 286 286 286 286 286 287 288 288 288 288 287 288 288 289 289 288 287 286 284 282 280 279 278 275 272 270 269 268 268 267 267 266 266 267 270 273 276 280 284 287 289 292 295 297 299 299 299 300 300 300 299 297 296 294 292 291 291 290 290 289 289 290 292 294 295 295 295 294 293 292 290 288 287 285 285 285 287 288 290 291 292 294 295 296 298 298 298 298 298 299 300 300 301 301 302 302 301 300 297 293 289 286 282 279 277 274 273 271 269 268 266 265 264 264 262 260 258 257 256 255 255 257 258 256 257 260 264 267 271 275 277 276 278 278 277 275 274 272 271 270 269 270 271 271 270 278 278 277 276 277 278 280 280 280 280 280 280 278 275 270 264 257 250 246 242 237 235 233 231 230 230 230 228 225 222 219 218 218 217 216 215 218 216 218 217 217 216 216 215 214 217 214 214 214 213 213 215 216 217 217 218 219 220 220 220 220 219 219 219 220 219 219 219 218 218 218 218 219 219 219 219 219 220 220 220 220 221 220 220 220 220 220 221 221 221 221 222 222 223 223 223 224 225 226 227 227 227 227 227 227 227 227 227 227 226 226 227 227 227 227 227 227 228 228 227 227 226 226 227 228 228 229 229 229 229 228 228
214 213 213 213 212 212 212 212 212 212 212 210 203 204 205 204 204 204 206 203 204 204 204 204 204 204 204 204 204 204 204 204 204 204 204 204 204 205 204 203 204 205 206 208 209 210 211 213 215 216 218 220 221 221 219 217 214 212 211 210 209 209 209 209 209 209 209 209 209 209 210 211 214 215 217 219 220 222 223 224 224 224 224 224 225 226 228 231 234 236 238 241 243 245 247 250 251 253 254 254 255 256 257 256 255 253 252 250 249 250 253 255 257 259 261 263 266 272 279 282 284 286 287 287 287 287 287 288 288 289 289 289 289 288 289 289 290 290 289 288 287 285 284 282 281 279 276 274 272 271 270 269 269 268 267 266 268 270 272 276 280 284 286 289 291 294 296 298 299 299 299 300 299 298 297 295 294 292 291 292 292 291 290 290 292 293 295 296 296 296 295 294 293 291 290 288 287 286 285 286 287 289 290 292 293 294 296 297 298 298 299 299 300 301 301 302 303 303 302 301 299 295 291 288 285 281 278 274 272 271 270 268 267 265 263 262 262 262 261 258 256 257 258 260 262 260 258 259 263 267 271 276 278 276 278 279 277 276 274 273 272 271 270 270 271 272 272 279 286 286 281 279 279 281 281 281 280 280 279 277 275 272 268 262 254 247 243 240 236 233 231 229 227 228 228 226 224 221 218 216 216 215 214 218 215 215 216 216 215 214 214 214 213 217 213 212 214 213 215 215 216 216 217 217 218 218 218 218 218 218 219 219 219 219 219 219 218 218 218 218 218 219 219 219 219 220 220 220 221 221 221 221 220 221 220 221 221 221 221 222 222 222 223 224 224 225 226 227 227 227 227 227 227 227 227 227 227 227 227 227 227 228 228 228 228 228 228 228 227 226 226 227 228 228 229 229 229 229 229 229
214 213 213 213 212 212 212 212 212 212 212 212 208 201 204 205 204 204 203 205 204 204 204 204 204 203 203 204 204 204 205 205 205 204 204 204 205 205 203 203 205 206 207 208 209 210 212 213 215 217 219 221 221 221 219 216 214 211 209 208 208 208 208 208 209 209 209 209 209 209 210 212 215 217 218 220 221 223 224 224 223 222 222 222 223 224 226 229 232 235 237 240 242 244 246 248 250 251 252 253 254 255 255 254 253 251 250 248 248 249 252 255 257 259 261 263 265 269 276 280 283 285 287 288 288 288 288 289 289 290 290 290 290 290 290 290 291 291 290 289 288 286 285 283 282 281 278 276 274 273 272 271 270 269 267 267 268 270 272 276 280 283 285 288 291 293 296 297 299 299 299 299 299 298 297 295 294 293 293 293 293 292 292 292 293 295 296 297 297 297 296 295 294 292 291 290 288 287 286 286 287 288 290 292 293 294 296 297 297 298 299 300 301 303 303 304 304 303 302 299 296 294 291 287 284 281 277 274 272 270 268 267 265 263 262 261 260 260 258 258 259 261 262 262 263 261 259 262 267 271 276 279 278 278 279 278 277 275 274 272 271 271 272 272 273 276 281 285 285 288 283 281 282 283 282 281 279 279 278 276 273 271 267 261 251 245 240 238 235 232 230 228 226 226 226 225 222 220 218 216 214 213 218 213 214 214 214 214 213 213 212 212 212 213 214 213 214 215 215 216 216 216 216 217 217 217 217 217 217 217 218 218 219 219 219 219 218 218 218 218 218 219 219 219 219 219 220 220 221 221 221 221 221 221 221 221 221 222 221 222 222 222 223 224 225 225 226 227 227 227 227 227 227 227 227 227 227 227 228 228 228 229 229 229 228 228 228 228 227 226 225 227 227 228 229 229 229 229 230 230
214 213 213 213 212 212 212 212 212 212 213 213 211 206 201 204 204 204 201 204 204 204 204 204 204 204 203 203 204 205 205 205 205 204 204 205 205 205 203 203 205 207 208 209 210 211 212 214 216 218 220 221 222 220 218 216 213 211 209 208 208 208 208 209 209 209 209 209 209 209 210 212 215 217 218 220 221 223 224 224 223 221 220 220 221 222 224 227 230 234 236 238 240 242 244 246 247 248 249 250 251 252 253 252 251 249 248 246 246 248 252 256 257 259 261 263 266 269 272 277 281 284 287 288 288 288 289 289 290 290 291 291 291 291 291 291 291 291 291 290 289 287 286 284 283 281 280 279 277 276 274 273 271 269 268 268 269 271 273 276 279 282 285 287 289 292 295 297 298 299 299 299 298 298 296 296 295 294 295 295 294 294 293 293 294 296 297 298 298 297 297 296 294 293 292 291 289 288 287 286 287 289 290 291 293 294 296 296 297 298 299 301 304 306 306 304 304 302 299 296 293 291 289 287 283 280 278 275 273 272 268 266 264 263 262 260 259 260 260 260 262 263 263 264 263 262 262 266 270 275 279 278 278 278 278 276 275 274 273 272 272 272 273 273 279 284 286 282 256 255 279 282 283 283 282 280 278 277 275 273 271 268 263 257 249 245 241 236 234 232 230 227 224 223 223 222 221 219 216 214 212 218 211 213 213 213 213 212 212 212 213 213 213 214 218 215 215 215 216 216 216 216 216 216 216 216 217 217 217 217 218 218 218 219 219 219 219 218 218 218 219 219 219 219 219 219 220 220 221 221 221 221 221 221 221 222 222 222 222 222 222 223 223 224 225 226 226 227 227 228 228 227 227 227 227 227 227 228 228 230 230 230 230 230 229 229 228 228 227 226 225 226 226 227 228 229 229 229 230 230
214 214 213 213 212 212 212 212 212 212 213 213 212 209 203 202 204 203 201 203 204 204 204 204 204 204 203 203 204 204 205 205 205 204 204 205 205 204 203 203 206 207 208 209 210 211 212 214 217 219 220 221 221 219 217 215 212 210 209 208 208 208 208 209 209 210 210 209 209 210 210 212 214 217 218 220 221 223 224 224 222 221 219 219 219 221 223 225 228 231 234 236 238 241 243 244 245 245 246 247 248 249 250 250 249 247 245 244 245 248 252 256 258 260 261 264 267 270 273 277 281 284 285 286 287 288 289 290 290 291 291 291 291 292 291 292 292 292 292 291 290 288 287 286 284 283 282 281 280 279 277 275 272 270 269 270 271 272 274 276 280 283 285 287 289 292 294 296 298 299 299 299 298 298 297 296 296 296 296 296 295 295 294 294 295 296 297 298 298 298 297 296 295 294 293 292 290 289 287 287 287 289 290 291 293 294 295 295 297 298 299 302 305 307 307 307 306 304 299 294 291 288 285 283 281 280 278 275 273 270 268 267 266 264 262 260 260 263 264 267 270 268 266 264 263 264 266 270 275 278 278 278 278 278 277 275 275 274 273 273 273 273 274 281 287 284 277 259 235 221 241 268 286 281 281 278 275 271 271 271 268 264 259 252 246 241 237 230 232 231 229 227 224 221 220 220 220 218 214 212 216 211 212 213 212 213 211 212 213 213 213 213 214 214 215 217 213 216 216 216 216 216 216 216 216 216 216 217 217 218 218 219 219 220 220 219 219 218 219 219 219 219 219 219 219 220 220 220 221 221 221 222 222 222 222 222 223 223 223 223 222 223 224 225 226 227 227 227 228 228 228 228 228 227 227 228 228 229 229 230 231 231 230 230 230 229 228 228 227 226 226 226 226 226 228 229 229 229 229 230
215 213 213 213 212 212 212 212 213 213 213 213 213 210 206 203 202 203 203 203 201 203 203 204 204 203 203 203 204 204 205 205 204 204 204 205 205 204 203 203 206 207 208 209 210 211 212 214 216 218 219 220 220 217 215 214 212 210 209 208 208 208 209 209 210 210 210 210 210 210 210 212 214 216 217 219 220 221 223 223 222 220 218 218 218 220 222 224 227 229 232 234 237 240 242 243 243 243 243 244 245 246 246 247 246 245 243 243 245 248 253 257 259 260 262 265 268 271 274 278 281 283 283 284 285 287 288 289 289 290 291 291 291 292 292 292 292 292 292 292 291 289 288 287 285 284 284 283 282 281 279 276 273 271 270 271 272 274 276 278 281 284 285 287 289 292 294 296 298 299 299 299 298 298 298 297 297 297 297 297 296 296 295 295 296 297 297 298 298 297 297 296 295 294 293 292 290 289 287 287 288 289 290 292 293 294 294 296 297 298 300 303 305 307 308 307 306 303 298 292 287 284 281 280 279 278 275 273 271 270 268 267 265 263 262 262 264 270 271 276 275 271 267 265 265 267 269 273 276 278 279 279 278 277 276 275 275 274 274 273 274 274 279 287 286 269 247 233 233 233 233 236 263 288 279 275 271 267 267 266 263 259 253 248 241 237 231 227 227 227 228 227 224 221 219 217 218 215 211 214 212 213 212 212 211 211 213 213 213 213 213 214 214 215 215 217 216 216 216 216 216 216 216 216 216 216 217 217 218 219 219 220 220 220 220 219 219 219 219 219 219 219 219 220 220 220 221 221 221 222 222 222 222 222 223 223 223 223 223 223 223 223 224 226 227 227 228 228 228 228 228 228 228 228 228 228 229 230 231 231 231 231 230 230 229 229 228 227 227 226 226 226 226 226 228 228 228 228 228 229
215 213 213 212 212 212 212 213 213 213 213 213 212 210 206 204 203 203 202 202 202 202 202 202 205 203 203 203 204 204 204 204 204 204 204 205 204 204 203 203 205 207 208 209 210 211 212 213 215 216 217 218 217 215 213 212 211 209 208 208 208 208 209 210 210 210 210 210 210 210 210 212 213 215 216 217 219 220 221 222 221 219 218 217 218 219 221 223 226 228 230 232 235 238 241 241 241 241 241 242 242 242 243 243 243 242 242 243 245 248 253 257 260 261 263 265 269 272 275 278 279 279 280 281 283 284 285 286 287 288 289 291 292 292 292 293 293 293 292 292 292 291 289 288 287 286 285 284 284 282 281 277 274 271 271 272 274 275 278 280 283 286 286 288 290 292 294 296 297 299 299 299 299 299 299 298 298 298 298 297 297 296 295 295 296 297 297 298 297 297 297 296 295 294 293 291 290 289 288 288 288 289 290 292 292 293 294 296 297 299 300 303 305 307 307 305 301 298 294 289 284 280 279 277 276 275 273 271 270 269 267 265 264 264 265 267 275 276 279 278 275 271 269 268 270 274 274 275 277 278 279 278 278 277 276 276 275 275 274 274 274 279 286 284 267 250 233 233 233 233 233 237 257 277 278 272 267 263 262 262 258 254 248 242 236 233 230 227 227 227 226 225 224 222 220 217 215 213 211 212 212 213 214 215 215 215 215 214 213 213 213 214 214 214 215 215 218 216 216 216 216 216 216 216 216 217 217 218 218 219 220 220 220 220 220 220 219 219 219 219 219 219 219 220 221 221 222 222 223 223 223 223 223 223 223 224 224 224 224 224 221 223 224 225 227 228 228 228 229 229 229 228 228 228 228 229 230 230 231 231 231 231 230 231 229 228 228 227 227 226 226 226 226 226 228 228 228 228 228 228
215 214 213 212 212 211 212 212 212 212 213 212 210 208 206 205 202 202 202 202 202 202 202 202 202 207 203 203 203 204 204 204 204 204 204 204 204 203 203 203 205 207 208 209 210 210 212 213 214 215 215 215 214 213 211 210 210 208 208 208 208 208 209 209 209 210 210 210 210 210 210 211 212 214 215 216 217 218 219 220 220 219 217 216 217 219 220 223 225 227 229 231 234 237 239 240 240 240 239 240 240 240 240 240 240 240 241 243 245 247 251 256 260 262 263 265 268 272 274 275 276 276 277 277 279 280 282 283 284 286 288 290 291 292 293 293 293 293 293 293 292 292 291 289 288 287 287 286 285 284 282 278 274 272 271 273 275 277 279 282 285 287 288 289 291 293 295 296 297 298 299 299 299 300 299 299 299 298 298 297 297 296 296 295 296 296 296 297 297 297 296 295 295 294 293 291 290 289 290 289 289 290 290 291 292 293 295 296 297 298 299 301 304 305 305 301 296 292 289 285 281 277 276 275 274 273 271 270 269 268 267 266 266 268 271 275 279 282 281 278 274 272 272 274 277 278 277 277 278 278 278 278 277 277 277 276 276 275 275 275 279 285 284 265 238 233 233 233 233 233 233 250 270 279 280 270 264 259 257 258 255 250 244 237 232 229 227 227 226 226 225 224 222 221 219 217 216 213 215 211 213 213 214 216 217 217 217 216 215 214 213 213 214 214 214 215 217 215 215 216 216 216 216 217 217 217 218 218 219 220 221 221 221 221 220 220 219 219 219 219 219 219 220 221 221 223 224 224 224 224 224 224 224 225 225 225 225 224 225 225 223 224 224 225 226 228 229 229 229 229 229 229 229 229 229 229 230 231 231 231 231 230 230 231 229 228 227 227 227 227 227 226 226 226 227 228 228 228 228 228
216 214 213 212 211 211 210 210 211 212 212 212 210 208 206 205 203 202 202 202 202 202 202 202 202 202 207 202 203 203 204 204 204 204 204 204 204 203 203 203 205 207 208 209 210 210 211 211 212 212 213 213 211 210 209 208 208 208 208 208 208 208 209 209 209 209 209 210 210 210 210 211 212 213 214 215 215 216 217 219 219 218 217 216 217 218 220 222 224 226 228 230 232 235 237 239 239 239 239 239 239 239 238 238 238 239 241 243 245 247 250 255 260 263 265 266 268 270 271 272 272 273 274 274 275 275 276 278 280 283 286 289 290 292 293 293 293 293 293 293 293 292 292 291 290 289 288 287 286 284 283 279 275 273 272 274 276 278 280 283 287 289 290 292 292 293 295 296 297 298 299 299 300 300 300 299 299 299 298 297 297 296 296 295 296 296 296 296 296 296 295 294 294 293 292 291 290 290 291 292 291 290 290 291 292 293 295 296 297 298 298 299 301 303 301 298 293 289 286 283 281 279 276 274 274 273 272 271 270 269 269 269 272 274 279 282 286 287 284 278 274 276 277 280 281 280 279 278 278 278 278 278 278 278 277 277 276 276 275 279 284 284 257 236 233 233 233 233 233 233 243 262 275 280 281 271 261 257 252 253 251 246 240 234 229 228 226 225 224 223 223 222 220 219 218 217 216 217 211 211 213 214 215 216 217 218 218 217 216 214 213 213 214 214 214 214 214 218 216 216 216 216 216 216 217 217 218 218 220 221 221 221 221 221 221 220 220 219 219 219 219 220 221 223 223 225 226 226 225 225 225 225 225 227 227 226 226 226 226 226 226 226 225 225 226 227 229 229 229 230 230 230 229 229 229 230 230 231 231 230 232 230 230 230 229 228 227 227 228 227 227 226 226 226 227 228 228 228 228 228
217 214 213 212 211 212 211 210 211 211 212 212 210 208 206 205 203 202 202 202 202 202 202 202 202 202 202 207 203 203 203 203 204 204 204 204 204 204 203 203 205 207 208 208 209 209 210 210 210 211 211 211 209 209 208 207 207 208 208 208 208 208 208 209 209 209 209 209 210 210 210 211 211 212 212 213 214 215 216 217 217 217 217 216 216 217 219 220 222 224 226 229 231 233 235 237 237 238 239 239 239 238 237 237 237 239 241 243 245 247 249 254 260 265 268 267 266 267 268 268 269 270 271 271 272 272 272 273 276 280 284 287 289 291 292 293 294 294 294 294 293 293 293 292 291 290 289 288 286 285 283 279 276 274 273 275 278 280 282 285 288 290 292 293 294 294 295 296 297 298 299 299 300 300 300 300 299 298 298 297 297 296 296 295 296 296 296 296 296 295 295 294 293 293 292 291 291 292 293 293 293 291 291 291 292 293 295 296 296 297 298 299 300 301 300 298 293 290 286 284 282 279 277 276 275 274 273 272 271 271 273 275 279 281 286 289 291 290 284 276 279 284 283 282 282 280 279 278 277 277 277 278 278 278 277 277 276 277 280 285 284 258 236 233 233 233 233 233 233 237 258 273 278 281 281 264 259 255 248 248 247 242 236 230 228 227 225 224 222 222 221 220 219 218 218 217 217 213 212 212 213 214 215 216 217 218 218 217 216 215 214 214 214 214 214 214 214 214 218 215 216 216 216 216 217 217 218 219 220 221 221 222 222 222 221 221 220 219 219 220 220 221 223 225 226 226 228 228 228 227 227 227 228 229 229 228 227 227 226 227 228 227 227 226 226 227 229 229 230 230 230 230 230 230 230 230 231 231 231 230 232 230 229 229 229 228 228 228 228 227 227 226 226 226 226 227 227 227 227 227
217 215 213 212 211 212 212 210 210 211 212 212 211 209 207 205 204 202 202 202 202 202 202 202 202 202 202 202 207 203 203 203 204 205 204 204 204 204 203 203 205 206 207 208 208 208 208 208 209 209 209 209 208 207 207 207 207 207 207 208 208 208 208 208 208 209 209 209 209 210 210 210 211 211 212 212 213 213 214 215 215 215 215 216 216 217 218 219 221 223 225 228 230 231 233 235 238 239 240 240 239 237 236 236 237 239 241 243 245 247 249 252 258 263 265 264 264 264 265 266 265 266 267 267 268 268 268 270 274 278 282 286 288 289 291 293 294 294 294 294 294 294 293 293 293 292 290 289 287 285 283 280 276 274 274 277 279 281 283 285 288 290 292 294 294 294 295 296 297 298 299 300 300 301 301 300 299 298 298 297 297 296 295 295 295 295 295 295 295 295 294 293 293 292 292 292 292 293 294 294 294 293 292 292 292 293 294 296 296 297 299 299 300 300 300 298 295 291 287 284 282 280 279 278 277 275 274 274 273 275 278 280 285 290 293 295 294 288 282 286 290 287 285 282 281 279 278 277 276 276 276 277 278 278 277 277 277 280 285 283 263 236 233 233 233 233 233 233 236 254 271 274 279 281 281 262 256 252 248 243 241 236 231 227 226 224 223 221 220 219 219 218 218 217 217 217 215 213 212 210 212 213 215 216 217 218 218 217 216 216 215 214 214 214 214 214 214 214 216 216 216 216 216 216 216 217 218 219 221 221 222 222 222 222 222 221 220 220 219 223 224 223 223 226 226 228 230 230 229 229 228 229 230 230 230 230 228 227 227 228 229 229 228 227 226 226 228 229 230 230 231 231 231 231 231 231 231 231 231 231 231 229 229 230 229 228 228 228 227 227 226 226 226 226 226 226 226 227 227 227
217 215 213 212 211 212 211 210 210 211 212 213 211 209 207 206 204 202 202 202 202 202 203 202 202 202 202 202 202 207 203 204 204 205 204 204 204 204 203 203 204 205 206 207 207 206 206 205 207 208 208 207 207 207 207 207 207 207 207 207 208 208 208 208 208 209 209 209 209 210 210 210 211 211 211 212 212 213 213 214 214 214 214 215 215 216 217 218 220 222 225 228 230 231 233 235 237 238 239 240 238 237 236 235 237 239 241 242 244 246 247 249 253 258 260 260 261 261 263 263 262 261 262 263 264 264 265 266 270 276 280 284 286 288 290 292 294 295 295 295 295 294 294 294 294 293 291 289 288 286 284 281 277 275 275 278 281 283 284 286 288 290 292 293 293 293 294 295 296 298 299 300 300 301 301 300 300 299 298 297 296 296 295 295 295 295 295 295 295 294 293 293 292 292 292 293 294 295 296 296 295 294 293 292 292 293 294 295 296 298 299 300 301 301 300 297 294 291 287 285 284 283 282 279 278 278 276 276 277 280 285 286 290 296 296 297 291 284 291 293 290 287 284 281 279 278 277 275 275 275 276 277 278 278 278 278 278 284 284 266 237 235 233 233 233 233 233 233 242 261 270 275 278 279 279 271 252 248 245 241 235 231 227 226 223 222 220 219 218 218 217 217 217 216 217 215 215 213 212 212 211 213 214 216 217 217 218 217 217 215 215 214 214 214 214 214 214 214 215 220 216 216 216 217 217 217 218 219 220 221 222 220 222 223 222 222 222 221 221 222 224 225 226 226 227 228 230 231 230 230 230 230 231 232 231 231 229 229 228 228 229 229 229 227 226 226 228 229 230 230 231 231 231 232 232 232 232 231 231 230 230 230 229 229 229 229 228 227 227 227 226 226 226 226 226 226 226 226 227 227
217 215 213 212 211 211 211 211 213 210 211 213 212 209 207 207 206 203 202 202 202 202 202 202 202 202 202 202 202 203 206 203 204 205 205 205 205 205 203 203 204 205 206 207 207 206 205 206 206 207 207 207 206 206 206 207 207 207 207 207 208 208 208 208 208 209 209 209 209 210 210 210 210 211 211 212 212 212 213 213 213 214 214 214 215 215 216 217 219 221 225 227 230 231 232 234 235 237 238 238 238 237 235 234 236 237 238 241 242 244 246 248 250 253 255 256 257 258 260 260 259 258 258 259 259 260 261 263 266 271 276 281 284 286 288 291 293 294 295 295 295 295 295 295 295 293 291 290 288 286 284 281 278 275 276 277 280 282 285 286 288 289 290 291 291 292 293 295 296 297 299 300 300 301 301 300 300 299 298 297 297 296 296 295 295 295 294 294 294 294 293 292 292 292 293 294 295 296 296 296 295 294 294 293 293 293 295 296 297 299 300 301 301 301 300 296 293 290 288 288 287 286 284 281 281 281 279 279 283 285 289 292 296 297 299 294 288 291 295 293 290 286 283 280 278 277 275 273 273 274 276 276 277 278 278 278 278 281 263 237 236 233 233 233 233 233 233 233 245 262 268 271 272 267 268 260 250 243 242 241 236 229 227 225 223 221 218 216 216 216 216 216 216 216 215 214 214 213 212 212 211 212 214 215 216 217 217 217 216 216 215 215 214 215 215 215 215 215 215 215 217 216 217 217 217 218 218 219 220 220 221 221 222 223 223 223 223 223 223 223 225 225 226 226 226 228 230 231 232 231 231 231 232 232 232 231 230 230 230 229 229 229 229 228 227 227 227 228 230 231 231 232 232 232 232 232 232 232 231 231 230 231 230 229 229 229 227 227 227 227 226 226 226 226 226 226 226 227 227 227
216 214 213 212 212 211 211 211 211 211 210 211 212 210 209 209 207 204 202 202 202 202 202 202 202 203 202 202 202 204 203 203 204 205 205 205 205 205 203 203 204 205 206 207 207 206 206 205 206 207 206 206 206 206 206 207 207 207 207 207 208 208 208 208 208 209 209 209 209 209 210 210 210 211 211 212 212 212 213 213 214 214 214 214 215 215 216 217 218 220 223 225 228 230 232 233 234 235 236 236 235 235 234 233 234 235 237 239 242 243 245 247 248 250 251 252 254 255 258 257 255 256 256 256 256 257 258 259 261 265 271 277 281 283 285 289 292 294 295 296 296 296 296 295 295 293 291 289 287 286 283 279 277 276 277 277 279 281 284 285 287 288 288 289 289 290 292 294 296 297 299 300 300 301 301 300 300 299 298 298 297 297 296 295 295 294 294 294 293 293 292 292 291 293 294 295 296 297 297 297 296 296 295 294 294 295 296 297 298 300 301 301 302 302 299 295 293 292 291 291 291 288 287 285 285 285 283 283 288 293 298 300 299 299 298 291 294 295 295 293 289 285 281 279 277 276 274 273 273 275 275 275 277 276 277 277 277 272 238 236 233 233 233 233 233 233 233 249 253 264 265 257 257 257 258 251 243 242 242 236 232 227 224 223 221 219 218 215 215 215 215 214 215 213 213 213 213 212 212 212 211 211 214 215 216 217 218 218 217 216 216 215 215 215 215 215 215 215 215 215 215 216 215 217 218 218 219 219 220 220 221 222 222 223 224 224 224 224 224 224 225 226 226 226 226 228 230 231 233 233 233 233 233 233 233 232 231 231 231 231 231 231 230 230 228 227 227 228 229 231 231 232 232 233 233 232 232 232 231 231 230 231 232 229 229 229 228 227 227 227 226 226 226 226 226 226 226 227 227 228
216 214 213 212 212 212 212 211 211 207 208 209 211 211 210 210 208 206 203 202 202 202 202 202 202 202 202 202 202 205 204 205 204 204 205 205 205 205 204 204 204 205 206 207 206 206 206 206 206 206 206 206 206 206 207 207 207 207 207 208 208 208 208 208 208 209 209 209 209 209 210 210 210 211 211 212 212 213 213 214 214 214 214 215 215 215 216 217 218 219 221 223 226 228 230 232 233 234 234 234 234 233 233 232 232 234 236 239 241 243 244 246 247 249 250 250 251 252 253 253 252 253 253 253 254 255 256 258 260 262 266 272 277 280 282 287 291 294 295 296 297 297 296 296 295 293 291 289 287 284 280 278 278 279 279 279 279 280 282 283 284 286 286 287 288 290 291 293 295 297 299 300 300 301 301 301 300 299 299 298 297 297 296 296 295 294 294 294 293 293 292 292 293 294 295 297 298 298 299 298 297 296 295 294 295 296 297 298 300 301 301 302 303 302 301 298 296 295 295 295 293 289 289 290 290 288 286 288 294 301 305 301 300 298 295 297 299 297 295 292 288 283 279 277 276 275 274 273 273 273 273 274 275 275 275 277 283 251 238 233 233 233 233 233 233 233 241 251 255 261 256 253 250 249 244 243 245 243 237 233 231 227 225 221 219 218 217 215 213 213 213 212 212 212 212 212 212 212 212 212 211 211 214 216 217 218 218 219 218 217 216 216 216 216 215 215 215 215 215 215 215 222 215 217 217 218 219 219 220 220 221 222 223 224 225 225 225 225 225 225 225 226 226 226 226 228 229 231 233 234 234 234 234 234 233 233 233 232 232 232 232 232 231 230 229 228 228 228 229 230 231 232 232 233 233 233 232 232 232 231 231 231 234 231 229 228 227 227 227 226 226 226 226 226 226 226 227 227 227 229
216 214 212 212 212 212 212 211 211 207 210 208 209 209 210 210 209 207 205 203 202 202 202 202 202 202 202 202 203 204 204 204 208 204 205 206 206 205 204 204 205 206 207 207 206 206 205 205 205 205 206 206 206 206 207 207 207 208 208 208 208 208 208 208 208 209 210 210 210 210 210 210 210 211 211 212 212 213 214 215 215 215 215 215 215 215 216 216 217 218 220 222 224 226 228 230 232 233 233 233 233 232 232 231 232 233 236 238 240 242 244 245 247 248 248 249 249 249 250 250 250 250 251 251 252 253 255 256 258 261 264 268 273 277 280 284 289 293 295 296 297 297 297 296 294 292 291 289 286 283 279 279 280 282 282 282 281 281 280 282 283 284 285 286 287 289 291 293 295 297 299 300 300 301 301 301 301 300 299 299 298 298 297 296 296 295 294 294 293 293 294 294 295 295 296 298 299 300 300 299 298 297 296 295 296 297 298 300 301 301 302 302 303 303 302 302 300 298 298 296 293 292 293 294 293 290 285 296 301 306 303 302 302 298 298 302 302 299 295 291 286 281 277 276 274 273 272 271 272 271 272 274 274 274 276 276 281 266 232 233 233 233 233 233 233 234 252 260 262 253 251 247 246 243 241 240 239 234 232 230 227 227 225 222 219 217 215 214 212 212 211 213 212 211 211 211 211 211 211 211 211 213 215 216 218 219 220 220 219 218 217 216 216 216 216 215 215 215 215 215 215 216 217 217 217 218 219 219 220 220 221 222 223 224 225 226 226 226 225 225 225 225 225 226 226 228 230 231 233 234 235 235 234 234 234 234 234 234 234 234 234 233 232 231 230 229 229 228 229 230 231 231 232 233 233 233 233 232 232 232 231 231 232 230 229 228 227 227 227 227 226 226 226 226 226 226 227 227 227 229
215 214 212 211 212 212 212 212 211 209 207 207 207 209 209 210 209 207 205 204 204 203 202 202 202 203 203 201 202 203 203 204 204 204 206 207 206 206 205 205 206 207 207 206 205 204 205 205 205 205 206 206 206 207 207 207 207 208 208 208 208 208 208 208 209 210 211 212 212 211 211 210 211 211 211 212 213 214 215 216 215 215 215 215 215 215 216 216 217 217 219 220 222 224 226 228 230 232 233 233 233 232 232 231 231 232 234 237 239 241 243 244 245 246 247 247 247 247 248 248 248 248 249 249 250 252 254 255 258 260 263 266 270 274 278 282 286 291 294 296 297 297 297 296 294 292 291 288 285 282 280 281 283 285 285 284 284 283 282 282 282 283 285 286 288 289 292 294 295 297 299 300 301 301 302 301 301 301 300 300 299 298 298 297 296 296 295 294 294 295 295 296 296 297 298 299 300 301 300 300 299 298 297 296 297 298 299 300 301 301 301 303 303 303 304 304 303 303 299 298 296 297 298 297 295 290 288 304 306 303 303 304 301 301 303 305 302 298 294 289 284 279 276 274 272 272 271 270 270 270 271 273 272 274 277 277 278 271 236 230 237 240 246 242 241 250 252 252 252 253 247 244 243 240 238 236 234 232 227 226 225 224 223 222 219 216 214 213 212 211 216 211 211 210 211 210 211 212 211 213 214 215 216 217 218 219 220 220 219 218 218 217 217 217 216 216 216 215 215 216 216 216 219 218 218 218 219 220 220 221 221 222 223 224 225 225 225 225 225 225 225 225 225 226 227 228 230 232 234 235 235 235 235 235 235 235 234 235 235 235 234 234 233 232 231 230 230 229 228 229 230 231 232 232 233 233 233 233 233 232 232 232 231 230 229 228 228 227 227 227 227 226 226 226 226 226 227 227 228 229
214 213 212 211 211 212 212 212 212 210 210 210 210 209 208 209 208 207 206 206 205 204 203 203 203 203 202 201 201 201 201 202 203 206 206 207 207 206 205 205 206 207 207 206 205 204 204 204 205 205 206 206 206 206 207 207 208 208 208 207 208 208 208 209 210 211 212 214 214 213 211 211 211 211 212 213 214 215 217 217 217 217 217 216 216 216 217 217 217 217 218 219 221 222 224 226 228 231 232 233 233 232 231 230 230 231 233 235 238 240 242 243 244 245 246 246 246 246 246 246 246 246 247 248 249 251 253 255 258 260 263 265 269 273 277 281 285 289 293 296 296 297 296 296 294 292 290 287 284 282 280 282 285 287 287 287 286 286 284 284 283 284 285 287 288 290 292 294 296 298 299 300 301 302 302 302 302 301 301 300 300 299 299 298 297 297 296 295 295 296 297 298 298 299 299 300 301 301 301 300 299 298 298 297 298 300 300 301 301 302 303 305 305 305 305 305 304 305 303 301 301 301 300 298 295 291 290 297 299 302 305 304 304 305 305 304 300 295 291 285 280 276 273 271 270 269 269 269 269 270 271 268 271 275 277 277 278 281 258 247 258 263 254 254 258 258 257 250 247 250 243 241 239 236 237 235 231 228 226 224 223 222 221 220 218 215 212 212 211 217 210 211 211 212 212 212 213 214 215 216 217 216 216 217 218 219 220 220 219 219 218 218 218 217 216 216 216 215 216 216 216 216 216 221 218 219 219 220 220 220 221 222 223 224 225 225 225 225 225 225 225 225 226 226 228 229 231 233 235 235 235 235 235 235 235 235 236 236 235 235 235 234 233 232 232 231 230 229 229 230 230 231 232 233 233 234 234 233 233 233 232 232 231 230 229 229 228 227 227 227 227 227 226 226 226 226 227 227 227 229
214 213 212 211 211 211 212 212 213 212 211 211 210 209 208 207 207 206 206 207 206 204 203 203 203 201 202 201 201 201 201 201 201 203 205 206 207 206 206 205 206 207 206 205 204 204 204 204 205 205 205 206 206 206 206 207 207 208 208 207 208 208 208 209 210 212 213 214 215 214 212 211 211 211 213 214 216 217 218 219 218 218 218 218 217 216 217 218 218 217 217 218 220 221 223 225 227 229 231 233 234 233 232 230 229 230 232 234 237 239 241 242 243 244 244 244 244 244 244 244 244 245 247 248 250 251 253 255 258 261 263 265 268 272 277 280 283 287 291 294 296 296 296 295 294 292 289 287 285 282 281 282 285 287 288 288 288 287 286 285 285 285 286 287 289 290 292 294 296 298 299 300 301 302 302 302 303 302 302 301 301 300 300 299 298 298 297 296 296 297 298 299 299 300 300 301 301 302 301 301 300 300 299 299 300 300 300 301 302 302 304 304 305 306 306 306 306 306 306 306 304 303 300 297 295 291 293 296 301 305 305 305 313 310 305 300 296 290 286 281 276 272 269 267 267 267 266 265 265 267 269 268 273 276 277 277 276 279 275 273 254 235 264 266 270 269 257 243 243 242 238 240 238 238 240 235 229 227 225 223 220 219 219 218 215 213 212 212 217 213 213 213 214 214 214 214 215 217 218 218 217 217 217 217 218 219 220 221 220 219 219 219 218 218 217 216 216 216 216 216 216 216 217 217 219 219 219 220 220 220 221 223 222 223 224 224 224 224 224 224 225 225 226 227 228 230 232 234 235 235 235 235 235 235 235 235 235 236 236 235 235 234 234 233 232 231 231 230 229 230 231 232 233 234 234 234 234 234 234 233 233 233 232 231 230 229 228 228 227 227 227 227 227 227 227 227 227 227 227 229
214 213 211 211 211 211 211 212 212 212 212 211 211 210 208 207 206 206 205 205 205 204 203 202 201 202 203 201 201 201 201 201 201 202 205 205 207 207 206 204 205 206 205 204 204 204 204 204 205 205 205 205 205 206 206 206 207 207 207 207 208 208 209 209 210 211 213 214 215 215 213 211 211 212 214 215 217 219 220 220 220 220 220 219 218 217 218 219 219 217 216 217 219 221 223 224 225 227 230 232 233 233 232 230 228 229 231 234 236 238 240 242 243 242 242 242 242 242 242 242 243 246 248 248 250 251 252 254 256 260 264 266 268 272 276 280 283 285 288 292 295 296 296 295 294 292 290 288 286 284 282 282 284 286 288 289 289 288 287 286 285 286 287 288 289 291 293 294 296 298 299 300 301 302 303 303 303 303 302 302 302 301 301 301 300 299 298 297 296 297 298 299 300 300 301 301 302 302 302 302 301 301 301 301 301 301 300 300 302 303 304 305 307 306 307 307 306 307 306 306 306 302 300 296 294 294 297 302 304 304 305 310 314 310 301 295 289 285 281 277 272 268 266 265 265 264 262 260 259 262 266 270 273 275 276 276 276 275 272 244 235 235 235 238 260 264 245 244 242 240 242 242 237 237 233 227 227 225 223 221 219 219 218 216 214 212 212 217 212 214 214 215 216 216 216 216 217 217 218 218 218 218 217 218 218 219 220 221 221 220 220 220 219 218 217 217 216 216 216 216 217 217 217 217 221 219 219 219 220 220 221 221 221 222 223 223 223 223 224 225 225 225 226 227 229 230 232 234 234 235 235 235 235 235 235 235 235 236 236 235 235 234 234 233 232 231 231 230 229 230 232 233 234 234 235 235 235 235 234 234 234 234 233 233 232 231 229 228 228 227 227 227 227 227 227 227 227 227 228 228
214 213 212 212 212 211 210 211 211 211 211 211 211 210 209 208 207 205 205 204 204 203 202 201 201 201 203 202 201 201 201 201 201 201 202 205 206 206 206 204 205 205 205 204 204 204 204 204 204 205 205 205 205 205 205 206 206 207 207 208 209 209 210 210 210 211 212 214 215 215 213 212 212 213 214 216 217 220 222 222 222 222 221 221 220 218 218 219 219 218 217 217 219 222 223 224 225 226 227 230 231 231 231 229 227 228 231 233 235 237 239 241 242 241 240 240 239 240 240 242 245 247 248 249 250 251 253 253 255 259 264 266 269 271 275 279 282 284 286 290 293 295 296 295 294 292 290 289 287 285 283 282 283 285 287 289 289 288 287 286 286 287 288 289 290 291 293 294 296 297 299 300 301 302 303 304 303 304 303 303 303 303 302 302 301 301 300 298 297 297 298 299 300 301 301 302 302 302 302 302 302 302 302 302 302 303 302 302 303 304 305 305 306 307 307 308 307 307 306 306 305 302 300 297 296 298 301 303 304 304 307 313 313 303 296 291 285 281 277 274 270 266 264 263 262 261 258 256 254 258 263 270 273 274 275 275 274 257 235 235 235 235 235 234 251 247 249 244 242 238 239 239 235 227 227 227 226 225 224 222 221 220 219 217 216 213 217 210 213 214 215 215 216 217 217 218 217 217 217 217 217 217 217 218 219 220 221 222 222 222 221 221 220 219 218 217 216 217 217 217 217 217 217 217 217 221 219 219 219 220 221 221 220 221 221 222 222 223 224 225 225 226 227 227 228 230 231 233 234 234 234 235 235 235 235 235 236 236 235 235 235 234 233 232 232 231 230 230 231 232 234 236 236 236 236 236 236 235 235 235 235 234 235 234 234 232 229 229 228 228 228 227 227 227 227 227 227 228 228 228
214 213 213 212 212 211 210 210 210 210 210 210 210 211 210 209 208 206 205 204 204 203 201 201 201 201 203 201 201 201 201 201 201 201 202 206 204 205 206 205 206 206 205 205 205 205 204 204 204 204 205 205 205 205 205 206 206 207 208 210 211 212 212 211 211 212 213 214 215 214 213 212 212 213 214 215 217 220 223 223 223 223 223 223 221 220 219 219 219 218 217 217 218 221 223 225 225 225 227 228 228 229 228 227 226 228 230 233 235 236 238 240 240 239 238 238 238 239 239 243 246 248 249 250 250 251 252 250 254 258 263 266 269 271 274 278 281 283 285 288 290 293 295 295 294 292 290 289 287 285 283 282 283 285 286 288 289 289 288 288 287 287 288 289 291 292 293 294 296 297 298 300 301 302 303 303 304 304 304 304 304 304 303 303 303 302 301 299 298 298 298 299 300 301 302 302 302 302 303 302 303 305 305 303 303 303 304 304 304 305 305 306 306 307 308 308 308 306 305 305 302 300 298 298 300 301 303 304 304 305 306 310 304 297 292 288 283 278 274 271 268 264 261 260 259 258 256 254 253 251 262 269 272 273 274 274 255 239 235 235 235 235 243 252 250 249 244 242 241 236 235 236 231 227 226 226 227 226 226 225 224 222 220 219 217 216 212 211 213 214 215 215 216 217 218 218 217 217 217 216 216 216 217 218 219 220 221 222 223 223 223 222 221 219 218 217 217 217 217 217 217 217 217 217 218 219 217 217 218 219 220 221 221 221 222 222 223 224 224 225 226 226 227 229 230 231 231 232 233 235 235 235 235 235 235 235 236 236 235 235 234 234 233 232 232 231 231 231 232 234 237 239 240 238 237 237 237 236 236 236 235 235 235 235 234 232 230 229 229 228 228 228 228 228 228 228 228 228 228 228
214 213 211 211 212 211 211 210 210 210 210 210 210 210 210 210 208 206 205 204 203 202 201 201 201 201 201 201 201 201 201 201 201 201 202 203 203 204 206 205 206 207 206 205 205 205 205 204 204 204 204 205 205 205 206 206 207 208 210 211 212 213 213 212 212 212 214 215 215 214 213 213 213 213 214 215 218 220 223 224 224 224 224 224 223 221 220 220 220 219 218 218 218 220 222 225 226 225 225 226 227 227 226 225 226 228 230 232 234 236 237 237 237 237 237 238 240 240 237 242 245 246 248 250 251 251 252 254 255 257 261 266 268 271 274 277 280 282 285 288 289 291 293 294 293 292 290 288 287 285 283 283 283 284 286 288 289 290 290 290 290 289 289 289 290 292 293 294 296 297 298 299 300 302 303 303 304 305 305 306 306 305 305 304 304 303 302 300 300 299 299 300 300 301 302 302 303 303 303 303 305 307 305 303 303 303 304 305 305 306 306 307 307 307 308 308 307 305 302 301 298 296 297 299 303 304 305 306 307 307 306 302 296 290 288 283 279 275 272 269 266 263 260 258 257 255 254 253 251 252 263 268 270 271 272 272 258 249 235 235 235 244 250 254 252 249 245 239 240 234 233 232 229 226 225 226 227 227 227 226 224 223 221 220 217 213 210 210 212 213 214 215 216 216 217 218 217 216 215 215 215 215 216 217 219 221 222 223 223 223 223 223 222 220 219 217 217 217 218 218 218 218 218 218 218 219 222 221 221 221 221 223 222 222 223 224 224 225 225 225 226 227 228 231 232 233 233 234 235 235 235 235 236 236 236 236 236 235 235 234 234 233 233 232 232 232 231 232 234 238 243 244 243 241 239 238 238 238 237 237 236 236 235 234 233 231 229 229 229 229 229 229 228 228 228 228 228 228 227 229
214 214 211 211 212 210 210 210 210 209 209 209 209 209 209 209 208 207 205 204 203 201 201 201 202 202 201 201 201 201 201 201 201 201 203 203 207 204 206 205 207 207 205 205 205 205 205 204 204 204 204 204 205 205 206 207 208 210 211 212 213 213 213 213 213 214 215 216 215 214 213 214 214 215 215 216 218 220 223 224 224 225 225 225 224 222 221 221 221 221 220 220 219 220 221 223 225 225 224 225 225 225 225 224 225 227 229 232 233 234 235 235 235 236 237 240 242 242 241 242 244 246 248 250 251 252 253 254 255 258 261 266 269 272 275 277 280 283 286 288 289 290 291 292 292 291 290 288 286 284 283 283 283 285 286 287 289 290 292 292 291 291 290 290 290 291 293 294 295 296 297 299 300 301 302 303 304 305 306 307 307 307 306 306 305 304 302 301 301 300 300 300 301 302 302 302 303 303 303 304 305 304 304 303 303 304 305 306 306 306 307 307 310 309 307 307 306 303 299 296 295 295 297 301 305 308 310 311 310 308 304 295 285 280 281 277 273 270 270 268 265 262 259 256 254 253 252 251 251 255 264 267 269 270 270 272 265 249 242 240 236 231 251 254 267 277 261 253 234 233 232 227 229 225 224 225 227 228 226 225 224 222 220 217 217 213 210 210 211 212 214 214 215 216 216 216 216 215 215 215 214 215 216 217 219 221 222 223 223 223 223 223 222 220 219 218 217 218 218 218 218 218 218 219 220 220 220 222 222 222 223 224 223 222 224 225 227 228 228 227 227 227 229 231 233 234 235 235 235 235 235 236 236 236 236 236 236 235 235 234 234 233 233 233 233 233 232 234 236 241 246 246 244 242 241 240 240 240 239 239 238 236 235 234 233 231 230 230 230 230 229 229 229 228 228 228 228 229 228 229
215 214 214 214 209 210 210 209 209 209 209 209 209 209 209 208 208 207 206 204 202 201 201 201 202 201 201 201 201 201 201 201 201 202 203 203 203 204 206 205 206 206 205 204 205 205 204 204 204 204 204 204 205 206 207 208 209 211 212 213 214 214 214 213 214 215 216 216 215 214 214 215 215 216 217 218 219 221 223 224 225 226 226 226 225 223 222 221 222 222 223 222 222 221 221 222 223 223 223 223 224 224 223 224 225 226 229 231 232 233 233 234 235 237 238 241 243 244 243 243 245 248 249 250 252 253 254 255 256 259 263 267 270 273 275 278 281 283 286 289 289 290 290 290 290 289 288 287 285 284 283 283 284 285 286 288 289 291 292 293 293 292 292 291 291 291 292 294 294 296 297 298 299 300 302 303 305 306 307 308 308 308 307 307 305 304 303 303 302 301 301 301 301 302 302 303 303 304 304 304 305 305 304 304 305 306 306 306 307 308 308 311 316 314 307 304 303 300 296 292 295 300 300 303 307 309 313 314 311 303 296 285 273 268 272 270 267 267 269 267 265 262 258 254 251 250 250 250 251 259 264 265 266 267 268 270 270 262 247 252 251 240 249 253 256 259 261 247 234 231 230 227 226 224 222 223 226 226 225 224 222 221 217 219 217 214 212 210 210 211 213 214 215 215 215 215 215 214 214 214 215 215 216 218 220 221 222 223 223 223 223 222 221 220 219 218 217 217 218 218 218 219 220 221 222 222 222 222 224 224 224 224 223 223 225 228 230 231 231 230 229 229 229 231 233 234 235 236 236 236 236 237 237 237 237 236 236 236 235 235 235 235 234 234 234 234 234 235 236 241 245 245 245 244 243 242 243 243 242 240 239 237 236 234 233 232 232 231 231 230 230 230 229 229 229 229 229 229 229 229
215 215 214 212 209 210 209 209 209 208 208 207 208 208 208 207 206 206 206 204 203 201 202 202 201 201 201 201 201 201 201 201 201 201 201 202 202 203 206 205 206 205 205 204 204 204 204 203 204 204 204 204 205 206 208 209 210 211 212 213 214 214 214 214 215 216 216 217 216 214 215 216 217 218 218 218 219 221 223 225 225 226 227 227 225 224 222 222 223 224 224 225 224 223 221 221 221 221 221 222 223 223 223 224 225 226 227 229 230 231 233 235 237 238 240 242 243 244 244 244 245 247 249 250 252 253 254 256 257 259 263 268 270 273 275 278 280 283 285 288 290 290 290 289 289 288 288 287 285 284 284 283 284 285 286 288 290 291 292 293 293 293 293 292 292 292 292 293 294 295 296 298 299 301 302 304 305 306 307 308 309 308 308 307 306 305 304 304 303 302 302 302 302 302 303 303 304 304 305 305 306 305 305 305 308 306 306 307 308 308 310 317 322 319 311 300 296 294 289 288 301 305 305 307 307 309 313 313 307 298 287 275 264 258 261 261 262 265 266 264 263 261 258 252 248 247 247 249 249 248 262 262 263 264 266 268 267 266 259 255 252 248 252 253 256 258 252 235 227 228 226 226 225 225 221 221 223 223 223 222 221 217 219 218 216 214 213 212 211 210 210 211 214 214 214 214 214 213 214 214 215 216 217 219 221 221 222 222 222 222 222 221 220 219 218 218 217 217 218 218 218 219 221 222 223 223 223 223 223 225 225 225 224 225 227 230 233 234 234 233 232 231 231 233 233 234 235 236 237 237 237 238 238 238 237 237 236 236 235 235 236 236 236 236 235 235 235 235 236 239 242 244 245 245 245 245 246 246 244 242 240 237 236 235 234 234 233 233 232 231 231 230 230 229 229 229 229 228 230 230
216 215 214 212 209 209 209 209 208 208 207 207 207 207 207 206 205 204 204 204 203 203 203 201 201 201 201 201 201 201 201 202 201 201 201 201 202 206 206 204 205 205 205 204 204 204 203 203 203 204 204 204 205 206 207 208 209 209 210 212 214 214 214 214 215 216 217 217 216 215 215 216 217 218 219 218 219 221 223 225 226 227 227 228 226 225 224 224 224 225 226 227 226 225 223 222 221 221 221 221 222 222 223 223 224 225 227 228 229 231 233 236 238 240 242 244 245 246 245 245 245 246 248 249 251 252 254 255 257 259 262 266 270 272 275 277 279 281 284 287 289 290 290 290 289 289 288 287 286 285 284 284 284 284 285 287 289 291 293 293 294 294 293 293 293 293 293 294 294 295 296 298 299 301 303 304 305 307 308 308 309 309 309 308 307 306 305 305 304 303 303 303 302 303 303 304 304 305 305 306 307 306 305 306 306 306 307 307 307 308 314 320 323 320 313 301 289 272 265 270 279 294 301 304 308 309 309 307 299 289 279 269 261 254 255 260 265 266 261 260 261 259 256 251 246 244 244 245 247 261 260 260 259 260 262 266 266 264 258 252 247 242 242 248 253 236 233 232 228 226 225 223 223 222 222 220 221 221 221 221 217 219 218 217 216 215 213 213 212 211 211 211 212 213 213 213 213 213 214 215 216 217 218 220 221 221 221 221 221 221 220 220 219 219 218 218 217 217 217 218 219 220 221 223 224 223 223 223 224 225 226 226 225 226 228 231 234 235 236 236 235 234 234 235 234 234 235 236 237 238 238 239 239 238 238 237 236 236 236 236 237 237 237 237 237 236 236 236 237 239 240 243 245 247 248 248 248 248 246 244 241 239 237 236 235 235 234 233 232 232 231 231 230 229 229 229 229 228 230 230
216 215 215 214 211 209 210 209 209 208 208 207 206 206 205 205 204 203 203 204 204 201 202 201 201 201 201 201 201 201 201 201 201 201 201 201 202 205 206 204 205 206 206 205 204 203 203 203 203 204 204 204 204 205 206 206 207 207 209 211 213 214 214 214 216 217 218 218 217 215 216 216 218 219 219 218 219 221 223 225 227 227 228 229 229 228 227 226 226 226 227 228 227 225 224 223 222 222 221 221 222 223 223 223 224 225 226 227 229 230 233 237 240 242 244 246 247 247 247 246 246 246 247 249 250 251 253 255 257 258 261 264 267 270 273 275 277 279 282 286 289 291 291 290 290 289 288 288 287 286 285 285 285 285 285 286 289 291 293 294 294 294 294 294 294 294 295 295 295 296 297 298 300 301 303 305 306 307 308 309 310 310 310 309 308 307 306 306 305 304 304 303 303 303 303 304 305 305 306 307 307 307 306 306 306 307 308 307 308 313 317 320 319 313 305 296 270 240 228 241 255 274 290 304 310 310 308 301 292 282 272 263 256 252 255 264 269 264 259 255 258 256 252 249 245 242 242 246 255 259 259 258 256 256 258 264 264 259 254 248 242 237 235 240 237 233 232 228 226 225 223 221 220 220 221 218 219 219 220 218 218 218 217 216 215 215 215 214 213 212 211 211 210 212 212 212 213 213 214 216 217 218 218 219 220 220 220 219 219 218 218 218 218 218 218 217 217 217 217 217 218 220 221 223 224 224 224 225 225 225 227 227 226 226 228 232 234 235 236 236 236 235 235 237 237 236 236 237 237 238 238 239 239 238 238 237 237 237 237 238 238 238 239 238 238 237 237 237 238 240 241 244 247 248 249 250 250 250 248 246 243 240 238 236 235 235 234 233 232 232 231 231 231 230 230 230 230 231 230 230
216 215 215 212 213 209 209 209 209 209 208 208 207 206 204 204 203 202 202 202 202 203 201 202 201 201 201 201 201 201 201 201 201 201 201 201 201 202 206 204 205 206 206 205 203 203 203 203 203 203 204 204 204 204 205 205 206 206 207 210 213 214 214 214 216 217 219 219 217 216 216 217 218 219 219 219 220 221 224 226 227 228 229 230 231 230 230 229 228 227 228 229 227 226 226 226 224 223 222 222 223 223 223 224 224 225 226 227 229 230 233 236 239 242 245 247 248 248 248 248 247 247 247 248 250 251 253 254 256 257 259 262 264 267 270 273 275 278 281 285 289 290 291 290 289 289 288 288 288 287 287 287 287 287 287 287 288 291 292 294 295 295 295 296 296 296 296 296 296 297 298 299 301 302 304 305 306 308 309 310 310 311 310 310 309 308 307 306 306 305 304 304 304 304 304 304 305 306 306 307 307 308 308 308 306 307 307 307 311 318 320 319 312 303 295 277 249 220 216 225 258 272 287 303 307 309 303 294 283 273 264 257 252 250 254 260 257 256 256 258 251 249 248 245 242 239 242 249 255 257 258 257 256 252 253 259 259 255 249 243 238 234 232 231 228 228 228 227 226 224 222 221 219 219 219 217 217 218 218 217 217 216 216 216 215 215 216 215 214 213 212 211 210 211 211 212 213 214 214 216 217 217 218 218 218 219 218 217 216 216 216 216 217 217 218 217 217 217 217 217 218 219 221 223 224 224 224 225 225 225 225 227 227 228 228 232 234 235 235 238 237 237 236 237 237 238 237 237 237 237 237 238 238 238 238 238 238 238 238 239 239 240 240 240 239 239 238 239 240 241 243 246 248 250 251 251 251 250 248 246 243 241 239 237 236 234 234 233 233 232 232 231 231 230 230 231 231 231 231 231
216 215 214 214 213 209 210 210 210 210 209 209 208 206 204 203 202 201 201 201 201 202 203 203 203 201 201 201 201 202 201 201 201 201 201 201 201 202 206 204 205 206 206 204 203 203 203 203 203 203 203 203 203 204 204 204 205 206 207 209 212 213 214 214 216 217 219 220 218 217 216 217 218 220 220 219 220 222 224 226 228 229 230 232 232 233 233 232 230 229 229 229 228 227 227 228 226 225 223 222 224 224 224 224 225 226 227 228 229 230 232 235 239 242 244 247 249 249 250 249 249 248 248 248 250 251 253 254 255 257 258 260 263 265 268 272 275 277 280 283 288 290 290 289 288 288 288 288 288 288 288 288 288 288 288 288 288 290 292 293 294 295 296 297 297 297 297 298 298 298 299 300 302 303 305 306 307 308 309 310 311 311 311 311 310 309 308 307 306 306 305 305 305 305 305 304 305 306 306 303 308 308 308 307 308 307 307 308 317 323 323 316 304 295 279 256 222 203 215 236 259 273 286 297 300 302 293 283 272 263 255 253 252 251 246 246 245 246 255 257 250 244 243 241 238 240 249 253 255 255 256 255 254 251 247 255 257 253 245 239 235 233 230 228 226 226 226 226 225 224 223 222 220 220 219 215 218 216 216 216 215 213 214 214 215 215 215 215 214 213 212 212 210 209 211 212 213 214 214 215 216 216 216 216 217 217 216 215 215 215 215 215 216 216 217 217 216 217 217 217 218 219 220 222 223 224 224 225 226 225 225 226 227 228 229 231 232 234 236 238 238 237 237 237 238 238 238 237 237 237 237 237 238 238 239 239 239 239 240 240 241 242 243 243 242 240 239 240 241 243 245 247 249 251 252 252 251 250 248 245 242 240 238 236 235 234 233 233 232 232 231 231 231 230 230 231 227 231 231 231
218 215 214 214 213 210 212 210 210 210 209 208 207 205 203 202 202 201 201 201 201 201 203 203 201 202 201 201 202 201 201 201 201 201 201 201 201 202 205 203 204 205 205 203 203 203 203 203 203 203 202 203 203 203 204 204 205 205 206 207 210 211 213 214 215 217 219 220 219 217 217 218 219 221 221 221 220 222 225 227 228 229 231 233 234 235 236 236 234 231 230 230 229 229 229 229 228 226 224 223 224 225 225 225 225 226 227 228 229 230 231 234 237 240 242 245 247 249 249 250 250 249 249 249 249 251 252 254 255 257 258 260 262 265 267 270 274 277 279 282 286 289 291 289 289 288 288 288 289 289 289 289 290 290 290 290 290 290 292 293 294 296 297 298 298 299 299 299 299 299 300 301 302 304 305 307 308 309 310 311 312 312 312 311 311 310 309 308 307 306 306 306 306 305 305 305 306 306 306 303 309 309 307 307 308 308 307 308 315 322 322 310 297 285 256 234 203 208 225 252 262 272 285 296 297 291 282 272 261 256 254 255 260 258 250 245 244 243 239 244 245 240 238 237 237 249 251 252 253 253 253 253 252 250 244 249 253 248 241 236 233 231 227 225 224 223 224 225 224 224 223 222 221 219 218 217 215 215 214 214 214 213 213 213 214 214 214 214 214 213 213 212 211 210 209 212 213 213 214 214 214 215 215 215 215 215 215 214 214 214 215 215 215 216 216 216 216 217 217 217 218 219 220 221 223 224 225 226 226 225 226 226 228 228 232 232 232 234 236 237 237 237 237 238 238 239 238 238 238 238 238 238 239 239 240 240 240 241 241 242 243 245 247 246 244 242 241 241 242 244 246 249 250 252 252 252 251 249 246 244 242 239 237 236 235 233 233 232 232 232 231 231 231 230 230 230 228 231 231 231
219 216 214 214 213 210 210 210 210 209 208 207 206 204 203 202 201 201 200 201 200 201 202 203 201 202 201 202 201 201 201 201 201 201 201 201 201 202 206 203 203 203 203 203 203 203 203 203 203 203 203 203 203 203 203 204 205 205 206 208 209 210 211 212 214 216 218 220 220 218 218 218 220 222 222 222 221 222 224 226 228 230 232 234 236 237 238 238 237 235 233 232 231 230 230 230 229 227 225 223 224 225 226 226 226 226 227 228 229 230 231 233 235 238 240 243 245 247 249 250 250 251 250 250 249 251 252 254 255 257 258 260 263 264 267 269 272 276 279 281 284 287 290 290 290 289 289 289 289 289 289 290 290 290 291 291 292 292 292 293 295 296 298 299 299 300 300 300 300 300 301 302 304 305 306 307 308 309 311 312 313 313 313 312 311 310 309 308 308 307 306 306 306 306 306 306 306 306 306 307 308 307 307 308 308 308 307 306 305 314 317 304 290 273 239 210 210 209 237 257 267 275 288 299 288 279 271 263 258 256 259 263 264 259 251 253 254 254 246 238 236 236 235 234 237 247 251 250 250 249 249 249 249 249 248 244 247 243 237 233 230 227 225 223 221 220 220 222 222 222 222 221 220 218 216 215 214 214 213 213 213 212 212 213 213 213 213 214 214 214 213 212 212 211 209 210 212 213 213 213 213 213 214 214 214 214 214 214 214 214 214 215 216 216 216 216 217 217 217 218 218 219 220 222 223 224 225 226 226 225 226 228 231 231 227 231 233 234 235 236 236 237 238 239 239 239 239 239 239 239 239 239 240 240 241 241 241 242 243 243 245 248 249 248 246 244 242 243 244 246 249 250 252 252 252 252 250 247 244 242 240 238 236 235 234 233 232 232 232 231 231 231 231 230 230 230 230 231 231 232
219 217 215 214 213 212 210 209 208 207 206 205 205 204 203 202 201 201 201 201 201 201 199 202 202 201 203 201 201 201 201 201 201 201 201 201 201 202 206 202 203 203 203 203 203 203 203 203 204 204 203 203 203 203 203 204 205 205 206 209 212 212 211 211 213 215 218 220 220 220 219 219 221 223 223 223 222 223 224 226 228 230 232 234 237 238 239 239 239 237 236 235 233 232 231 231 230 228 226 225 224 222 226 227 227 227 228 229 230 230 231 232 234 236 238 240 242 244 246 248 250 251 251 251 250 251 252 253 255 257 258 260 262 264 266 268 271 275 278 280 282 284 287 289 290 290 290 290 290 290 290 290 291 291 292 293 293 293 293 294 296 297 298 300 300 301 301 301 301 301 302 303 305 306 307 308 309 310 311 312 313 314 314 312 311 311 310 309 308 308 307 306 306 306 306 306 306 306 307 307 308 309 307 307 308 307 307 305 303 310 310 299 284 265 242 227 207 227 249 263 272 283 299 290 279 272 265 261 259 262 268 270 262 257 255 261 259 254 249 242 236 234 233 232 239 243 244 245 246 245 245 243 243 247 247 238 240 238 233 230 228 226 223 221 220 218 217 220 220 221 221 220 218 218 216 214 213 213 213 212 212 212 212 212 212 212 213 214 214 214 213 212 212 211 210 210 211 212 212 213 212 212 213 213 213 213 213 213 214 214 215 216 216 217 217 218 218 218 218 218 218 219 221 222 223 224 225 225 225 226 227 229 232 233 234 230 232 234 235 236 236 237 238 239 240 240 240 239 239 240 241 241 242 242 242 243 244 245 245 245 247 249 250 250 248 246 244 245 247 249 251 251 252 252 252 250 247 245 243 240 239 237 236 235 234 233 232 232 231 231 231 231 230 230 230 229 230 231 231 232
218 216 213 214 213 211 210 209 207 206 205 205 204 203 202 202 201 200 200 201 200 199 199 199 201 203 203 203 203 201 202 202 201 201 202 202 201 201 206 202 203 203 203 202 203 203 203 204 204 205 204 204 203 203 203 204 204 205 206 209 213 213 212 212 212 214 217 219 221 220 220 220 222 224 224 224 223 224 225 226 228 230 232 234 236 238 240 240 240 240 239 238 236 233 232 232 230 228 227 227 225 224 224 227 228 228 229 230 231 231 232 233 234 236 238 240 241 243 244 246 248 250 251 252 252 252 252 253 255 256 258 260 261 263 265 267 270 273 276 278 280 282 284 286 288 289 290 291 291 291 291 291 292 292 293 294 294 294 294 295 296 298 299 300 302 302 303 303 303 303 304 305 306 307 308 309 310 311 312 312 313 313 312 311 311 310 310 310 309 308 307 307 306 306 306 306 305 306 306 307 308 308 307 308 308 307 305 303 305 302 302 298 283 266 248 239 208 234 252 268 276 294 294 282 274 268 263 261 264 270 273 268 265 262 264 263 258 252 249 243 237 235 232 231 236 240 240 240 241 241 241 240 240 239 236 234 234 232 230 228 226 224 222 220 218 217 217 218 216 219 219 218 219 218 216 214 213 212 212 212 211 211 211 211 212 212 213 213 214 214 213 212 211 211 211 210 209 211 212 212 211 212 212 212 213 213 213 213 214 215 216 216 217 218 218 218 219 219 218 218 218 219 220 222 222 223 225 225 226 227 229 232 232 233 234 235 233 229 235 236 237 237 238 239 240 240 240 240 241 242 242 243 243 243 244 245 246 247 248 247 249 250 251 251 249 248 246 247 249 251 251 251 251 251 250 248 245 243 241 239 237 236 235 234 233 232 232 231 231 231 231 230 230 230 230 227 231 231 231 232
217 216 215 213 212 211 209 208 206 205 205 204 203 202 201 201 200 200 200 201 200 199 199 199 199 201 203 203 203 203 203 203 201 202 202 201 201 201 206 202 203 203 202 202 203 203 203 204 205 206 205 204 203 203 203 204 204 205 206 208 211 213 213 213 214 214 216 218 220 221 221 221 223 224 225 224 224 225 226 227 228 230 231 234 236 238 239 241 242 243 242 240 237 235 234 233 232 230 229 228 227 225 225 227 228 229 230 231 232 232 233 233 235 238 241 242 243 243 243 244 247 249 250 250 251 252 253 254 255 256 257 259 261 262 264 266 269 271 273 276 278 279 281 283 286 287 289 290 292 292 292 293 293 294 295 296 296 296 295 295 297 298 300 301 303 303 304 305 305 305 305 306 307 308 309 310 311 311 311 312 312 311 310 310 309 309 309 309 309 308 308 307 306 306 305 305 305 306 306 307 308 309 308 308 308 307 305 303 300 289 290 292 282 270 258 248 226 235 257 268 283 295 287 278 271 267 265 267 273 276 272 272 268 266 266 261 255 251 247 241 238 236 236 235 231 234 237 237 237 237 237 236 236 235 233 232 231 230 227 226 224 223 221 219 217 217 218 216 217 218 221 217 217 217 215 213 212 212 211 211 211 211 211 212 212 212 213 213 213 213 213 212 211 211 210 210 209 211 211 211 211 211 212 212 213 213 213 214 214 215 216 217 218 219 220 219 219 219 219 219 219 219 219 221 221 223 224 225 225 228 230 232 232 233 234 234 234 233 230 234 235 237 238 239 239 240 239 240 242 243 244 244 244 245 245 247 248 248 249 249 250 251 252 251 251 250 248 249 250 252 251 250 249 249 248 246 244 242 240 238 236 235 234 234 233 232 232 231 230 230 230 230 230 230 230 230 230 231 232 233
216 215 213 209 211 210 209 207 205 205 204 203 203 202 201 200 200 200 200 200 200 199 199 199 199 199 202 203 202 201 201 201 202 203 201 201 201 202 205 202 203 202 202 203 203 203 204 205 206 207 206 205 204 203 204 204 204 205 206 207 210 213 214 215 216 216 216 217 219 221 221 221 223 224 225 225 225 226 227 227 228 230 231 233 235 237 239 242 243 244 243 241 238 236 236 235 234 232 231 230 229 227 225 227 229 230 231 232 233 233 234 234 235 239 244 245 245 245 245 244 245 247 248 249 251 252 253 254 255 256 257 258 260 261 263 266 268 270 271 273 275 277 279 281 284 286 287 289 290 291 293 294 294 295 296 297 297 297 296 296 298 299 300 301 303 304 305 306 306 306 307 308 309 309 309 310 311 311 311 310 310 309 308 308 307 307 308 309 309 309 308 307 306 305 304 304 304 305 306 307 308 309 309 309 308 306 305 303 293 285 281 280 278 275 267 255 246 240 246 268 291 290 282 275 270 268 271 276 278 275 274 271 270 268 263 257 252 248 244 240 238 238 240 241 234 229 232 233 233 233 233 233 233 232 230 230 229 227 226 224 223 222 221 218 216 215 215 216 218 216 215 217 217 216 215 213 212 211 211 211 211 211 211 212 212 212 212 212 212 212 212 211 211 210 210 208 210 210 211 211 212 212 213 213 213 213 214 214 215 216 217 218 220 220 221 220 220 220 219 219 219 219 219 220 221 223 224 224 224 227 229 231 232 233 233 234 232 232 232 232 232 236 238 239 239 239 238 240 241 243 245 245 246 246 247 248 248 249 250 251 251 252 253 253 252 252 251 251 251 251 249 247 245 245 245 244 242 241 239 237 236 235 234 233 233 232 232 231 231 230 230 230 230 230 229 230 230 231 232 234
215 214 212 210 210 208 207 206 204 204 203 202 201 201 200 200 200 200 200 200 200 199 199 199 199 200 200 202 201 200 200 200 201 201 201 202 202 202 204 202 202 202 203 203 203 204 204 205 207 207 207 206 204 204 204 204 204 205 206 207 210 212 214 216 218 218 217 217 218 220 221 221 222 224 225 225 225 226 227 228 228 230 231 233 235 237 240 242 244 245 244 242 240 238 238 236 235 234 233 232 231 229 226 227 229 230 232 234 234 235 235 235 236 240 246 248 248 247 247 246 246 246 247 248 250 252 253 255 255 256 257 258 259 261 263 265 267 269 270 272 274 276 278 280 282 284 285 287 288 290 292 293 295 296 297 298 298 297 297 297 298 299 300 302 304 305 307 308 308 308 309 309 309 309 309 310 311 310 309 308 307 306 305 305 305 305 306 308 309 309 307 306 305 304 303 302 303 304 306 307 308 309 310 309 308 306 305 301 290 291 285 277 273 273 271 268 254 241 256 275 290 288 278 274 271 272 279 282 279 277 274 272 270 264 258 252 248 244 240 238 237 239 242 240 235 229 227 227 227 227 230 230 230 230 227 227 227 226 224 223 221 220 219 217 215 214 218 217 215 214 214 214 215 214 214 212 211 211 210 211 211 211 211 212 211 212 212 212 212 211 211 211 210 209 208 210 211 211 211 212 212 213 213 213 213 214 215 215 216 218 219 220 221 221 222 221 221 220 220 219 220 220 220 221 221 221 222 223 224 227 228 230 232 233 234 234 232 232 233 232 232 230 236 238 238 238 238 239 241 243 244 245 245 246 248 249 249 250 250 251 252 252 253 253 254 253 253 253 253 252 249 246 243 242 242 241 240 239 238 236 235 234 234 233 233 232 232 231 231 230 230 230 229 229 227 229 230 232 233 236
213 213 211 210 209 207 206 204 204 203 202 202 201 200 200 200 200 200 200 201 201 200 199 199 199 200 200 200 202 201 200 200 200 200 200 202 203 202 203 202 202 203 203 204 204 204 205 206 207 208 207 206 205 204 204 204 204 205 206 207 210 212 215 216 218 220 219 217 217 219 220 220 221 223 225 225 224 225 226 227 228 230 231 233 235 237 240 243 244 245 244 243 241 240 239 238 237 235 235 234 233 231 228 227 228 231 233 235 236 237 236 236 237 240 246 249 249 249 248 247 247 246 247 248 249 250 253 254 255 256 257 257 259 260 262 264 266 267 269 271 272 274 276 279 280 282 284 285 286 290 291 293 295 296 298 299 299 299 298 299 299 299 301 302 304 306 308 309 309 310 310 310 310 310 310 309 309 308 307 306 304 303 302 302 302 302 303 306 307 308 307 305 303 302 301 300 301 303 305 307 307 308 309 310 308 307 305 300 296 293 287 278 274 273 273 270 261 245 266 282 285 288 281 271 273 279 283 280 278 275 273 272 266 260 255 249 244 240 237 236 235 238 241 237 233 227 226 226 228 228 228 227 227 226 226 226 225 224 223 221 220 218 217 215 214 219 214 212 213 213 213 213 213 214 213 212 210 210 210 210 211 211 211 211 211 211 211 211 211 211 210 210 209 210 209 211 212 211 211 212 213 213 214 214 214 215 216 217 218 219 220 221 222 222 223 222 222 221 220 220 221 220 221 220 221 221 222 223 224 226 228 230 231 232 233 233 232 232 232 232 232 233 233 234 237 237 237 238 240 241 243 243 244 245 247 248 249 250 250 251 252 253 253 253 254 254 254 254 253 252 250 246 243 240 239 239 238 237 237 236 235 234 234 233 233 233 232 232 231 230 230 230 229 229 229 229 231 232 235 238
212 211 210 209 208 206 205 204 204 203 202 202 201 200 200 200 200 201 200 201 200 200 200 199 200 200 200 200 200 202 201 200 200 200 200 200 203 203 203 203 203 204 204 204 205 205 206 207 208 209 208 206 205 204 204 204 204 205 206 208 210 213 215 217 219 220 219 218 218 219 219 219 220 222 223 224 224 225 226 227 228 229 231 233 235 237 240 243 245 246 245 245 243 242 241 239 238 237 236 236 234 232 229 227 228 231 233 235 237 237 237 237 237 240 246 250 250 250 249 248 248 247 248 249 249 250 252 253 254 255 257 258 259 260 262 263 265 266 268 269 271 273 275 277 278 280 282 282 285 288 291 292 294 296 297 299 301 301 300 300 300 300 301 303 304 306 308 310 310 311 311 310 310 310 309 308 307 306 305 303 300 299 298 298 298 299 300 303 305 306 305 303 301 299 299 298 299 301 303 305 306 307 308 309 307 306 304 301 296 289 281 277 275 272 271 269 259 254 277 279 280 283 278 271 278 282 281 280 277 275 271 267 262 257 252 247 241 237 235 234 233 237 238 234 230 227 225 225 227 227 227 226 225 224 224 224 224 223 221 220 219 218 215 215 219 213 212 212 212 212 212 212 213 213 212 211 210 210 210 211 211 211 211 211 211 211 210 210 210 209 209 209 208 209 208 212 212 212 212 212 213 213 215 215 215 216 217 218 219 220 221 222 223 223 223 223 222 221 221 221 221 221 221 221 221 222 223 224 226 227 229 230 231 232 233 233 233 233 234 234 233 232 232 234 231 235 236 237 238 239 240 241 242 243 246 248 248 248 249 250 251 251 252 253 254 254 254 254 254 252 250 246 243 240 238 237 237 236 236 235 235 234 234 234 233 233 232 232 231 231 230 230 229 229 229 230 231 233 236 240
211 209 209 208 207 205 204 204 203 203 202 202 201 200 201 200 201 201 200 200 200 200 200 201 200 200 200 200 200 200 200 200 200 200 200 202 200 202 203 205 205 205 205 206 206 207 208 208 209 209 208 206 205 204 204 204 204 205 207 208 211 214 216 218 218 219 220 220 220 221 220 219 219 221 222 223 223 224 226 227 228 229 230 232 234 237 240 243 245 247 246 245 245 244 243 241 240 239 238 237 235 233 230 228 228 231 233 234 236 237 237 238 238 240 244 249 251 251 251 250 249 249 249 250 250 252 254 255 255 256 257 258 259 259 261 262 264 265 266 268 270 272 274 275 277 278 279 280 283 286 289 291 293 294 296 298 300 301 301 301 301 302 301 302 304 306 308 310 311 311 311 310 310 309 308 307 306 304 302 299 297 295 294 293 294 295 297 300 302 303 302 300 298 296 296 295 296 298 301 303 304 305 306 306 305 304 302 300 296 290 281 281 280 274 268 270 255 265 282 275 272 274 271 275 282 282 280 279 278 278 271 264 259 254 248 244 239 236 234 233 232 233 233 231 228 225 223 224 226 226 226 224 223 222 222 223 223 222 221 219 217 215 219 216 213 211 211 211 212 212 211 211 212 212 211 210 210 210 210 210 210 210 210 210 209 209 210 210 210 210 208 210 210 209 211 212 213 212 212 212 213 214 216 216 217 217 217 218 219 220 221 222 222 223 223 223 222 222 221 222 223 224 224 223 223 223 224 226 227 229 230 232 232 232 232 233 233 233 235 235 235 235 233 231 233 231 235 236 237 237 238 239 240 242 245 245 245 246 246 249 250 250 250 252 253 254 254 254 253 252 248 245 242 240 237 236 235 235 235 235 234 233 233 233 233 232 232 231 230 230 229 229 229 227 229 230 231 233 236 240
209 207 207 206 205 204 204 203 203 203 202 202 201 200 200 200 201 201 200 200 200 200 200 201 201 200 200 200 200 200 200 201 201 202 202 203 203 204 205 207 207 207 207 207 208 209 209 210 210 209 208 206 205 204 204 204 204 206 207 209 212 215 218 218 219 219 219 220 221 222 221 220 219 220 220 221 222 224 225 226 227 229 230 232 233 236 239 242 245 248 247 246 246 246 244 243 242 240 239 238 236 234 231 229 229 230 232 233 235 236 237 238 238 241 243 247 250 252 252 251 250 250 250 251 252 253 256 257 257 258 258 258 259 260 260 261 262 263 265 267 269 271 272 274 275 276 277 278 280 283 286 288 291 293 295 297 299 301 302 303 303 303 302 303 304 306 308 310 310 311 311 310 309 308 307 306 304 302 300 296 293 291 290 289 289 291 294 297 299 301 300 297 295 293 293 292 293 296 299 301 302 302 304 303 301 300 299 298 295 288 287 287 283 278 269 270 257 275 274 267 267 268 272 279 280 279 279 279 280 276 270 263 259 253 245 241 238 236 235 235 236 231 227 228 225 223 222 223 225 226 225 223 222 221 221 222 222 221 221 219 217 213 213 212 211 211 211 211 212 212 212 211 211 211 210 209 209 209 210 210 209 208 209 209 208 208 210 209 210 209 210 211 211 211 211 213 214 213 212 212 213 214 216 217 217 217 218 218 218 219 220 221 222 222 222 224 223 222 222 223 225 227 227 226 224 224 225 227 228 230 231 233 233 232 232 232 232 233 232 233 234 234 235 234 232 232 233 233 235 236 236 237 239 240 241 242 243 243 244 247 249 249 249 251 253 254 254 253 252 251 247 243 241 238 237 235 234 234 234 234 233 233 233 232 232 232 231 230 230 229 229 228 228 228 229 230 231 232 235 239
207 205 205 205 204 203 203 203 202 202 202 201 201 200 200 200 200 200 200 200 200 201 200 201 201 201 200 201 200 200 200 200 201 202 203 200 203 205 206 207 208 209 209 209 210 211 211 211 211 210 208 206 205 204 204 204 205 206 208 209 212 216 218 220 219 219 220 221 223 223 223 221 220 220 220 221 221 222 224 225 227 229 230 232 234 235 238 241 244 247 247 247 247 247 246 244 243 242 241 240 238 236 233 231 230 231 231 232 233 235 236 237 238 240 242 245 249 252 253 252 251 250 251 251 252 255 257 259 259 259 258 258 259 260 260 261 263 263 264 266 268 270 271 272 274 275 276 277 278 280 283 285 288 290 293 296 298 301 302 304 305 305 304 303 304 306 307 309 310 310 310 309 309 308 307 305 303 301 298 294 291 288 286 285 286 288 291 293 296 299 298 295 292 290 288 289 291 295 298 300 300 300 302 300 297 295 295 295 294 291 290 289 285 281 275 267 266 265 262 258 261 265 274 274 274 277 279 279 277 272 266 260 256 249 241 238 237 236 236 236 238 230 228 226 224 223 223 223 224 224 224 222 221 219 220 221 221 221 220 219 218 214 212 211 211 211 211 211 212 212 211 212 210 208 208 209 209 209 208 208 209 210 209 208 210 208 209 208 209 210 211 212 212 212 212 213 214 214 213 213 212 214 215 216 217 218 218 218 218 219 220 221 222 224 225 225 224 223 222 223 225 227 228 228 227 226 227 228 229 231 232 233 232 232 231 231 230 232 233 233 234 234 234 235 234 232 232 233 230 234 235 236 238 239 240 240 241 241 242 245 248 247 248 251 253 253 253 252 251 249 246 242 240 238 236 235 233 233 233 233 232 232 232 232 231 231 230 230 229 228 228 228 228 228 229 230 230 232 234 237
206 205 204 203 203 203 202 202 202 202 202 201 200 200 200 200 200 200 200 200 200 200 200 200 200 201 201 201 201 200 200 200 201 202 200 203 205 206 208 207 209 210 210 211 211 212 212 212 211 209 208 206 205 204 204 204 205 206 208 210 212 215 219 220 220 220 220 222 224 224 224 222 221 220 220 220 221 222 223 225 227 228 230 232 234 235 238 241 243 246 247 247 248 248 247 246 245 244 243 242 240 238 235 233 232 232 232 232 232 234 235 237 238 240 242 244 247 251 253 253 252 252 251 251 253 255 257 259 260 259 259 259 259 260 261 263 264 265 265 266 268 269 271 271 273 274 275 277 278 279 281 283 286 289 291 294 297 299 302 304 306 307 306 305 304 305 307 309 309 310 309 309 308 307 306 304 302 300 296 292 289 285 283 282 283 285 287 290 293 295 296 294 289 286 285 286 290 294 297 298 297 296 299 297 293 290 290 291 291 290 290 289 287 284 282 274 258 257 264 256 257 264 269 267 273 277 277 274 271 266 261 256 250 244 238 236 235 236 237 238 237 228 224 222 221 220 220 221 224 223 223 221 220 218 219 220 220 219 219 218 215 214 212 211 211 212 214 212 210 211 212 210 208 209 209 208 208 208 209 209 210 210 210 211 212 212 212 212 212 212 212 212 213 212 212 213 214 214 213 213 213 213 214 215 216 217 217 217 218 219 221 222 223 224 226 227 226 224 223 223 224 226 227 228 228 227 228 229 230 231 231 232 232 232 231 231 231 232 233 233 234 234 234 234 234 234 233 232 232 232 234 236 237 237 238 238 239 240 241 242 245 244 245 250 252 251 250 249 248 246 244 242 239 237 235 234 233 232 232 232 232 231 231 231 231 230 230 229 228 228 228 227 229 230 230 230 230 231 233 234
205 204 203 202 202 202 202 202 202 202 202 201 200 200 200 200 200 200 200 200 200 200 201 200 200 200 200 200 200 200 200 200 202 200 203 206 206 207 209 208 210 210 211 212 212 212 212 212 211 209 207 206 204 204 203 204 205 206 208 210 211 215 218 221 221 221 221 223 224 225 224 223 222 221 220 221 221 222 223 225 227 228 230 232 231 232 237 240 243 245 247 248 249 249 249 248 247 246 245 244 242 240 237 235 234 233 233 233 232 233 235 236 238 240 242 244 246 250 253 254 252 252 252 252 252 253 256 257 259 259 258 258 259 259 261 262 264 266 267 268 269 270 271 271 272 274 275 277 278 279 280 282 285 289 292 294 297 300 302 305 307 308 308 307 305 305 307 308 309 309 309 308 308 307 305 303 301 298 295 291 286 282 280 279 279 281 284 287 289 292 293 292 288 284 282 284 288 292 294 294 292 293 296 296 292 288 286 286 287 289 289 288 288 288 289 278 262 256 256 253 254 261 261 264 273 275 274 270 264 260 258 252 244 239 236 234 233 236 237 240 233 226 223 221 220 219 219 221 222 222 222 221 220 217 218 219 219 219 218 217 215 214 212 211 211 212 213 211 209 209 209 209 208 209 209 208 209 210 210 210 210 211 212 214 214 214 214 215 214 214 213 213 213 213 213 213 213 213 214 214 213 213 213 214 215 216 217 217 218 219 220 222 223 224 227 228 226 225 223 223 223 224 226 227 228 228 228 229 230 230 230 231 231 231 232 232 231 232 232 232 233 233 233 234 234 234 233 233 232 233 234 232 236 236 237 238 238 239 240 241 242 240 241 245 248 249 247 245 244 242 241 239 237 235 234 233 232 231 231 231 231 230 230 230 230 230 229 229 228 228 227 229 230 230 230 230 231 231 232 233
203 203 202 202 202 202 202 202 202 202 202 201 201 200 200 200 200 200 200 200 200 200 200 200 200 200 200 200 200 201 200 203 202 202 205 207 207 208 210 210 210 211 211 211 212 212 212 212 211 209 207 205 204 203 203 204 205 206 208 209 211 214 218 221 222 222 222 223 225 226 225 224 223 222 221 221 222 222 223 225 226 228 230 232 233 235 237 240 243 245 247 249 249 250 250 249 248 247 247 246 244 242 239 237 236 235 235 234 234 234 235 236 238 241 243 245 247 249 252 253 252 253 253 252 252 253 253 255 257 258 257 256 257 258 259 260 262 265 267 269 270 271 271 272 272 274 275 277 278 279 281 283 286 289 292 295 297 299 302 305 308 310 310 309 307 306 306 307 308 308 308 308 307 306 304 301 299 297 294 289 284 280 276 275 276 278 281 283 286 289 290 289 287 284 281 281 285 288 290 289 285 291 293 292 291 287 284 283 283 286 287 287 288 289 291 285 267 261 256 252 251 252 253 264 271 274 272 266 261 257 254 248 240 236 234 230 228 233 236 234 228 224 221 220 219 218 218 220 220 220 221 221 220 221 216 219 219 217 216 216 215 213 212 210 210 212 212 208 207 209 209 208 208 209 209 209 210 211 211 211 211 212 214 215 216 217 216 216 216 215 215 214 214 214 213 213 213 213 213 214 214 213 213 214 214 216 216 217 218 219 220 222 223 224 225 225 225 223 223 222 223 223 224 225 227 227 228 228 229 229 229 229 229 229 230 231 231 231 231 232 232 233 233 233 233 234 233 233 233 232 233 234 231 234 236 237 238 238 239 239 239 238 237 239 242 245 245 242 240 239 238 237 235 234 233 232 232 231 230 230 230 229 229 229 229 229 229 229 228 227 228 229 230 230 230 231 231 231 232 232
204 202 202 202 202 202 202 202 202 202 202 202 201 201 201 200 200 200 200 200 200 200 200 200 200 200 200 200 200 200 202 200 202 203 205 207 208 209 211 210 211 211 211 211 211 211 212 211 210 208 206 204 203 203 203 204 205 206 208 209 211 213 217 221 222 222 223 224 225 226 226 225 224 222 222 222 222 223 223 225 227 228 230 232 234 235 238 240 242 245 247 249 250 251 250 250 249 248 248 248 246 244 242 239 238 237 236 236 236 235 235 236 238 241 244 246 247 248 250 251 251 252 252 251 251 251 252 253 254 255 255 254 255 256 257 259 261 263 266 268 270 271 272 273 273 274 276 277 279 280 281 283 285 288 291 293 296 298 301 305 308 310 311 311 309 307 307 307 307 308 308 307 306 305 303 300 298 296 292 287 282 278 274 271 273 276 278 281 284 286 288 288 287 286 283 280 281 283 284 283 282 285 287 286 286 282 281 279 280 283 285 284 286 288 292 286 271 270 262 260 254 249 249 258 270 273 268 264 262 262 251 244 239 236 234 228 228 228 227 227 225 222 221 219 218 217 217 218 219 220 220 221 220 220 219 217 216 215 214 214 214 212 211 210 210 210 211 211 207 207 209 208 209 209 210 210 211 211 211 211 212 214 215 217 218 219 219 218 218 217 216 215 214 214 214 214 213 213 214 214 214 214 213 214 214 215 216 216 217 219 220 221 222 223 223 223 223 222 222 222 222 223 223 224 224 225 226 227 227 227 227 228 228 228 229 230 230 230 231 232 232 233 233 233 233 233 233 233 232 233 232 232 234 233 234 236 237 238 237 237 237 236 235 236 239 243 245 242 239 238 237 235 234 233 232 231 231 230 230 229 229 229 229 229 229 228 228 228 228 228 229 229 230 230 231 231 231 232 232 233
204 202 202 202 202 202 202 202 202 202 202 201 201 201 200 200 200 200 200 200 200 200 200 200 200 200 200 200 200 201 200 202 202 204 206 208 209 210 212 211 211 211 211 211 211 211 211 210 209 207 205 204 203 203 203 204 205 206 208 209 210 213 216 220 222 223 223 225 226 227 227 226 225 223 222 222 222 223 224 225 227 229 231 233 234 236 238 240 243 244 247 249 251 252 251 251 250 249 248 247 247 245 243 240 240 239 238 238 238 237 236 236 238 241 244 246 247 247 248 249 250 251 250 250 249 249 250 251 252 252 252 252 253 255 256 258 259 261 264 267 269 271 272 274 275 275 276 278 280 281 282 283 285 287 289 292 295 297 300 303 306 310 311 311 310 308 308 307 308 308 308 307 306 304 302 300 297 294 291 285 280 275 271 269 270 273 276 279 281 284 286 287 287 287 285 280 277 279 278 277 279 281 282 279 277 276 277 277 277 279 279 281 284 285 288 284 276 276 268 270 262 255 247 250 264 266 263 261 261 259 251 243 238 236 236 237 235 231 226 224 222 220 220 218 217 216 216 216 218 219 220 220 220 219 218 216 215 213 213 213 212 211 210 210 210 210 211 211 210 207 208 207 208 209 210 210 211 211 211 211 212 215 217 219 220 221 221 220 219 218 216 216 215 215 215 214 213 213 214 214 214 214 214 214 214 215 215 216 217 219 220 220 221 222 222 221 221 221 221 221 222 222 223 223 224 223 225 225 226 227 227 227 227 228 229 231 230 230 231 232 232 232 233 233 233 232 232 232 232 232 233 233 232 234 235 233 235 236 236 235 235 235 235 238 242 245 245 242 239 237 236 235 234 233 231 231 230 229 229 229 228 228 228 228 228 228 227 228 227 228 229 229 230 230 230 231 231 232 232 233
203 201 201 202 202 202 202 202 202 202 202 201 200 200 200 200 200 200 200 200 200 200 200 200 200 200 200 200 201 200 201 201 202 204 207 210 211 211 212 211 211 210 210 209 209 209 209 209 207 206 204 203 203 203 203 204 205 206 207 209 210 212 215 218 220 222 224 225 226 227 228 227 226 225 223 223 223 223 224 225 227 229 231 233 235 236 238 240 243 245 247 250 252 253 252 252 251 249 248 247 246 245 243 242 241 241 240 240 240 239 237 237 238 240 244 247 248 248 248 248 250 250 249 249 249 248 249 249 250 251 251 251 252 253 255 257 258 260 262 265 267 269 272 273 275 276 277 279 280 282 282 283 285 287 290 293 296 298 299 302 305 308 310 310 310 309 309 308 308 308 308 307 306 304 302 299 297 294 290 285 279 275 270 267 267 271 274 277 279 281 282 284 286 287 285 281 276 273 273 273 275 278 275 271 270 273 276 276 275 275 276 280 280 281 284 282 280 278 274 277 270 261 248 245 254 260 259 257 260 255 247 241 238 237 238 238 235 230 225 222 221 219 219 218 216 215 215 215 216 218 219 219 219 218 217 216 214 213 212 211 211 211 210 210 210 210 210 211 207 208 208 208 208 209 210 210 211 211 211 211 213 216 218 220 222 223 222 221 220 218 217 217 217 216 215 214 214 214 214 214 214 214 214 214 215 215 215 216 217 218 219 220 220 221 221 221 221 221 221 222 223 224 224 225 226 227 227 227 227 228 229 229 229 229 230 232 231 231 232 232 233 233 233 233 233 232 232 232 232 232 232 233 233 232 233 234 233 234 234 233 233 233 234 239 244 245 244 242 239 237 235 234 234 233 232 230 230 229 228 228 228 228 228 228 228 228 227 228 227 228 228 229 229 230 230 230 231 232 233 233
202 203 201 201 202 202 202 202 202 202 202 201 200 200 200 200 200 200 200 200 200 200 200 200 200 200 200 200 200 202 201 201 203 206 209 211 212 211 213 210 210 209 208 208 208 208 208 207 206 204 203 203 203 203 203 204 205 206 207 208 209 211 213 215 217 219 223 225 226 227 228 228 227 226 224 224 224 224 224 226 227 229 231 233 235 236 238 240 242 245 249 252 254 254 254 253 252 250 249 247 246 244 243 243 243 243 243 243 243 242 239 237 238 240 243 246 248 248 248 248 249 249 248 248 248 248 249 250 250 250 251 251 252 253 254 255 257 259 261 263 266 268 270 273 275 277 278 280 281 282 283 283 284 287 289 292 295 297 299 302 305 308 310 311 310 310 309 309 309 309 308 307 306 304 302 299 297 294 290 285 280 275 271 267 265 267 271 274 276 276 276 279 283 286 285 282 275 270 268 269 271 270 271 266 267 271 274 275 274 273 275 277 277 277 281 281 280 278 277 278 272 265 251 243 246 257 255 252 254 248 242 238 236 236 238 238 235 230 225 221 220 219 218 217 216 215 213 214 215 217 220 218 217 216 214 214 212 211 210 209 209 209 210 210 210 209 209 209 208 207 207 209 209 209 210 210 210 211 211 212 214 216 218 221 223 223 222 221 220 219 218 218 218 217 216 215 215 215 215 215 215 215 215 215 215 215 215 216 217 218 219 219 219 220 220 220 220 221 221 222 224 225 225 226 228 229 229 229 229 230 230 230 230 231 232 233 233 233 233 233 233 233 233 233 232 232 232 231 231 231 232 232 233 233 232 232 233 233 232 232 232 232 234 236 239 241 241 240 238 236 235 234 233 233 232 231 230 229 228 228 227 227 227 227 227 227 227 228 228 228 228 229 229 229 230 230 231 232 233 234
202 201 202 201 201 202 202 202 202 202 202 201 200 200 200 200 200 200 200 200 200 201 200 200 200 200 200 200 202 201 201 201 203 206 210 211 212 211 212 209 208 207 207 207 206 206 206 205 205 204 203 203 203 203 204 204 205 206 208 209 210 211 212 213 215 218 222 225 226 227 228 229 228 227 225 225 225 225 225 226 228 229 231 233 234 236 238 239 242 245 248 252 255 255 255 255 253 251 249 248 246 244 243 244 245 246 245 245 246 244 242 239 239 240 242 245 248 248 248 247 248 248 247 247 247 248 249 250 251 251 251 252 252 253 254 255 256 258 260 262 265 267 269 272 274 277 278 280 281 282 282 283 284 286 288 290 292 294 296 299 303 306 308 311 311 311 310 310 310 309 308 308 306 305 302 299 297 294 290 285 281 276 272 268 264 264 267 270 271 271 270 274 278 282 284 282 277 272 268 264 264 265 265 262 266 269 273 275 273 271 272 272 271 273 278 279 278 276 277 276 273 267 257 245 241 245 246 246 246 240 237 236 235 235 235 237 234 227 224 220 219 218 218 217 215 214 213 213 215 219 215 216 215 213 212 211 211 210 209 208 207 209 210 210 209 209 209 209 207 208 209 210 210 210 210 210 210 210 211 212 214 216 218 220 222 223 222 221 220 219 218 219 220 218 216 216 216 216 216 216 215 215 215 215 215 215 215 216 216 217 219 219 219 219 220 220 220 221 221 222 224 225 226 227 229 230 231 231 231 232 232 232 232 232 233 235 233 233 233 233 234 234 233 233 232 232 231 231 231 231 231 231 232 232 233 232 232 232 231 231 231 231 232 234 235 236 236 237 236 235 234 233 233 233 232 231 230 229 228 227 227 227 227 227 227 227 227 227 228 228 229 229 229 230 231 231 232 232 232 233
202 201 201 201 201 204 202 202 202 202 201 201 200 200 200 200 200 200 200 200 200 200 200 200 200 200 202 202 202 201 201 201 203 206 209 210 210 209 209 206 206 206 205 205 205 205 205 205 204 203 203 203 203 203 204 204 206 207 208 209 210 210 211 212 213 216 220 224 226 227 229 229 229 227 226 226 226 226 226 226 228 229 231 233 234 236 237 239 241 244 248 252 255 256 256 256 254 253 251 249 248 246 245 245 246 247 248 248 248 246 244 242 240 240 242 244 246 248 248 247 247 247 247 246 247 248 249 250 250 251 252 252 253 253 254 255 256 257 259 261 264 266 268 271 273 275 277 279 280 281 281 282 283 285 287 289 291 293 295 298 301 304 307 310 311 311 311 311 310 309 309 308 307 305 302 300 297 294 290 286 282 278 274 270 266 263 263 265 265 264 264 267 272 277 280 281 279 275 271 267 263 261 261 262 265 268 271 273 271 268 269 265 264 269 273 278 275 274 275 275 274 273 264 253 240 239 238 239 237 235 234 235 235 235 235 234 232 227 221 219 219 218 218 218 217 216 214 220 214 213 214 213 212 210 210 210 209 209 206 206 206 206 209 209 209 209 209 208 208 209 211 211 211 211 211 210 210 210 211 212 214 216 218 220 222 222 222 222 220 219 219 220 220 218 217 217 217 217 217 216 216 215 215 215 215 215 215 216 216 217 218 219 219 219 219 219 220 220 220 221 223 225 226 228 229 231 231 232 232 233 233 233 233 233 233 234 233 233 233 234 235 234 233 233 232 232 231 231 231 231 231 231 231 232 232 232 232 231 231 230 231 231 231 232 232 233 233 234 234 234 233 233 233 232 232 231 230 229 228 227 227 227 227 227 227 227 228 229 229 229 229 230 230 231 232 233 233 233 233 233
202 201 201 201 201 201 202 202 202 201 201 199 200 200 200 200 200 200 200 200 200 200 200 200 200 200 197 201 202 201 201 201 202 205 207 208 208 207 205 204 204 204 204 204 203 204 204 204 203 203 203 202 202 203 204 205 206 207 208 209 209 210 211 211 212 215 219 223 226 228 229 231 230 229 228 227 227 227 227 227 229 230 232 233 234 235 237 238 241 243 247 251 255 256 256 256 256 254 252 251 249 248 247 246 248 249 249 250 250 249 247 245 243 242 241 242 244 246 247 247 247 246 246 246 247 248 248 249 250 251 251 252 253 254 254 255 255 257 259 260 262 265 267 269 271 273 275 277 279 280 280 281 282 284 286 288 290 292 294 297 300 303 307 310 312 312 311 311 310 310 309 309 307 305 303 300 297 295 291 287 284 281 278 274 271 268 265 263 261 260 260 263 266 270 275 278 279 277 274 271 267 262 260 261 263 265 267 268 265 267 262 257 259 265 271 275 271 271 272 273 273 270 263 255 247 241 235 235 235 233 233 234 234 237 236 233 227 223 220 219 219 219 219 219 219 218 220 214 211 211 212 212 210 209 208 208 207 207 207 207 209 209 209 209 209 208 208 207 209 210 211 211 211 211 210 210 210 210 211 212 214 216 218 220 222 222 222 222 221 220 221 221 220 219 218 217 217 217 217 216 216 215 215 215 215 215 215 216 216 217 217 218 218 218 218 219 219 220 220 221 223 225 226 228 230 231 232 233 233 233 234 233 234 234 233 234 234 234 234 234 234 234 233 233 232 231 231 231 231 231 231 231 231 231 231 231 231 231 231 230 229 230 231 231 230 231 231 232 232 232 232 233 233 232 231 231 230 229 228 227 227 227 227 226 227 227 227 229 230 230 230 231 232 233 234 236 236 235 234 234
201 201 201 201 201 205 203 202 202 202 201 201 201 201 199 199 201 200 200 200 200 200 200 200 200 200 197 201 201 201 202 202 202 203 205 205 205 204 203 203 203 203 203 203 203 203 203 203 203 203 203 203 202 203 204 205 206 207 208 209 209 209 210 211 212 214 218 222 225 228 231 232 232 231 229 228 228 228 227 227 228 230 231 233 234 235 236 238 240 243 246 251 254 256 257 257 256 255 253 252 251 250 248 248 249 250 251 252 252 251 249 248 246 244 243 242 243 244 245 246 246 246 245 246 247 248 249 249 250 250 250 252 253 254 254 255 256 257 258 259 261 263 265 267 269 271 273 275 277 278 279 280 282 283 285 287 289 291 293 296 298 302 306 310 312 312 312 311 311 310 310 309 308 306 303 300 298 295 292 289 286 284 282 279 276 273 270 267 263 261 261 261 262 264 269 273 276 276 275 273 271 266 264 261 259 261 263 263 263 261 255 254 257 264 271 271 268 270 271 271 269 265 258 251 247 241 235 233 232 231 231 232 236 238 234 230 225 221 220 219 219 219 220 220 220 220 217 214 212 210 210 210 208 208 207 207 207 208 207 207 207 208 207 207 209 207 207 208 209 210 211 211 211 211 210 210 210 211 211 213 214 216 218 220 221 222 222 221 221 222 222 221 221 219 218 218 218 217 217 216 216 215 215 216 216 217 217 216 216 217 217 217 217 218 218 218 219 220 220 221 223 224 226 228 230 231 233 234 234 235 235 234 234 234 233 233 234 234 234 234 234 234 233 232 232 231 231 230 230 230 230 231 231 231 231 230 230 230 230 231 230 229 230 229 229 229 230 230 230 231 232 232 232 232 231 230 229 229 228 227 226 226 226 226 227 228 229 229 230 230 231 232 233 234 236 238 238 237 236 235
201 201 201 201 207 201 204 203 202 202 202 201 201 201 201 199 201 201 201 201 201 201 201 200 200 200 197 200 201 202 203 203 202 203 203 203 203 203 202 203 203 203 203 203 203 203 203 203 203 203 203 203 203 203 204 205 206 207 208 209 209 209 210 210 211 212 216 220 224 228 231 234 234 233 231 229 228 228 228 227 229 230 231 232 233 234 236 238 240 242 246 250 254 256 257 258 257 255 254 253 252 251 250 249 250 252 253 254 254 253 251 250 248 246 245 243 242 242 244 245 246 246 246 247 248 249 249 250 250 248 250 251 253 254 254 255 256 257 257 259 260 262 264 266 268 269 271 274 276 277 277 279 280 283 284 286 288 290 292 295 297 301 304 308 311 312 312 312 311 311 310 309 308 306 303 300 297 294 292 290 288 286 284 283 281 278 275 270 266 264 264 264 263 262 263 267 271 273 273 272 272 269 268 264 262 259 257 258 258 256 251 254 256 264 270 266 268 270 270 269 267 260 251 245 242 238 235 232 231 230 230 232 237 235 230 227 222 220 219 218 218 219 220 221 220 220 218 215 212 209 209 208 207 207 208 208 208 209 209 209 209 209 209 207 207 208 209 209 209 210 210 211 211 211 210 210 210 211 212 214 215 217 218 220 222 222 222 222 222 223 223 222 221 220 219 218 218 217 217 216 216 216 216 217 218 218 218 218 217 217 217 217 217 218 219 219 220 220 221 222 223 224 226 228 230 231 233 234 235 235 235 235 234 234 233 234 234 234 233 234 233 234 233 232 231 231 230 230 230 230 230 230 230 230 230 230 229 229 229 230 231 231 229 229 228 228 229 229 230 231 232 232 232 231 230 230 229 228 227 227 226 226 226 227 228 227 229 230 230 231 232 233 234 236 237 239 240 239 238 237
201 201 201 203 200 201 202 203 202 202 202 202 201 201 201 201 201 201 201 201 201 201 201 200 200 200 200 200 201 204 206 205 204 203 203 203 203 203 203 203 203 203 203 203 203 203 203 203 203 203 203 203 203 203 205 206 207 208 208 208 209 209 209 210 210 211 215 219 223 227 232 235 236 234 232 230 229 229 228 228 228 229 231 232 233 234 235 237 239 242 245 249 253 256 257 258 258 257 255 254 253 252 251 251 251 253 254 255 255 254 253 251 250 248 246 244 243 244 245 247 248 248 247 246 247 249 249 249 249 249 250 251 252 253 254 255 255 256 257 258 260 261 263 265 267 268 270 272 273 274 275 277 280 282 284 286 288 290 292 294 297 300 303 306 310 312 312 312 312 311 310 309 308 305 301 298 295 293 291 289 288 287 286 285 283 281 277 273 269 268 268 268 267 264 261 260 264 268 270 270 272 271 270 267 266 264 257 255 255 252 251 255 258 265 265 263 267 269 269 267 262 254 247 242 238 235 233 232 231 229 229 230 235 231 227 222 220 219 218 218 218 218 221 220 220 220 217 214 211 210 208 207 207 207 209 210 211 211 211 211 211 211 210 209 209 209 210 210 210 210 210 211 211 211 210 210 211 212 213 215 217 218 219 220 222 222 222 222 222 223 224 223 222 220 219 218 218 217 217 216 216 217 218 218 219 220 220 219 219 218 218 218 218 219 220 220 220 220 221 222 223 224 226 227 229 231 232 233 234 235 235 235 234 234 234 234 234 233 233 234 233 233 233 232 231 231 230 230 230 230 230 230 230 230 230 230 229 229 229 229 229 229 231 230 228 228 228 229 230 231 231 231 231 231 230 229 229 228 227 226 226 226 227 227 228 228 229 230 231 232 234 235 236 237 239 241 242 242 241 239
201 201 200 201 201 201 202 202 202 202 202 202 202 201 201 201 201 201 201 201 201 201 201 200 200 200 197 201 203 207 209 208 206 204 204 204 203 203 204 202 203 203 203 203 204 204 203 202 203 203 203 203 203 204 205 206 207 208 208 208 209 209 209 210 210 211 213 217 221 226 232 235 236 234 232 230 229 228 228 227 227 228 230 231 232 233 234 236 238 241 244 249 253 256 258 259 258 257 256 256 255 253 252 252 252 254 256 257 257 256 254 253 251 249 247 246 245 245 247 249 250 250 248 247 247 248 248 249 249 249 249 250 251 252 253 254 255 255 257 258 260 261 263 264 266 267 269 271 272 273 275 277 280 282 284 286 288 290 292 294 296 300 304 307 311 312 313 313 312 311 311 309 307 304 300 295 292 290 289 288 287 286 285 285 284 281 278 275 273 272 273 272 271 268 262 257 258 263 266 268 270 271 271 270 269 266 260 257 251 251 255 257 262 267 261 261 266 268 266 263 258 250 245 241 237 234 232 231 232 230 227 227 228 227 223 221 219 219 218 216 218 217 216 218 218 218 215 212 211 209 208 207 208 209 210 212 212 212 212 212 213 213 212 210 209 210 210 210 210 210 210 211 211 211 211 210 211 212 214 215 218 219 220 221 222 222 222 222 223 224 224 223 222 221 219 218 218 217 217 217 217 217 219 220 220 221 222 221 220 219 219 218 219 220 221 221 221 221 222 222 224 226 227 227 229 230 231 233 234 234 235 235 235 235 235 234 233 233 233 233 233 233 232 232 231 231 230 230 230 230 230 230 230 229 229 229 229 229 229 229 228 228 229 232 228 228 228 229 229 230 230 231 230 230 230 229 228 227 227 226 226 226 227 227 228 229 229 230 231 232 234 236 237 239 240 243 244 245 244 243
201 201 201 201 201 201 202 202 202 202 202 202 201 201 201 201 201 201 201 201 201 201 201 201 200 200 197 204 208 210 211 211 209 207 207 206 205 204 205 203 203 203 204 204 205 204 204 204 203 203 203 203 204 204 205 206 207 207 208 208 208 209 209 209 210 211 212 215 218 223 229 234 234 234 232 231 229 228 227 226 226 227 229 230 231 232 234 235 237 240 244 248 253 256 259 260 259 258 257 257 256 255 254 253 254 255 258 259 258 257 256 254 252 250 249 247 246 246 248 250 251 251 250 249 248 247 248 248 248 249 249 250 251 252 253 254 254 255 256 258 260 261 262 264 266 268 269 270 272 273 275 277 280 282 284 287 289 291 293 295 297 301 304 308 311 313 313 313 313 312 311 309 307 303 298 294 290 288 286 285 285 284 284 284 283 282 279 277 276 276 276 275 273 269 263 257 254 258 263 266 268 269 271 272 270 267 266 263 252 251 256 258 265 266 259 258 263 265 263 259 253 247 243 239 236 233 231 229 229 228 227 225 224 223 221 220 219 219 217 220 214 214 214 215 216 215 213 211 209 208 207 207 209 211 212 213 213 213 213 213 213 213 212 210 210 210 210 210 211 211 211 211 211 211 211 211 211 212 214 216 217 219 220 221 222 222 222 222 223 224 224 223 222 221 220 219 218 218 217 217 217 218 219 220 221 221 222 222 221 220 219 219 219 220 221 221 221 222 222 223 225 227 228 229 230 231 232 232 234 235 236 236 236 236 235 235 234 233 233 232 232 232 232 232 231 231 230 230 230 230 230 230 230 229 229 229 229 229 229 229 228 228 228 229 232 228 227 228 228 229 230 230 230 229 229 228 228 227 227 226 226 226 227 227 228 229 230 230 232 233 234 236 238 240 242 244 246 247 246 244
201 201 199 199 201 201 202 203 203 202 202 202 202 201 201 201 201 201 201 201 201 201 201 201 201 200 201 208 211 212 213 212 212 210 209 209 207 206 206 203 204 204 204 205 205 205 205 204 204 203 203 203 203 204 205 206 206 207 207 207 208 208 209 209 210 211 212 214 217 221 226 231 232 232 231 230 229 228 227 225 225 226 228 230 231 232 233 234 236 239 243 248 251 256 259 260 259 258 258 257 257 256 255 254 255 256 260 261 259 258 257 255 253 252 250 249 247 246 248 251 252 253 252 250 249 248 248 248 248 248 249 250 250 252 253 254 254 255 256 257 259 261 262 264 266 268 269 271 272 274 276 278 280 282 285 287 289 291 293 296 298 301 305 309 312 313 314 313 313 312 311 309 306 302 297 293 289 286 284 283 282 281 281 281 281 280 279 279 278 278 278 277 274 269 262 255 252 256 260 263 265 267 270 272 270 270 269 260 256 253 259 263 267 267 263 254 257 260 258 254 250 249 246 240 234 231 229 227 228 227 227 225 224 222 221 220 218 217 221 215 215 214 212 212 212 212 211 209 208 207 207 208 210 212 213 214 214 214 214 214 213 212 212 210 211 211 211 210 211 211 212 212 212 212 211 211 211 212 214 215 217 218 219 220 221 222 222 222 222 223 224 223 222 221 220 220 219 218 218 218 218 218 219 220 221 222 222 222 221 220 220 219 219 220 221 221 222 222 223 224 226 228 230 231 232 233 233 233 234 236 237 237 237 236 236 235 234 234 233 233 232 232 232 231 231 230 230 230 230 230 230 230 230 230 229 230 232 229 229 228 228 228 227 227 229 231 229 227 228 228 229 229 229 229 228 228 227 227 227 226 226 226 227 228 229 229 230 230 232 233 235 237 239 241 243 246 247 248 248 246
202 201 201 201 201 201 202 202 203 203 202 202 202 201 201 201 201 201 201 201 200 200 200 200 201 200 197 209 212 213 213 213 213 212 211 210 209 207 207 204 204 204 205 206 206 206 205 205 204 204 203 203 203 203 204 205 206 206 207 207 207 208 208 209 210 211 212 214 216 219 224 227 229 229 228 228 227 227 225 224 225 226 227 229 230 231 232 234 236 239 243 246 249 253 258 259 259 259 259 258 258 258 257 256 256 256 260 261 261 259 258 256 254 253 251 250 248 247 248 251 253 254 253 252 251 250 250 249 248 249 250 250 251 252 253 254 254 254 255 256 258 260 262 264 266 268 269 271 272 274 276 279 281 284 286 288 290 292 294 296 299 302 306 310 312 313 314 313 313 312 310 308 304 300 296 293 290 286 283 281 279 279 278 278 278 278 277 276 276 277 278 277 272 266 260 253 251 254 258 260 262 264 267 269 268 269 269 262 260 253 255 259 264 267 265 257 250 252 251 249 249 251 246 240 234 231 227 227 226 226 226 224 223 222 222 222 219 221 218 217 216 214 213 211 210 210 209 208 207 207 207 210 212 214 215 215 216 216 215 214 213 213 211 211 211 210 210 210 210 211 212 212 212 212 212 212 212 212 213 214 215 217 218 219 221 222 222 222 222 223 224 223 222 221 221 220 219 219 219 219 218 218 219 220 221 221 222 222 221 221 221 220 219 220 221 221 222 222 223 225 227 229 231 232 233 234 234 234 235 237 237 238 237 237 236 235 235 234 234 233 233 232 231 231 231 230 230 230 230 230 230 230 230 230 229 229 232 229 229 228 228 228 227 227 227 225 229 231 229 229 230 231 229 228 228 227 227 227 227 226 226 225 227 228 229 229 229 230 232 233 235 237 240 242 245 247 248 248 248 248
202 201 199 199 201 201 201 202 202 202 201 202 201 202 201 201 201 201 201 201 200 200 200 200 201 200 203 210 212 213 213 213 213 213 212 211 210 209 207 205 205 205 205 206 207 207 206 206 205 204 204 204 203 203 204 205 205 206 206 206 207 207 208 208 209 210 211 213 215 218 221 223 223 225 225 225 225 224 223 223 224 225 226 228 229 230 231 233 236 238 242 245 248 252 256 259 259 259 259 259 259 259 258 258 257 258 261 262 261 260 258 257 255 254 252 251 248 247 249 251 253 255 255 254 253 252 251 250 250 250 251 251 252 252 253 254 254 254 255 255 257 259 261 263 265 267 269 270 272 274 277 279 282 285 288 290 292 294 296 298 300 304 307 310 312 313 314 313 312 311 310 307 303 300 296 294 291 287 283 279 277 275 275 275 275 275 275 274 274 275 276 275 269 264 257 252 249 251 255 257 259 261 264 266 266 269 272 270 265 261 256 249 253 259 263 260 251 245 246 245 246 245 242 237 233 229 229 226 225 225 224 223 222 221 220 221 222 222 222 221 220 218 215 212 210 209 208 207 207 207 210 212 213 215 216 216 216 216 215 215 214 213 212 211 211 210 210 210 210 210 211 212 212 212 212 212 211 211 212 213 214 215 217 219 221 222 222 222 222 222 223 223 221 221 221 220 220 220 220 219 219 219 219 220 220 221 222 222 222 222 222 221 219 220 221 221 222 222 223 225 227 229 231 233 234 234 235 236 237 237 238 238 238 238 237 234 235 235 234 233 232 232 231 231 231 230 230 230 230 230 230 230 230 230 230 230 235 228 228 228 228 228 227 227 227 225 226 229 231 227 228 228 232 227 227 227 227 227 227 226 226 225 226 227 227 229 230 231 232 233 235 238 241 244 246 247 248 249 249 249
202 201 201 201 201 201 201 201 201 201 204 201 202 202 201 201 201 201 201 201 200 199 200 200 201 200 206 210 212 213 213 213 213 213 212 211 210 209 207 206 206 206 207 208 209 208 207 207 206 205 205 204 204 204 204 204 205 205 205 206 207 207 208 208 208 209 210 211 213 215 217 218 218 219 220 222 223 222 221 221 223 224 226 227 228 230 231 232 235 237 240 244 248 252 256 259 259 259 259 259 259 259 259 259 258 256 261 262 261 259 257 255 254 254 253 252 249 247 249 251 253 255 256 256 255 254 253 252 251 251 252 252 252 253 254 255 255 255 255 255 256 258 260 262 264 266 268 270 272 274 276 279 282 286 289 291 292 294 296 298 300 302 305 308 310 311 313 313 312 311 308 305 302 299 297 295 293 289 285 279 275 272 272 272 273 273 273 273 273 273 273 272 268 263 256 251 248 248 251 254 257 260 261 263 265 271 275 272 269 270 262 253 245 250 256 257 252 243 241 242 241 239 236 234 231 227 227 225 224 224 223 223 222 221 221 222 223 223 225 224 222 221 217 214 211 208 207 207 207 209 211 213 215 216 216 216 216 216 216 215 215 213 212 211 210 210 210 210 210 210 211 212 212 212 212 212 211 211 212 212 213 215 216 218 220 221 222 222 222 221 222 222 222 222 221 221 220 220 220 220 220 219 219 220 220 221 222 222 223 222 221 220 220 220 221 223 223 223 224 225 228 230 232 233 234 235 236 237 238 238 239 240 239 238 237 236 235 235 234 233 233 232 231 231 231 230 230 230 230 230 230 230 231 232 233 232 229 228 228 228 228 228 227 227 227 227 226 226 228 229 226 226 230 228 226 227 226 226 226 226 227 226 226 227 228 229 230 231 232 233 235 238 241 244 247 248 248 249 249 248
202 199 201 201 201 199 200 201 201 200 200 204 201 202 202 201 201 201 200 200 200 199 199 199 201 197 207 211 212 213 213 213 213 213 212 212 211 210 207 206 207 208 208 209 210 209 209 208 207 206 205 205 204 204 204 204 204 205 205 206 206 207 207 208 208 208 209 209 210 213 214 214 212 212 217 219 221 221 221 222 223 224 225 227 228 229 230 231 234 235 238 242 247 253 257 258 258 258 259 259 260 260 259 259 258 259 261 262 260 258 255 253 253 253 252 251 249 248 249 251 253 254 257 257 257 257 255 254 254 253 254 254 254 254 255 255 256 257 257 257 257 258 260 262 263 265 267 269 271 274 276 278 281 284 286 288 290 292 294 295 297 299 302 305 306 308 310 311 311 309 305 302 299 298 298 297 294 290 286 280 275 270 270 270 270 271 271 272 272 271 270 269 266 263 257 251 247 246 248 251 253 255 258 261 267 275 276 272 272 274 267 257 250 242 247 249 248 243 240 238 236 235 232 230 229 228 225 224 223 223 223 223 223 223 222 224 224 225 225 224 223 220 217 213 210 208 207 207 208 210 212 213 215 215 215 215 215 215 215 216 214 213 211 210 210 210 210 210 210 211 211 211 212 213 213 212 212 211 212 212 213 214 216 218 220 221 222 222 221 221 222 222 222 222 222 222 221 221 221 220 220 220 220 220 220 221 221 222 222 221 221 220 220 221 222 223 224 224 224 225 227 229 231 233 234 235 236 237 238 239 240 240 241 239 239 239 235 235 235 234 233 232 231 231 231 230 230 230 230 230 230 230 231 231 228 228 228 229 228 228 227 227 227 227 229 225 225 226 226 227 229 228 231 227 227 226 226 226 226 225 226 225 230 227 228 229 230 231 232 234 235 238 241 243 246 248 248 249 249 248
202 199 201 201 201 200 200 200 200 200 200 202 201 202 201 201 201 201 200 200 199 199 199 199 200 204 209 211 212 212 212 212 212 212 212 212 211 210 208 207 207 209 210 210 210 209 209 209 208 207 206 205 205 204 204 204 204 205 205 205 206 207 207 208 208 208 209 209 210 212 213 214 216 218 221 223 224 223 224 224 224 224 225 226 227 228 229 231 232 234 236 240 246 252 256 257 257 258 259 259 260 260 260 259 258 258 259 259 258 256 254 252 252 251 251 250 249 248 249 250 252 255 257 258 259 258 258 258 257 256 256 256 256 256 256 256 257 258 258 258 258 260 261 263 265 266 267 269 272 274 276 278 280 282 284 286 288 290 292 293 295 297 299 301 303 306 307 308 308 305 301 298 296 297 298 298 295 291 286 280 275 271 268 267 267 268 268 269 269 268 268 267 265 262 258 253 248 245 246 248 252 253 257 262 269 276 276 272 272 272 267 262 257 251 244 240 241 241 238 237 235 233 233 232 230 228 225 224 223 222 222 223 223 222 225 225 225 226 226 225 222 219 216 213 209 207 206 207 209 210 212 213 214 214 214 214 214 214 214 215 214 212 211 210 210 210 210 210 211 211 211 211 212 213 213 213 212 212 212 212 213 213 215 217 219 221 222 222 221 221 221 222 223 222 223 223 222 222 222 221 221 220 220 220 221 221 221 222 221 221 221 221 221 221 222 224 225 225 225 226 227 228 230 232 233 234 236 237 238 239 240 241 242 238 239 239 235 235 235 234 233 232 232 231 231 231 230 230 230 230 229 226 226 228 228 229 229 228 228 228 227 227 227 227 226 225 225 225 225 225 225 226 226 226 226 226 226 226 225 225 225 225 227 227 228 229 230 231 232 234 237 239 241 243 246 248 249 249 249 247
202 199 201 201 201 200 200 200 200 200 200 200 205 201 200 200 199 200 200 200 199 199 199 200 200 209 211 211 212 212 212 212 212 212 212 211 211 210 209 208 208 209 210 210 210 210 209 209 208 208 207 206 205 205 204 204 205 205 205 206 206 207 207 208 209 209 210 210 211 213 214 216 218 221 224 225 226 226 226 226 226 225 225 226 227 228 229 230 232 233 235 238 242 248 254 255 256 258 258 259 260 260 260 259 258 257 258 258 257 255 253 252 251 251 250 249 248 249 250 251 252 254 256 258 259 260 260 260 260 259 258 258 258 258 258 258 258 259 259 259 259 260 262 265 266 268 269 270 272 274 275 277 278 280 282 285 286 288 290 291 293 295 297 299 301 303 304 304 303 301 298 295 293 293 296 298 296 291 285 279 275 271 268 266 266 266 266 266 265 265 264 264 263 262 259 255 250 244 242 247 251 250 257 263 271 275 273 270 272 270 267 264 262 257 251 243 238 237 236 235 234 234 237 235 231 228 225 224 222 222 222 222 222 224 225 226 225 226 226 225 223 219 215 210 208 206 206 208 209 210 211 212 213 213 213 214 214 213 214 213 212 211 210 209 210 210 211 211 211 210 211 211 212 212 213 213 213 212 212 212 212 213 215 217 219 220 221 222 221 221 221 222 222 223 223 224 223 223 223 222 222 221 221 221 221 221 222 221 221 221 221 221 221 222 222 224 225 226 226 226 227 228 229 230 232 234 236 237 238 239 240 242 242 234 239 239 241 236 235 234 234 233 232 232 231 231 230 230 230 229 228 226 229 228 229 229 229 228 227 228 227 227 228 225 224 226 226 225 225 225 225 225 225 226 226 226 226 225 225 225 225 225 226 227 228 229 230 231 232 235 238 241 243 244 246 248 249 249 248 247
203 201 201 201 201 201 201 201 200 200 200 200 206 202 197 199 199 200 200 200 199 197 197 201 207 211 211 211 211 211 211 212 212 211 211 210 210 210 209 209 209 210 211 211 210 210 209 209 209 208 207 206 206 205 205 205 205 205 206 206 206 206 207 208 210 210 211 212 213 214 216 218 221 223 226 227 228 227 228 228 227 227 226 226 227 228 229 230 232 233 235 238 242 246 251 254 256 257 258 258 259 260 260 259 257 257 257 256 255 254 253 251 251 250 249 249 248 249 251 251 252 253 255 256 258 259 261 261 261 261 261 260 260 260 260 260 259 260 261 260 260 261 263 265 267 268 270 271 272 273 275 276 277 279 281 284 285 287 288 290 292 294 295 297 299 300 300 300 299 297 295 292 290 289 291 294 294 289 283 277 274 270 268 265 265 264 264 263 262 260 259 259 259 259 259 257 252 245 242 247 251 249 253 262 268 272 269 268 271 268 266 265 265 260 254 248 242 237 236 234 234 234 238 237 232 229 225 223 222 221 220 221 222 224 225 225 225 225 225 224 223 219 214 209 207 207 208 208 209 210 211 212 212 212 213 213 213 213 213 212 211 210 209 209 210 210 211 211 211 210 211 211 211 212 213 213 213 212 212 212 212 213 214 216 218 219 220 221 221 221 221 221 222 223 224 225 225 224 224 223 222 222 221 221 222 222 222 222 221 221 221 221 222 222 223 224 225 226 226 227 228 229 230 231 232 233 235 237 238 239 240 241 242 237 237 238 237 236 235 235 234 233 232 232 231 231 230 230 230 229 229 229 229 229 229 229 229 228 227 227 226 227 226 224 226 226 226 226 225 225 225 225 225 225 225 226 225 225 225 224 224 225 226 227 228 229 230 231 233 235 239 242 244 245 247 248 249 249 248 247
203 202 201 201 202 201 202 202 201 199 199 199 199 205 199 197 199 200 200 199 199 198 200 206 210 211 212 211 211 211 211 211 211 210 210 210 210 210 209 209 210 211 212 211 211 210 210 210 209 208 208 207 206 206 206 206 206 206 206 206 206 207 207 208 210 211 212 213 214 215 217 220 223 225 228 229 230 230 230 230 229 228 227 226 226 227 228 230 231 233 236 239 243 246 249 252 254 255 257 257 258 259 259 258 257 256 256 255 254 253 252 251 250 249 249 248 249 250 251 253 254 255 255 256 257 259 260 262 263 262 263 262 262 262 262 262 262 261 262 262 262 262 264 266 268 269 270 272 273 275 275 276 277 279 280 282 284 285 287 290 292 293 294 295 296 296 296 296 295 293 292 290 288 286 285 287 287 283 279 275 272 270 268 266 265 264 262 261 259 257 253 253 253 254 255 256 253 247 242 246 251 248 254 263 265 266 266 268 271 266 264 265 264 260 255 249 244 240 241 239 233 232 233 235 234 229 226 223 222 221 221 220 221 223 224 224 224 224 224 223 221 218 214 210 207 207 208 208 209 210 211 211 212 212 212 212 213 213 212 211 210 210 209 209 209 210 211 211 211 210 210 211 211 212 213 213 213 213 213 212 212 212 213 214 216 218 219 220 220 220 220 220 221 222 223 225 225 225 225 224 222 222 222 222 222 222 222 222 221 222 222 222 223 224 225 224 225 226 227 228 229 230 232 234 234 234 235 236 238 239 240 241 241 240 237 238 237 236 236 234 233 233 233 232 231 231 230 230 230 229 229 229 229 229 228 229 228 228 227 226 227 226 226 226 226 226 226 225 224 224 224 224 225 225 225 225 225 225 224 224 225 225 226 227 227 229 230 231 233 235 239 242 244 246 247 248 249 249 248 247
200 202 201 201 202 201 201 202 201 201 199 199 199 205 204 199 199 200 200 200 200 200 204 209 211 211 211 211 211 211 210 210 209 209 208 208 208 208 208 210 211 213 214 214 213 211 210 210 208 208 208 207 207 206 206 207 207 207 207 207 207 207 208 208 209 211 213 213 215 216 219 221 224 227 230 231 233 233 232 232 230 229 228 227 227 227 228 229 231 233 236 240 243 246 248 250 253 254 255 256 256 257 258 257 257 256 255 254 254 253 252 251 250 250 249 249 250 251 252 253 255 257 257 257 257 258 260 261 263 264 264 264 264 265 264 264 264 264 263 263 264 264 265 267 268 269 271 272 274 276 277 278 278 279 281 282 284 286 288 290 292 292 293 293 292 292 292 292 291 291 290 288 285 283 282 281 279 277 274 273 272 271 269 268 267 265 263 260 259 259 259 258 255 253 250 249 249 247 242 246 247 247 258 266 265 263 264 268 268 266 264 264 263 259 253 249 246 245 246 241 237 232 231 237 240 232 228 223 222 221 219 219 220 222 223 223 223 223 222 221 219 217 214 210 207 207 208 208 209 210 210 211 211 211 212 212 213 212 211 210 210 209 209 209 209 209 210 210 211 211 210 211 211 212 212 212 213 213 213 213 212 212 213 214 215 217 218 219 220 219 219 220 220 222 223 224 225 225 225 224 223 222 222 222 222 222 222 222 222 222 222 223 224 225 226 226 226 226 227 228 229 231 233 235 236 236 236 236 237 238 239 240 241 241 233 238 236 236 235 234 234 233 233 232 231 231 230 230 230 229 229 229 229 229 230 229 228 227 227 227 226 226 226 225 225 225 225 224 224 224 224 224 224 224 225 225 225 224 224 224 224 225 226 227 227 229 230 231 233 235 237 240 243 245 247 248 249 249 248 247
203 202 202 201 201 201 201 200 201 201 199 199 199 200 205 200 200 200 200 200 200 197 208 211 212 212 211 211 211 210 209 209 208 208 207 207 207 208 209 210 212 214 216 218 216 213 211 210 209 208 208 208 207 207 207 207 207 207 207 207 208 208 208 209 209 210 212 214 216 217 220 223 225 228 231 233 234 235 234 233 232 231 230 229 228 228 229 229 230 233 236 239 243 245 247 249 251 252 253 254 255 256 257 257 256 256 255 254 252 252 252 251 250 250 250 250 251 252 253 254 256 258 259 259 259 259 260 261 263 264 265 265 266 267 267 266 266 266 265 266 266 267 267 268 270 270 271 272 274 276 277 279 280 280 282 283 286 287 289 290 291 290 290 289 288 288 288 288 289 290 288 286 283 280 277 274 273 271 270 269 269 270 272 272 270 268 267 266 267 272 276 275 272 269 266 260 249 244 242 242 242 246 264 269 266 262 260 260 261 262 261 262 261 258 252 248 245 245 245 241 239 234 231 237 241 233 227 224 222 220 218 218 220 222 223 223 222 221 221 220 218 216 213 210 206 207 207 208 209 209 210 210 211 211 212 212 212 211 211 210 209 208 208 208 208 208 209 209 210 211 211 211 211 211 212 212 212 213 213 213 213 212 213 213 215 217 218 219 219 218 218 219 220 221 223 224 225 225 226 224 223 223 223 223 223 222 222 222 222 223 223 223 224 226 227 227 227 227 228 228 230 232 234 236 237 237 237 237 237 238 239 240 241 241 233 237 236 235 234 234 234 233 233 232 231 231 230 230 230 229 229 229 228 228 228 228 228 228 227 227 227 226 226 225 225 225 224 224 224 224 224 224 224 224 224 224 224 224 224 224 225 225 226 228 229 229 230 231 233 235 236 238 241 244 247 248 249 248 248 247
202 203 202 201 201 201 201 198 201 201 200 199 199 199 199 205 200 200 200 200 197 204 209 212 212 212 212 211 210 209 208 207 207 207 207 207 207 209 209 210 212 214 216 218 218 215 212 210 209 208 208 209 208 207 207 207 207 207 208 208 208 209 209 209 210 210 212 214 216 218 221 225 227 229 232 234 236 237 236 235 234 232 231 230 230 230 230 231 231 232 235 238 242 244 246 248 249 250 251 252 253 255 255 255 254 254 254 253 252 252 251 251 251 251 252 252 252 253 254 255 256 258 260 261 261 261 261 262 262 263 264 265 266 268 269 269 269 268 268 269 269 270 270 270 271 272 272 273 274 276 278 280 281 282 283 285 287 288 289 289 289 288 287 286 285 285 286 287 288 288 288 286 282 277 271 268 267 266 265 265 265 269 276 279 273 271 271 270 273 282 286 283 281 278 275 270 259 248 242 242 242 250 266 271 267 264 258 256 255 257 259 261 261 257 251 247 243 242 242 238 235 233 230 231 234 230 225 223 222 220 218 218 220 222 222 222 221 219 220 219 218 217 214 211 206 207 207 208 208 209 209 210 210 211 211 211 211 210 209 209 208 208 208 208 208 208 208 209 209 210 211 211 211 211 212 212 212 212 213 213 213 213 213 213 215 217 219 219 218 218 218 218 218 220 221 222 223 224 224 224 224 224 224 223 223 223 223 222 223 223 223 224 225 226 227 228 228 228 228 229 231 232 234 237 238 238 238 238 238 238 239 240 241 241 233 232 236 235 235 234 234 233 233 233 232 231 230 230 230 230 229 229 228 228 227 227 228 228 227 227 227 226 226 225 225 225 224 224 224 224 224 224 224 224 224 224 224 224 224 224 225 226 227 228 228 230 231 232 233 235 236 239 240 243 246 248 248 248 247 247
203 202 202 201 201 201 201 198 200 201 200 199 200 198 200 203 201 200 200 200 201 206 210 211 212 211 211 210 209 208 207 207 206 206 206 206 206 209 209 210 212 214 216 218 218 216 213 211 210 209 209 210 209 208 207 207 206 207 208 209 209 210 210 210 210 211 212 214 217 219 222 226 229 231 233 235 238 239 239 238 236 235 233 232 232 232 232 232 233 233 235 238 238 241 243 245 246 247 249 250 251 252 252 252 252 251 251 252 252 251 252 252 252 252 253 253 253 254 255 256 257 259 261 262 262 263 263 263 263 263 264 265 266 267 269 270 271 271 271 271 272 273 273 272 273 273 273 274 275 277 279 281 282 284 285 286 287 288 288 288 287 285 284 283 282 283 285 286 287 287 287 285 281 275 268 263 262 262 261 261 263 267 272 274 272 271 272 273 278 287 289 283 281 279 276 271 262 251 243 242 242 252 265 272 265 265 259 254 252 252 260 260 260 255 249 245 241 239 238 236 232 230 227 227 228 227 224 223 221 220 218 217 220 221 221 221 219 218 218 218 218 216 215 213 208 206 207 207 208 208 209 209 209 210 211 210 210 209 208 208 208 208 208 208 208 208 208 208 208 209 210 211 211 212 212 212 212 212 212 213 213 213 213 214 215 217 219 218 217 217 217 217 217 218 219 220 221 222 223 224 225 224 224 224 224 223 223 223 223 223 224 225 226 227 228 228 229 229 230 230 232 233 235 238 239 240 240 240 240 239 240 240 241 240 233 232 237 236 236 235 235 234 233 232 232 231 230 230 230 230 229 229 228 227 227 227 227 228 227 227 227 226 226 225 225 225 224 224 224 224 224 224 224 223 224 224 224 224 224 225 225 226 227 228 228 230 231 232 234 236 237 241 243 243 245 247 247 247 247 246
203 203 202 201 199 200 199 200 200 200 199 198 198 199 200 200 205 200 200 197 202 206 209 211 211 211 210 208 208 207 206 206 206 207 207 207 207 209 209 210 212 214 216 218 219 218 214 212 210 210 210 211 210 209 208 207 207 207 208 209 210 210 211 211 211 212 213 215 218 220 223 228 231 233 235 237 239 241 241 240 238 236 235 234 234 234 234 235 235 236 235 236 236 237 239 241 242 244 245 247 247 248 249 249 250 250 250 250 250 251 252 253 253 253 254 254 255 255 256 257 258 258 260 262 264 264 265 265 264 264 264 265 266 267 269 270 271 272 273 273 274 275 275 275 274 274 274 275 277 279 280 282 283 284 286 286 286 286 286 285 285 283 282 281 281 283 285 286 285 284 284 282 278 273 267 261 258 257 257 259 262 264 266 267 267 268 270 274 282 290 288 282 278 276 274 271 262 254 249 242 242 250 264 269 265 266 260 253 250 251 258 259 257 253 248 242 239 236 233 232 230 227 227 227 225 223 224 222 221 220 218 217 218 220 220 219 218 217 217 217 217 216 214 213 210 207 206 206 207 208 208 208 209 209 209 209 209 208 208 208 208 208 208 208 208 208 208 208 208 208 209 210 211 212 212 212 212 212 212 212 213 213 213 214 215 217 218 218 217 216 216 216 216 217 218 218 220 222 224 225 225 225 225 225 224 224 223 223 223 224 225 226 227 228 229 230 230 230 231 232 233 234 236 238 240 241 243 243 242 241 241 241 240 239 235 232 235 239 240 235 234 234 234 232 231 231 231 231 230 229 229 228 228 227 226 226 227 227 228 228 227 226 226 225 225 224 224 224 224 224 224 224 224 224 223 224 224 224 224 225 226 226 227 228 228 230 231 233 235 237 239 242 244 246 246 246 247 247 246 246
202 202 202 200 198 198 198 198 199 199 198 198 198 199 199 199 200 203 200 201 202 206 209 210 210 209 208 207 206 206 206 206 207 207 207 207 208 209 209 210 211 213 215 217 219 218 215 213 211 211 211 211 211 210 209 208 207 207 208 209 210 211 212 212 213 213 214 216 219 221 225 229 232 235 237 239 240 242 243 242 240 238 237 236 236 235 236 236 237 238 238 237 235 235 237 238 239 241 243 244 245 245 246 246 247 248 248 248 250 251 252 253 254 254 254 255 256 257 257 258 259 259 260 262 263 264 265 265 265 265 266 266 267 267 268 270 271 272 272 273 275 276 276 275 275 275 275 277 279 281 282 283 284 285 286 286 285 285 285 284 282 282 285 283 281 283 286 286 284 282 280 278 274 269 265 260 256 254 255 257 259 259 260 261 262 265 267 273 285 292 286 279 274 271 269 268 261 255 250 243 242 250 268 265 263 266 259 252 248 250 255 256 253 250 246 241 236 232 230 229 228 226 226 224 223 223 222 222 220 218 218 217 216 217 217 218 216 216 217 217 216 216 214 212 210 209 207 206 208 208 208 208 209 209 209 209 208 208 208 207 207 208 208 208 208 208 208 208 208 208 208 209 210 211 212 212 212 212 212 212 213 213 213 214 216 217 219 218 217 216 216 216 216 216 216 217 219 222 224 225 225 225 225 225 225 224 224 224 224 225 226 227 228 228 229 230 231 232 232 234 235 235 237 239 241 243 244 245 243 242 242 241 240 238 236 232 231 233 234 234 233 233 233 231 231 230 230 230 229 229 229 228 228 227 226 226 226 227 228 228 227 226 226 225 225 224 224 224 224 224 225 225 224 224 223 223 223 224 224 226 226 226 227 228 228 230 232 234 236 238 240 242 245 247 248 246 247 247 247 246
201 201 202 200 198 198 198 198 198 198 198 198 198 198 199 199 200 197 200 201 203 205 208 209 209 208 207 206 206 207 207 207 207 207 208 208 209 209 209 210 211 212 214 216 217 217 215 213 212 211 211 211 211 210 210 209 208 208 208 210 211 212 213 214 214 215 216 218 220 223 225 229 232 236 239 241 241 242 243 242 241 240 239 238 238 237 237 238 239 240 241 240 237 236 237 237 238 240 241 243 243 244 244 244 245 246 247 249 251 253 254 254 255 255 255 255 256 257 258 259 259 259 260 260 262 263 264 264 265 266 267 267 268 268 269 270 270 271 272 273 275 276 276 276 275 275 276 277 280 281 281 283 284 285 285 285 284 285 284 283 281 283 289 282 281 284 286 286 284 282 279 274 269 266 262 258 255 252 253 255 255 254 255 256 259 262 264 273 287 290 284 277 271 264 256 259 257 252 248 242 242 244 261 254 258 265 256 248 245 246 250 251 249 246 242 237 232 229 228 228 226 225 224 223 223 222 221 220 219 218 217 216 215 215 215 215 215 215 216 216 215 215 213 211 210 208 208 207 206 207 208 208 209 209 209 209 208 208 207 207 207 207 207 208 208 208 208 208 208 208 208 209 209 210 211 212 212 212 212 212 212 213 213 215 216 217 218 217 216 216 215 215 215 216 216 216 219 221 224 225 226 226 226 225 225 225 224 225 225 226 226 227 228 229 230 231 232 233 234 236 237 238 238 240 242 244 246 246 245 243 242 241 240 238 235 232 232 233 232 232 232 232 233 231 231 230 229 229 229 229 228 228 227 227 226 226 226 227 227 228 227 227 225 225 224 224 224 224 225 225 225 225 225 225 224 223 223 223 223 225 226 226 226 228 228 230 232 235 239 240 241 243 246 248 248 247 246 246 247 246
200 199 203 201 199 198 198 198 198 198 198 199 199 199 199 199 200 200 206 201 202 204 206 207 207 206 205 206 208 208 208 208 208 207 207 207 208 209 210 210 210 212 213 214 216 216 216 213 213 209 211 211 212 211 211 210 209 209 210 211 212 213 213 215 216 217 219 220 222 224 227 229 232 236 240 242 242 242 243 243 242 242 241 240 240 239 239 240 241 242 243 242 240 238 238 238 239 239 240 241 242 243 243 244 245 246 248 249 251 254 255 255 255 255 255 255 256 257 258 259 260 260 260 260 261 262 263 264 265 266 267 268 269 269 270 270 271 272 273 273 275 275 276 276 276 276 277 278 279 280 281 283 284 284 283 283 282 283 283 282 281 287 294 286 280 285 286 285 284 281 277 271 266 262 259 255 253 251 250 251 251 251 252 253 256 259 262 271 285 290 286 279 274 270 267 258 252 250 244 242 242 242 245 246 256 261 253 246 243 241 244 246 245 242 234 232 229 227 226 226 226 225 224 223 223 222 221 220 220 219 218 216 215 214 213 213 214 214 215 215 214 213 212 211 209 208 207 208 206 206 207 208 209 209 209 209 208 208 207 207 207 207 207 207 207 207 208 208 208 208 208 209 209 209 210 211 211 211 211 211 212 212 213 214 215 216 217 217 215 215 215 215 215 215 215 216 218 220 223 225 226 227 226 226 225 225 224 225 226 226 227 228 228 229 231 232 233 234 236 237 238 239 240 241 243 245 247 246 245 243 242 241 239 237 234 232 232 231 234 232 231 231 232 231 230 230 228 228 229 228 228 228 227 226 226 225 226 226 227 228 228 227 226 225 224 224 224 224 225 225 226 226 225 225 224 223 223 223 223 223 225 225 226 228 228 230 233 236 240 241 242 244 245 247 248 247 246 245 245 246
199 199 201 201 199 198 198 198 198 198 198 199 199 199 199 197 201 202 200 204 201 203 203 205 205 204 205 207 209 209 208 208 207 207 207 207 207 210 210 210 210 211 212 214 215 215 214 214 213 211 212 212 212 213 212 211 210 209 210 212 213 213 214 216 217 219 220 222 224 226 228 230 232 236 239 242 243 242 242 243 243 243 243 242 242 241 241 242 243 244 245 244 242 241 240 240 240 241 242 242 242 242 243 244 245 247 248 249 251 253 255 255 255 255 256 256 256 257 258 259 260 260 260 260 261 262 263 264 264 265 267 267 268 269 270 271 272 273 273 273 275 275 276 276 276 276 277 278 278 279 282 283 284 283 283 282 281 280 280 280 282 291 275 275 290 288 285 284 282 280 275 270 264 259 255 253 251 249 248 247 247 248 248 250 253 256 260 265 278 287 288 281 276 272 268 263 258 252 245 242 247 239 236 239 248 254 249 244 240 238 239 241 241 237 232 229 227 225 225 225 224 224 224 224 224 223 223 222 222 222 221 218 216 215 214 213 212 212 213 213 213 212 210 209 208 207 208 207 206 206 206 207 209 209 209 209 208 208 207 207 207 207 207 207 207 207 207 208 208 208 208 209 209 209 210 210 210 211 211 211 211 211 212 213 214 215 216 214 215 215 215 214 214 215 215 216 218 220 222 225 227 227 227 226 225 225 224 225 226 227 227 228 229 230 231 232 233 235 237 238 239 239 240 241 242 244 246 246 244 243 241 240 239 237 234 232 232 232 231 230 231 231 232 231 230 230 228 228 228 228 228 227 227 226 226 225 225 226 227 227 227 227 226 225 224 224 224 225 225 226 226 226 226 225 224 223 222 222 223 224 224 225 226 228 228 231 233 236 239 241 242 244 245 246 247 246 245 242 242 245
200 199 199 202 200 199 199 199 199 199 199 199 199 199 200 200 201 201 201 205 200 203 203 203 203 203 205 208 208 208 208 207 207 206 206 207 207 209 209 210 210 211 212 213 214 215 214 213 213 212 212 213 213 214 214 213 212 210 210 212 214 214 215 217 218 220 221 223 224 226 228 230 232 235 238 241 243 243 243 243 244 244 244 244 243 242 242 243 244 246 246 245 244 243 242 242 243 244 244 244 243 243 243 245 246 247 248 249 250 253 254 255 256 256 256 256 256 257 257 258 259 259 259 259 260 261 263 264 264 265 266 266 268 269 270 271 272 273 273 274 274 275 275 275 276 277 277 277 277 280 283 284 284 284 284 282 280 279 279 279 284 276 271 271 281 289 283 280 279 276 272 268 263 258 254 250 249 248 245 245 244 245 246 248 251 254 257 261 269 282 285 281 277 274 269 263 258 253 242 246 254 254 237 234 239 246 244 240 237 236 237 237 236 234 231 227 226 225 224 223 223 224 225 226 226 226 226 225 225 225 223 221 219 217 215 213 212 211 211 211 210 209 209 209 209 208 207 207 206 206 205 207 208 208 209 208 208 208 207 207 207 207 207 207 207 207 208 208 208 208 209 209 209 209 210 210 211 211 211 211 211 211 212 212 213 214 214 214 214 214 214 214 214 214 215 216 217 219 222 224 226 227 228 227 225 225 224 225 225 226 227 228 229 230 231 232 234 235 236 237 239 240 240 241 242 244 245 244 244 242 241 239 238 236 234 232 232 232 231 229 229 230 230 231 230 229 228 228 228 227 227 227 227 226 225 225 225 225 226 227 227 226 225 225 225 225 225 225 226 226 226 226 226 225 224 223 222 222 222 223 224 225 226 227 228 231 234 237 240 242 242 243 244 245 246 245 243 241 241 244
201 199 199 203 200 199 199 199 199 199 199 199 199 199 197 200 200 201 202 201 205 201 203 203 203 204 206 207 207 207 207 207 206 206 206 207 209 209 210 210 211 212 213 214 215 215 214 214 213 212 212 213 214 215 214 214 213 211 211 213 215 216 217 218 219 221 223 224 224 225 227 228 229 232 236 239 241 243 243 244 245 246 246 245 244 244 244 244 246 247 248 247 246 245 245 244 245 246 247 246 245 245 245 245 246 246 247 248 250 252 254 256 257 257 257 257 257 257 257 258 258 257 257 257 259 260 262 262 263 264 265 266 267 268 269 271 272 273 273 273 274 274 274 274 275 274 274 274 277 281 284 285 285 285 285 282 279 279 279 279 281 271 271 271 271 285 280 277 275 272 268 265 261 257 253 250 248 246 244 242 242 243 246 248 250 253 255 257 262 272 277 277 275 273 268 263 257 253 249 250 260 260 243 236 233 235 236 236 234 234 235 234 233 231 229 227 225 224 223 223 224 225 226 227 228 228 227 227 227 227 225 222 220 218 215 214 212 211 210 210 209 209 209 209 209 208 207 206 206 205 207 207 207 208 208 208 208 207 207 207 207 207 207 207 207 207 208 208 209 209 209 210 210 210 210 211 211 212 212 211 211 211 212 212 213 213 213 213 214 214 214 214 214 214 214 215 217 218 221 223 224 226 226 226 225 224 224 224 225 225 226 228 228 229 230 232 233 234 235 236 238 240 241 241 242 242 243 243 243 242 240 239 237 236 234 232 232 232 232 232 231 228 229 231 230 228 227 227 227 227 227 227 226 226 225 224 224 225 225 226 227 226 225 225 225 225 226 226 226 227 227 226 226 224 223 223 223 221 221 223 223 224 224 226 227 231 235 238 241 241 241 240 241 243 244 243 241 239 239 241
201 200 199 202 199 199 199 199 199 199 199 199 199 199 200 197 200 199 200 202 203 204 204 205 205 204 204 205 205 206 206 205 205 205 206 207 209 210 211 211 212 213 214 214 215 215 214 214 213 212 212 213 214 215 215 215 214 213 212 213 216 217 218 220 221 222 224 225 226 226 225 226 227 229 234 237 240 242 243 244 246 247 248 247 246 245 245 245 247 248 249 249 248 247 247 247 247 248 249 248 247 247 247 247 247 247 248 249 250 252 254 257 258 258 258 258 258 258 258 258 257 256 256 256 257 259 260 261 261 262 263 265 266 267 269 270 272 272 273 273 273 273 272 272 271 270 272 275 279 282 284 285 286 286 284 280 279 278 278 277 284 271 271 271 271 271 275 274 270 267 264 261 259 256 253 250 248 245 242 241 241 243 245 247 249 251 252 254 257 263 277 277 274 272 267 262 257 253 251 252 259 266 252 242 233 231 231 232 232 233 233 232 231 229 227 226 224 223 222 223 225 226 227 228 229 229 228 228 228 227 225 222 220 218 216 214 213 212 211 210 209 209 209 209 208 207 206 206 206 205 208 207 207 207 208 208 208 207 207 207 208 207 207 207 208 208 208 209 209 210 210 210 210 211 211 211 212 213 212 212 211 211 212 212 212 213 213 213 213 213 213 213 213 214 214 215 216 217 219 221 223 224 225 225 224 224 224 223 224 224 225 226 227 228 229 230 231 233 234 236 238 240 240 241 241 241 242 242 242 241 240 238 237 235 231 232 232 232 232 232 232 228 228 230 228 227 226 226 226 226 226 226 226 225 225 224 224 224 224 225 226 226 225 225 226 226 226 227 227 227 226 226 225 223 223 223 223 221 221 222 223 223 224 225 228 231 235 238 240 239 238 237 239 242 243 242 240 237 236 237
201 200 199 200 199 199 199 199 199 199 199 199 199 200 197 200 199 199 200 202 204 207 204 207 206 205 204 203 203 204 204 204 204 205 206 207 209 208 211 212 213 215 215 215 215 215 214 215 214 213 213 214 215 216 216 216 215 214 213 215 217 219 220 221 222 224 225 226 227 227 227 226 226 228 231 236 239 241 243 245 247 248 249 249 248 247 246 247 248 249 250 250 249 249 249 250 250 251 251 250 249 249 249 250 249 249 249 250 252 253 255 257 258 259 259 259 259 259 259 259 258 256 254 253 255 257 258 259 260 262 263 264 265 266 267 269 270 271 271 271 271 270 268 267 267 269 273 278 280 282 284 285 287 285 280 278 278 278 278 279 276 273 271 268 260 263 270 272 268 264 260 258 256 254 252 250 248 245 243 243 243 244 244 245 246 248 250 252 253 259 275 277 271 269 267 261 256 253 251 251 260 264 254 243 236 231 230 229 230 231 232 231 230 228 227 225 223 222 222 223 225 226 228 229 230 229 228 228 227 226 224 222 219 218 216 215 213 212 211 210 209 209 209 208 208 206 206 206 206 207 209 208 207 207 207 208 207 207 207 207 207 207 207 208 208 208 209 210 210 210 211 211 211 211 211 212 213 213 212 212 211 212 212 212 212 212 212 213 213 213 213 213 213 213 214 215 216 217 218 219 221 222 224 224 224 223 223 223 223 223 224 225 226 227 228 229 230 232 234 235 238 239 240 240 240 241 241 241 241 240 239 238 236 234 233 232 232 232 232 232 232 232 226 226 226 226 226 225 225 225 225 225 225 225 224 224 224 224 224 224 224 225 225 225 226 227 227 228 227 226 226 225 224 223 223 223 223 222 221 222 222 223 224 225 227 230 233 236 238 237 235 235 238 241 243 241 238 235 235 235
201 201 199 200 199 199 199 199 199 199 200 199 199 197 199 199 199 199 199 202 206 208 207 205 207 206 205 203 203 203 203 204 204 205 205 206 209 209 210 212 213 215 215 215 216 215 215 215 215 214 213 214 215 216 217 217 217 215 214 216 218 220 221 222 223 224 226 227 227 227 227 228 229 230 231 234 237 240 242 244 246 249 250 250 249 248 248 248 249 250 252 251 251 251 252 253 253 254 253 252 251 251 252 252 252 252 251 251 253 255 256 257 258 257 258 257 257 258 258 258 256 253 251 251 252 255 256 256 258 261 263 265 265 266 267 268 269 268 266 265 265 264 263 263 266 271 276 278 280 282 283 284 284 280 276 277 277 278 278 277 281 270 264 260 251 257 267 271 267 262 258 255 254 252 251 249 248 247 246 247 245 241 240 242 243 245 247 249 251 255 266 272 267 265 263 259 254 252 250 250 258 260 250 243 237 230 230 228 228 229 231 230 229 227 226 224 222 221 221 222 224 226 227 229 230 229 227 226 225 224 222 219 218 216 216 215 213 212 210 209 209 209 208 208 206 206 206 205 206 208 210 209 207 207 207 207 207 207 207 207 207 207 208 208 208 208 209 210 210 211 211 211 212 212 212 212 213 213 213 212 212 211 212 212 212 212 212 212 213 213 213 213 213 213 214 214 215 216 217 218 220 221 222 222 222 222 222 222 222 223 223 224 225 226 227 228 230 232 234 235 237 238 239 240 240 240 240 240 240 240 238 237 236 234 236 232 232 232 232 232 232 233 226 226 226 226 225 225 225 224 225 225 224 224 224 224 224 224 223 223 224 224 224 224 225 226 227 228 227 227 226 224 224 223 223 223 222 222 221 221 222 223 223 224 226 228 231 233 234 234 233 233 235 238 241 239 237 234 233 233
201 201 201 201 199 199 200 198 198 198 198 198 198 197 199 199 199 199 199 204 207 209 209 205 206 208 206 204 203 203 203 204 204 205 205 206 208 209 210 211 212 214 215 216 217 217 216 215 215 214 213 214 215 217 218 218 218 216 215 217 219 221 222 223 224 225 227 228 228 228 229 229 230 232 235 235 236 239 241 243 245 248 250 251 250 249 249 249 250 251 253 253 253 253 255 255 256 255 255 254 253 253 254 254 254 254 253 253 254 255 256 257 256 256 255 255 254 254 254 254 253 251 249 249 250 252 254 254 256 257 260 261 262 262 263 263 262 260 259 258 259 259 259 260 266 273 276 278 280 281 282 281 279 276 275 276 277 278 279 278 276 272 267 263 254 255 263 266 264 260 256 253 251 250 249 248 248 248 249 254 245 240 239 238 241 242 244 246 248 251 255 260 263 261 258 255 252 249 248 248 250 250 243 238 234 229 228 227 226 228 230 229 229 227 226 224 221 220 220 221 223 225 227 229 230 229 226 224 222 221 219 216 215 214 214 213 213 212 209 209 209 208 208 206 205 205 206 206 207 208 209 209 208 207 207 207 207 207 207 207 207 208 208 208 208 209 209 210 210 210 211 211 212 212 212 213 213 213 213 212 212 212 211 211 211 212 212 212 212 212 213 213 213 213 214 214 215 216 217 218 219 220 221 221 221 221 221 221 222 222 223 223 225 225 226 228 230 232 233 234 236 237 238 239 240 240 240 240 240 240 238 237 236 234 238 232 232 232 232 232 232 234 227 226 226 226 226 225 225 225 225 225 225 224 224 223 223 223 223 223 223 223 223 223 224 225 226 227 227 227 225 224 224 223 223 222 222 222 221 221 222 223 223 224 226 227 227 230 231 231 230 231 232 235 238 238 236 234 232 231
201 201 201 201 198 198 198 198 198 198 198 198 200 198 199 199 199 199 199 205 209 209 210 209 205 207 207 205 203 203 203 204 204 205 205 206 208 209 210 211 210 213 214 216 217 218 217 215 215 215 214 215 216 218 219 219 218 217 216 218 220 222 224 224 225 226 228 229 228 229 230 231 232 234 237 239 238 240 241 242 244 246 249 251 251 250 250 250 251 253 255 255 255 255 257 257 257 257 257 257 255 255 255 256 256 256 256 255 256 256 256 257 256 255 253 252 252 251 250 250 250 249 248 248 249 251 252 252 253 254 256 257 257 257 256 256 256 255 255 255 255 256 256 258 263 270 274 275 277 278 278 275 272 273 276 277 278 280 281 279 276 270 265 260 253 250 257 260 260 258 255 252 249 248 247 247 249 251 253 252 243 239 239 239 239 240 241 243 245 248 251 254 258 257 254 253 250 247 245 246 246 242 238 234 231 227 228 227 226 227 228 228 228 227 222 224 222 220 220 220 221 223 226 228 228 228 225 222 220 218 216 214 213 212 212 212 211 210 210 209 209 208 207 206 205 206 206 206 207 208 209 208 207 207 207 207 207 207 207 207 207 208 208 208 208 209 209 210 210 210 210 211 211 212 212 212 212 213 213 212 212 211 211 211 211 211 212 212 213 213 213 213 213 214 214 215 216 217 217 218 219 219 219 220 220 220 221 221 221 221 222 223 224 225 226 227 229 231 232 233 235 236 238 239 240 240 240 240 240 239 238 237 236 234 238 232 232 232 232 232 232 230 228 227 227 226 226 226 226 226 226 226 225 225 224 224 223 223 223 223 223 223 222 222 223 223 224 225 226 227 226 225 224 223 223 222 222 221 221 221 222 223 224 224 225 227 228 227 228 229 229 229 231 233 236 237 236 233 231 230
201 201 201 201 199 200 198 198 198 198 198 198 200 200 199 199 199 199 201 207 209 210 210 210 209 205 206 205 204 204 204 204 205 205 206 206 207 208 209 210 210 209 213 213 217 217 217 216 216 215 215 215 217 218 219 220 219 218 218 219 221 223 224 226 227 228 229 228 229 230 232 233 233 235 238 241 240 240 241 242 243 246 248 251 252 251 251 252 253 255 256 257 257 257 258 259 259 259 258 258 258 257 256 258 258 258 258 257 257 258 258 257 256 255 254 253 251 250 248 248 248 247 247 248 249 251 251 251 251 252 253 253 253 253 252 252 252 252 252 252 253 253 254 256 259 265 267 267 269 271 271 270 270 273 278 281 282 284 283 280 275 269 265 259 254 248 251 254 255 255 254 251 248 246 245 245 248 251 257 250 242 239 239 239 237 238 239 241 243 245 248 251 253 252 251 250 247 244 242 242 242 238 235 232 229 227 228 227 226 226 225 226 227 222 226 224 223 221 220 219 220 222 224 225 224 225 222 219 217 216 214 213 211 211 211 210 210 210 210 209 209 208 207 205 206 206 206 207 207 208 208 207 207 207 207 207 206 207 207 208 208 208 208 208 209 209 209 209 209 209 210 210 210 211 211 211 211 212 212 212 212 211 211 211 211 212 212 213 213 213 213 213 213 214 215 216 217 217 218 218 218 219 219 219 220 220 220 221 221 222 223 224 224 226 227 227 229 230 232 233 235 237 238 239 240 239 239 240 240 239 238 237 236 234 235 233 232 232 232 232 233 229 228 227 227 227 227 227 227 227 227 226 226 225 224 224 223 223 223 222 222 222 222 222 222 222 223 224 226 227 226 225 224 224 223 223 222 221 222 221 222 223 223 224 225 226 227 227 227 227 228 228 230 232 234 235 234 233 230 229
201 201 201 198 200 200 199 199 198 198 198 198 198 197 199 199 199 199 203 208 210 210 210 210 209 208 205 205 204 204 204 204 205 206 207 206 207 207 208 209 209 209 209 213 213 217 217 217 217 216 216 216 217 219 220 221 221 219 219 219 221 223 225 226 227 228 228 228 228 233 234 234 234 235 238 242 242 241 241 243 244 246 248 251 253 252 252 253 255 257 258 259 259 259 258 259 260 260 260 260 260 259 258 259 260 260 260 259 259 259 258 257 256 255 255 254 251 249 247 246 246 246 246 247 248 249 249 249 250 250 250 251 251 251 251 250 250 250 250 250 251 252 253 254 255 257 258 258 261 263 265 268 273 278 283 287 287 286 284 280 274 269 264 259 254 249 246 247 249 250 252 252 250 246 243 242 246 250 259 250 242 239 237 235 236 236 236 239 241 243 244 246 247 246 245 246 244 241 239 238 238 237 233 231 228 227 228 226 225 225 225 225 222 226 225 224 223 222 220 219 219 220 222 223 223 222 220 218 216 214 212 211 210 210 210 210 209 210 210 209 208 208 207 205 206 206 206 207 207 208 208 207 207 206 206 206 206 207 207 208 208 208 208 208 208 209 209 209 209 209 209 209 209 210 210 211 211 211 211 211 211 211 211 211 211 212 213 213 213 213 213 213 214 215 216 217 217 218 218 218 218 218 219 219 220 220 220 221 221 222 223 224 226 228 229 229 230 232 233 234 236 238 239 239 239 239 239 239 239 239 237 236 235 234 233 232 233 233 230 231 228 229 228 228 227 227 227 227 227 228 227 226 226 225 225 224 223 222 222 222 222 222 222 222 222 222 223 223 225 227 226 226 225 224 223 223 222 221 221 221 222 222 223 223 224 224 225 226 226 226 227 227 229 231 232 232 231 231 229 228
201 201 201 198 201 201 200 200 200 198 198 198 198 197 200 199 199 200 203 208 210 211 210 210 209 208 206 206 206 205 205 205 206 207 210 208 208 208 208 208 208 209 209 209 214 213 215 217 217 217 216 217 218 220 221 221 221 221 220 220 222 224 225 227 228 230 227 228 228 235 234 235 235 236 239 243 243 242 242 243 244 245 248 251 253 254 254 254 256 258 259 260 260 260 260 260 260 261 261 261 261 260 260 260 261 261 261 261 261 260 259 257 257 256 255 254 250 248 247 246 245 244 245 245 246 247 248 248 248 249 249 249 249 249 249 249 249 249 249 249 249 250 251 251 251 252 254 257 260 263 265 270 277 282 288 292 290 288 284 280 275 270 265 260 255 250 245 244 245 247 250 252 251 247 242 240 244 249 258 250 243 239 236 235 233 233 234 236 238 240 241 241 241 240 239 240 240 238 237 236 233 234 233 230 227 226 226 225 223 224 224 223 225 225 224 224 223 222 221 219 218 218 220 221 221 220 218 216 214 212 211 211 210 210 210 209 209 209 209 208 208 207 206 205 206 206 206 207 207 208 207 207 206 206 206 206 206 207 207 208 208 208 208 208 208 208 209 209 209 209 209 209 209 209 210 210 210 210 211 211 211 211 211 211 211 212 212 213 213 213 213 214 214 215 216 217 218 218 218 218 218 218 218 219 220 220 221 221 222 223 224 226 227 229 231 231 233 235 235 235 237 238 239 239 239 238 238 238 239 238 237 234 234 233 232 232 232 231 230 231 230 229 228 228 227 227 228 228 228 228 228 227 226 225 225 224 223 223 222 223 223 222 222 222 221 222 222 223 225 226 227 226 225 224 224 223 222 222 221 221 221 222 222 223 223 224 224 225 225 225 226 227 227 229 230 229 228 228 227 228
201 201 201 198 201 201 200 199 199 198 198 200 198 199 197 198 200 200 202 208 210 211 210 210 209 208 206 206 205 209 206 206 204 209 212 210 211 210 209 209 209 210 210 210 209 216 213 214 216 217 216 217 219 220 221 222 221 221 221 221 223 225 226 227 229 230 228 228 228 232 235 235 236 237 239 243 244 244 243 243 244 245 248 250 253 254 254 255 257 259 260 261 262 262 261 261 261 262 262 263 262 262 261 261 262 262 262 262 261 260 259 258 257 256 254 251 248 247 246 245 244 243 243 244 245 246 246 246 247 247 247 247 247 248 248 248 248 248 247 247 247 248 249 249 250 252 256 259 262 266 270 275 280 285 290 294 291 288 285 280 276 271 266 261 256 251 246 243 242 244 248 251 250 245 241 239 243 249 250 247 243 240 236 233 235 235 233 233 234 236 236 236 236 235 236 236 236 236 235 233 231 233 232 230 228 226 225 225 224 224 222 222 224 224 223 223 223 222 221 220 218 217 218 219 219 218 216 214 212 211 210 210 210 210 209 208 208 208 208 208 207 207 206 205 205 205 206 207 207 207 207 206 205 206 207 207 207 207 207 207 208 208 208 208 208 208 208 209 209 209 209 209 209 209 209 210 210 210 210 211 211 211 211 211 211 212 212 212 213 213 213 213 214 215 215 216 217 217 217 217 217 217 218 219 220 220 220 221 222 223 225 226 228 230 232 234 236 237 237 238 238 238 238 239 238 238 237 238 238 237 236 234 233 232 231 232 231 231 231 230 229 229 228 227 227 227 228 228 228 228 227 226 226 225 225 224 223 223 223 223 223 223 222 222 221 221 222 223 225 226 227 226 225 224 224 223 222 222 221 221 221 221 222 222 222 223 223 224 224 224 224 225 227 227 227 227 227 227 227 227
201 201 201 199 201 201 201 200 200 199 198 198 198 198 198 198 199 200 197 208 210 210 210 210 209 208 207 206 205 204 210 207 208 211 213 210 212 211 211 211 211 212 212 212 212 212 218 213 213 217 217 218 219 221 222 222 222 222 222 223 224 225 226 227 229 230 231 228 228 235 235 236 236 238 240 244 246 245 244 244 245 246 248 250 252 254 254 256 258 260 261 262 263 263 262 262 262 263 264 264 263 263 262 262 263 263 263 263 262 260 259 258 257 255 252 248 247 245 244 243 242 242 242 243 244 245 245 245 246 246 246 246 246 247 247 247 246 246 245 245 246 246 247 249 251 255 259 262 265 269 273 279 283 287 293 294 291 288 285 282 277 273 267 263 258 252 248 244 241 242 245 247 247 243 239 238 243 248 247 244 240 238 236 234 232 235 234 233 232 232 232 232 232 232 233 233 233 233 233 231 229 230 230 229 227 225 224 223 224 222 221 223 223 223 223 222 222 222 221 220 219 217 217 217 217 216 214 213 211 210 210 210 210 210 209 208 208 208 207 207 207 207 206 205 205 205 206 207 207 207 207 205 206 207 207 207 207 207 207 207 208 208 208 208 208 208 208 208 208 208 208 208 209 209 209 209 210 210 210 210 211 211 211 211 212 212 212 212 213 213 213 213 213 214 215 215 216 216 216 216 217 217 218 219 219 219 220 221 222 224 225 227 229 231 234 236 238 239 239 239 239 239 239 239 238 237 236 237 237 236 235 234 233 231 230 232 231 231 230 230 229 229 228 227 227 227 227 227 227 227 226 226 226 225 225 224 223 223 223 223 223 223 222 222 221 221 222 223 224 225 226 226 225 224 224 223 222 222 220 221 221 221 221 221 222 222 223 223 223 223 223 224 225 226 226 226 226 226 227 227
201 200 200 200 200 200 201 201 201 200 200 198 200 198 198 198 200 199 199 208 210 210 210 210 209 208 207 207 207 206 206 212 210 212 213 211 213 213 213 213 213 214 214 214 215 215 215 217 218 217 217 218 219 221 222 223 223 223 223 224 224 225 226 227 228 229 230 232 233 233 234 235 237 239 241 245 246 246 245 245 246 247 248 250 252 253 255 257 259 260 262 263 264 264 264 263 263 264 264 264 264 264 263 263 263 264 264 263 262 260 259 258 256 252 249 247 245 244 243 242 241 240 240 241 242 243 244 245 245 245 245 245 245 246 246 245 244 243 243 244 246 247 249 251 254 257 260 263 266 270 274 280 286 291 293 293 290 287 285 281 276 271 266 262 258 253 250 246 242 241 242 244 243 240 237 237 241 244 242 239 236 235 233 232 232 231 232 231 231 230 229 229 229 230 230 230 230 230 230 229 228 227 227 227 226 224 223 221 223 221 221 222 222 223 222 222 222 223 223 222 221 219 216 215 214 214 213 212 212 210 211 210 210 209 209 208 207 207 207 207 207 207 206 206 205 206 207 207 207 207 206 205 207 208 208 208 207 207 207 207 207 208 207 208 208 208 208 208 208 208 208 208 209 209 209 209 210 210 210 210 211 211 211 212 213 214 214 213 213 213 213 213 214 214 214 215 215 216 216 216 217 217 218 218 219 219 220 221 222 224 226 227 229 232 235 238 239 240 240 240 240 239 239 238 237 237 235 236 236 236 234 233 232 231 231 231 232 231 231 231 230 229 228 227 227 227 226 226 226 226 225 225 225 225 225 224 224 224 223 223 223 222 222 222 222 221 221 222 224 225 225 226 225 224 224 223 222 222 220 220 220 220 221 221 221 222 222 223 223 223 223 223 224 224 224 225 225 226 226 227
201 200 200 200 200 200 200 201 201 201 201 198 198 198 198 200 200 196 205 209 210 210 210 210 209 209 208 208 208 208 208 208 212 214 212 212 214 214 215 215 215 216 217 217 218 219 219 219 216 216 218 218 219 221 222 223 224 224 224 224 224 225 226 227 228 229 230 232 232 233 233 234 235 237 241 245 247 247 246 246 247 248 249 251 252 253 254 256 258 261 262 263 264 264 265 264 264 265 265 265 265 265 264 264 265 265 265 264 261 260 258 257 254 251 248 246 244 243 242 241 240 239 239 240 241 242 244 244 242 244 244 244 244 244 244 243 242 243 244 245 247 249 252 254 257 259 261 263 267 270 275 281 288 293 294 293 289 286 283 278 274 269 265 261 257 254 250 247 244 242 241 240 239 237 234 235 238 240 237 234 231 230 230 230 229 229 229 231 231 229 227 227 227 227 228 228 228 228 228 227 226 225 225 225 225 224 223 222 221 220 220 221 221 222 222 222 223 223 225 224 223 220 217 216 214 213 213 212 211 212 211 210 209 209 209 208 207 207 207 207 207 207 206 206 205 206 207 207 207 206 206 206 207 208 209 208 207 207 207 207 207 207 207 208 208 208 208 208 208 208 208 209 209 210 209 210 210 210 210 211 211 211 211 213 214 215 215 214 214 213 213 213 214 214 214 215 215 215 215 216 217 217 218 218 218 219 220 221 222 223 225 227 229 232 235 239 240 241 241 241 240 240 240 239 237 236 235 235 234 234 233 232 232 231 231 231 232 232 231 231 230 229 228 227 227 226 226 226 225 225 225 225 225 225 224 224 224 224 224 225 224 222 222 222 221 221 221 222 223 224 225 225 225 224 224 223 223 222 221 220 220 220 220 221 221 221 222 222 223 223 223 223 224 224 224 225 225 226 227 227
201 201 200 200 200 200 200 201 201 201 201 198 198 198 198 200 199 200 207 210 210 210 210 210 209 209 209 209 209 209 209 209 209 210 217 213 215 216 216 217 217 218 219 220 221 223 222 222 222 218 217 218 219 220 221 223 224 225 225 225 225 225 226 228 229 230 231 232 232 232 233 234 235 237 240 245 247 247 247 247 248 249 250 251 252 252 254 255 258 260 263 264 265 265 265 265 265 266 266 266 266 266 265 264 265 265 265 264 261 259 257 255 252 250 248 245 243 242 241 240 239 238 238 238 239 242 242 244 244 243 242 242 242 242 242 242 243 244 246 247 248 251 254 257 260 261 262 265 269 273 278 284 290 295 295 292 288 283 279 275 270 267 264 260 257 254 251 248 246 245 243 239 236 234 232 232 234 234 232 229 227 226 226 226 226 226 228 230 230 228 226 225 225 225 225 226 226 226 226 226 226 225 224 224 224 222 222 221 220 220 220 221 221 221 222 222 223 224 225 225 223 222 219 217 215 214 213 212 212 211 210 210 210 209 208 208 208 207 207 207 207 207 206 205 205 206 207 206 205 205 207 208 209 209 209 208 208 208 208 207 207 207 208 208 208 208 208 208 208 208 208 209 210 210 210 210 210 210 210 211 211 211 212 214 215 216 216 216 215 214 214 214 214 215 215 215 215 215 215 216 216 217 217 218 219 220 221 221 222 223 225 227 229 232 235 239 241 241 242 242 242 241 240 239 238 237 236 234 234 233 232 231 231 230 230 230 231 231 231 231 230 229 228 228 227 227 226 226 225 225 225 224 224 224 224 224 224 224 223 224 224 222 222 221 221 221 221 221 222 223 223 224 224 224 223 223 222 221 221 220 220 220 221 221 221 221 221 222 222 223 223 223 224 224 224 225 225 226 227 228
201 201 200 200 200 200 200 201 201 201 201 199 198 198 198 200 194 205 208 210 210 210 210 209 209 209 210 210 210 210 210 210 210 211 212 216 219 217 218 218 219 219 219 221 224 226 227 227 225 222 218 219 218 219 220 222 224 226 226 226 226 227 227 229 231 232 233 233 233 233 233 234 235 237 240 245 247 248 248 248 249 250 251 252 252 253 254 255 257 259 262 264 265 266 266 266 266 267 267 268 267 267 266 265 264 265 265 263 261 258 256 254 251 249 247 245 243 241 240 239 238 237 237 237 237 240 242 243 243 242 241 239 239 240 241 243 245 246 247 248 249 251 254 258 261 264 265 269 272 276 281 287 293 296 295 290 285 280 275 270 268 265 262 259 256 254 252 250 249 249 247 241 236 233 231 229 230 229 228 226 225 224 223 223 223 224 225 227 228 228 226 225 224 224 224 224 224 224 224 225 225 224 224 223 223 221 219 221 220 220 220 220 221 221 221 222 223 225 226 225 224 222 220 218 216 215 214 212 211 210 209 209 209 209 208 208 208 208 207 207 207 207 206 205 205 206 206 206 205 206 207 208 209 210 210 209 208 208 208 208 208 208 208 208 208 208 208 208 208 208 209 209 210 210 210 210 210 210 210 211 211 212 213 214 216 217 217 216 216 215 214 214 214 215 215 216 216 215 216 216 217 217 218 219 220 221 221 221 222 224 226 228 229 232 234 238 240 241 242 242 242 241 240 240 238 237 236 235 234 233 232 231 230 229 229 229 230 230 231 231 230 229 228 228 228 227 227 226 226 225 225 224 224 224 224 223 223 223 223 223 223 222 222 222 221 221 221 221 221 222 222 223 223 223 223 223 222 222 221 221 220 220 221 221 221 221 221 222 222 223 223 223 223 224 224 225 226 227 227 228
201 201 200 200 200 200 200 201 201 201 200 200 199 200 200 198 201 207 209 210 210 210 210 209 210 210 210 211 211 210 210 210 211 212 213 215 218 220 219 219 220 221 221 224 227 229 230 229 227 224 222 221 221 219 220 222 224 226 227 228 228 228 229 231 234 236 237 236 235 234 235 235 236 237 240 245 247 248 249 249 249 251 252 253 253 253 254 255 257 259 261 264 265 266 267 267 267 268 269 269 269 268 267 266 265 264 264 264 261 258 255 253 251 248 246 244 242 240 239 237 236 236 236 236 236 239 242 243 242 240 238 237 239 240 243 245 246 247 248 249 250 252 255 259 263 266 268 271 275 279 283 289 293 296 293 288 282 277 271 268 265 263 260 257 256 254 252 251 251 252 249 243 237 233 230 229 228 227 226 225 224 223 223 222 222 222 223 224 225 225 225 224 223 223 223 223 223 223 223 224 224 224 223 222 222 221 220 220 220 219 219 219 220 220 220 221 223 225 226 226 224 223 221 219 217 215 212 213 211 210 209 208 208 208 208 208 208 208 208 207 207 206 206 205 205 205 205 205 206 207 208 209 210 211 210 210 209 208 208 208 208 208 208 208 208 208 208 208 208 209 209 209 209 210 210 210 210 210 211 212 212 213 213 215 217 218 218 217 217 216 215 215 215 215 215 216 216 216 216 216 217 217 218 219 220 221 222 221 222 224 226 228 229 231 234 237 240 241 241 242 242 241 241 240 239 238 237 236 235 234 232 231 230 230 229 228 229 230 230 230 230 230 229 228 228 228 227 227 226 225 225 224 224 224 223 223 223 222 223 222 222 222 222 222 221 221 221 220 220 221 221 222 222 223 223 223 222 222 221 221 221 220 220 220 220 221 221 221 222 222 223 223 223 224 224 225 226 227 227 228
201 201 200 200 200 200 200 200 201 200 200 200 200 200 200 194 204 209 210 210 209 210 210 210 210 211 211 211 211 210 210 210 212 213 214 216 228 227 221 222 222 223 224 226 229 231 232 231 229 227 225 223 222 221 220 221 223 226 228 229 229 230 231 234 239 244 245 243 240 237 236 236 236 236 240 244 246 248 249 249 250 251 252 253 254 254 255 256 257 259 261 264 265 266 267 268 269 269 270 271 270 269 267 266 265 264 264 264 261 258 255 252 250 248 245 243 242 240 239 237 235 235 235 235 236 239 241 242 241 238 237 238 241 243 245 246 247 247 248 249 251 253 256 260 265 269 272 273 277 281 285 289 292 293 290 284 278 274 269 266 263 261 258 256 254 253 252 252 251 251 247 242 238 233 231 229 228 227 226 225 225 225 225 224 222 221 221 221 222 223 224 223 223 222 222 222 222 221 222 222 223 223 222 221 221 220 220 220 219 218 219 219 220 220 219 220 221 223 224 224 223 221 220 219 215 213 214 213 212 210 209 208 208 207 207 208 208 209 208 208 207 207 206 205 205 205 205 206 207 208 208 209 211 212 211 211 210 209 208 208 208 208 208 208 208 208 208 209 209 209 210 210 210 210 211 211 210 210 211 212 213 213 215 217 219 219 219 218 217 216 215 215 215 215 215 216 216 216 216 217 217 218 219 221 221 222 222 222 222 224 226 227 229 230 233 237 238 239 240 241 241 241 241 240 239 239 238 237 236 234 233 232 231 230 229 228 228 229 229 230 230 229 229 229 228 228 228 227 226 225 224 224 224 223 223 223 222 222 222 222 222 222 222 222 222 221 221 220 220 220 221 221 222 222 223 223 222 222 221 221 221 220 220 220 220 221 221 221 221 221 222 222 223 224 225 225 226 227 228 227
201 201 200 200 200 200 200 201 201 200 200 200 200 200 199 200 207 209 209 209 209 209 210 210 210 211 211 211 211 210 210 211 212 213 215 218 228 231 230 228 224 224 225 228 231 233 234 233 231 229 228 226 225 224 222 221 223 226 228 229 230 231 233 236 242 248 250 249 245 241 239 240 240 238 238 242 246 248 249 250 251 252 253 254 254 255 256 257 258 260 262 264 265 266 267 269 269 270 271 271 271 270 269 267 265 264 263 263 262 258 254 251 249 247 245 243 241 240 238 237 235 234 234 233 235 239 241 242 240 236 236 240 243 245 247 246 247 247 247 249 251 253 256 261 266 271 275 276 279 281 284 286 289 288 284 278 273 269 265 262 260 258 256 254 253 252 253 253 254 251 246 241 237 234 232 231 229 228 227 228 229 229 228 227 225 222 220 220 220 220 222 222 222 222 221 221 221 220 221 221 222 222 221 221 220 215 220 224 218 218 218 218 218 219 218 219 219 220 221 221 221 220 218 213 216 216 215 213 212 210 209 208 207 207 207 207 208 208 208 208 207 207 206 205 205 205 207 207 208 208 209 210 211 212 212 211 211 210 209 208 208 208 208 208 208 208 208 209 209 210 210 210 210 210 211 211 211 211 212 213 213 214 215 218 220 220 220 219 218 217 216 216 215 215 216 216 216 216 217 217 217 219 220 221 223 223 223 223 222 224 225 227 228 229 232 235 237 238 239 240 241 241 240 240 240 240 239 238 237 235 234 233 231 229 228 228 227 227 228 229 230 229 229 229 228 228 227 227 226 225 224 224 224 223 223 223 222 222 222 222 222 222 222 222 222 221 221 221 220 220 220 221 221 222 223 223 222 222 221 221 221 220 220 220 220 220 221 221 221 221 221 224 223 224 225 226 226 227 228 227
201 201 200 200 200 200 200 201 200 200 200 200 200 199 194 204 208 209 208 208 208 209 210 210 210 211 211 211 211 210 210 210 211 212 214 218 226 229 229 228 229 231 229 225 227 234 235 234 233 231 230 229 227 226 225 223 223 227 227 228 230 231 232 233 237 241 246 248 249 251 251 252 249 244 239 241 245 248 249 250 251 252 253 255 255 256 257 258 260 261 262 264 266 266 268 269 270 270 271 271 271 271 271 268 265 264 263 262 261 257 254 251 248 246 244 242 241 240 238 237 236 235 234 232 233 238 240 241 238 234 236 241 244 246 246 245 246 246 247 248 251 254 258 264 269 273 277 279 281 283 283 283 284 283 278 273 270 266 262 259 257 255 253 252 251 251 253 255 255 251 246 241 238 235 234 233 233 231 231 232 233 233 232 229 226 223 221 220 219 219 219 221 222 222 221 220 220 219 219 219 221 220 221 222 215 224 224 225 225 223 221 219 217 217 217 218 218 218 218 216 214 214 216 215 215 215 214 213 211 210 209 207 207 207 207 207 208 208 208 208 206 205 206 205 204 205 208 209 209 210 210 211 211 212 212 212 212 211 210 210 209 209 208 208 208 208 208 209 210 211 211 211 211 210 211 211 211 211 212 213 214 214 216 219 220 220 220 219 218 218 217 216 216 216 216 216 216 216 217 217 217 218 220 221 222 223 223 222 222 223 224 226 227 229 230 232 234 235 236 238 239 239 240 240 240 240 240 239 237 236 234 233 231 229 228 227 227 226 227 228 228 229 229 228 228 227 227 226 226 226 225 224 224 224 223 223 222 222 222 221 222 222 222 222 222 221 221 221 220 220 220 220 221 222 223 223 223 222 222 221 220 220 220 220 220 220 221 221 221 222 221 222 223 224 225 226 227 227 227 228
201 200 200 200 200 200 200 200 199 199 200 199 199 198 199 205 207 207 207 207 208 209 209 210 210 210 210 210 209 209 209 209 210 210 212 218 222 224 224 231 227 231 231 231 232 227 227 233 234 233 232 231 230 229 228 226 223 225 226 228 230 231 232 232 233 235 239 243 249 255 258 259 255 248 241 240 244 248 250 251 251 253 254 255 256 257 258 259 261 262 263 265 266 267 268 269 270 271 271 271 270 270 270 267 264 264 263 262 261 258 254 251 248 246 244 242 241 240 239 238 237 237 235 233 231 235 238 238 235 233 237 241 244 244 244 244 245 245 246 249 252 256 260 265 270 274 277 279 281 283 282 279 278 277 273 269 266 262 259 256 254 252 251 249 250 252 254 255 255 251 246 242 239 237 237 236 236 235 234 235 236 235 234 231 228 225 223 221 219 219 218 219 221 221 219 219 218 218 218 220 220 219 219 215 219 219 218 219 222 215 216 217 217 217 216 217 217 217 216 216 216 217 216 215 214 214 213 212 210 209 207 207 207 207 207 206 206 208 208 207 205 205 205 205 204 206 209 211 211 211 212 212 212 212 212 212 212 212 211 211 211 210 209 208 208 208 208 209 210 210 211 211 211 211 211 211 211 212 212 213 214 215 216 218 220 221 221 220 219 218 218 217 216 216 216 216 217 217 217 217 217 218 219 220 221 222 222 222 223 222 224 225 226 227 228 230 232 233 235 236 238 239 239 240 240 240 240 239 238 236 235 233 231 229 228 227 226 226 226 227 227 228 227 227 227 227 227 226 226 226 226 225 224 224 223 223 223 222 222 221 221 221 221 221 221 221 221 221 220 220 220 220 221 222 223 223 223 222 222 221 221 220 220 220 220 220 220 221 221 221 222 222 224 224 226 226 227 227 227 227
200 200 200 200 200 200 200 200 199 198 198 198 198 194 201 204 206 206 206 206 208 209 209 209 209 209 208 208 208 208 208 208 209 210 211 219 226 228 226 231 228 231 231 232 234 236 236 231 228 231 234 233 232 231 230 228 226 224 225 229 230 230 231 232 232 233 234 238 244 251 258 260 258 250 243 240 244 248 250 251 252 253 254 255 257 257 258 260 261 262 264 265 266 267 268 269 270 270 270 270 269 268 266 264 263 263 263 262 262 259 255 251 249 246 244 242 240 239 239 238 238 236 235 232 229 231 234 233 232 234 239 242 243 242 241 242 243 244 247 250 253 257 262 266 270 273 276 278 280 280 279 275 272 270 267 264 259 257 256 254 252 250 248 248 250 252 254 254 254 251 246 242 240 238 238 238 238 237 237 237 238 236 235 232 229 227 225 223 220 218 218 218 219 220 219 219 218 218 218 217 218 219 218 218 219 218 217 217 217 215 215 217 217 217 217 217 217 216 215 215 215 215 215 214 213 212 211 210 209 207 207 207 206 206 206 206 206 206 206 207 205 205 205 204 204 208 210 211 212 212 212 213 212 212 212 212 212 212 212 212 211 211 210 209 208 208 208 209 209 210 211 211 212 211 211 211 212 212 212 213 214 215 216 218 220 221 221 221 220 219 218 218 217 216 216 216 217 217 217 218 218 218 218 219 219 220 221 221 222 223 224 225 226 227 228 230 232 234 236 237 238 239 239 240 240 240 239 238 238 236 235 233 231 230 228 227 226 225 225 226 226 226 226 226 226 226 226 226 226 226 225 225 225 224 224 223 223 222 222 221 221 221 221 221 221 221 220 220 220 220 220 220 221 222 223 223 223 222 222 221 221 220 220 220 220 220 220 221 221 221 222 222 223 224 225 226 226 226 227 227
200 200 200 200 200 200 200 200 198 194 199 199 199 197 199 201 203 204 204 206 207 208 208 208 207 207 206 208 210 213 212 211 210 211 211 219 227 223 230 230 228 231 230 232 235 237 238 238 237 235 228 229 235 233 231 230 228 226 224 227 229 230 231 231 231 232 232 234 238 245 253 257 257 251 243 239 242 247 250 251 252 253 254 256 257 258 259 260 262 263 264 264 265 266 267 268 269 269 268 267 266 265 263 261 261 262 261 261 261 259 256 252 249 247 245 242 240 239 238 238 238 236 233 231 229 228 230 231 233 238 241 242 241 240 239 241 243 245 248 251 254 258 262 266 269 271 274 276 277 276 273 269 265 262 260 257 255 254 254 252 250 248 247 247 250 252 253 252 252 249 245 242 239 238 237 237 237 237 237 238 238 237 236 234 232 229 227 224 222 220 218 218 218 218 218 218 218 218 217 218 218 218 219 219 219 217 217 217 216 215 215 216 217 218 218 217 216 215 215 214 214 214 213 212 211 210 209 208 208 207 207 206 206 206 206 206 206 206 206 206 206 205 204 204 208 210 211 211 212 212 213 213 213 212 212 212 212 213 213 213 212 211 210 209 209 209 209 209 209 210 210 211 212 212 212 212 212 212 212 213 214 215 215 217 219 221 221 221 221 220 219 218 217 216 216 217 217 217 217 218 219 219 220 220 221 221 220 220 222 223 225 225 226 227 228 230 233 236 237 238 238 239 239 240 240 239 238 238 237 236 234 233 231 230 228 226 226 225 225 225 225 225 225 225 225 225 225 225 225 225 225 225 225 224 224 223 223 222 222 221 221 221 221 221 221 220 220 220 220 220 220 220 221 222 223 223 223 222 222 221 221 220 220 220 220 220 220 220 221 221 221 222 223 224 225 225 225 225 226 227
200 200 200 200 200 200 200 200 194 199 197 197 197 197 197 197 197 202 204 205 206 207 207 206 206 206 209 212 217 222 223 220 216 213 212 217 219 218 214 215 223 232 231 233 236 238 240 239 239 238 237 236 229 229 233 232 230 228 226 225 229 230 230 231 231 232 232 233 234 238 244 251 253 249 243 240 242 246 250 252 252 253 255 256 257 258 259 260 262 262 262 263 263 263 264 265 265 265 265 264 263 262 260 259 259 259 259 259 259 259 256 253 250 248 246 244 241 240 239 239 238 237 234 232 230 227 229 232 237 241 243 242 239 238 240 242 245 249 252 254 255 258 262 265 267 270 271 273 273 271 268 264 261 259 256 251 250 252 252 250 248 248 247 246 248 250 251 251 250 247 243 239 236 236 235 235 236 236 237 238 238 238 236 234 232 230 228 225 223 220 218 217 217 217 217 217 216 217 218 215 219 219 219 218 217 217 216 215 215 215 215 216 217 217 217 217 216 215 214 213 213 213 213 212 210 209 208 207 206 206 206 206 206 206 206 206 206 206 206 206 206 205 204 206 209 210 211 211 212 212 212 213 213 212 212 213 213 213 213 214 213 212 211 210 209 209 209 209 209 210 210 211 212 212 212 212 212 213 213 213 214 214 215 217 219 221 222 222 222 221 220 218 217 217 216 217 217 217 217 219 220 221 221 222 222 222 222 221 222 223 225 226 226 227 229 231 233 236 238 238 238 239 239 239 239 239 238 237 236 235 233 232 231 229 228 227 226 225 225 224 224 224 224 224 224 224 223 224 224 224 225 225 225 224 224 223 223 222 222 221 221 221 221 220 220 220 220 220 220 220 220 220 221 222 222 223 223 222 222 221 221 220 220 220 220 220 220 220 220 221 221 222 223 223 225 224 224 225 226 228
200 200 198 200 200 200 200 199 194 198 197 197 197 197 197 197 197 201 203 204 205 205 205 207 208 211 215 218 222 228 233 231 226 219 214 216 220 206 197 196 217 231 230 234 236 239 241 241 240 240 240 239 238 237 229 233 232 230 228 227 226 227 230 230 231 232 232 233 233 234 237 242 246 245 243 243 242 245 249 252 252 253 255 256 257 258 259 260 261 261 261 261 260 260 261 261 262 261 261 260 258 258 256 255 256 256 255 256 257 258 257 254 251 249 247 245 243 242 241 240 239 237 235 234 232 229 229 234 239 243 244 241 239 238 242 245 248 252 256 258 259 259 261 264 267 268 269 269 268 266 264 261 259 257 253 248 247 249 250 247 247 248 248 246 244 247 249 248 247 245 241 236 234 233 233 233 234 235 236 238 238 237 236 234 232 230 228 226 223 220 218 217 216 216 216 216 214 216 216 217 221 219 218 217 217 217 216 215 215 214 214 215 216 216 216 215 215 215 214 213 212 212 212 211 210 209 208 207 206 206 206 206 206 206 206 206 206 205 205 205 205 203 203 206 208 210 210 211 211 212 212 212 213 213 213 213 213 213 213 214 214 213 212 211 210 210 209 209 209 210 211 212 212 213 213 212 213 213 213 213 214 214 215 217 219 220 222 223 222 222 220 218 217 217 217 217 217 218 218 219 220 221 222 223 224 223 223 222 222 223 225 226 227 228 229 230 233 236 238 238 238 239 239 239 239 238 237 236 235 233 232 232 230 229 228 227 226 225 225 224 224 224 224 223 223 223 222 223 223 223 224 224 224 224 223 223 222 222 222 221 221 220 220 220 220 220 220 220 220 219 219 220 220 222 222 223 222 222 221 221 221 220 220 220 220 220 220 220 220 221 221 221 222 222 224 223 224 224 225 226
200 200 198 200 200 200 200 194 202 198 197 197 197 201 197 197 197 200 201 203 204 204 205 209 213 218 222 224 226 231 235 235 232 223 215 215 222 210 192 192 209 227 233 234 236 238 240 240 241 241 241 241 240 239 237 235 230 232 230 229 226 226 228 230 231 232 232 232 233 233 234 236 239 241 243 242 241 245 250 252 253 253 254 256 257 258 259 260 260 260 260 259 258 257 257 257 256 255 254 252 251 251 251 251 251 251 251 253 254 256 257 255 252 250 248 246 244 244 243 241 239 238 237 235 234 231 227 231 237 241 242 239 239 238 242 247 252 256 260 262 262 261 262 264 266 267 266 265 263 261 259 258 256 254 250 247 245 245 245 245 247 248 248 247 243 243 246 245 244 242 238 234 232 230 230 230 232 234 236 237 237 237 236 234 232 229 227 225 222 219 217 216 215 215 215 215 214 214 216 217 220 221 219 218 218 217 216 215 214 214 214 214 214 214 214 214 213 213 213 212 212 211 211 210 210 209 207 206 206 206 206 206 206 206 206 206 206 204 204 203 203 205 207 208 208 209 210 210 211 211 212 212 213 213 213 213 213 213 213 213 214 214 213 212 211 210 210 209 210 211 211 212 213 213 213 212 213 213 213 214 214 214 215 216 218 220 222 223 223 223 221 219 218 218 217 217 218 218 219 220 221 222 223 224 224 224 223 223 223 224 225 226 227 228 229 231 233 236 238 238 238 238 239 238 238 238 237 236 234 233 232 231 230 229 228 227 226 226 225 225 224 224 224 223 223 222 222 222 222 223 223 223 223 223 223 223 222 222 221 221 221 221 220 220 220 220 219 219 219 219 219 219 220 221 222 222 222 221 221 220 220 220 220 220 220 220 220 220 220 220 221 221 222 222 222 224 223 224 224 225
200 200 199 200 200 200 199 194 204 197 197 197 197 198 197 197 197 199 201 202 204 204 206 209 215 224 227 227 228 231 235 235 232 225 217 214 222 205 197 198 201 213 226 233 235 238 239 239 240 242 243 242 242 241 240 239 237 230 234 230 228 227 227 227 232 232 232 232 232 232 233 234 237 239 239 239 240 244 250 252 253 253 254 255 257 258 259 259 259 259 258 258 256 254 253 252 251 249 247 246 245 246 247 247 247 247 248 249 251 254 256 255 252 251 249 247 246 246 244 242 240 239 238 237 236 232 228 227 231 236 237 235 235 238 243 248 254 259 262 264 264 263 264 264 265 264 262 260 258 257 256 255 253 251 248 244 242 241 242 244 247 248 247 245 244 241 242 242 240 238 235 232 230 228 227 227 229 232 234 236 237 236 235 233 231 229 224 222 221 219 217 215 215 214 214 214 214 214 218 218 218 221 220 219 218 217 216 215 214 213 213 213 213 213 213 212 212 211 211 211 211 211 210 210 209 208 207 206 206 206 206 206 206 206 206 206 204 205 205 205 205 207 208 209 210 210 210 211 211 211 212 212 213 213 213 213 212 212 213 213 213 214 213 213 212 211 210 210 211 212 213 213 213 213 213 212 213 213 214 214 214 214 215 216 218 220 221 223 223 222 221 219 219 218 218 218 218 218 219 220 221 222 223 225 225 224 223 223 225 225 226 226 227 229 230 232 233 235 237 238 238 239 238 238 237 237 236 235 234 233 232 231 230 229 228 227 227 226 225 225 224 224 223 223 222 222 222 222 222 222 222 222 222 222 222 222 222 222 222 222 221 221 221 220 220 219 219 219 219 219 219 219 220 221 222 222 221 221 220 220 220 220 220 220 220 220 220 220 220 220 221 221 221 222 222 223 223 223 224 225
199 200 200 200 200 200 198 199 204 197 197 197 197 197 197 197 197 199 201 201 203 204 206 209 215 222 228 227 228 231 235 235 231 224 217 212 213 198 191 183 192 204 220 231 234 236 238 239 240 242 244 244 243 243 242 242 240 238 234 231 230 229 228 228 230 230 232 232 232 232 233 235 236 237 238 239 240 243 248 251 252 253 253 255 257 258 258 258 258 258 257 256 254 252 249 248 246 245 243 242 242 242 243 242 243 243 244 245 248 251 253 254 253 251 249 248 247 246 245 243 241 240 239 238 236 233 228 225 227 230 231 232 235 241 246 250 254 258 262 264 265 265 265 265 263 261 257 254 253 253 253 252 250 248 245 241 240 240 242 244 247 246 245 244 242 239 238 238 236 234 232 230 228 226 225 225 227 230 233 235 236 235 233 232 229 227 225 223 221 218 217 215 214 214 213 215 218 213 217 217 216 217 219 218 218 218 217 215 214 213 213 213 212 212 212 211 211 210 210 210 210 211 210 210 208 207 206 206 206 206 206 206 206 206 206 205 203 205 205 205 206 207 208 209 209 210 211 211 211 211 212 212 212 212 212 212 212 212 212 212 213 213 213 213 212 211 210 210 211 214 214 213 212 212 212 212 213 214 214 215 215 215 215 216 217 219 221 223 224 223 222 220 220 219 219 219 218 219 220 221 222 223 224 225 225 225 224 225 226 227 227 227 228 230 231 233 235 237 238 239 239 239 239 238 237 236 235 235 234 233 232 231 230 229 228 227 227 225 225 224 224 223 223 223 222 222 222 221 221 221 221 221 221 221 221 221 221 221 221 221 220 220 221 220 220 219 219 219 219 219 219 219 220 221 221 221 221 220 220 220 219 220 220 219 220 220 220 220 220 220 221 221 221 222 222 222 223 223 224 225
197 198 200 200 200 199 194 206 202 197 197 197 197 197 197 197 197 199 201 201 202 204 207 210 214 219 225 226 228 230 235 235 229 223 220 211 211 191 183 183 186 196 215 229 232 234 237 239 240 242 244 245 245 245 244 243 242 241 238 235 231 232 231 230 230 233 228 233 233 233 234 236 237 237 238 239 240 242 246 250 251 252 254 255 256 257 258 258 258 258 257 256 253 249 246 244 243 242 241 239 239 239 238 235 239 240 241 242 244 247 250 252 253 253 250 248 247 245 244 243 242 241 240 238 235 231 228 225 225 227 230 234 238 243 249 255 257 259 263 265 266 266 265 263 260 257 253 249 248 249 249 249 247 245 242 239 237 238 241 244 245 244 242 242 240 237 235 234 233 231 230 229 227 226 224 223 225 227 230 232 233 231 230 230 229 227 226 223 220 218 217 215 213 215 218 212 214 213 212 212 212 212 215 218 217 217 217 216 215 212 212 212 212 212 211 211 210 209 209 209 210 210 210 210 209 208 206 206 206 206 206 206 206 206 205 205 203 204 204 205 206 207 207 208 209 209 210 211 211 211 211 211 211 212 211 211 212 212 212 212 212 212 213 213 212 211 211 210 211 212 213 212 212 212 212 212 213 214 215 215 215 215 215 215 217 218 220 223 224 224 222 220 220 220 219 219 219 219 220 221 222 224 225 226 225 225 225 226 228 228 228 228 229 231 232 235 237 239 239 239 240 240 239 238 237 236 235 235 234 233 232 232 231 230 229 228 227 225 225 224 223 223 223 222 222 222 221 221 221 221 221 220 220 220 220 220 220 221 221 221 220 220 221 220 219 219 219 219 219 218 219 219 220 221 221 221 220 220 220 219 219 219 219 219 220 220 220 220 221 221 221 221 222 222 222 223 224 223 224 225
197 199 200 199 199 198 194 208 203 197 198 197 197 197 197 197 197 200 201 201 202 204 207 210 214 217 222 225 226 229 234 234 228 222 216 209 204 196 196 190 183 193 215 227 230 233 236 238 239 241 243 245 246 246 246 245 244 243 241 237 236 231 232 232 231 234 240 235 233 235 235 236 239 238 238 239 240 241 245 249 251 253 254 255 256 257 258 258 258 258 257 255 250 246 243 241 240 239 238 237 236 236 237 235 237 236 236 237 239 243 245 248 250 252 250 248 246 244 243 241 241 241 239 237 233 229 226 225 226 230 233 237 243 248 253 258 260 262 265 266 267 265 263 261 257 253 249 245 244 245 245 245 244 242 240 237 235 237 241 243 242 240 240 238 237 236 234 233 232 231 231 230 228 227 224 223 223 224 227 229 227 229 230 229 227 226 225 222 220 218 215 213 217 214 214 214 213 212 212 212 212 212 213 216 217 218 217 216 215 214 212 212 212 211 211 211 210 209 208 209 209 209 210 210 209 208 206 206 205 206 206 206 206 205 205 204 203 203 204 205 206 206 207 207 208 209 209 210 210 211 211 211 211 211 211 211 211 212 212 212 212 212 212 212 213 212 211 211 210 211 211 211 211 212 211 212 213 214 215 215 216 215 216 215 216 218 220 223 224 225 223 221 221 220 220 219 220 220 221 222 223 224 225 226 226 225 226 228 228 228 229 229 230 232 233 236 238 239 240 240 240 240 240 239 238 237 236 235 234 233 233 232 231 231 230 228 227 225 225 224 223 223 223 222 222 221 221 221 221 221 220 220 220 220 220 220 220 220 220 221 220 221 221 220 219 218 218 219 218 218 219 219 220 220 220 220 220 220 219 219 219 219 219 219 220 220 220 221 221 221 222 222 222 223 223 223 224 224 224 224
200 200 200 199 199 197 202 209 202 197 199 197 200 197 197 197 199 200 200 200 201 204 207 212 215 218 220 223 224 228 233 232 227 221 217 209 211 209 203 191 191 200 216 227 229 232 234 236 238 240 241 243 246 246 246 246 245 245 243 241 238 236 232 232 232 233 238 240 235 226 240 241 240 239 239 239 240 242 246 251 252 253 254 255 256 257 258 258 258 257 256 252 247 243 241 239 238 237 236 235 234 234 235 235 234 233 233 233 235 237 240 243 246 248 248 246 244 243 241 240 240 239 239 236 232 228 225 226 229 234 238 243 248 253 258 261 263 265 266 266 265 264 261 257 253 250 246 242 240 241 241 242 241 239 236 234 233 237 240 241 239 238 237 236 235 235 235 235 234 233 232 231 229 227 225 223 222 223 223 225 226 227 226 226 225 224 223 221 219 217 216 215 215 215 212 213 213 212 212 212 212 212 213 216 217 218 218 217 216 215 212 211 211 210 211 210 209 208 208 208 209 210 210 210 209 207 206 205 205 205 206 206 205 205 204 204 203 204 205 206 206 206 206 207 207 208 208 209 209 210 210 210 210 210 210 210 211 211 212 212 212 212 212 212 213 213 212 212 211 211 211 211 211 211 211 212 213 214 215 215 215 216 216 216 216 217 219 222 224 225 223 222 221 221 220 220 220 221 222 224 225 225 226 226 226 226 228 229 229 229 230 231 232 234 235 237 239 240 240 240 240 240 239 239 238 237 236 235 234 234 233 232 231 231 230 229 227 226 225 224 223 223 223 222 222 221 221 221 221 220 220 220 220 220 220 220 220 220 220 221 221 221 221 220 219 218 217 217 217 218 219 219 220 220 220 219 219 219 219 219 219 219 219 219 220 220 221 221 222 222 222 223 223 224 224 225 225 225 225 225
199 200 200 199 199 197 194 205 200 197 198 197 201 197 197 197 198 199 200 200 201 204 209 214 217 218 220 222 224 228 232 231 226 221 217 209 214 220 208 198 206 219 224 227 229 231 233 235 237 238 239 242 244 245 245 246 246 247 246 244 241 238 236 232 232 233 236 237 237 237 235 241 240 240 240 240 241 242 246 252 252 254 255 255 256 257 258 258 258 257 254 249 244 241 239 237 236 235 234 233 233 234 235 234 232 232 231 231 232 233 236 239 242 244 245 244 242 241 240 239 240 239 239 236 232 228 225 226 232 238 244 249 253 258 262 265 265 265 264 263 262 260 258 253 250 248 245 241 237 237 237 238 237 235 233 231 232 236 238 238 236 235 234 233 233 234 235 236 236 234 232 230 229 227 225 223 222 221 222 223 224 224 223 223 222 222 221 220 218 216 216 216 215 215 213 212 212 212 212 212 212 212 213 216 218 218 218 218 216 214 212 211 210 210 210 209 209 208 208 208 209 210 210 209 208 207 206 205 205 205 206 205 205 204 203 203 203 204 205 205 205 206 206 206 206 207 207 208 208 208 209 209 209 210 210 210 210 211 211 211 211 211 211 212 212 213 213 213 212 212 211 211 211 211 211 211 212 214 215 215 216 216 217 217 217 217 219 222 224 224 223 223 222 222 221 221 221 222 223 225 226 227 227 227 227 227 228 230 230 230 231 233 234 235 236 238 239 240 240 240 239 240 239 238 238 237 236 235 234 234 233 232 231 230 229 228 227 226 225 224 224 223 223 223 222 222 221 221 221 220 220 220 220 220 220 220 220 220 220 221 221 221 220 220 219 218 217 217 218 218 219 219 220 220 219 219 219 219 219 219 219 219 219 220 220 221 221 222 223 223 223 224 224 225 225 226 226 225 226 226
199 200 199 199 199 198 197 198 198 197 197 197 201 197 197 197 197 199 200 200 201 205 210 215 218 219 220 222 225 228 231 230 226 222 217 209 212 225 217 214 212 227 231 230 230 232 233 234 236 238 240 242 243 245 245 245 246 248 248 245 242 240 238 236 233 233 235 236 236 238 239 239 233 241 240 241 241 242 246 251 253 254 255 256 257 257 256 256 256 254 250 245 242 239 237 236 235 233 233 233 232 232 232 232 232 230 229 229 230 231 232 235 237 240 241 241 239 237 237 238 239 240 239 236 232 228 225 227 234 241 247 252 256 260 263 265 265 262 260 259 258 256 253 249 246 245 244 241 237 233 234 235 234 231 230 229 232 235 235 234 233 232 232 232 233 234 235 235 234 233 232 230 228 227 224 222 220 219 219 220 221 221 220 220 219 219 219 218 217 216 216 215 215 214 212 212 212 212 211 212 212 213 214 216 218 220 220 218 216 214 212 210 210 209 209 209 208 208 208 208 209 209 209 209 208 207 206 205 205 205 206 205 204 203 202 203 204 205 205 205 205 205 206 206 205 207 207 207 207 207 207 208 208 208 209 209 209 210 210 211 211 211 211 212 212 213 213 214 214 213 212 212 212 212 212 212 212 213 214 214 215 216 217 217 217 218 219 221 223 223 223 223 223 223 222 223 223 223 224 225 226 227 227 227 227 228 229 230 230 230 232 233 234 236 237 237 238 239 240 239 239 239 238 238 237 236 236 235 234 234 233 232 231 230 229 228 227 226 225 225 224 224 223 223 223 222 222 221 221 220 220 220 220 220 220 220 220 220 220 221 221 221 220 219 219 218 217 218 218 218 219 219 220 219 219 219 219 219 219 219 219 219 220 220 221 222 222 223 224 224 224 225 225 226 226 226 224 227 226 226
198 199 197 198 199 198 198 194 197 197 197 197 200 197 197 197 197 197 199 200 202 206 211 215 217 218 220 222 224 227 229 228 225 222 218 210 212 225 228 228 226 229 233 230 232 234 235 236 237 239 242 243 245 246 246 246 248 249 249 246 244 242 240 238 236 234 234 234 236 238 240 240 241 233 239 240 241 243 244 249 253 255 255 256 256 255 255 255 253 250 246 242 240 238 236 235 234 232 232 231 231 231 231 231 231 230 229 228 228 229 230 232 234 235 236 235 233 232 232 235 237 238 238 235 232 228 224 228 234 242 248 252 256 259 262 264 263 259 255 254 253 252 249 246 242 240 240 241 237 232 233 234 231 228 227 228 231 232 229 229 230 229 230 231 232 234 234 234 233 232 231 230 228 226 223 222 220 218 218 218 218 218 218 217 217 217 216 217 216 215 215 214 214 213 212 212 211 211 211 211 212 213 214 216 219 220 219 217 216 214 212 210 209 209 209 209 208 207 207 208 209 209 209 208 207 206 205 205 205 205 205 205 204 202 203 203 204 205 205 205 205 205 206 206 205 206 207 207 207 207 207 207 207 208 208 209 209 209 209 209 210 211 211 212 213 213 214 214 214 214 213 213 213 213 213 213 212 213 213 214 215 215 216 216 217 217 219 220 222 222 222 222 223 223 223 224 224 224 225 226 227 228 228 228 228 229 230 231 231 231 231 232 233 235 235 236 237 238 239 239 239 238 238 238 237 236 235 234 234 233 232 231 231 230 229 228 227 226 226 225 225 224 224 224 223 222 222 221 221 221 220 220 220 220 220 220 220 219 220 221 221 220 220 219 218 218 218 219 219 219 219 220 219 219 219 219 219 219 219 219 219 219 220 220 221 222 223 223 224 224 225 225 226 226 226 225 226 226 226 226
198 198 197 197 197 198 198 194 197 197 197 197 197 197 197 198 197 197 200 201 202 206 211 214 216 218 219 221 222 225 226 225 222 221 217 210 213 225 227 227 227 234 234 232 233 233 236 237 239 241 243 245 246 247 246 247 250 251 250 248 246 243 241 239 238 234 236 238 237 238 240 241 242 243 241 239 241 242 243 246 251 254 255 256 255 254 253 252 250 247 244 240 238 236 235 234 233 231 231 230 230 230 230 230 230 229 228 227 227 228 229 229 230 231 231 230 230 230 230 230 232 235 235 233 230 228 225 228 234 239 245 248 252 255 259 262 260 255 251 250 249 248 246 244 240 237 236 236 233 229 230 230 227 226 225 227 230 229 231 228 228 228 229 230 231 232 232 232 231 231 230 229 227 225 223 221 220 218 217 217 217 216 216 215 215 215 215 215 214 214 214 214 214 213 213 212 212 211 211 211 210 213 213 216 218 218 218 216 215 213 211 210 209 208 208 208 207 207 207 208 208 209 208 207 206 205 204 204 205 205 205 205 203 203 203 204 205 205 205 205 205 205 205 205 205 205 207 207 207 207 207 207 207 208 208 208 209 209 209 209 210 211 212 212 213 213 214 215 215 215 214 214 214 213 214 213 213 213 213 213 214 215 215 215 216 217 218 219 220 221 221 222 222 223 224 225 225 225 226 227 228 228 228 227 228 229 230 231 231 230 230 230 231 232 233 234 235 235 236 237 238 238 238 237 236 236 235 234 233 232 231 230 230 229 229 228 227 226 226 225 225 225 225 224 224 223 222 222 221 221 220 220 220 220 220 220 219 220 220 221 220 220 219 219 218 218 218 219 219 219 219 219 219 219 218 218 218 219 219 219 219 220 220 221 222 222 223 224 224 225 225 225 225 226 226 225 225 225 225 225
198 197 197 197 197 197 197 194 202 200 197 197 197 197 197 197 197 198 200 200 202 207 210 213 215 217 218 218 220 221 220 219 218 217 215 210 213 216 216 216 224 236 234 233 234 234 237 237 239 242 244 246 247 247 247 249 251 252 251 249 247 245 243 241 240 239 234 239 239 239 241 242 243 244 244 243 237 240 242 244 247 250 253 253 252 251 250 248 246 245 242 239 237 235 234 233 232 231 230 229 229 229 228 228 228 228 228 227 228 228 229 227 228 228 229 229 229 229 229 229 229 230 232 230 228 227 224 226 230 235 240 244 248 252 255 258 255 251 247 245 244 243 243 241 238 235 232 231 229 227 226 225 225 224 224 227 228 219 219 219 226 226 227 229 230 230 230 230 230 229 228 227 226 224 223 221 219 218 217 216 215 215 215 214 215 213 213 213 213 213 213 212 213 213 214 214 213 215 211 209 207 208 212 214 216 216 215 214 212 212 210 209 208 208 207 207 207 207 206 207 208 207 207 206 205 204 204 204 205 205 204 204 203 204 204 204 205 205 205 205 205 205 205 206 206 207 207 207 207 207 207 207 207 208 208 208 209 209 209 210 211 211 212 212 213 213 215 215 215 215 215 215 215 215 215 214 214 214 214 214 214 214 215 216 216 216 217 218 219 220 221 221 222 223 224 225 226 226 227 228 229 228 228 227 227 228 229 230 230 229 229 229 230 230 231 232 232 233 234 235 237 238 237 237 236 236 235 233 232 231 230 230 229 229 228 228 227 226 226 225 226 226 225 225 224 224 223 222 222 221 221 221 221 220 220 220 219 220 221 221 220 220 219 218 218 218 219 219 220 220 219 219 219 218 218 218 218 219 219 219 219 220 220 221 222 223 223 224 225 225 225 225 225 225 225 225 224 224 224 223
199 197 197 197 197 197 197 194 207 203 197 197 197 197 197 197 197 198 199 200 203 208 212 212 214 216 218 216 216 217 215 214 213 213 213 210 214 215 221 217 221 233 240 233 239 238 239 239 240 242 244 246 248 248 248 250 252 252 251 250 248 246 244 243 242 241 239 237 241 241 242 243 243 244 244 244 244 243 239 239 242 244 246 247 247 247 246 245 244 242 240 238 236 235 234 233 232 230 229 228 228 228 226 226 225 225 226 227 227 227 227 228 228 228 229 229 229 229 229 229 229 229 229 229 228 228 225 223 226 231 236 241 244 248 251 252 250 247 243 241 239 238 238 237 235 232 230 227 226 224 224 223 223 222 223 225 227 219 227 224 226 225 226 228 228 227 227 227 227 227 226 226 225 224 223 221 219 218 217 215 215 214 213 215 212 212 212 212 212 212 211 213 213 214 215 216 215 217 212 210 209 210 210 212 213 212 212 211 210 210 209 208 207 207 207 207 207 206 206 206 206 206 205 204 204 204 204 204 204 204 202 203 203 204 205 205 205 205 205 205 205 205 205 206 206 206 206 206 207 207 207 207 207 208 208 209 210 210 210 211 211 212 213 213 213 214 215 215 215 215 215 215 215 216 216 215 215 215 214 214 214 214 214 215 216 216 216 217 218 219 221 221 222 224 225 226 227 227 228 229 229 228 228 227 227 228 229 230 230 229 228 229 228 228 229 229 229 230 231 234 236 238 238 237 236 236 235 234 233 231 231 230 228 228 227 227 227 226 225 225 225 226 226 225 225 224 223 223 222 222 221 221 221 221 221 220 219 219 220 220 220 219 219 218 218 218 219 220 220 220 219 219 218 218 218 218 219 219 219 219 220 220 221 221 222 223 223 224 224 224 224 224 225 225 224 224 223 222 226 222
198 197 197 197 197 197 197 194 204 197 197 197 197 197 197 197 198 199 199 200 204 209 214 216 217 217 216 214 214 215 214 213 212 212 212 211 214 215 215 216 217 233 227 237 238 237 237 238 240 242 244 246 248 248 249 251 253 253 252 251 250 248 246 245 244 243 241 235 241 242 243 244 244 245 244 245 246 244 243 242 241 241 238 237 236 237 238 239 241 241 241 241 239 237 235 232 233 232 231 228 228 228 224 224 224 224 224 224 224 224 227 228 228 228 229 229 229 229 229 229 229 229 229 229 228 228 225 222 224 228 233 236 239 243 246 247 246 242 239 236 234 233 233 233 232 230 228 225 223 222 222 222 221 221 222 223 223 222 224 224 223 224 225 225 225 224 224 225 226 225 224 224 224 223 223 221 219 218 217 216 215 213 214 212 212 212 211 210 210 211 210 211 213 214 216 217 216 215 212 210 209 209 210 209 211 210 209 209 209 208 207 207 206 206 207 207 207 206 205 205 204 205 204 204 204 204 204 204 204 203 202 204 204 204 205 205 205 205 205 206 205 205 205 206 206 206 206 206 207 207 208 208 208 208 209 210 210 210 211 212 212 213 213 214 214 214 215 215 215 216 216 216 216 217 217 217 216 216 215 215 214 214 214 215 215 216 217 217 218 220 222 222 223 225 226 227 228 228 229 230 230 229 228 228 227 228 229 230 230 229 228 228 227 227 227 227 228 228 230 232 235 237 237 237 236 235 235 234 233 232 231 229 228 227 227 226 226 226 225 225 225 225 226 225 225 224 224 223 222 222 222 222 222 222 221 220 219 219 219 220 219 219 219 218 218 218 219 220 220 220 219 218 218 218 218 218 219 219 219 220 220 220 221 222 222 223 223 223 223 224 224 224 224 224 223 222 221 221 225 221
198 197 197 197 197 197 197 197 198 200 197 198 197 197 197 197 198 199 199 201 206 212 217 220 222 222 220 216 214 214 214 213 212 212 211 211 212 213 215 214 212 225 228 238 238 238 238 239 240 241 244 246 247 248 250 252 253 253 253 252 251 249 248 247 245 244 243 242 236 242 243 244 245 244 244 245 246 245 243 242 241 242 242 243 244 244 246 246 244 243 242 241 237 236 236 235 236 229 228 228 228 228 224 224 224 224 224 224 224 224 225 228 228 228 228 228 228 229 229 229 229 229 229 229 228 228 226 223 222 225 228 231 235 238 241 242 242 240 236 232 229 228 227 228 228 227 226 223 221 220 220 220 220 219 220 221 220 221 220 221 223 224 224 223 222 222 222 224 224 223 222 221 222 222 222 221 220 219 217 216 215 214 213 213 213 212 212 211 210 210 211 211 212 214 216 217 217 215 212 210 209 209 209 209 208 208 208 207 207 207 206 206 206 206 206 207 206 206 205 203 203 203 204 204 203 204 204 204 202 202 203 203 203 203 203 204 205 206 206 206 206 206 206 206 206 206 206 206 207 208 208 209 209 209 210 211 211 211 212 213 214 214 215 215 215 215 215 215 216 216 216 216 217 218 218 218 217 217 216 215 215 214 214 215 216 216 217 218 219 220 222 224 224 225 227 228 229 230 230 230 230 229 228 228 227 227 228 230 229 229 228 227 227 226 226 226 226 227 228 230 233 234 235 236 236 235 235 234 233 231 230 229 228 227 226 226 225 225 224 224 224 225 225 225 225 225 224 223 223 223 223 223 223 222 222 221 220 219 219 219 219 219 219 218 218 218 219 220 220 219 219 218 218 218 218 219 219 220 220 220 220 220 221 222 222 222 222 222 223 223 223 223 223 222 222 221 220 221 227 221
197 197 197 197 197 197 197 197 197 194 198 202 197 197 197 197 198 199 200 203 209 215 219 222 225 225 223 218 215 215 214 214 212 211 211 211 212 213 213 212 212 223 231 238 239 239 239 239 241 242 244 246 248 249 251 253 254 254 254 253 252 250 249 247 246 245 244 243 238 242 243 244 244 244 244 244 245 244 243 241 241 242 242 243 243 244 244 244 243 243 242 240 237 236 235 235 234 232 228 228 228 228 224 224 224 224 224 224 224 224 222 228 228 228 228 228 228 228 229 229 229 229 229 229 229 229 228 225 222 221 224 228 231 234 237 239 239 237 233 229 226 224 223 224 225 224 223 221 220 219 219 219 219 218 218 218 219 219 220 222 223 224 223 221 220 219 221 222 221 220 220 219 220 220 221 221 220 220 218 217 214 215 215 214 214 214 213 212 210 210 209 209 210 212 214 215 215 214 212 210 209 208 208 208 208 207 207 206 206 206 206 206 206 205 206 207 206 205 204 202 202 203 202 202 202 202 204 204 202 205 205 205 205 204 203 203 204 205 206 206 206 206 206 206 206 206 207 207 207 208 209 209 209 210 211 212 212 213 214 214 215 215 215 216 215 216 216 216 216 217 217 217 218 218 219 219 218 218 217 216 215 215 215 215 216 217 218 219 220 221 222 223 225 226 227 229 230 230 230 231 230 229 229 228 226 226 227 228 228 227 227 227 226 226 225 225 225 226 227 228 230 232 234 235 235 234 234 233 232 231 230 229 228 227 226 225 225 224 224 223 223 224 224 224 225 225 224 224 224 223 223 223 223 223 221 220 220 220 219 219 219 218 218 218 218 218 219 219 219 219 218 218 218 218 219 219 220 220 220 220 220 221 221 221 221 221 222 222 222 222 222 222 221 221 220 220 220 221 226 223
197 197 197 197 197 197 197 197 197 197 196 197 200 198 198 197 198 199 200 205 211 216 220 223 226 227 223 218 216 215 215 214 212 212 211 213 212 212 212 212 212 223 230 238 239 239 239 240 241 243 245 247 248 249 251 253 255 255 254 254 252 250 249 248 247 246 245 245 243 236 243 243 243 243 244 244 245 243 242 241 241 241 242 243 243 244 244 243 243 244 243 239 236 235 235 234 234 232 230 228 228 228 224 224 224 224 224 224 224 223 221 224 228 228 228 228 228 228 228 229 229 229 229 229 229 231 230 227 224 221 223 226 229 232 234 236 236 234 230 226 223 222 221 221 222 221 220 219 219 218 217 217 217 217 217 217 218 219 221 223 225 224 222 220 218 217 218 219 218 217 217 216 217 218 219 220 221 220 219 214 217 217 216 216 216 215 214 212 210 208 208 208 209 210 212 214 214 212 211 210 208 208 207 207 207 206 206 206 205 205 205 205 205 205 205 205 205 203 202 205 204 204 204 204 206 207 209 210 210 209 209 209 207 205 203 203 204 205 206 206 206 206 206 206 206 207 207 207 208 209 210 210 210 211 212 213 213 214 215 215 216 216 216 216 217 217 217 217 217 218 218 218 219 219 219 219 219 219 218 217 216 215 215 216 216 218 219 221 221 222 223 224 225 227 229 230 231 231 231 231 230 230 229 227 226 225 225 226 225 225 225 225 225 225 225 224 224 224 225 226 228 230 232 233 233 233 233 232 231 230 229 229 227 226 226 225 224 224 223 223 223 223 223 224 224 224 224 224 224 223 223 223 222 222 221 220 220 220 220 219 219 219 219 218 218 218 218 218 219 219 218 218 217 218 219 220 220 220 220 220 220 220 220 220 220 220 220 220 220 220 221 220 220 220 220 220 221 221 227 224
197 197 197 197 197 197 197 197 197 197 197 194 198 198 198 198 198 199 200 205 212 217 221 224 227 229 223 219 216 216 215 214 212 212 213 214 211 212 212 212 212 221 228 236 238 239 239 241 242 244 245 247 248 249 251 253 255 255 254 253 252 251 249 248 248 247 246 246 244 237 242 243 243 242 243 244 244 243 242 241 241 241 242 243 243 244 244 244 244 244 243 237 235 234 234 234 233 232 231 229 228 228 224 224 224 224 224 224 224 223 222 228 228 228 228 228 228 228 229 229 229 229 229 229 229 232 232 229 226 222 221 225 228 230 231 232 233 231 227 223 221 220 219 219 219 218 217 217 216 216 216 216 216 216 217 217 218 219 222 224 225 223 221 218 217 215 216 215 215 214 214 214 214 215 217 219 220 220 214 219 218 218 218 218 217 216 214 211 209 208 208 208 208 209 211 211 211 211 210 209 208 207 207 207 207 206 206 205 205 205 205 205 205 205 205 205 204 202 204 204 204 204 205 205 209 211 212 212 213 212 212 212 210 207 205 203 204 205 206 206 206 206 206 206 207 207 207 207 208 210 210 210 210 212 213 214 214 214 216 216 216 216 217 217 217 218 218 218 219 219 219 220 219 220 220 220 219 219 218 217 217 216 216 217 217 219 220 221 222 223 224 224 225 227 229 231 231 231 232 231 230 230 229 227 226 225 224 223 223 223 223 223 224 224 224 223 223 223 224 224 226 228 230 232 232 232 232 231 231 230 229 228 227 226 225 225 224 224 223 222 222 222 222 223 223 224 224 224 223 223 223 222 222 222 221 221 220 220 220 220 219 219 219 218 218 218 218 218 218 218 218 217 217 218 219 220 220 220 220 220 220 220 220 219 219 219 220 220 220 220 220 220 220 220 220 221 222 222 228 225
198 198 198 197 197 197 197 197 197 197 198 194 198 198 198 198 198 199 201 207 214 219 223 226 230 231 225 220 217 217 216 214 213 212 211 214 209 212 212 213 213 219 224 235 236 237 239 241 243 244 246 247 248 249 251 253 255 256 254 253 252 251 250 249 248 248 247 246 245 243 236 243 243 242 242 243 244 243 242 241 241 241 242 243 244 244 244 244 244 244 244 239 235 234 233 233 233 233 232 230 228 228 224 224 223 223 223 223 223 222 222 218 224 228 228 228 228 229 229 229 229 229 229 229 229 234 233 231 227 223 220 222 225 227 228 229 229 227 223 221 220 219 218 217 216 216 215 215 215 215 215 215 215 216 217 217 218 221 223 224 224 222 219 217 216 214 214 213 213 213 212 212 212 213 215 218 219 214 220 220 219 219 219 218 217 215 213 210 208 208 208 208 207 208 209 209 209 209 208 207 207 207 206 206 206 206 206 205 205 205 204 204 204 204 204 204 203 202 204 204 204 206 207 208 210 213 213 213 214 214 214 213 212 209 206 203 204 205 205 206 206 206 206 206 207 207 207 208 209 210 211 211 211 212 214 215 214 215 216 217 217 217 217 218 218 219 219 219 220 220 220 220 220 220 220 220 220 219 218 218 218 218 217 217 218 219 220 222 222 223 224 225 226 227 229 230 232 232 232 231 231 230 229 228 226 225 224 223 223 222 221 222 222 223 223 222 222 223 223 223 224 226 228 231 232 232 231 231 231 230 229 228 227 226 225 225 224 223 223 222 222 222 222 222 223 223 223 223 223 223 222 222 221 221 220 220 220 220 220 220 220 219 219 218 218 218 218 218 218 218 218 218 217 218 219 220 220 220 220 219 219 219 219 219 219 219 219 220 220 220 220 221 221 221 222 223 223 224 228 225
196 196 196 196 196 196 196 196 197 197 194 194 197 198 198 198 198 200 202 209 217 223 226 228 231 232 227 222 219 218 216 214 213 212 211 209 207 212 212 220 216 216 220 234 235 236 238 241 242 244 246 247 247 248 251 253 254 255 254 253 253 252 251 250 249 248 247 247 245 243 235 243 242 241 241 242 243 242 241 240 240 241 243 244 244 245 244 244 244 245 246 243 239 236 233 233 233 233 232 231 229 228 224 224 223 223 223 223 223 223 222 221 220 218 223 228 228 229 229 229 229 229 229 229 232 236 235 232 228 224 221 220 221 223 224 225 225 224 221 219 218 218 217 216 215 214 214 214 214 214 214 214 214 216 217 217 217 220 222 224 222 219 217 215 214 213 212 212 212 211 211 211 211 212 213 216 213 218 220 220 220 219 219 218 217 214 212 208 208 207 208 207 207 207 207 207 207 207 207 207 207 206 206 206 206 205 205 205 205 204 204 204 204 204 205 204 202 203 204 205 207 208 209 211 212 213 213 214 214 214 214 213 212 209 207 204 204 205 205 206 206 206 207 207 207 207 207 208 210 211 212 211 211 213 214 215 215 216 217 218 218 218 218 219 219 220 220 220 220 220 220 220 220 220 221 220 220 219 219 219 219 219 219 218 218 219 220 222 223 224 225 225 226 227 228 230 231 232 232 232 231 230 229 228 227 225 224 223 222 222 221 220 221 221 222 222 221 222 223 223 224 226 228 230 231 231 231 230 230 230 229 227 226 226 225 224 224 223 222 222 222 222 222 222 223 223 223 223 222 222 222 222 221 220 220 220 220 220 219 219 219 219 218 218 218 218 218 218 219 218 218 218 217 218 218 219 219 219 219 219 219 219 219 219 219 219 220 220 220 221 222 222 223 223 223 224 224 225 228 225
196 196 196 196 196 196 196 196 197 194 197 194 198 198 198 198 199 200 203 210 218 224 227 229 232 234 229 224 221 219 217 215 213 212 211 209 207 211 217 221 219 217 223 230 233 236 238 240 242 244 245 246 247 247 249 251 253 254 254 254 253 253 252 251 250 249 248 247 245 244 239 240 242 240 240 240 242 241 240 239 240 241 243 244 245 245 245 245 245 246 247 246 246 243 238 235 234 234 233 231 230 228 225 224 224 224 224 224 223 223 221 219 219 219 218 226 228 229 229 229 229 229 229 229 232 235 235 232 228 225 221 219 218 219 220 222 222 221 219 218 217 216 215 214 214 213 213 213 213 213 213 213 214 215 216 216 216 220 221 221 220 218 215 213 212 211 211 211 210 210 210 210 210 211 213 213 218 219 220 220 219 219 218 217 215 213 210 208 207 207 208 207 206 206 206 206 206 206 206 206 206 206 206 205 205 205 205 204 204 204 204 204 204 204 203 202 204 204 205 207 209 210 212 213 213 213 214 214 214 214 214 213 212 209 207 204 205 205 205 205 206 206 207 207 206 207 208 208 210 212 212 212 211 213 214 214 215 216 218 218 219 219 219 219 219 219 220 220 221 220 220 220 220 220 221 221 220 220 219 219 219 220 220 219 220 220 221 222 223 224 225 226 227 227 228 229 231 232 232 232 231 230 229 228 227 226 224 223 222 221 220 220 220 220 221 221 221 221 222 222 223 225 228 229 231 229 230 230 229 230 228 227 226 225 225 224 223 223 222 222 221 221 222 222 222 222 222 222 222 222 222 221 220 220 220 220 219 219 219 219 219 219 218 218 218 218 218 218 219 219 219 218 217 217 218 218 218 218 218 218 218 218 219 219 219 220 220 221 222 222 223 224 224 225 225 225 225 226 228 227
196 197 196 196 196 196 196 196 197 196 196 196 198 198 198 198 198 200 204 209 216 223 228 232 235 235 231 225 221 219 216 214 212 212 210 209 207 210 211 212 217 216 220 227 234 236 238 239 242 244 245 245 245 246 247 249 252 253 253 253 253 253 252 251 250 249 248 247 245 244 242 234 241 238 238 238 240 240 239 238 239 241 243 245 246 246 246 246 246 247 248 251 256 256 250 245 240 237 234 232 231 229 226 225 225 225 225 225 224 223 219 219 219 219 219 218 226 228 229 229 229 229 229 229 231 233 233 231 227 224 221 219 218 217 218 220 220 219 217 216 215 215 214 213 213 213 212 212 212 212 212 212 213 214 215 214 214 216 219 220 217 216 212 213 210 210 210 209 209 209 209 209 210 211 212 214 218 218 219 218 218 218 217 216 214 212 208 207 207 207 207 206 206 206 205 205 205 205 205 206 205 205 205 205 205 204 204 204 204 204 204 203 204 204 202 204 205 205 207 209 210 212 212 213 213 213 213 214 214 214 214 213 211 209 207 204 204 205 204 204 205 205 206 206 206 207 208 209 210 212 212 211 211 213 214 214 215 215 217 218 219 218 218 218 218 218 218 219 220 221 220 220 220 220 220 221 220 220 220 220 220 220 220 221 221 222 222 223 224 224 225 226 226 227 228 229 230 231 232 231 231 230 229 228 227 226 225 224 222 221 221 220 219 219 220 220 220 221 222 222 222 225 227 228 229 230 231 230 230 229 228 228 226 226 225 224 223 223 222 222 221 221 221 221 222 222 222 222 222 222 221 221 221 220 220 219 219 219 219 219 218 218 218 218 218 217 218 219 220 220 219 218 217 217 218 218 218 218 218 218 218 219 219 219 220 220 221 222 223 224 224 225 225 226 226 226 226 228 228 228
196 197 196 196 195 197 194 197 194 194 196 197 198 198 198 198 199 201 206 211 218 224 230 236 237 234 230 225 221 218 215 213 212 211 210 206 207 210 210 210 210 213 221 230 235 237 237 241 243 244 244 244 243 244 245 247 249 251 252 252 252 253 252 251 250 249 248 246 245 244 242 234 240 237 237 236 237 237 236 236 238 241 243 245 246 247 247 247 247 248 249 256 263 265 263 257 253 247 242 236 231 229 226 226 225 225 225 226 225 223 221 219 219 219 219 219 218 224 227 229 229 229 230 230 227 229 229 228 227 224 221 219 218 217 217 217 218 217 216 215 214 214 213 213 213 212 212 211 211 211 211 211 212 212 213 213 213 214 215 217 216 213 211 210 210 209 209 208 208 208 209 209 210 211 211 214 216 217 217 217 216 216 215 214 213 211 208 206 206 206 206 206 205 205 205 205 205 205 205 205 205 205 205 204 204 204 204 204 204 203 203 201 203 201 204 204 205 205 207 208 210 211 212 212 212 212 212 213 213 213 213 213 211 210 208 206 204 204 204 204 204 205 205 206 206 207 208 209 211 212 212 211 211 212 213 214 214 214 215 216 216 217 216 216 217 217 217 218 218 219 220 220 220 220 220 220 221 220 220 220 220 220 221 221 221 222 222 223 224 225 225 225 226 227 227 228 229 231 231 231 231 230 229 228 227 226 225 224 223 222 221 220 219 219 218 219 219 220 222 222 222 223 225 227 227 228 229 230 231 230 230 229 227 227 226 225 224 223 222 222 221 221 220 221 221 221 221 221 221 221 221 221 221 220 220 220 219 219 219 218 218 218 218 218 218 217 218 218 219 219 218 218 217 217 217 217 217 217 218 218 218 219 219 220 220 220 221 222 224 224 225 225 226 227 227 227 227 228 230 230
196 196 196 196 197 197 194 194 197 197 194 198 198 198 198 198 199 203 210 216 222 227 230 235 234 231 227 225 221 218 215 213 212 211 210 208 208 208 210 215 218 214 226 230 230 235 237 239 242 244 244 242 242 242 244 246 247 249 250 251 252 252 252 251 250 249 248 247 245 243 241 238 236 238 235 235 235 234 234 234 237 240 243 245 246 247 248 247 247 248 250 260 264 267 271 267 263 259 253 246 237 231 226 226 226 226 226 226 225 224 223 222 222 220 219 219 219 219 220 222 224 228 230 228 224 225 226 225 225 223 220 218 217 217 216 217 217 216 215 214 214 213 213 212 212 212 211 211 211 211 211 211 211 211 211 212 212 212 213 215 214 213 210 210 210 209 208 208 207 207 208 209 210 210 211 213 215 216 216 215 214 214 213 212 211 208 207 205 205 205 205 205 204 204 204 205 205 205 205 205 204 204 204 204 204 204 203 203 203 203 202 203 203 204 204 204 205 205 206 207 209 209 210 210 210 209 210 210 211 211 212 212 211 210 209 208 206 205 205 205 204 204 204 205 206 207 208 209 210 212 212 212 210 211 211 213 214 214 214 214 214 214 215 215 215 216 216 216 217 217 218 219 220 220 220 220 221 221 220 220 220 221 221 221 221 221 222 223 224 225 225 224 225 226 227 228 229 230 230 231 230 230 229 228 227 226 225 224 223 222 221 220 219 218 218 218 218 219 221 221 221 222 223 225 226 227 229 230 231 231 230 229 228 228 227 226 225 224 223 222 221 221 220 220 220 221 221 221 221 221 221 221 221 221 220 220 220 219 219 219 219 218 218 218 218 217 217 218 218 219 218 217 217 217 217 217 217 217 218 218 219 219 220 220 220 221 222 223 224 225 225 226 227 227 228 229 228 230 231 232
196 196 196 196 196 196 196 196 197 194 197 198 198 198 198 198 203 206 214 222 228 229 230 231 230 228 226 223 221 218 216 213 212 212 211 209 208 211 215 221 221 220 227 230 227 232 236 238 241 243 243 242 240 240 242 244 246 247 249 250 251 252 252 251 250 250 248 247 245 243 241 239 233 240 235 234 233 233 233 234 235 239 242 245 246 247 247 246 247 247 248 251 256 262 268 273 272 267 262 256 244 233 226 226 226 226 226 226 225 225 224 223 223 222 219 219 219 219 219 223 221 220 223 220 221 222 222 222 222 221 219 218 217 216 216 216 216 215 214 214 214 213 214 213 212 212 212 212 211 211 210 210 210 210 210 210 210 210 211 212 212 211 209 208 209 208 208 207 207 207 207 209 208 209 210 211 213 214 214 213 212 211 211 210 208 207 206 205 204 204 204 204 204 204 204 204 204 204 204 204 204 204 204 203 203 203 201 203 201 203 203 204 204 204 204 205 205 205 206 206 207 207 208 208 207 207 207 207 208 209 210 210 210 210 210 209 207 206 206 206 205 205 204 205 205 206 207 208 209 211 212 211 211 210 210 212 212 212 212 212 213 213 213 213 213 214 215 215 215 216 217 218 219 219 219 220 220 220 220 220 220 221 221 221 221 221 221 222 223 225 224 224 224 225 226 227 228 229 230 230 230 229 229 228 227 226 225 224 223 222 221 220 219 218 218 218 218 218 220 221 221 221 222 223 225 227 229 229 230 231 230 229 228 228 227 226 225 224 223 223 222 221 220 220 220 220 220 220 221 221 221 222 222 221 221 220 220 220 220 220 219 219 219 219 218 218 217 217 217 218 217 217 217 217 217 218 218 219 219 219 220 220 220 220 221 221 222 224 224 225 226 226 227 229 228 229 230 231 233 233
197 196 196 196 196 196 197 194 197 194 198 198 198 198 198 199 204 221 222 229 237 232 231 230 228 226 224 222 220 217 215 213 212 212 211 210 207 213 217 220 218 225 229 231 229 231 235 237 239 242 243 241 238 239 241 242 244 246 248 249 250 251 251 251 250 249 248 246 245 243 241 239 234 237 235 233 233 232 232 233 234 237 240 243 244 244 244 245 246 246 246 246 246 253 264 273 276 272 267 260 247 234 226 226 226 226 226 227 226 226 225 224 224 223 222 220 219 219 224 230 230 223 221 219 219 219 219 219 220 219 218 217 217 216 216 215 215 215 214 214 214 215 215 214 213 213 212 212 212 211 210 210 210 210 209 209 209 209 210 210 210 209 208 207 207 208 207 207 206 206 208 206 207 208 208 208 210 211 211 211 210 209 208 208 207 205 204 204 203 203 203 203 203 203 203 203 203 204 204 204 204 203 203 201 201 202 203 204 204 204 204 204 204 205 205 205 205 205 205 206 206 206 206 206 206 206 206 206 207 207 207 208 209 210 210 209 208 207 206 206 206 205 204 204 204 205 204 205 206 208 210 211 211 210 210 210 211 211 210 211 211 211 211 211 212 212 213 213 214 214 215 216 217 218 218 219 220 220 220 220 221 221 221 221 220 220 221 222 223 224 224 223 223 224 225 225 227 228 228 229 229 229 228 227 227 226 225 224 223 222 221 220 219 218 218 217 217 217 218 219 219 220 221 222 224 226 228 228 228 229 229 229 228 228 228 227 226 225 224 223 222 221 220 220 220 220 220 220 221 221 222 222 222 222 221 221 221 221 221 220 220 220 219 219 219 218 217 217 217 217 217 217 217 217 218 219 219 220 220 220 220 220 221 221 221 222 223 224 225 225 226 227 228 228 230 230 231 233 234 234
197 196 196 196 196 196 197 194 196 197 198 198 198 198 198 199 207 219 229 228 231 232 227 233 227 224 222 221 219 216 214 213 212 212 211 210 207 211 219 218 219 224 226 225 225 228 228 229 233 240 242 240 237 237 238 238 242 245 247 248 250 251 251 251 250 249 248 247 245 243 241 240 238 233 238 232 232 232 231 232 234 236 238 240 241 241 242 244 246 246 245 245 244 248 259 270 278 277 270 261 248 236 227 226 226 226 226 227 227 226 226 225 225 225 224 223 222 229 231 230 230 225 225 224 222 220 219 218 218 217 217 217 216 216 216 216 215 215 214 214 215 216 217 215 215 214 213 212 212 211 211 210 210 210 209 209 209 209 209 209 209 208 207 207 207 206 206 206 206 206 207 205 206 207 206 206 207 208 209 209 208 207 207 205 204 203 203 203 203 203 203 203 203 203 203 203 203 203 203 203 203 203 203 203 203 203 203 204 204 204 204 204 205 205 205 205 205 205 205 206 206 206 206 206 206 206 206 206 206 207 207 207 208 209 210 209 208 207 207 207 206 206 206 205 205 204 205 205 206 205 205 208 210 210 209 209 209 209 209 209 209 210 210 210 211 211 211 212 213 213 214 215 216 217 218 218 218 219 220 220 221 221 221 220 220 220 220 221 222 222 223 222 222 222 223 224 226 226 227 227 227 227 227 227 226 225 224 223 222 221 221 220 219 218 217 217 216 216 217 218 219 219 220 221 222 224 225 226 226 228 228 228 228 227 227 227 226 225 224 223 222 221 220 220 219 219 220 220 221 222 222 223 223 222 223 223 222 222 222 221 221 220 220 220 219 218 218 217 217 217 216 216 217 218 219 220 220 221 221 221 221 221 221 222 222 222 223 224 224 225 226 227 229 229 231 232 232 233 234 235
197 196 196 197 196 194 194 194 196 198 198 198 198 198 198 200 205 214 219 224 228 227 213 224 225 224 222 219 218 216 214 212 212 211 211 210 206 209 217 218 217 218 213 210 213 219 219 215 221 235 239 238 235 234 234 238 241 244 246 247 249 250 251 250 250 249 248 246 244 243 241 239 238 233 236 234 231 231 230 232 233 235 237 238 240 241 241 243 244 245 245 245 244 245 253 267 279 281 275 264 249 236 231 227 227 226 226 227 227 227 227 227 227 227 226 226 226 231 230 230 230 227 227 227 227 224 221 220 218 217 217 217 217 218 217 217 216 215 215 216 216 217 218 217 216 215 215 213 212 211 211 211 212 211 210 209 209 208 208 208 208 207 207 206 206 205 205 205 205 209 205 205 205 205 205 205 205 205 206 206 206 204 200 200 202 202 202 202 202 202 202 202 201 201 200 201 203 203 203 203 203 203 202 203 203 203 204 204 204 205 204 205 205 205 205 206 206 206 206 206 206 206 206 206 206 206 206 206 207 207 207 207 207 208 209 208 208 208 207 207 207 206 206 206 205 204 206 206 206 206 204 204 208 208 208 209 209 209 209 209 209 209 209 209 210 210 210 211 211 212 213 213 214 216 217 217 218 218 220 220 221 221 221 221 220 220 219 220 221 221 221 221 220 221 222 222 224 225 225 225 225 225 225 225 224 224 223 222 221 220 220 219 218 218 217 217 216 216 216 217 217 218 219 220 221 222 223 225 225 226 228 227 227 227 227 226 226 226 225 223 222 221 220 219 219 219 220 221 222 223 223 223 223 223 224 224 224 223 223 222 222 222 221 221 220 219 218 218 218 217 216 216 217 218 219 220 221 221 221 222 222 222 222 222 222 222 223 224 224 225 226 227 228 229 231 232 232 235 236 236
197 196 196 196 196 196 196 196 196 194 198 197 198 198 198 200 204 209 215 220 222 221 213 216 224 223 221 218 217 215 214 212 211 211 210 210 206 209 217 215 216 208 198 195 199 211 212 213 217 233 235 234 232 229 234 238 241 243 245 247 248 250 250 250 250 249 247 246 244 242 241 239 237 235 232 236 230 230 230 231 233 235 236 238 239 240 240 242 244 245 245 245 244 244 248 262 277 284 280 266 250 237 232 230 229 228 228 228 228 229 228 228 228 228 228 228 228 230 231 230 230 229 228 228 230 227 223 221 219 218 219 219 219 220 220 219 217 216 216 217 218 218 219 218 218 217 215 214 213 213 213 214 215 214 211 209 208 208 208 208 207 207 207 206 206 205 205 205 211 205 205 205 205 205 205 204 204 204 205 205 203 202 202 202 203 202 202 202 202 202 202 202 202 202 202 202 203 203 203 203 203 203 202 203 203 204 204 204 205 205 206 206 206 206 206 206 206 206 206 206 206 206 206 206 206 206 206 206 206 206 206 207 207 207 208 208 208 208 207 207 207 207 207 206 206 205 206 206 206 206 204 206 206 207 208 208 209 209 209 209 208 208 209 209 209 210 210 210 210 211 212 212 213 214 215 216 218 219 220 220 221 221 221 221 220 220 219 218 220 220 220 219 219 218 219 220 222 225 224 223 223 223 224 224 223 223 222 222 220 219 219 218 218 217 217 216 216 216 216 216 216 217 218 219 220 221 222 223 224 225 227 227 226 225 225 225 225 225 224 223 222 220 219 218 218 219 220 222 222 223 223 224 224 225 225 225 225 225 225 224 223 223 222 222 221 220 220 219 219 218 217 216 217 217 218 219 220 220 221 221 222 222 223 223 223 223 223 224 224 225 226 228 229 230 232 232 233 236 237 237
197 196 196 196 197 197 197 196 196 196 194 196 198 198 199 199 202 209 216 220 219 216 213 217 223 223 220 217 216 214 213 211 211 210 210 210 207 208 219 210 214 207 191 191 186 194 201 210 216 229 230 230 225 233 237 238 239 241 243 245 248 250 251 251 250 249 248 246 244 243 241 239 237 234 232 233 232 228 229 231 233 234 236 237 239 240 240 241 243 245 245 245 244 244 244 256 273 283 280 266 249 237 232 231 231 231 230 230 230 230 230 230 230 230 229 229 229 230 230 231 231 231 228 228 232 228 224 221 220 220 221 222 222 222 222 221 219 217 218 219 219 220 220 220 219 218 216 215 214 214 216 217 217 215 211 209 208 208 208 207 207 207 206 206 206 205 205 212 205 204 204 204 204 204 204 204 204 204 205 203 202 202 203 203 203 203 203 203 203 203 203 203 203 203 202 200 202 202 202 202 203 202 203 203 204 205 205 206 207 208 208 208 207 207 207 207 207 207 206 206 206 206 206 206 206 206 206 206 206 206 206 207 207 207 207 207 207 207 207 208 208 207 207 207 206 206 206 206 206 205 204 205 205 205 206 207 208 208 208 208 208 208 208 208 208 209 209 209 210 210 211 212 212 213 214 216 218 219 220 221 221 221 221 221 220 219 219 218 218 218 218 218 217 217 217 218 220 222 222 221 221 221 222 223 222 221 221 220 220 219 218 217 217 217 216 216 216 215 215 215 215 216 217 218 219 220 221 222 223 224 225 225 224 224 223 224 224 224 223 222 221 220 218 218 218 220 222 223 223 224 224 225 226 226 227 227 227 226 226 225 225 224 224 223 222 221 221 220 220 219 218 217 216 217 217 218 219 219 220 221 221 223 223 224 224 224 224 224 224 225 227 228 229 230 232 232 234 237 237 238
196 196 196 196 196 196 196 196 196 196 196 196 197 198 198 199 202 209 216 216 214 213 212 217 222 221 218 215 214 213 212 210 210 209 210 209 208 209 214 207 210 207 192 193 187 186 192 207 215 223 223 223 229 233 235 236 237 239 241 244 247 250 251 252 251 249 248 246 245 243 241 239 236 234 231 230 234 228 228 231 233 234 236 237 238 239 240 241 243 245 245 245 244 243 243 251 268 280 279 266 249 236 232 232 232 232 231 231 231 232 232 231 231 231 231 231 230 230 231 231 233 234 234 234 231 227 224 223 222 223 223 223 224 225 224 221 220 218 219 220 221 222 221 220 219 218 217 216 216 216 217 217 216 213 210 208 208 208 207 207 207 207 206 206 206 205 211 205 205 204 204 204 204 204 204 204 205 205 203 200 202 202 203 203 203 203 203 203 203 204 205 204 204 204 203 203 203 202 202 202 202 203 204 206 207 208 208 209 210 210 210 210 210 209 209 209 209 209 208 207 207 207 206 206 206 206 206 206 206 206 206 207 207 207 207 207 207 207 207 208 208 207 207 207 207 206 206 206 206 205 205 206 206 205 205 207 207 207 208 208 208 207 207 207 208 208 209 209 210 210 210 211 212 213 215 216 218 219 220 220 220 220 220 220 220 219 218 217 216 216 216 216 216 216 216 216 218 220 220 219 219 219 220 221 220 219 219 219 219 218 217 217 216 216 215 215 215 215 215 214 215 215 216 217 218 219 220 221 222 223 223 223 223 222 222 222 222 222 222 221 220 218 218 218 219 221 223 224 225 225 225 226 227 227 228 228 228 227 227 227 226 226 225 224 222 221 221 221 221 220 218 217 216 216 217 217 218 219 219 220 221 222 223 224 224 224 224 224 224 226 227 229 229 231 232 231 235 237 239 240
197 196 196 196 196 196 196 196 196 196 195 196 197 198 198 198 201 207 212 211 209 209 210 215 220 220 217 214 212 212 211 210 208 208 209 209 208 211 206 206 207 206 191 193 190 183 192 201 216 218 221 222 226 230 232 233 235 236 238 242 246 249 251 252 251 249 248 246 245 243 241 239 237 234 232 229 230 231 228 230 233 234 236 237 238 239 240 241 243 244 245 244 243 243 242 246 261 273 276 266 249 235 232 232 232 232 232 232 233 233 233 233 233 233 233 232 231 231 232 233 235 235 234 233 230 228 226 225 225 226 226 226 227 228 226 222 220 223 222 222 222 223 222 221 220 219 217 217 216 216 217 217 214 211 209 208 207 207 207 207 207 206 206 206 205 206 205 205 205 204 204 204 204 204 204 205 203 203 203 202 203 203 203 203 203 203 204 204 204 205 206 206 205 205 205 204 204 203 203 204 206 206 207 209 210 211 212 212 213 213 213 213 212 212 212 211 211 211 210 208 207 207 206 207 207 206 206 206 206 206 206 207 207 207 207 207 207 207 207 208 208 208 207 207 207 207 206 206 206 206 205 207 207 206 205 205 207 207 207 207 207 207 207 207 207 207 209 209 209 210 211 211 213 214 215 216 217 219 219 219 219 220 220 220 219 218 218 217 216 215 215 215 215 215 214 215 216 217 217 217 217 217 218 218 218 218 217 217 217 217 217 216 215 215 214 214 214 214 214 214 214 215 215 216 217 218 219 219 221 222 222 222 222 221 221 221 221 221 220 219 218 218 218 218 219 221 223 225 225 226 226 227 227 228 228 229 229 228 228 228 227 226 225 224 223 222 222 221 220 219 218 216 216 216 216 217 217 218 219 219 220 222 223 224 225 225 224 225 225 226 228 228 229 231 232 231 236 239 240 242
