# 400 400
244 242 241 239 237 234 232 229 233 237 239 241 242 243 244 244 244 242 240 236 230 225 222 220 219 219 218 219 220 221 223 227 227 227 220 216 216 215 219 224 226 228 230 233 234 235 235 236 236 236 235 234 234 235 236 238 239 240 241 241 241 242 242 242 242 243 242 241 239 237 235 234 235 235 238 239 241 243 245 247 246 250 250 249 248 247 246 245 244 243 244 245 246 248 250 252 253 255 256 258 259 260 260 259 257 256 254 252 251 249 249 247 246 245 244 242 241 239 238 237 235 232 233 236 238 239 240 240 240 239 239 238 237 234 232 234 235 235 234 234 236 238 239 238 237 236 235 235 236 236 236 235 235 235 234 234 233 233 232 231 231 231 231 232 232 232 232 232 231 230 229 228 227 225 224 223 223 222 222 221 220 219 219 222 225 226 227 227 226 225 224 222 223 225 227 228 230 232 233 234 236 237 238 238 239 238 239 239 239 239 239 240 240 241 241 241 240 240 240 240 238 238 237 236 234 233 232 231 230 229 229 229 229 229 228 229 228 228 228 227 226 226 224 223 222 220 220 219 219 220 221 221 221 221 221 221 220 220 219 219 218 218 218 218 218 218 219 219 219 219 218 217 216 216 215 215 214 213 212 210 208 204 204 200 198 197 197 198 199 201 204 206 205 205 205 207 211 213 217 219 221 223 223 223 223 222 221 220 219 217 216 215 214 213 212 211 210 209 208 207 204 203 203 206 208 210 211 214 218 221 222 224 226 227 227 228 229 229 228 225 222 217 212 208 207 203 198 193 187 183 180 179 179 178 182 187 192 196 201 206 208 203 196 185 178 177 176 177 177 176 179 179 178 178 178 178 178 178 178 178 178 179 178 178 179 179 179 179 181 183 185 186 187 186 186 186 188 189 190 188
243 242 241 239 235 233 231 230 233 236 239 241 242 243 244 244 244 242 240 236 232 227 224 223 222 221 221 222 223 224 227 228 228 223 219 216 214 216 219 226 229 230 232 234 235 236 237 237 238 238 237 237 236 236 237 239 240 240 241 241 241 242 242 243 244 243 243 242 238 235 234 233 235 237 239 240 242 244 246 248 249 249 248 249 247 246 244 243 242 243 244 245 247 249 250 252 254 256 258 259 260 261 261 260 259 259 256 255 253 251 250 249 247 245 243 241 239 238 237 235 234 234 237 238 240 241 241 241 241 241 240 239 237 234 235 236 236 237 236 235 236 238 239 239 238 237 236 237 237 237 237 237 236 236 235 235 234 234 233 232 232 232 233 233 233 233 232 232 231 230 229 228 226 225 224 223 223 223 223 223 222 219 219 223 226 227 228 228 228 227 226 224 224 226 229 230 231 233 234 235 236 238 239 239 240 240 241 240 240 240 241 241 241 240 241 241 241 241 241 240 239 238 238 237 236 235 233 232 231 230 230 230 230 229 228 228 229 229 228 228 227 226 225 224 223 222 221 221 221 222 222 222 222 222 222 222 221 221 220 220 220 219 219 219 219 219 219 219 219 219 218 217 217 216 216 214 212 210 208 206 203 200 199 198 198 200 201 202 203 202 205 207 207 208 207 208 211 213 216 219 222 223 224 224 224 223 222 221 220 219 217 216 215 213 212 211 209 209 207 206 204 204 205 207 209 210 212 213 216 217 218 218 219 221 222 224 225 226 225 223 220 214 210 205 203 200 196 192 188 184 181 179 179 179 181 187 194 198 205 209 212 209 202 195 182 177 176 176 177 177 176 178 178 178 178 178 178 178 177 178 179 179 178 179 179 179 179 179 180 181 183 184 184 185 185 185 186 187 187 186
243 241 239 236 234 234 233 232 233 236 238 240 241 243 244 244 243 242 240 237 233 230 228 226 225 224 224 224 226 227 227 228 227 221 218 215 215 217 223 228 230 232 233 235 236 237 238 239 239 239 239 239 238 238 238 239 240 240 241 242 242 242 243 243 243 242 241 240 235 234 233 234 236 238 240 241 243 245 246 248 249 248 249 245 246 244 243 242 242 243 245 246 248 249 250 252 254 257 259 261 262 262 263 263 262 261 260 258 255 255 252 251 248 246 243 242 240 238 236 235 235 237 239 240 241 242 242 242 243 242 241 240 237 237 237 238 238 239 239 238 238 239 240 240 239 237 237 238 238 238 238 238 237 237 236 236 235 234 234 233 233 233 233 233 233 233 233 232 231 230 229 228 226 225 225 224 225 225 225 225 223 220 219 223 227 228 229 229 229 229 228 226 224 227 229 231 232 233 235 236 237 238 239 242 241 241 241 241 241 241 241 241 241 240 241 241 241 241 240 239 239 238 238 237 236 235 234 233 232 231 231 231 231 230 229 229 230 229 228 228 227 227 226 225 224 223 223 222 223 223 223 223 223 223 223 223 222 222 222 221 221 220 220 219 219 220 220 220 220 219 218 218 218 217 216 215 212 208 205 202 200 200 199 201 203 204 206 207 207 205 205 207 209 210 210 211 212 215 217 219 222 224 225 226 225 225 224 223 221 220 219 217 216 214 213 211 209 207 207 205 205 205 206 207 208 209 209 210 210 210 208 206 207 208 213 220 221 222 222 220 217 213 208 204 201 197 194 191 187 183 180 180 180 179 179 186 193 199 206 211 214 212 207 199 191 180 178 176 176 177 176 177 177 178 178 178 178 178 177 178 179 179 179 178 179 179 179 179 180 180 181 183 183 185 185 185 186 186 186 186
242 240 238 237 237 237 236 233 234 236 238 240 241 242 244 244 243 243 241 238 236 233 231 229 228 227 227 228 228 229 229 228 224 219 216 214 216 219 223 228 230 232 233 235 236 237 239 240 240 240 240 240 240 240 239 240 241 241 243 243 243 243 242 242 241 239 239 236 234 233 233 235 237 239 240 242 243 245 246 248 249 249 248 248 246 243 242 241 242 243 245 246 247 249 250 252 254 257 260 262 263 264 264 265 264 263 263 261 259 257 254 253 250 249 246 244 241 239 238 236 237 239 240 241 243 244 244 244 244 243 242 240 238 239 240 240 241 241 240 240 240 239 240 240 239 238 238 239 239 239 239 239 238 237 237 236 236 235 234 234 233 233 234 234 234 234 233 232 231 230 229 228 227 226 225 225 226 226 226 225 224 220 219 223 227 229 230 230 230 230 229 228 227 227 229 231 233 234 235 236 237 238 239 240 241 242 242 242 242 241 241 240 240 240 240 240 240 240 239 238 238 238 237 237 236 235 234 235 234 233 232 232 231 231 230 230 230 229 228 228 228 227 227 226 225 224 224 224 224 224 224 224 224 224 224 224 223 223 223 222 222 221 221 220 220 220 221 220 220 219 219 218 217 216 215 213 211 208 203 201 200 202 205 206 207 208 209 210 209 208 208 208 210 211 212 213 215 216 217 219 221 224 225 226 226 226 225 224 223 221 220 218 217 215 213 211 209 208 207 206 206 207 207 206 206 206 206 205 203 202 200 200 199 199 201 206 211 215 216 215 213 210 206 202 200 196 194 190 187 181 179 180 179 179 178 183 192 200 207 213 216 215 211 204 195 186 178 178 176 177 176 176 177 178 178 178 178 178 178 178 178 178 178 179 179 178 179 180 181 180 180 182 183 184 184 184 184 185 185 185
242 240 239 239 240 239 237 235 235 237 238 240 241 242 243 244 244 243 241 240 238 236 234 233 232 231 230 230 230 231 230 228 221 217 216 216 217 221 224 227 230 232 233 235 236 237 239 240 241 241 241 241 241 240 240 240 241 242 243 243 243 242 241 240 239 237 235 233 233 232 233 236 238 239 241 243 244 246 247 249 249 248 247 245 243 242 245 241 242 243 244 245 247 248 250 252 254 256 260 262 264 266 267 267 267 268 266 264 263 260 258 256 255 250 248 245 243 240 238 236 237 239 241 243 244 246 246 246 245 244 243 241 240 241 241 241 242 242 242 242 241 241 241 240 240 239 239 240 240 240 240 239 238 237 237 236 235 235 234 233 233 234 234 234 234 234 233 232 231 230 229 228 227 226 226 226 227 227 226 226 224 221 220 224 228 230 231 231 231 231 231 230 228 227 228 231 233 234 235 236 237 238 239 240 241 242 242 242 242 241 240 239 239 238 238 238 238 237 237 236 236 236 236 235 235 234 234 235 234 233 232 232 231 231 231 230 230 229 229 228 228 227 227 227 226 225 225 224 224 224 225 225 225 225 224 224 224 224 223 223 223 222 222 221 221 221 221 220 220 218 218 216 215 214 212 211 208 204 201 200 203 206 209 211 211 212 212 212 211 211 210 210 211 213 214 215 216 217 219 220 222 223 225 226 226 226 226 225 224 222 220 219 217 215 213 211 210 209 208 208 207 207 206 205 205 204 203 201 200 199 198 197 196 196 195 195 198 204 208 208 207 205 204 201 198 196 193 191 187 185 181 180 180 179 179 180 190 200 209 214 217 217 213 207 200 193 184 179 177 176 177 178 177 178 178 178 178 179 179 178 177 178 178 179 179 178 179 180 181 180 180 182 183 184 184 183 183 183 184 184
242 240 241 242 241 240 238 237 237 238 239 240 241 243 243 244 244 243 242 242 240 238 237 236 235 235 234 232 231 232 230 224 218 216 216 217 220 222 224 226 228 231 233 234 236 238 239 240 241 241 242 243 242 242 242 243 243 242 242 243 242 240 240 239 238 235 233 232 232 233 235 237 239 240 242 243 245 246 247 249 248 247 245 243 241 240 241 245 241 242 244 245 246 248 249 251 252 255 259 262 264 267 269 270 270 270 269 268 265 263 261 258 255 252 250 247 244 241 239 238 239 240 242 244 246 247 247 247 247 246 244 242 241 243 244 244 244 243 243 243 243 242 241 241 240 240 240 241 241 240 240 239 238 237 236 235 235 234 234 233 233 233 234 234 234 234 233 232 231 230 229 228 227 227 227 227 227 227 227 226 224 220 220 224 228 230 231 232 232 232 232 231 230 229 228 230 232 234 235 236 237 238 238 239 241 241 241 241 241 241 240 239 237 237 236 237 236 236 235 235 234 234 234 234 233 233 232 232 232 232 232 231 230 230 230 229 229 228 228 227 227 227 227 227 227 226 226 225 225 225 225 224 224 225 225 225 225 224 224 223 223 223 222 222 222 221 221 220 218 216 215 214 211 210 207 205 203 201 200 201 205 210 212 214 214 214 214 214 213 213 213 213 213 214 215 216 217 218 219 220 222 223 224 225 226 226 226 225 224 223 221 219 218 215 213 212 211 210 209 208 208 207 205 204 203 202 201 200 198 196 195 194 193 193 193 193 193 194 197 200 200 201 201 199 197 195 192 190 183 184 181 179 181 179 179 179 186 199 209 215 219 218 215 210 204 195 190 185 179 177 176 177 177 178 179 179 179 179 178 179 179 179 177 179 180 179 179 180 180 180 180 182 183 184 184 183 183 183 183 184
242 242 242 243 243 241 239 238 238 239 240 241 242 243 243 243 244 244 243 243 240 240 240 240 239 238 237 235 234 232 227 220 217 216 217 219 224 226 227 227 228 231 233 235 236 238 239 240 241 241 242 242 242 242 243 243 243 243 243 242 240 240 239 238 236 233 231 231 233 235 237 238 240 242 243 245 246 246 247 247 247 246 244 242 240 239 240 240 243 243 243 244 246 247 249 250 251 253 256 260 263 266 268 271 272 272 272 270 268 266 264 261 258 255 252 248 245 242 240 240 241 241 242 245 247 248 249 249 248 247 246 244 243 244 245 246 245 245 245 244 244 243 242 242 241 241 241 241 241 240 240 239 238 236 236 235 234 234 233 232 232 233 234 234 233 233 233 232 231 230 229 228 228 228 228 228 228 227 226 225 223 220 221 224 228 230 231 232 233 233 233 232 232 231 230 230 231 233 235 236 236 237 238 239 240 240 240 240 240 240 239 238 237 236 235 235 234 234 234 233 232 232 232 232 231 231 231 231 231 231 230 230 229 229 228 228 228 227 227 227 227 226 226 226 227 227 226 226 225 225 226 225 225 225 225 224 225 224 224 224 223 223 222 222 222 222 221 220 218 215 214 211 208 205 202 201 201 201 202 204 209 213 215 216 216 216 216 216 215 215 215 215 215 216 216 217 218 218 219 220 221 222 223 224 225 226 226 225 225 223 221 220 218 216 215 213 212 212 210 208 208 207 205 203 201 200 199 198 197 195 193 192 191 190 190 190 190 191 193 194 196 198 198 198 196 194 191 189 188 184 182 179 182 179 179 179 182 199 209 216 219 219 216 212 205 198 193 188 183 179 177 176 178 178 179 179 179 179 178 179 179 179 179 178 179 180 179 180 180 180 180 182 182 182 182 182 182 182 183 184
243 243 244 244 244 242 241 239 239 240 240 241 242 242 243 243 243 243 242 243 243 242 242 242 241 241 239 237 235 231 226 217 216 216 217 222 226 229 230 230 230 231 233 235 236 238 239 240 241 241 242 242 242 242 242 243 243 242 242 241 241 239 238 237 235 232 231 232 235 237 238 239 241 243 244 246 247 247 247 246 245 244 243 240 239 239 240 241 242 243 245 245 246 247 248 248 250 251 252 256 260 264 267 270 272 273 274 272 270 268 266 263 260 257 253 250 246 243 242 243 244 244 244 246 248 250 251 251 250 249 248 247 246 246 247 247 247 247 246 245 245 244 243 242 242 242 241 241 241 240 239 238 237 236 235 234 233 233 232 232 232 232 233 233 233 233 232 232 231 230 229 229 229 228 228 227 227 226 225 223 221 220 222 225 228 230 231 232 233 233 234 233 233 232 232 231 231 232 233 235 235 236 237 238 239 239 240 239 239 239 239 238 236 235 233 233 232 232 232 232 231 231 230 230 230 230 229 229 229 229 228 228 228 227 226 226 226 226 226 226 225 225 225 225 226 225 225 225 225 225 225 226 225 225 225 224 224 224 223 223 223 223 223 222 222 222 221 220 217 214 211 208 205 202 201 203 202 203 205 209 212 214 216 217 218 218 218 218 217 217 217 217 217 217 217 217 218 218 219 220 220 221 222 223 224 225 225 225 224 223 222 220 219 217 216 214 213 212 211 210 209 207 205 203 201 199 197 196 194 194 193 191 190 189 187 187 187 188 189 191 193 195 196 196 195 193 191 192 187 184 181 180 182 180 179 179 179 199 211 218 220 219 218 214 208 202 196 190 185 182 179 178 179 178 178 179 179 178 177 178 178 178 178 179 179 179 179 180 180 180 181 181 181 181 181 182 182 182 183 184
244 245 245 246 245 243 242 241 240 241 240 242 242 243 243 243 243 243 243 243 243 243 243 244 243 243 242 239 236 232 223 217 215 217 219 224 228 231 232 233 232 232 234 235 236 238 239 240 241 241 242 242 242 242 242 242 243 242 241 240 239 239 237 235 233 230 231 233 236 237 239 240 242 244 245 246 247 246 246 245 244 242 240 239 238 239 240 241 242 243 245 246 246 247 247 248 248 249 250 252 254 259 263 267 270 273 274 273 271 269 267 264 262 259 255 252 249 247 246 246 247 248 248 248 249 251 252 253 252 251 250 250 249 249 249 249 249 248 247 246 245 245 244 243 242 242 241 241 240 239 238 236 235 234 234 233 233 232 232 231 231 231 232 232 232 232 232 231 231 230 230 229 228 228 227 226 225 224 223 222 221 221 222 225 227 229 230 231 232 233 233 234 234 234 234 233 232 232 233 234 235 235 236 237 238 238 239 239 238 238 237 237 236 235 233 232 231 231 231 231 231 230 229 228 229 228 228 228 228 227 227 226 226 225 224 224 224 224 224 224 224 224 224 224 224 224 223 224 224 224 224 225 225 224 224 224 224 223 223 223 223 222 222 222 222 222 221 220 218 214 210 207 204 201 202 206 206 205 208 211 214 216 217 218 219 220 220 220 219 218 217 218 218 218 217 218 218 218 219 219 219 220 220 221 222 223 223 224 224 223 222 220 219 217 215 213 213 212 211 210 209 207 206 203 202 199 197 196 194 193 193 191 191 190 188 187 185 185 186 188 189 191 193 195 194 188 189 189 186 183 179 181 181 181 180 180 180 198 213 219 221 220 219 216 211 204 198 191 185 184 180 177 177 178 178 178 178 178 178 179 179 179 179 179 178 179 178 180 180 180 180 181 180 181 181 181 181 182 182 183
246 246 246 246 245 244 243 242 241 242 241 242 243 243 242 242 242 242 241 242 242 242 243 243 244 244 243 241 237 232 222 218 216 217 220 224 228 233 233 233 234 234 235 236 237 238 239 240 241 241 241 241 241 240 240 241 240 240 240 239 238 237 236 233 231 230 231 234 236 238 239 241 243 245 246 246 245 244 244 243 242 241 239 238 238 239 240 241 242 243 244 244 244 245 245 246 247 248 249 250 251 253 256 262 267 270 272 272 271 270 268 265 263 260 258 254 252 250 249 249 250 251 251 252 251 253 254 254 254 254 253 252 252 251 251 251 250 250 249 247 246 245 244 243 242 241 241 240 239 238 236 235 235 234 234 234 234 233 232 231 231 231 231 231 231 231 230 230 229 229 228 228 227 226 225 224 223 223 222 223 223 223 223 225 227 229 230 231 232 233 233 234 235 235 235 235 234 233 233 234 234 235 236 237 237 238 239 238 237 237 236 236 235 234 232 231 231 230 229 229 230 229 229 228 226 226 227 226 226 225 225 224 224 223 223 222 222 222 222 222 222 222 222 222 222 222 222 222 222 222 223 223 223 222 222 223 223 222 222 222 222 222 222 221 221 220 219 218 217 214 209 207 203 202 206 209 210 208 209 212 215 217 218 219 220 221 221 221 221 220 219 219 218 218 218 218 218 218 217 217 218 218 218 219 220 221 222 223 223 222 221 220 218 216 214 213 213 212 211 210 209 208 206 204 202 201 199 197 196 195 194 194 193 192 190 189 186 183 183 184 186 187 189 187 187 187 190 187 184 182 179 182 182 181 181 181 181 198 213 219 221 220 219 216 212 205 197 190 188 186 183 179 177 178 178 178 178 178 178 179 179 179 179 179 179 179 179 179 180 180 180 180 180 181 181 181 181 181 181 182
247 247 247 247 246 245 244 242 242 242 241 242 242 242 242 241 241 240 240 240 240 240 241 242 243 243 243 241 237 233 224 218 215 217 217 221 226 230 233 234 235 235 236 237 238 238 239 240 240 241 240 240 240 240 239 239 238 238 237 237 237 235 233 231 230 230 232 235 237 238 240 241 243 244 246 246 245 244 242 241 240 239 238 238 238 238 240 241 241 242 243 243 243 244 246 246 247 248 249 250 251 252 253 255 259 265 268 270 270 269 267 266 264 261 259 257 255 254 253 253 253 254 254 254 254 255 256 256 256 256 255 255 254 253 253 253 252 251 249 248 247 245 244 242 241 240 239 238 237 236 236 235 235 235 235 235 234 233 232 232 232 232 231 230 230 230 230 229 228 228 227 227 226 226 225 224 224 225 225 225 225 225 225 224 226 228 229 230 231 232 233 234 235 235 236 236 235 235 235 234 235 235 236 237 238 238 238 238 237 236 235 234 234 233 232 231 230 229 228 228 228 228 228 227 226 225 224 225 224 223 223 222 222 221 221 221 220 220 220 220 220 220 220 221 221 221 220 221 220 220 220 221 221 220 221 221 221 221 221 221 221 221 220 219 217 217 217 216 215 212 208 205 202 202 208 211 211 210 209 213 215 217 219 220 220 221 221 221 220 220 220 219 219 218 217 217 217 216 215 215 215 216 216 216 217 219 220 221 221 220 220 218 216 214 213 212 211 211 211 210 209 207 206 205 203 201 200 198 198 197 196 195 194 193 192 190 187 184 182 182 182 181 181 181 182 183 182 182 181 180 181 181 181 181 181 181 182 193 208 218 220 220 218 214 208 199 193 191 192 192 186 178 178 179 178 178 179 178 179 179 179 180 179 179 178 179 179 178 178 179 180 180 180 181 181 181 181 181 181 181
249 248 248 247 246 245 244 242 242 242 242 242 242 242 241 240 239 239 238 238 238 238 238 238 239 241 241 240 237 234 228 219 216 216 217 218 221 225 229 232 234 235 236 237 238 239 239 239 239 239 239 239 238 237 237 236 235 235 235 235 234 232 230 229 230 231 233 236 237 239 240 241 243 244 245 245 244 242 240 239 238 238 237 237 237 238 239 239 240 241 241 242 243 244 246 247 248 249 250 251 252 253 253 254 255 257 262 266 267 267 267 265 264 262 261 259 258 257 256 256 256 256 257 257 257 257 258 258 258 258 257 257 256 256 255 254 253 251 250 249 247 245 243 242 240 239 238 238 238 237 237 237 237 237 236 236 235 234 233 233 233 233 232 231 230 230 230 229 229 229 228 228 228 229 229 228 228 228 228 228 228 227 226 225 225 227 228 229 230 232 233 233 234 235 236 236 236 236 236 236 236 236 237 237 238 239 239 238 237 236 234 233 233 232 231 230 229 229 228 227 227 227 227 226 225 224 223 222 223 222 222 221 221 220 219 219 219 218 217 218 218 218 219 219 219 219 219 218 218 218 217 218 219 219 219 219 219 219 220 219 220 220 219 218 216 215 214 213 212 210 206 203 202 203 209 212 212 212 211 212 215 217 219 220 220 221 221 220 220 220 220 219 218 218 217 217 216 215 213 212 212 213 213 214 215 216 217 219 219 218 217 215 213 211 211 210 210 210 209 209 208 207 206 205 204 202 201 199 198 197 196 195 195 193 192 190 188 184 182 181 181 180 180 179 180 181 180 180 180 181 181 181 181 181 181 181 184 189 198 208 216 220 218 212 204 197 193 193 198 199 191 184 179 177 178 178 178 179 179 179 179 180 179 179 179 179 179 179 179 179 180 180 180 180 181 181 181 181 180 181
249 249 248 247 246 245 244 243 243 242 242 242 241 241 240 239 238 237 237 236 236 236 235 235 235 235 236 236 236 233 230 225 219 216 216 217 217 219 220 221 228 234 235 236 237 238 238 238 238 237 237 236 235 234 234 233 232 232 232 231 230 229 229 229 230 232 234 236 237 239 240 241 242 244 245 244 243 240 238 237 237 236 236 236 237 238 239 239 240 241 242 242 244 245 247 248 249 247 251 251 252 253 253 253 253 254 255 258 262 264 264 264 263 263 261 260 260 258 258 258 258 258 258 258 259 259 259 259 260 260 260 259 258 257 256 255 254 252 251 249 247 245 244 242 241 240 240 240 240 239 239 239 238 238 237 236 235 235 234 234 234 234 234 232 231 231 231 231 231 231 231 231 231 231 230 230 230 230 230 229 229 229 228 227 226 226 227 228 230 231 232 233 234 235 236 236 237 237 237 237 237 237 238 238 238 239 238 238 236 235 235 233 232 231 230 229 228 228 227 226 226 226 225 224 223 222 222 221 221 221 221 220 220 220 220 220 220 219 218 218 217 216 216 216 216 216 216 216 216 216 216 216 217 217 217 217 217 217 218 218 218 218 217 216 213 212 211 209 207 205 204 202 202 206 210 213 214 213 213 212 215 217 218 219 220 220 220 220 220 219 219 218 218 217 216 216 214 212 211 210 209 210 211 211 213 214 215 216 216 215 214 212 210 209 208 207 207 207 207 208 207 207 206 205 204 203 201 200 199 198 196 195 194 192 191 188 185 182 181 181 180 180 179 180 180 179 180 180 180 181 181 181 181 181 181 181 185 189 192 197 204 216 218 213 206 198 195 207 212 208 198 187 185 178 178 178 179 179 179 179 178 179 180 179 179 179 179 180 179 180 179 180 181 180 180 180 180 181 181 181
249 249 248 247 246 245 244 243 243 242 241 241 241 240 239 238 237 236 235 235 234 233 233 232 231 231 231 232 232 232 230 227 222 218 217 216 217 216 217 216 217 225 232 235 237 237 238 237 237 236 234 233 232 231 230 229 228 228 227 226 227 228 229 230 232 234 235 237 238 239 240 241 242 243 244 244 242 240 238 236 235 235 236 236 238 238 239 240 240 241 242 243 244 245 247 248 249 250 246 251 251 252 252 252 252 252 253 253 255 257 259 260 261 261 261 261 260 260 260 259 259 260 260 260 260 260 260 261 261 261 261 260 259 258 257 256 255 253 252 250 248 246 244 243 242 242 242 242 241 241 240 240 239 239 238 237 236 236 235 235 235 234 234 233 232 232 231 232 232 233 232 232 232 232 232 232 231 231 231 231 230 230 229 229 228 227 228 228 229 230 232 233 234 235 236 236 237 237 237 238 238 238 238 238 239 238 238 238 236 235 235 234 232 231 230 229 229 228 227 226 225 224 223 223 222 222 223 223 223 222 222 221 222 222 223 223 223 222 221 220 219 218 217 216 215 214 214 214 214 214 213 214 214 214 215 215 215 215 216 217 217 217 216 214 212 209 207 205 205 203 203 203 205 208 212 214 215 215 214 214 214 217 218 219 219 219 219 219 219 218 218 217 216 216 215 214 213 211 209 207 207 208 208 209 211 212 213 214 214 213 212 211 209 207 206 205 205 205 205 206 206 205 205 204 203 202 201 200 198 197 196 194 193 190 188 184 182 180 181 180 180 179 180 181 180 180 179 180 180 180 181 181 181 181 181 185 189 191 195 197 203 213 217 214 208 199 198 213 217 214 205 194 187 182 178 178 178 178 178 178 178 180 182 180 179 179 179 179 179 180 179 180 180 180 180 180 180 181 181 181
250 249 248 247 246 245 244 243 242 241 241 240 239 239 238 238 236 234 233 232 232 231 230 229 229 229 228 228 228 226 225 223 221 219 217 217 218 217 217 217 217 218 223 231 235 236 237 237 235 233 231 230 228 227 227 225 225 226 226 226 228 230 231 233 234 236 236 237 238 239 240 241 242 242 243 243 242 239 237 235 235 235 237 237 237 238 238 239 240 240 241 242 244 245 246 247 248 249 249 250 247 251 251 251 251 251 251 252 254 255 257 259 259 259 260 260 260 260 260 260 260 260 261 261 262 262 262 262 262 262 262 261 260 259 258 257 256 255 253 251 249 247 245 244 244 244 243 243 242 242 241 241 240 240 239 239 238 237 236 236 236 235 234 234 232 232 232 233 233 234 234 234 234 234 234 233 233 233 233 232 232 231 230 230 229 229 229 228 229 230 231 232 233 234 235 236 237 237 238 238 238 238 238 238 238 238 238 236 236 235 235 234 233 232 231 230 230 229 228 227 226 225 225 225 224 225 225 225 225 224 224 224 223 223 225 225 224 224 223 222 221 220 219 218 217 216 215 214 213 212 212 211 211 211 211 212 213 214 214 215 216 216 214 212 209 207 205 205 204 205 205 206 207 210 213 215 216 216 216 215 215 216 217 218 219 219 219 219 218 218 217 216 215 214 214 212 211 209 208 206 205 205 205 207 209 211 211 212 212 211 211 210 208 206 204 203 202 202 203 203 204 203 204 203 202 201 200 200 198 196 194 192 190 186 182 181 181 180 180 179 180 181 180 180 180 180 179 180 180 180 180 180 181 181 186 191 194 197 200 203 207 215 219 216 208 201 202 216 220 218 210 202 190 188 181 179 179 178 179 179 179 181 182 181 180 180 179 179 180 180 180 181 180 180 181 181 180 180 181 181
250 248 247 246 245 244 243 242 241 241 239 239 238 238 238 237 236 234 232 230 229 229 228 227 226 226 226 225 223 221 220 219 219 218 220 220 220 219 219 218 217 217 219 224 232 234 235 234 233 230 228 226 225 224 224 226 227 228 229 230 231 232 233 235 235 236 237 238 238 239 240 241 242 243 242 242 240 238 235 235 235 237 239 239 239 238 238 239 239 240 240 241 243 244 245 246 247 247 248 249 249 249 247 250 249 250 250 252 253 255 256 258 258 259 259 258 258 258 259 260 261 261 262 262 262 263 263 263 264 263 263 262 261 260 259 258 257 255 254 252 250 248 246 245 245 245 244 244 243 243 242 242 241 241 241 240 239 239 238 237 236 236 234 234 233 233 233 234 234 235 235 235 235 235 235 235 234 234 234 234 233 232 232 231 230 230 230 230 230 230 231 231 233 234 235 236 237 238 238 238 239 238 238 238 238 238 237 236 235 235 235 234 234 233 233 232 231 230 229 228 227 227 227 226 226 227 227 226 226 226 226 225 225 225 225 226 226 225 224 224 223 222 221 220 220 218 218 216 216 215 214 213 212 211 210 210 210 211 212 214 214 213 211 209 207 206 205 206 208 209 210 210 210 212 213 215 217 218 217 217 217 218 218 218 219 219 219 218 217 217 216 215 214 213 212 211 209 208 206 204 203 203 203 205 207 209 210 210 210 210 210 208 208 206 204 203 200 199 200 201 201 200 202 202 201 200 199 198 196 194 191 188 186 182 181 180 180 179 180 180 180 180 180 180 180 179 180 180 180 180 180 180 181 183 192 199 203 206 211 213 217 220 221 218 207 202 209 220 223 222 217 210 203 194 187 181 180 180 179 179 179 180 181 181 180 180 180 180 180 180 180 180 180 181 181 181 181 181 181 180
249 247 246 245 244 243 242 241 241 239 239 238 236 237 237 235 234 233 231 230 228 227 226 225 225 224 223 223 221 220 221 221 221 220 221 222 222 222 221 219 217 218 219 220 227 232 233 232 229 227 225 223 224 225 227 229 230 231 232 233 233 234 235 235 236 237 237 238 239 239 240 240 241 242 241 240 238 236 234 235 236 238 239 240 240 240 240 240 240 240 240 241 241 242 243 245 246 247 247 248 249 249 249 248 248 250 251 251 253 254 255 257 257 258 258 257 256 256 257 258 259 260 261 262 262 263 264 264 265 264 263 263 262 261 259 258 257 255 254 252 250 248 247 246 246 246 245 245 244 244 243 243 242 242 241 241 241 240 238 238 237 237 235 234 233 234 234 235 236 236 236 236 236 236 236 236 236 235 235 235 234 234 233 232 232 232 231 231 231 231 231 231 232 234 235 236 237 238 238 238 239 238 238 238 237 237 236 235 234 234 234 234 234 234 233 232 232 231 230 230 229 228 228 228 228 228 228 228 227 227 227 226 226 226 227 227 226 226 226 225 224 223 223 222 220 220 220 219 219 218 216 216 215 214 213 212 210 210 210 211 211 209 209 208 206 206 207 210 212 213 213 212 212 213 213 215 217 218 219 219 218 218 219 219 218 218 218 217 217 216 215 214 214 213 212 210 209 208 206 205 204 202 202 203 205 207 208 208 208 208 208 208 207 206 204 203 201 199 197 198 199 199 200 200 200 199 197 195 193 191 186 185 182 181 180 179 180 180 180 181 180 180 180 180 181 180 180 181 181 181 182 183 184 190 201 210 215 217 222 222 223 224 223 216 206 204 214 223 225 225 222 219 213 207 198 189 182 182 181 179 179 179 181 182 181 181 180 180 180 180 180 180 180 180 180 181 181 181 182 181
247 246 245 243 243 242 241 240 239 239 238 238 237 236 235 234 233 232 231 229 227 228 229 229 228 227 225 222 221 223 224 225 224 222 224 225 225 224 223 220 218 218 219 220 222 228 229 228 225 223 223 223 225 228 230 231 233 233 234 234 234 235 235 236 236 237 237 238 238 239 240 240 241 240 239 237 235 234 234 235 237 238 239 240 241 241 241 241 242 242 241 241 241 242 243 244 245 246 246 247 247 248 248 248 249 250 248 251 253 254 255 256 256 257 256 255 254 254 255 256 258 259 260 261 262 263 265 264 265 264 263 262 261 260 259 258 256 255 253 251 250 248 247 247 247 246 246 245 245 244 244 244 243 243 242 242 242 241 240 239 238 237 235 234 235 235 236 236 237 237 237 237 237 237 237 237 237 237 236 236 236 235 235 234 233 233 233 233 233 233 233 233 233 234 235 236 237 238 238 238 238 238 237 237 237 236 236 235 234 234 234 234 234 234 234 233 232 232 231 230 230 230 230 230 229 229 229 229 229 228 228 228 228 228 228 228 227 227 227 226 225 224 223 222 222 222 221 221 220 219 219 218 217 217 216 215 213 211 209 208 209 208 207 207 207 208 210 213 214 214 215 215 214 215 215 216 218 219 219 219 219 219 220 219 218 218 217 216 216 215 214 213 213 212 211 210 209 209 208 206 205 202 200 201 203 205 206 206 206 207 207 206 205 205 204 203 202 199 197 195 196 196 198 198 198 197 195 193 190 187 183 181 181 180 179 180 180 180 180 180 181 181 182 182 182 183 183 183 183 184 186 188 191 200 212 220 224 226 227 228 228 226 222 214 208 212 216 224 227 228 227 224 221 214 204 196 189 184 183 181 178 179 180 181 181 181 181 180 180 180 180 180 180 180 180 180 181 181 181 182
247 245 243 242 241 240 240 239 238 238 238 238 237 235 234 233 231 230 229 229 230 231 232 233 232 230 227 224 221 225 228 228 227 225 226 227 227 227 225 221 218 218 219 220 221 223 224 223 222 222 223 225 228 230 232 233 234 234 235 235 235 235 235 235 236 236 237 237 238 239 240 239 239 237 235 234 233 233 234 237 238 239 240 240 242 242 242 242 242 242 242 243 242 242 242 243 244 245 246 246 246 246 247 248 249 250 252 253 254 248 252 255 256 256 256 255 253 253 253 254 255 256 258 259 260 263 264 263 264 264 263 262 261 259 258 257 255 253 251 250 248 247 246 246 247 246 246 245 245 244 244 244 243 243 242 242 241 240 240 239 238 236 235 235 236 237 237 238 238 238 238 238 238 238 238 238 238 237 237 237 237 236 236 235 235 235 235 234 234 234 234 234 234 235 235 236 237 237 237 237 237 237 237 237 236 236 235 235 234 233 233 233 234 234 233 233 233 233 232 231 231 231 231 231 231 230 230 230 230 229 229 229 229 229 229 229 229 228 227 227 227 225 224 224 223 223 222 222 221 221 221 220 219 219 218 217 216 214 211 210 208 208 207 208 210 210 211 214 215 216 216 216 217 217 218 218 219 219 220 220 220 220 220 219 219 218 217 216 215 215 213 212 211 211 210 209 209 208 207 206 205 203 201 199 201 202 203 204 204 205 205 204 204 203 202 202 201 200 198 195 193 193 195 195 196 195 193 191 186 184 181 181 180 180 181 180 180 180 180 182 182 183 183 184 185 187 187 187 186 187 189 192 196 208 218 226 229 230 231 230 229 226 220 212 215 221 221 224 228 229 229 228 225 221 213 204 195 190 186 183 182 179 180 181 182 182 182 181 181 181 181 180 181 181 180 181 181 181 181 181
247 245 244 242 241 240 239 238 237 236 237 237 237 235 235 232 230 230 231 232 233 234 235 235 234 232 227 223 223 229 231 231 230 227 227 229 230 229 226 221 218 218 219 220 220 221 221 221 221 223 225 228 230 232 233 233 234 234 235 235 235 234 234 234 235 236 236 237 237 238 239 239 235 233 232 232 232 234 236 238 239 240 240 241 242 242 242 243 243 243 243 244 244 244 243 243 243 244 245 245 246 246 247 248 250 251 253 254 254 255 255 255 248 250 255 254 253 252 252 253 253 254 255 256 257 259 260 261 261 262 262 261 260 258 257 255 252 250 249 248 246 246 245 245 245 245 244 244 244 244 244 243 243 243 242 241 241 240 239 238 237 236 236 237 237 238 238 239 239 239 239 239 239 239 239 239 239 238 238 238 238 238 237 237 237 236 236 236 236 236 235 236 236 236 236 236 237 237 237 237 237 237 236 236 236 235 235 234 233 233 232 232 233 233 233 233 233 233 233 232 232 232 232 231 231 231 231 231 231 230 230 230 229 230 230 229 230 229 228 227 227 226 225 225 224 224 223 223 222 222 222 222 221 220 220 219 217 216 214 211 210 209 210 212 213 213 212 214 215 217 217 218 219 219 220 220 220 220 221 220 220 220 220 220 219 218 216 216 215 214 212 211 210 209 208 207 207 207 207 206 204 203 201 198 198 199 201 202 202 202 203 202 202 202 201 201 200 199 198 196 193 191 192 193 193 192 191 188 184 181 181 180 179 181 181 180 181 182 182 182 183 184 185 186 188 190 190 189 189 190 192 196 202 212 222 228 232 232 232 232 230 227 220 215 222 226 226 227 230 230 230 229 227 224 218 209 200 188 192 184 180 180 179 180 182 182 182 181 181 181 181 181 181 181 181 181 180 181 180 181
248 246 245 244 242 241 239 239 238 237 236 235 235 234 233 231 232 233 234 235 236 236 236 236 234 232 226 223 225 231 233 233 231 229 229 230 231 230 226 221 218 218 219 219 219 219 220 222 223 225 228 230 231 232 233 233 233 234 234 234 233 232 232 233 233 234 234 236 236 238 238 235 232 230 230 233 234 236 237 239 240 240 240 242 242 242 242 243 243 244 244 244 244 245 245 244 244 244 245 245 246 247 248 249 250 252 253 254 255 255 255 254 254 254 254 250 249 252 251 252 252 252 253 254 255 256 257 259 258 258 259 259 257 256 254 253 251 249 247 246 244 244 243 243 244 244 243 243 243 243 243 242 242 242 241 243 240 239 239 237 237 237 237 238 239 240 240 240 240 240 240 239 239 239 239 239 239 239 239 239 239 238 238 238 238 238 238 237 237 237 236 236 235 235 237 237 237 237 237 237 237 236 236 235 235 234 234 234 233 233 233 232 232 232 233 232 232 232 233 233 233 233 232 232 232 232 232 232 231 231 230 230 230 230 230 230 230 229 229 228 227 226 225 225 225 224 224 224 224 223 223 223 222 221 221 220 218 216 216 213 210 208 211 215 216 216 215 215 216 217 219 219 220 220 221 221 221 221 221 221 221 220 220 219 219 218 216 215 214 213 212 210 208 207 206 205 203 205 205 204 203 202 200 198 197 197 198 200 200 200 201 200 200 199 199 199 200 199 198 196 194 191 189 190 191 190 188 185 182 181 181 179 180 180 180 181 182 183 183 184 185 186 186 188 190 192 192 192 193 194 198 203 209 217 225 230 233 233 233 232 231 228 222 217 224 228 229 230 230 230 230 229 228 226 220 212 204 200 190 194 182 181 180 180 182 182 182 181 181 180 181 181 181 181 181 181 180 180 181 180
248 247 246 245 243 242 241 240 239 238 237 235 234 234 233 233 234 235 236 237 237 237 237 236 234 231 224 224 228 233 234 234 233 230 230 231 232 230 226 220 217 218 219 219 219 220 221 222 224 226 229 230 231 232 232 232 233 232 232 231 230 229 230 230 231 231 232 234 235 237 235 231 230 230 233 235 236 237 238 239 240 240 241 242 241 242 242 243 243 243 244 245 245 246 245 245 245 245 245 246 247 247 248 249 250 252 253 255 255 255 255 254 254 253 253 253 252 251 250 248 251 251 252 252 253 254 255 255 255 255 255 255 253 252 251 251 249 248 246 245 243 242 241 241 242 241 242 242 242 242 241 241 241 241 240 239 239 238 238 237 237 238 239 239 240 240 240 241 240 240 240 239 239 239 239 239 239 239 239 239 239 239 238 238 238 238 237 237 237 237 237 236 235 236 237 237 237 236 236 237 236 236 236 236 235 235 235 235 235 234 233 233 232 231 232 232 232 232 233 233 233 233 233 232 232 232 232 232 232 231 231 230 230 230 230 230 230 229 229 228 227 226 226 225 225 224 224 224 224 224 224 224 223 223 222 220 219 218 217 214 211 209 214 216 217 217 217 217 216 218 219 221 221 222 222 222 222 222 221 222 222 221 220 218 219 218 217 216 215 214 212 211 209 208 207 206 203 202 202 201 201 200 199 197 195 195 195 197 198 198 198 198 198 197 196 196 197 197 197 195 193 191 189 188 188 187 186 183 182 180 180 180 181 180 181 182 183 185 187 188 189 188 188 189 191 193 194 195 196 199 204 212 217 223 228 232 234 234 234 233 231 229 223 221 224 229 230 231 231 231 231 230 228 225 220 217 213 207 202 191 191 185 181 180 180 180 182 182 181 181 181 181 181 181 180 181 181 181 181 181
248 247 246 245 244 243 242 241 240 239 237 236 236 236 236 237 237 238 238 238 238 238 237 235 233 228 223 225 230 234 235 235 234 232 231 232 232 230 226 221 217 218 219 219 220 221 221 222 223 224 225 228 230 231 231 232 231 230 229 227 226 226 226 227 228 229 230 232 234 234 231 229 230 232 235 237 237 238 238 239 240 241 241 241 241 241 242 242 243 243 244 245 245 245 246 246 246 246 246 246 246 247 247 248 250 252 253 255 255 255 255 254 254 252 252 252 251 251 251 250 250 250 247 252 253 253 253 253 253 252 252 251 250 250 249 248 249 248 247 245 244 243 241 240 240 240 240 240 240 241 241 240 240 239 239 239 239 238 238 237 238 239 239 240 240 240 240 240 240 240 239 239 239 238 238 238 238 238 238 238 238 238 237 237 237 237 237 237 236 237 237 236 236 236 236 236 236 236 236 237 236 237 237 237 236 236 236 236 236 235 234 234 233 232 231 232 232 232 233 234 234 233 233 233 232 232 232 232 231 230 230 229 230 230 230 230 230 229 229 228 226 226 225 225 225 225 225 225 225 224 224 224 223 223 222 221 220 218 215 213 210 211 216 218 219 219 219 219 219 219 220 221 222 223 224 224 224 224 224 223 222 221 220 218 218 218 217 216 215 214 213 212 211 210 209 208 206 204 203 201 201 200 198 198 196 195 193 194 195 196 196 196 195 193 193 194 195 195 195 195 193 191 189 187 186 185 184 182 180 181 180 181 181 181 181 184 186 188 190 192 192 190 189 189 192 194 196 197 199 204 210 218 224 228 231 233 235 234 234 233 232 229 228 228 227 229 231 231 231 231 231 229 229 227 225 223 219 215 211 203 195 190 186 180 180 180 181 180 181 180 181 181 181 181 180 181 181 181 181 181
247 247 246 245 244 243 242 241 240 239 238 238 238 238 238 239 239 239 239 239 239 238 237 234 231 225 223 228 232 235 236 236 235 233 232 233 233 231 227 222 218 218 219 219 219 219 219 219 219 218 218 219 224 228 230 229 227 226 225 224 224 224 225 225 226 227 228 229 229 230 229 229 231 234 236 237 238 238 238 239 239 240 241 240 240 240 241 242 243 243 244 244 245 245 245 246 246 246 246 246 246 246 247 248 249 251 253 255 255 255 255 255 254 253 251 251 250 250 249 249 249 250 251 252 251 246 252 252 251 250 249 248 247 247 246 247 247 247 246 245 244 243 242 241 239 239 239 239 240 240 240 240 240 239 239 239 238 238 238 238 238 239 239 239 240 240 240 239 239 239 239 238 238 237 237 237 237 237 237 237 237 237 237 237 237 236 236 236 236 236 236 236 235 235 235 236 236 237 237 238 238 238 238 238 237 237 237 237 237 236 236 235 234 232 232 231 231 232 233 234 234 233 233 232 232 231 231 231 230 230 230 229 229 230 230 230 229 229 228 227 225 224 224 224 225 224 225 225 225 225 224 224 224 223 221 220 219 217 214 211 212 214 217 219 220 221 221 221 221 221 221 221 222 225 225 225 225 225 224 223 222 221 219 218 217 217 217 216 215 214 214 213 213 212 211 209 208 206 204 204 203 202 201 200 198 197 195 192 192 193 194 193 192 191 190 191 191 192 193 193 192 190 188 186 185 184 183 182 180 181 181 181 181 181 182 187 190 192 193 194 194 193 191 191 192 194 197 199 202 206 214 222 227 230 233 234 235 234 234 233 232 231 231 231 230 230 231 232 232 231 231 231 230 229 228 226 223 220 215 208 201 195 189 184 180 180 180 181 180 180 180 181 181 180 181 181 181 181 181 181
245 246 245 244 243 243 242 241 240 240 239 239 239 239 240 240 240 240 240 239 239 238 236 232 228 223 227 231 234 236 237 237 236 234 233 233 233 232 228 223 219 218 218 218 218 218 218 219 219 219 219 219 220 223 225 225 223 223 223 224 225 226 227 227 227 226 227 227 227 228 228 229 231 234 236 237 237 238 238 239 240 240 240 239 239 240 241 242 243 243 243 244 244 244 245 245 245 245 245 245 245 246 246 247 248 250 252 253 255 255 255 255 255 253 252 251 250 249 249 249 250 250 251 253 253 253 253 252 245 249 249 247 245 245 244 245 246 246 245 244 243 242 241 240 239 238 238 238 239 240 240 240 240 239 239 238 238 238 238 238 239 239 239 239 239 239 239 239 239 239 238 237 237 236 236 236 236 236 236 236 236 236 236 236 237 236 235 235 235 235 235 234 234 234 235 236 236 237 238 238 239 239 239 239 239 238 238 238 237 236 236 235 234 232 231 230 231 233 233 233 233 233 232 231 230 231 231 230 230 230 229 228 229 229 229 229 229 228 227 226 225 224 223 223 223 224 224 224 224 224 224 224 223 223 220 218 217 215 212 211 212 216 218 220 221 222 223 223 223 223 222 222 223 225 226 226 226 225 225 224 222 220 220 218 217 215 215 215 215 214 214 214 213 213 212 210 210 209 208 207 206 204 203 202 200 199 197 195 193 191 191 190 189 188 188 188 188 188 189 189 189 188 187 186 185 184 182 181 181 180 180 181 181 180 184 190 193 194 196 196 196 195 193 192 193 195 197 201 206 208 216 225 230 233 234 235 235 234 234 233 233 233 233 232 232 231 231 232 232 231 231 231 231 230 229 227 224 221 214 207 199 195 196 192 189 181 180 181 180 180 181 181 181 181 180 181 181 181 181 180
243 243 244 243 243 242 242 241 241 240 240 240 240 241 241 241 241 240 240 239 238 236 234 229 225 226 229 233 236 237 238 237 236 235 234 234 234 233 229 225 221 218 218 218 219 219 219 220 220 220 220 219 219 220 221 222 222 223 225 226 228 229 230 231 230 230 229 229 229 229 229 229 231 233 234 235 236 237 238 238 238 239 239 239 239 240 242 242 242 242 242 243 243 243 243 244 244 244 244 244 245 245 246 247 248 249 250 253 254 255 255 255 254 253 252 250 249 248 248 249 250 251 252 253 254 254 254 253 252 251 245 244 245 245 243 243 244 245 245 244 243 242 241 240 239 238 237 237 238 239 240 240 239 239 239 239 238 238 238 238 239 239 239 239 239 239 239 239 238 238 237 236 235 235 235 235 235 235 235 235 235 235 235 235 235 235 235 234 234 233 233 234 234 234 236 237 238 238 238 238 239 239 239 239 239 239 239 238 238 237 236 235 233 231 230 229 231 232 233 233 233 232 231 231 230 230 229 229 229 229 229 228 228 228 229 229 229 228 227 227 225 224 223 222 222 223 223 224 224 224 224 224 223 222 219 217 216 213 213 214 215 217 219 221 222 223 223 224 224 224 224 224 225 226 226 226 226 226 225 224 222 220 220 218 216 214 214 214 214 214 214 214 214 213 213 212 211 210 209 208 207 206 205 204 202 201 199 197 195 193 190 189 188 187 187 186 186 186 186 186 187 186 185 185 184 183 182 181 181 180 181 181 181 182 185 188 196 196 198 198 199 197 195 194 194 196 199 206 213 213 218 226 231 234 235 235 235 235 235 234 234 234 234 233 233 232 232 232 231 231 231 231 231 230 229 227 224 220 213 206 195 203 209 210 203 194 182 180 180 181 181 182 181 180 180 181 181 181 181 181
240 241 241 240 240 240 240 240 240 240 240 241 241 241 241 241 240 240 239 238 236 233 230 227 226 228 232 235 237 238 238 238 237 236 236 236 235 234 231 228 225 221 221 222 220 222 222 222 222 222 222 220 219 220 221 222 224 226 227 230 231 233 233 234 234 233 233 233 233 233 232 232 232 232 233 234 235 236 237 237 237 237 238 238 238 240 241 241 241 241 241 242 242 242 242 242 243 243 243 244 244 245 245 246 247 249 250 252 254 255 255 254 254 253 251 249 248 248 249 250 251 252 253 254 254 254 254 254 253 251 250 248 246 244 243 242 243 244 244 244 243 242 240 240 239 238 237 237 238 239 240 239 239 239 239 239 238 238 238 238 238 238 238 239 239 239 239 239 238 238 237 236 235 234 234 234 234 234 235 235 234 235 235 235 235 235 234 234 233 232 233 234 234 235 237 238 238 238 238 239 239 239 240 240 239 239 239 238 238 237 236 234 233 231 230 229 231 232 233 233 233 232 231 230 228 228 228 228 228 228 227 227 227 227 229 229 229 229 228 227 226 225 224 223 221 221 222 223 223 223 223 223 223 222 219 216 215 214 216 218 218 218 219 221 223 224 224 225 225 225 225 225 226 226 226 226 226 226 225 224 222 220 219 217 215 213 212 212 213 213 213 213 213 213 213 212 212 211 210 209 208 207 206 205 203 202 200 199 197 194 191 189 189 189 188 188 187 186 185 184 185 185 184 184 183 182 182 181 180 181 181 181 181 183 185 187 197 198 200 200 201 200 197 195 196 198 204 213 220 223 220 226 232 234 235 235 235 235 235 235 235 235 234 234 233 232 232 231 231 231 231 231 231 230 229 227 225 221 215 207 205 212 217 217 215 204 198 187 181 182 182 182 181 181 181 180 180 181 181 181
240 239 238 238 238 238 238 238 239 239 239 240 240 240 241 240 240 238 237 234 232 230 227 226 228 231 235 237 238 239 239 239 238 238 237 237 236 235 232 230 227 224 224 225 225 225 225 225 224 223 223 220 219 221 222 224 226 229 231 232 234 235 235 235 236 236 236 236 236 235 235 234 234 233 232 232 233 234 235 236 236 236 236 237 238 239 240 240 240 240 240 241 241 241 241 242 242 243 243 244 244 245 246 247 248 249 251 253 255 255 254 254 253 251 249 248 248 248 249 251 252 253 254 254 254 254 255 254 253 251 250 249 247 246 244 242 242 242 242 242 243 242 241 240 239 238 236 236 238 239 239 239 239 239 239 238 238 238 238 237 237 238 238 239 239 239 239 238 238 238 237 236 235 234 233 233 233 233 233 233 233 234 235 235 235 235 234 234 233 232 232 233 234 236 237 238 238 238 238 239 239 239 240 240 239 239 239 238 237 236 235 233 232 231 229 229 231 233 233 233 233 233 232 231 230 228 228 227 227 226 226 226 226 227 228 229 229 229 228 227 226 226 224 223 221 221 221 220 222 222 222 222 221 219 217 215 214 216 218 220 220 219 219 221 223 224 225 226 226 226 226 225 226 226 227 226 226 225 225 224 223 221 219 217 215 213 212 212 211 212 212 212 213 213 213 213 212 212 211 210 209 208 207 206 204 203 201 199 198 194 192 191 192 192 192 191 189 187 185 185 184 184 183 183 183 182 182 182 181 182 182 181 182 184 185 189 194 197 200 201 202 201 199 197 198 201 209 219 224 228 229 227 230 234 235 235 235 235 236 236 235 235 235 234 233 232 232 232 231 231 231 231 231 230 229 228 225 221 216 208 213 217 219 217 211 205 203 201 198 194 184 182 182 181 181 181 181 181 180 181
240 239 238 238 237 237 236 236 236 236 237 237 237 238 238 237 236 234 233 230 229 228 227 229 230 233 236 238 239 240 240 239 239 239 239 238 237 236 234 232 231 229 227 228 229 228 229 228 227 225 222 220 219 220 223 226 228 231 233 234 235 237 236 236 237 237 237 237 237 237 237 236 236 235 234 233 233 233 234 234 235 235 236 237 239 238 239 240 239 239 240 240 240 240 241 242 242 243 243 244 245 246 247 247 249 250 252 254 254 254 254 252 251 249 248 247 248 249 250 252 252 253 254 255 255 255 255 254 253 251 250 248 246 245 244 242 241 240 241 242 242 241 241 240 239 238 236 235 237 237 238 238 238 238 238 238 238 238 237 236 236 237 237 237 238 238 238 238 237 237 237 236 235 234 233 232 231 231 232 232 233 234 234 235 235 235 234 234 233 231 231 232 234 235 236 237 237 238 238 238 239 239 239 239 239 239 238 237 236 235 234 233 232 230 229 229 231 233 234 234 234 234 233 232 231 229 229 228 227 226 225 225 225 226 227 228 229 229 227 226 226 226 225 223 221 221 221 220 221 220 220 220 219 217 215 214 215 218 220 221 222 222 221 222 224 225 225 226 226 227 227 227 226 226 226 226 226 225 224 223 222 220 219 218 216 214 213 211 209 209 211 212 212 212 212 212 212 212 211 210 210 209 207 206 205 203 200 200 196 193 192 194 195 196 195 194 192 190 188 186 185 184 184 182 183 183 182 182 182 183 181 182 183 183 186 186 191 198 196 201 202 201 200 200 201 205 212 222 228 231 232 232 232 234 235 235 236 236 236 236 235 235 234 233 233 232 231 231 230 230 231 231 231 230 230 227 224 220 216 215 217 221 220 217 214 213 211 210 208 205 196 192 184 184 182 182 181 181 181 180
241 241 239 238 238 237 236 236 235 234 234 234 234 234 234 233 232 231 230 231 230 231 232 232 232 234 236 238 240 241 241 241 241 240 240 239 238 237 235 234 233 232 231 231 232 232 231 230 228 225 221 219 220 222 224 226 229 231 233 235 235 236 236 236 237 237 237 237 237 238 238 237 237 237 236 235 235 234 234 234 234 235 235 236 237 237 238 238 238 238 239 239 240 240 241 241 242 243 244 244 245 246 247 248 250 251 252 254 253 253 252 251 249 248 247 247 248 250 251 253 253 254 255 256 256 256 255 254 254 252 250 247 246 244 243 242 242 240 239 240 240 239 240 240 240 237 236 235 235 236 237 237 237 237 237 238 237 237 236 236 236 236 236 236 236 237 237 237 237 237 236 236 235 234 234 232 231 231 230 230 232 234 234 235 235 234 234 233 232 231 231 232 234 235 236 236 237 237 237 237 238 238 238 238 238 238 237 236 235 234 233 232 231 230 229 229 230 233 233 234 234 234 234 233 232 231 230 229 228 227 226 225 225 226 227 228 228 226 227 227 227 226 225 224 222 220 220 219 219 218 218 218 217 216 215 215 218 220 222 223 223 223 223 223 225 225 226 227 227 227 227 227 226 225 226 225 225 225 224 224 222 220 219 218 217 215 214 212 211 209 209 209 210 211 212 211 211 211 211 210 210 209 207 206 205 202 201 197 194 193 195 198 199 199 198 197 195 192 190 189 187 186 184 182 182 182 182 182 182 182 181 183 184 187 188 186 187 190 197 201 202 201 202 201 203 207 214 222 229 232 234 235 234 234 235 235 236 236 235 235 235 235 234 233 233 232 231 230 229 229 230 231 231 230 230 228 227 224 221 221 222 222 222 220 219 218 217 215 214 212 212 209 202 194 186 182 182 182 182 182
243 243 242 241 240 239 239 238 237 235 234 234 233 233 232 232 231 231 231 233 234 234 235 234 233 233 237 239 240 241 242 243 242 242 241 240 240 238 237 236 235 234 233 234 234 233 232 230 227 220 219 220 220 222 224 226 228 230 233 234 234 235 235 236 236 237 237 237 237 237 238 238 238 238 237 237 237 236 235 235 236 236 235 236 236 237 237 238 238 238 239 239 240 240 241 242 242 243 244 245 246 247 248 249 250 252 253 253 253 251 250 248 247 246 247 248 249 251 252 253 254 256 256 257 257 256 256 255 253 252 250 247 246 245 244 244 244 242 241 240 239 238 238 238 238 237 237 239 236 234 235 235 236 236 236 237 237 236 236 236 236 235 235 235 235 235 236 236 236 236 236 236 235 234 234 233 232 231 230 230 232 233 234 234 234 234 233 233 231 230 230 232 233 234 235 236 236 236 236 236 236 237 237 237 238 238 237 235 233 233 232 231 231 230 228 228 230 232 233 234 234 234 234 233 233 232 231 230 229 228 227 225 224 224 225 226 227 227 227 227 226 225 224 223 222 220 219 218 218 218 217 216 216 216 216 218 220 222 223 224 225 225 225 225 225 226 226 227 227 227 226 226 226 225 225 224 224 224 223 222 221 220 220 219 217 216 215 214 212 211 209 209 208 209 210 210 211 211 210 210 209 208 207 204 202 200 198 195 194 195 198 200 201 202 200 199 197 195 193 191 190 187 185 183 182 182 182 182 182 182 183 185 189 187 187 186 189 189 192 193 199 201 202 203 205 207 214 223 229 232 234 235 235 235 235 235 235 236 235 235 235 235 234 234 233 232 231 230 229 228 229 230 231 231 230 229 227 226 224 224 224 223 223 222 221 220 219 217 216 215 214 212 208 202 196 185 184 185 186 186
245 245 244 243 242 242 241 240 238 236 236 237 236 235 233 234 234 233 234 235 236 237 237 236 235 234 236 239 240 241 242 243 243 243 242 241 241 239 238 238 237 237 235 234 235 233 231 228 223 220 220 220 221 221 222 224 226 227 230 231 232 233 234 235 235 236 236 237 236 237 237 237 238 238 238 238 238 238 238 238 237 237 237 237 237 238 237 237 238 239 239 240 240 241 241 242 242 243 244 245 246 247 248 250 251 252 252 252 250 248 247 246 246 247 248 250 251 252 253 254 255 257 257 258 257 257 256 255 254 252 251 249 248 247 247 246 246 243 242 243 241 239 238 238 237 237 237 237 235 234 237 237 235 235 236 236 236 236 236 236 236 235 235 234 234 235 235 235 235 235 236 236 236 235 234 234 232 232 231 230 231 232 233 234 234 233 233 232 230 230 230 231 232 234 235 235 235 235 235 235 235 236 237 237 238 238 237 236 235 233 233 232 231 230 229 228 229 231 232 233 234 234 235 234 234 233 232 231 230 229 228 226 225 223 224 225 225 226 226 226 225 224 223 223 221 220 218 218 218 217 216 218 218 218 218 220 221 223 224 225 225 226 226 226 226 226 227 226 226 227 226 225 225 224 224 223 223 223 222 221 220 220 220 219 219 217 216 214 212 211 210 209 208 207 207 208 209 209 209 209 208 207 205 202 199 197 196 196 197 199 202 203 204 204 203 200 199 197 195 193 191 188 185 182 182 182 182 182 182 182 183 189 193 192 189 186 189 192 192 194 197 199 201 203 205 208 214 221 229 232 235 235 235 235 235 235 235 235 235 235 235 234 234 234 233 232 231 230 229 226 228 230 231 230 230 229 228 226 226 225 225 224 223 223 222 221 219 217 216 215 214 213 208 202 190 196 193 194 196 192
247 247 246 246 245 244 243 241 239 237 238 239 238 237 235 235 236 236 236 237 238 239 239 238 237 236 236 239 241 242 243 244 245 243 243 242 241 241 239 239 238 236 236 235 234 231 228 224 221 220 220 222 225 224 223 223 223 224 226 227 228 230 231 231 233 234 235 235 236 236 236 237 237 238 238 238 238 238 240 240 239 238 238 238 238 239 239 239 239 240 240 240 241 241 241 242 243 244 245 245 246 248 249 250 252 252 251 249 247 246 245 245 246 248 249 251 252 253 254 256 257 258 258 259 258 257 257 256 255 253 252 251 249 249 248 248 247 245 244 245 244 242 240 238 237 236 237 237 235 234 233 234 233 236 237 234 234 235 235 235 235 234 233 232 233 233 233 233 233 234 235 236 235 235 235 234 233 232 231 229 230 231 232 233 233 233 232 230 229 229 229 230 231 233 234 235 234 234 234 234 234 235 236 237 238 238 238 237 236 234 233 233 232 231 229 228 228 229 231 232 233 234 234 235 234 233 233 232 231 230 229 227 225 224 223 223 224 224 224 225 224 223 223 222 220 219 219 218 218 218 219 220 220 220 220 221 223 224 224 225 226 226 226 226 226 226 226 227 226 226 226 225 224 223 223 222 222 222 222 220 221 220 220 219 219 218 217 216 214 213 212 210 209 208 207 206 206 207 208 208 207 204 202 200 198 197 198 199 201 203 205 207 209 208 205 203 200 198 196 194 191 187 183 183 183 183 182 182 182 182 184 192 195 195 192 189 191 193 193 190 195 197 199 201 204 205 214 218 227 232 234 235 235 235 235 235 235 234 234 234 234 234 234 232 232 231 231 230 229 226 225 229 229 230 229 228 227 225 226 225 225 224 224 223 222 220 219 217 215 214 213 211 207 199 189 187 192 201 204 202
249 248 248 247 247 246 244 242 239 238 240 240 239 238 237 237 238 238 238 239 240 240 241 240 240 239 237 238 240 242 243 245 245 244 243 243 242 241 241 240 239 237 236 233 231 228 224 220 219 220 222 225 227 227 226 225 224 224 224 225 225 226 227 228 229 230 231 232 233 234 235 236 236 237 237 238 238 239 240 240 239 239 238 238 239 239 240 240 240 240 241 241 241 241 242 242 243 244 245 246 247 248 249 250 251 250 248 246 244 244 245 247 249 249 250 252 253 255 256 257 259 259 260 260 260 259 258 256 255 254 253 252 251 250 249 249 249 249 247 247 246 245 243 241 238 237 235 236 235 234 233 233 233 233 233 233 233 236 233 234 234 234 233 233 233 232 232 234 234 234 234 235 235 235 235 235 234 232 232 230 229 230 231 232 232 232 230 230 229 229 229 229 230 232 233 234 233 233 232 233 234 235 236 237 238 238 238 237 236 235 234 233 232 231 230 228 227 228 230 231 232 233 234 234 234 234 232 233 232 230 229 228 226 225 224 223 222 222 222 223 223 222 222 221 219 219 218 218 218 220 220 220 220 221 221 222 223 224 225 226 226 226 226 226 226 226 226 226 226 225 225 224 223 222 222 221 222 222 220 220 220 219 219 218 219 217 217 217 215 214 213 212 211 210 208 207 206 205 205 206 204 202 201 199 198 199 202 203 205 206 209 211 213 211 208 206 202 199 197 195 190 186 183 183 183 182 183 182 182 181 187 195 198 196 194 192 190 191 194 193 195 196 198 200 202 204 212 217 224 230 234 235 236 235 235 234 234 234 233 233 233 232 231 231 229 230 229 229 228 226 220 225 227 228 228 227 225 223 224 224 224 223 221 221 219 218 218 215 214 213 210 207 201 193 189 191 199 206 208 207
250 250 249 249 248 247 245 242 240 241 242 241 240 239 237 239 240 240 239 241 242 242 242 242 241 240 239 239 240 242 243 244 245 244 244 243 243 242 241 240 238 236 234 231 225 221 220 220 221 221 223 227 229 230 229 227 227 227 226 226 225 226 226 226 226 227 229 229 229 230 231 233 234 235 236 236 237 237 239 240 238 239 238 240 240 240 240 240 241 241 241 241 242 242 242 243 243 244 245 246 247 248 249 250 249 247 245 243 244 245 247 248 250 251 252 253 254 256 257 259 260 261 262 261 260 260 258 257 255 254 253 252 251 250 250 250 249 250 249 248 246 245 243 242 240 238 236 235 235 234 233 233 232 232 232 231 232 232 232 232 235 233 233 233 232 231 233 233 233 234 234 235 235 235 235 235 235 233 232 230 228 228 229 231 231 231 230 230 229 229 229 228 229 230 231 232 231 230 231 233 234 236 236 237 237 238 237 237 236 235 234 233 232 231 230 229 228 227 229 230 231 232 233 234 234 234 234 233 232 231 230 229 227 226 225 224 222 221 221 221 221 221 220 219 218 218 218 219 220 221 222 223 222 222 222 222 223 225 226 226 226 226 226 226 226 225 226 225 225 224 224 223 222 222 221 221 221 220 219 219 219 218 218 218 219 217 217 216 217 216 215 214 212 211 209 208 206 204 203 203 203 201 200 200 201 203 204 206 207 210 214 216 217 214 211 207 203 201 198 194 190 185 183 183 183 183 183 183 181 183 191 197 200 198 196 194 192 192 193 195 196 197 197 198 200 204 212 218 224 228 233 235 236 236 235 234 234 233 233 232 231 229 228 226 225 225 225 225 225 223 218 217 220 222 223 222 221 216 219 220 219 216 215 213 212 210 209 209 209 208 205 200 192 190 191 198 205 209 210 209
252 251 250 250 249 247 245 242 241 243 243 243 241 239 239 241 241 242 242 242 243 244 245 244 243 242 242 241 242 243 244 244 244 244 244 244 243 242 241 240 238 235 232 221 220 220 219 220 221 223 226 230 231 232 232 231 230 230 229 229 228 228 228 228 227 227 228 229 229 229 229 230 231 232 233 234 235 236 237 238 238 238 239 240 240 240 241 241 241 241 241 241 242 242 242 243 244 245 245 246 248 248 248 248 247 244 243 244 246 247 250 251 252 253 254 255 256 257 259 260 262 263 263 263 262 261 260 257 256 254 252 251 250 250 249 249 248 248 248 247 245 244 243 241 239 237 236 235 234 233 232 233 233 232 232 231 232 232 232 232 232 231 231 235 231 232 231 232 233 233 233 234 234 234 234 234 234 233 232 230 228 227 228 229 229 230 230 230 230 229 229 228 228 229 229 229 229 230 232 233 235 236 237 237 237 237 237 236 236 235 234 233 231 231 230 229 228 227 227 229 230 231 233 234 234 234 234 233 233 232 231 230 228 227 226 225 224 223 221 221 221 221 220 219 219 219 220 221 222 222 223 224 224 224 223 224 225 225 226 226 226 227 226 226 225 225 224 223 223 223 223 222 222 221 221 221 220 219 219 219 218 217 217 217 217 218 217 217 217 216 215 214 213 212 210 208 207 204 203 202 201 201 201 202 204 206 207 208 210 212 215 218 218 216 212 208 205 201 198 193 189 183 182 183 183 183 183 182 181 185 194 199 201 199 197 195 194 194 195 196 197 198 198 199 202 205 212 218 223 226 232 235 236 236 235 235 234 233 233 231 230 229 228 228 227 225 223 221 218 216 215 214 213 213 211 212 212 208 206 205 203 203 201 200 199 198 197 199 197 195 195 192 190 192 200 205 209 210 210 209
253 252 251 250 249 247 244 242 243 244 244 243 242 240 240 242 243 244 244 245 245 245 245 245 245 244 244 243 244 244 245 245 245 245 245 244 243 242 240 238 236 233 223 220 220 220 219 220 225 227 230 232 233 234 234 233 233 232 232 232 231 231 231 231 231 230 229 229 229 228 229 230 230 230 231 232 233 234 235 235 236 238 239 239 240 240 240 241 241 241 241 241 242 242 243 244 244 245 245 246 247 247 247 246 244 242 244 246 248 250 252 253 255 256 257 257 259 260 261 262 264 264 265 265 264 263 260 258 257 254 251 249 248 248 248 247 246 246 245 244 243 242 241 239 238 237 236 234 234 233 233 233 234 233 233 231 232 232 231 231 231 231 231 230 230 230 234 231 232 232 232 233 233 233 233 233 234 233 232 231 228 228 227 228 229 229 230 230 229 228 228 227 227 227 228 228 228 230 232 233 235 236 236 237 237 237 237 236 235 234 233 232 231 231 230 229 228 227 226 227 229 231 232 233 234 234 234 234 233 232 231 230 230 229 227 226 226 224 223 222 222 221 221 221 220 221 222 222 223 223 225 225 225 225 224 225 225 226 226 226 227 226 226 225 224 224 223 223 222 222 221 221 221 219 219 219 219 218 218 217 216 216 216 217 217 217 216 217 217 216 215 214 213 212 211 209 208 206 204 203 202 203 204 205 206 208 209 210 212 214 216 217 217 214 212 209 205 201 197 193 188 183 183 182 183 183 183 182 181 185 196 201 202 200 199 197 196 197 197 198 199 200 201 202 203 209 215 219 222 225 232 235 236 237 236 236 235 233 233 232 232 232 232 232 231 230 228 226 222 222 224 223 220 216 212 211 208 208 208 207 206 205 204 203 202 201 198 198 198 197 195 193 194 202 207 209 211 211 210 208
254 253 251 249 248 246 245 243 245 246 246 244 243 242 242 243 244 246 246 246 246 247 247 247 246 246 246 245 245 246 246 246 246 246 245 244 243 241 239 237 234 230 221 220 220 220 221 225 229 230 232 234 234 235 235 235 235 235 235 234 234 233 233 234 233 233 233 232 231 232 231 232 231 231 231 231 232 232 233 233 234 236 237 238 239 239 240 240 241 241 241 241 241 242 243 244 244 245 245 246 245 246 245 243 242 242 245 248 250 252 254 255 257 258 259 260 261 262 263 264 266 266 267 267 266 265 262 260 257 254 251 249 247 247 246 245 245 244 243 242 241 240 238 237 237 236 236 235 235 235 235 235 235 236 233 234 233 233 232 230 229 229 230 230 230 230 229 230 230 232 232 231 232 232 232 233 232 232 232 230 229 229 228 226 227 228 229 229 229 228 228 227 226 226 227 227 229 230 232 234 235 236 236 237 237 237 236 236 235 234 233 232 231 231 230 229 229 227 226 226 228 230 232 233 233 233 233 233 233 232 232 231 231 230 229 228 227 226 225 224 223 223 223 222 222 223 223 224 224 224 225 225 225 226 226 226 226 226 227 227 226 226 225 225 223 222 222 221 221 220 220 220 219 219 218 218 218 218 217 216 216 215 215 215 217 217 216 217 216 216 215 214 213 212 211 210 208 205 205 204 205 206 206 207 208 209 210 211 212 213 215 215 214 212 210 207 204 200 196 192 187 184 183 183 183 183 182 182 183 183 198 202 203 201 200 199 198 199 200 200 202 203 204 204 209 215 218 221 223 226 231 236 237 238 237 236 236 234 233 232 232 233 234 234 234 233 232 227 225 228 229 229 227 225 222 219 217 217 218 217 216 214 213 212 210 209 207 206 206 205 203 197 196 206 211 213 212 211 209 206
255 253 251 250 248 246 245 245 246 247 246 245 244 244 244 245 246 247 248 248 248 249 249 249 248 248 248 247 247 247 247 247 246 246 245 243 242 240 238 235 232 228 221 220 220 221 222 225 230 232 233 234 235 236 237 237 237 237 237 236 236 235 235 236 236 236 235 234 234 234 233 234 234 233 233 232 232 232 232 232 233 234 236 236 237 238 238 239 239 240 240 240 240 241 242 243 243 243 243 244 244 243 242 242 242 244 247 250 251 253 255 257 259 260 261 262 263 264 265 267 268 269 270 270 269 267 265 262 259 255 253 250 248 246 245 244 243 243 241 240 239 239 239 238 238 238 237 237 237 237 237 238 238 237 234 234 233 233 234 232 231 231 230 229 229 229 229 229 230 230 230 230 230 231 231 232 232 232 231 231 230 230 228 227 226 227 227 228 228 228 227 227 226 225 226 228 229 231 232 234 235 235 236 236 237 237 236 235 235 234 233 232 231 230 229 228 228 227 226 225 228 230 231 232 232 233 233 233 233 232 232 231 231 230 230 229 228 227 227 226 225 224 224 223 223 224 224 225 225 226 226 227 226 227 226 226 227 227 227 226 226 226 225 224 223 221 220 219 219 219 218 218 218 218 217 216 217 217 217 216 216 215 214 215 216 217 216 217 216 215 215 214 213 212 211 210 208 206 206 206 207 208 209 209 209 210 211 211 211 211 211 210 209 207 205 204 202 199 195 193 188 184 183 183 182 183 182 182 181 183 197 202 202 202 201 200 200 201 204 203 205 206 208 210 214 219 222 224 225 226 231 236 237 238 238 237 236 234 233 233 234 235 235 235 235 234 232 229 229 232 232 231 230 229 227 225 224 223 222 222 221 220 219 218 217 214 213 213 213 211 208 200 198 208 213 213 212 211 207 204
256 254 252 251 250 248 247 247 246 248 248 246 246 246 247 247 248 249 250 250 251 251 251 251 250 250 250 249 249 249 248 247 247 246 244 243 241 240 238 235 230 227 222 220 220 221 222 223 225 228 231 235 236 236 237 238 238 238 238 239 238 238 237 238 237 237 237 237 236 236 236 235 236 235 234 234 234 234 233 233 234 233 234 234 235 236 236 237 237 238 238 238 239 240 242 241 242 241 241 241 241 241 241 241 242 245 247 250 252 254 256 259 261 263 264 265 266 267 268 269 271 272 273 273 272 270 268 265 261 257 254 251 249 246 245 244 242 241 241 241 242 242 242 241 241 240 239 239 239 240 240 240 238 238 238 238 236 234 234 233 233 231 230 229 228 229 229 229 229 229 229 229 229 229 229 230 231 231 231 231 231 230 228 227 226 225 225 227 228 228 227 226 225 225 226 229 230 231 232 233 234 235 236 236 237 237 236 236 235 234 234 233 232 231 230 229 227 227 226 225 227 228 230 232 232 232 232 232 232 232 231 231 231 230 230 230 229 229 228 227 227 226 225 225 224 225 226 226 227 227 227 226 227 226 226 226 226 227 226 226 226 225 224 223 222 220 219 218 217 217 217 217 217 216 216 216 217 217 217 217 216 216 214 213 215 216 216 216 216 215 214 214 213 212 210 209 208 208 208 209 210 210 211 211 211 211 211 210 209 208 207 205 205 204 203 202 200 198 196 192 189 185 184 183 183 182 182 182 181 184 196 200 202 202 202 202 202 202 204 204 207 209 211 214 218 222 225 226 227 228 230 236 238 239 238 238 237 236 234 233 236 236 236 236 235 233 232 231 232 233 233 233 231 230 229 228 227 226 225 223 224 223 222 221 220 218 217 217 216 213 209 200 201 210 214 214 212 209 207 208
258 256 254 253 251 250 250 249 248 249 249 248 248 249 249 249 251 252 252 253 253 253 253 253 252 252 251 251 251 250 249 248 247 246 243 241 240 238 236 234 231 227 224 221 220 221 220 220 221 221 221 229 235 236 237 239 239 240 240 239 239 239 239 239 239 239 239 238 238 238 237 237 237 237 237 236 236 236 236 236 235 234 234 234 234 235 235 235 236 237 237 237 238 238 239 239 239 239 239 240 240 241 241 242 243 245 248 250 252 254 257 260 262 264 266 267 268 270 271 273 275 277 278 278 276 274 271 268 263 259 255 252 250 248 247 245 243 243 243 244 244 244 244 244 243 242 242 241 241 241 241 241 241 239 239 238 236 235 234 234 233 232 231 230 229 228 228 228 228 228 228 228 229 229 228 229 229 230 230 230 230 230 229 228 227 226 224 224 226 226 227 226 225 225 226 229 231 231 232 233 234 235 236 236 236 237 236 236 235 235 234 233 233 232 231 229 227 227 226 224 225 227 229 231 231 231 231 231 231 231 231 230 230 230 230 229 229 229 229 228 228 227 226 226 226 226 227 227 227 228 228 227 227 227 227 226 226 226 226 226 225 225 224 223 222 221 220 218 217 216 216 216 216 215 215 215 216 217 217 217 217 216 214 212 214 214 215 216 216 215 215 214 213 211 211 210 209 210 210 211 211 212 212 213 213 213 212 210 208 206 205 203 202 201 201 200 199 197 195 192 189 186 185 183 183 182 181 181 182 184 194 199 200 201 202 203 203 204 205 206 208 211 215 219 222 225 227 229 229 228 229 234 238 239 239 238 236 237 236 235 236 237 236 237 235 234 233 233 233 234 234 233 232 230 229 228 227 227 226 224 224 224 223 222 220 219 218 217 214 210 204 202 209 212 214 214 211 209 210 211
261 259 257 256 253 253 253 251 250 252 251 250 250 252 252 252 253 254 254 255 255 255 255 255 254 254 254 253 252 251 250 249 247 245 243 240 238 237 235 233 230 228 225 224 222 222 222 222 222 222 221 222 226 233 237 239 239 240 241 241 240 240 241 240 240 240 240 240 240 239 239 239 239 239 238 238 238 238 238 238 238 235 236 236 236 236 236 236 237 237 237 237 237 237 238 238 238 239 239 239 240 240 241 242 243 245 247 250 252 254 256 259 262 265 267 269 271 273 275 278 281 283 284 284 282 279 275 271 266 261 257 254 251 250 248 246 245 244 245 246 247 247 247 246 245 244 244 243 243 243 243 243 242 239 239 238 237 235 235 234 233 232 232 230 229 229 228 228 228 228 228 228 227 227 227 228 228 229 229 229 229 229 229 229 228 226 225 224 224 225 225 225 224 224 226 228 230 231 232 233 234 235 235 236 236 236 236 236 235 235 234 233 232 232 231 230 227 226 226 225 225 227 230 231 231 231 231 230 230 230 230 230 230 229 229 228 228 228 229 228 228 227 227 227 228 228 228 228 228 228 228 228 227 227 227 226 226 225 225 225 225 224 224 223 222 222 220 219 218 217 217 215 215 215 214 214 216 216 216 216 216 215 214 213 212 214 215 215 216 216 215 215 214 212 212 211 211 212 212 213 213 214 214 214 215 213 212 210 207 205 203 201 200 200 200 200 198 196 194 192 190 187 185 183 183 182 181 182 183 183 191 197 198 198 200 202 203 204 206 208 210 211 216 221 224 227 229 230 231 230 230 235 238 239 239 238 238 236 237 235 237 236 236 236 235 234 234 235 233 233 233 233 232 231 229 228 227 226 226 224 223 223 221 220 218 216 215 212 207 205 205 209 212 215 214 213 212 211 213 212
264 262 260 259 257 256 255 254 252 253 254 252 253 254 255 255 256 257 257 257 257 257 257 257 256 256 255 254 253 252 251 249 248 246 244 241 238 237 235 233 231 229 228 226 225 224 223 223 223 223 222 222 222 230 234 237 239 240 241 242 241 241 241 241 241 241 241 240 241 240 240 240 240 240 240 240 240 240 240 240 240 240 240 238 238 239 239 239 239 239 239 239 239 239 239 239 240 240 241 241 242 242 242 243 243 245 246 248 250 253 255 258 262 265 268 271 273 277 280 283 287 289 290 291 289 285 281 276 270 264 259 256 253 251 249 248 247 246 247 248 250 250 249 248 247 246 245 245 244 244 244 243 242 241 239 238 237 235 234 234 233 233 232 231 230 229 229 229 228 228 227 227 226 226 226 227 227 227 227 228 228 228 228 227 227 228 226 224 223 223 224 224 223 224 225 227 228 230 231 232 233 233 234 235 235 236 236 235 235 235 233 233 232 232 231 230 227 226 227 225 225 227 229 230 230 230 230 229 228 228 229 229 229 228 228 228 228 228 228 228 228 228 228 228 228 228 228 228 228 227 227 227 227 227 227 225 225 225 224 224 224 224 224 223 222 222 221 220 219 218 217 216 215 214 213 213 214 216 216 216 216 215 214 212 210 213 214 215 215 216 216 215 214 214 213 213 212 213 214 214 215 215 216 216 215 214 213 211 208 206 204 202 200 199 198 199 199 197 195 193 191 189 185 184 183 181 182 183 183 183 186 193 195 196 198 200 203 204 206 207 209 211 214 221 224 227 233 234 232 232 233 237 239 240 239 238 238 237 236 236 237 236 236 236 236 236 234 235 234 232 232 232 231 230 228 227 226 225 224 222 220 219 218 216 213 213 211 208 209 210 211 214 214 215 214 213 212 214 214 214
267 265 264 262 260 259 258 256 254 255 257 255 256 257 258 260 260 259 259 259 259 259 259 258 258 257 256 255 253 252 251 249 248 246 244 242 240 238 236 235 233 232 231 228 227 225 225 225 225 224 223 221 223 227 229 235 238 240 241 241 242 243 243 243 242 242 243 242 242 242 241 241 242 242 242 241 241 241 241 242 242 243 243 242 241 242 241 242 242 242 242 242 242 241 241 241 241 243 243 244 244 244 245 245 245 246 246 248 249 251 254 257 260 264 268 271 275 280 284 288 291 295 297 298 296 292 286 280 274 268 262 258 255 253 251 250 249 248 248 249 250 251 250 250 248 248 247 246 245 245 244 243 242 241 240 238 237 236 235 234 233 233 232 231 231 230 230 230 229 229 228 228 228 227 227 226 226 226 226 226 226 226 226 226 225 225 224 223 227 223 223 223 223 223 224 226 227 228 230 231 231 231 233 234 234 235 235 235 235 234 233 232 231 231 230 230 228 227 224 224 225 227 228 230 230 230 229 228 227 227 227 228 228 227 226 227 227 226 227 226 227 228 229 229 228 228 228 228 228 227 227 227 227 227 226 224 223 223 223 223 223 223 223 222 222 222 221 220 220 219 217 216 215 214 213 212 212 214 216 216 216 215 214 212 210 212 213 214 215 216 216 215 214 214 214 214 214 214 215 215 217 217 217 217 216 215 213 212 209 207 204 202 201 199 198 197 198 197 196 194 192 189 186 184 183 181 183 183 183 183 185 189 192 194 196 199 201 203 205 207 208 210 212 215 219 225 230 233 235 234 237 239 240 240 240 238 238 237 236 236 237 237 236 236 236 237 235 234 234 233 232 232 229 228 228 226 225 223 221 221 222 221 220 220 218 217 216 216 218 218 216 216 216 215 214 213 214 214 214 214
270 269 266 265 264 262 261 259 257 257 258 258 259 260 262 263 263 261 261 261 260 261 260 259 258 257 256 254 253 252 250 249 247 246 244 243 241 239 238 237 235 234 232 229 227 226 227 227 227 225 223 222 223 226 229 232 236 238 240 241 242 242 242 242 242 243 244 243 243 243 243 242 242 243 242 242 243 243 243 243 243 243 243 243 243 244 244 245 245 245 245 244 244 244 243 244 243 244 245 246 246 247 247 247 247 248 248 249 250 251 254 257 260 263 267 272 277 282 287 292 296 301 303 306 306 298 292 286 279 272 265 259 256 254 252 251 250 249 249 249 249 249 249 248 248 247 246 246 244 245 244 243 242 241 240 238 237 236 235 234 234 233 233 232 232 231 231 230 230 229 229 229 229 228 228 228 227 226 226 226 226 225 225 225 225 224 224 223 224 225 226 223 222 222 224 225 227 228 229 230 229 230 231 232 234 235 235 235 234 234 232 230 230 230 229 228 227 225 223 223 225 227 229 230 230 230 228 227 226 225 226 226 226 225 225 225 225 226 227 226 227 228 228 228 228 228 228 228 227 227 227 227 226 225 224 224 222 222 222 220 222 222 221 221 221 221 221 220 220 219 218 217 217 216 214 212 211 212 214 215 215 215 214 212 210 210 213 214 215 215 216 215 215 214 214 214 214 214 216 217 218 218 218 218 217 215 214 212 210 207 205 203 201 201 200 197 195 195 195 194 192 189 187 184 183 183 182 183 182 183 184 187 189 192 194 197 200 201 203 204 206 207 208 209 212 220 228 233 236 237 239 240 241 240 240 239 239 237 236 236 237 236 236 236 236 237 234 234 235 233 232 232 229 228 227 225 224 223 223 224 224 225 224 224 222 221 220 219 218 218 217 216 215 215 214 214 215 214 214 214
274 272 270 268 267 265 264 261 259 260 261 261 261 262 264 264 264 263 263 263 263 261 260 259 258 257 254 253 251 250 249 247 247 245 244 243 241 240 239 237 235 235 233 230 227 226 227 228 228 226 223 222 224 226 228 231 235 237 239 241 241 242 242 242 243 243 245 245 244 245 245 244 243 244 244 244 244 244 245 245 245 245 245 245 246 246 247 247 247 247 247 246 247 246 247 246 245 246 247 248 248 249 249 249 250 250 251 252 253 254 255 257 260 263 267 272 277 282 288 297 301 303 306 308 308 305 299 291 284 277 269 260 256 254 252 251 250 250 249 249 248 247 247 246 246 245 245 243 245 244 243 243 242 241 239 238 236 236 235 234 234 234 233 233 232 232 231 231 230 230 230 230 230 230 230 229 229 228 228 227 227 227 227 227 226 225 225 225 226 226 226 225 225 222 223 226 224 227 228 229 229 230 231 232 234 234 234 234 234 233 232 230 229 228 227 226 226 224 222 223 225 228 229 230 230 230 229 227 226 224 224 224 224 224 224 224 225 224 226 226 226 227 227 227 227 227 227 227 227 227 227 226 226 225 224 224 222 221 220 220 220 220 220 220 220 220 220 219 219 218 218 218 218 216 215 213 211 210 212 213 215 214 213 212 211 210 211 214 214 215 215 215 214 213 213 213 213 214 215 217 218 219 218 218 217 215 214 212 210 208 206 204 203 203 202 199 197 194 193 192 191 189 187 184 184 183 182 182 183 183 185 186 189 191 193 195 196 198 200 201 203 203 205 206 208 214 225 232 236 239 241 242 242 240 241 240 238 238 237 236 237 236 236 236 236 237 235 234 235 233 232 231 230 228 228 226 225 224 225 225 226 226 225 225 224 223 222 221 220 218 218 217 216 216 215 216 216 216 215 214
278 276 274 272 270 269 267 265 262 262 263 264 264 265 265 266 266 266 265 265 263 262 261 259 258 256 252 249 247 246 245 244 244 243 243 242 241 240 239 238 236 235 232 229 227 227 229 230 229 226 223 223 223 226 228 231 234 236 238 240 241 242 242 243 243 243 245 245 244 244 244 245 244 244 244 244 245 246 246 246 246 246 247 248 248 248 249 249 249 250 249 249 249 249 249 248 248 247 248 250 250 251 251 251 252 252 253 254 255 256 257 259 260 263 266 271 275 281 286 292 299 299 302 304 307 307 302 296 289 281 273 264 257 252 250 250 250 249 248 248 247 246 245 244 243 243 243 243 240 242 242 242 241 240 239 237 236 235 235 234 234 234 235 233 233 232 232 231 231 231 231 231 231 231 231 230 230 230 229 229 229 229 229 229 228 227 227 227 227 228 228 227 225 224 225 221 223 226 227 228 229 228 230 231 233 234 234 234 233 233 231 230 228 227 226 224 223 223 222 224 226 228 229 230 230 230 229 228 226 224 223 222 222 223 222 223 223 224 225 226 226 226 225 226 226 226 226 226 226 226 226 226 226 225 224 223 223 222 220 219 219 219 219 218 219 219 219 218 218 219 219 218 218 217 216 214 213 211 210 212 213 214 213 212 210 208 210 212 213 214 214 214 214 213 212 211 212 213 214 215 217 218 218 217 216 215 213 211 209 208 206 205 204 204 203 200 198 195 193 191 190 189 187 186 184 183 182 182 183 183 184 185 187 190 191 193 193 195 196 198 200 200 201 203 206 212 221 231 235 239 241 242 242 241 241 240 240 239 238 238 237 237 236 236 236 235 235 234 234 233 233 231 230 231 228 227 227 226 226 226 227 226 226 225 225 224 222 221 220 219 218 218 217 217 217 217 216 216 216 215
283 280 278 276 275 272 271 268 266 265 266 266 267 267 268 268 268 268 267 266 264 263 261 259 257 254 251 247 245 243 242 242 241 241 240 240 239 239 238 237 236 233 231 229 229 231 233 233 231 227 223 223 225 227 229 231 233 236 237 239 240 241 241 243 243 243 244 244 244 244 244 245 244 244 245 245 246 246 246 246 246 247 249 249 249 250 251 252 252 252 253 252 252 251 251 251 250 250 250 252 253 253 253 254 254 255 255 256 257 258 259 260 262 263 266 268 272 277 281 286 290 290 291 299 303 307 307 300 292 285 277 268 257 252 248 248 247 246 246 245 245 245 244 244 243 242 241 241 240 239 240 240 239 239 238 237 236 235 235 234 234 235 235 234 233 233 232 232 232 232 232 232 232 232 231 231 231 231 230 230 230 230 230 230 230 230 229 228 230 229 229 228 227 226 224 221 222 223 225 226 228 228 228 230 232 233 233 233 233 232 231 229 228 226 224 222 221 221 223 226 228 229 229 230 230 230 229 228 227 225 224 222 222 222 222 222 222 223 225 225 225 225 224 225 224 224 224 225 225 226 226 226 225 225 225 224 223 222 221 219 219 218 218 217 217 217 218 216 218 219 219 219 218 217 216 216 214 211 209 209 212 213 212 212 210 208 208 211 212 213 213 213 213 212 210 209 210 211 212 213 215 216 216 216 215 214 212 210 208 206 204 203 203 204 202 201 199 197 193 192 190 188 187 186 184 183 182 183 183 183 185 186 187 189 189 190 192 193 195 197 199 200 202 202 205 210 218 226 234 238 241 243 242 242 242 241 240 239 238 238 237 237 236 236 236 234 234 235 234 232 232 232 232 231 229 228 228 226 226 226 227 226 226 226 225 224 223 222 221 220 218 218 217 217 217 217 217 217 216 215
288 285 283 281 279 276 274 272 270 268 268 269 269 270 270 270 270 268 267 266 264 262 260 258 256 253 249 246 244 242 240 240 239 238 238 237 237 237 236 236 234 231 230 231 233 236 236 235 233 226 223 222 225 227 228 231 233 235 237 238 239 241 240 242 242 243 244 243 244 244 245 244 244 245 245 246 246 246 247 246 246 248 249 250 250 251 253 253 253 254 254 254 254 254 254 253 253 252 252 254 255 255 256 257 257 257 258 259 259 260 260 261 262 263 264 266 268 272 275 277 278 277 285 291 295 303 305 304 295 288 280 271 261 252 248 246 244 244 243 242 242 242 242 242 242 241 240 239 239 239 237 239 238 238 238 236 236 235 235 234 234 235 235 235 235 233 233 233 233 233 233 233 233 233 233 233 232 232 232 232 232 232 232 231 231 230 230 229 231 230 230 229 229 227 225 224 222 223 222 224 227 228 228 228 231 232 233 232 232 232 231 229 228 226 224 222 221 223 226 227 228 229 229 230 230 230 229 228 227 226 225 224 222 221 221 221 221 222 225 225 225 225 224 222 222 223 223 224 225 225 225 225 224 224 224 224 223 222 221 220 219 219 218 217 216 216 215 216 216 218 218 218 218 217 217 216 214 212 210 208 209 211 212 212 210 208 207 209 210 211 212 212 212 211 209 207 207 208 209 210 211 212 213 213 213 212 210 208 206 204 203 201 202 203 202 201 198 196 194 192 191 189 187 186 184 182 182 183 183 183 185 188 188 189 189 190 193 195 197 199 201 202 203 205 206 208 213 219 228 236 240 242 242 242 242 240 240 240 239 238 239 237 236 236 234 233 232 233 233 233 233 232 232 232 230 229 228 226 226 226 226 226 226 226 225 224 223 222 221 220 219 218 218 218 218 217 217 217 216 216
291 290 287 285 284 280 278 275 273 272 271 271 272 272 272 271 270 269 268 266 264 261 258 255 253 250 248 245 243 241 239 238 237 237 236 236 235 234 233 233 232 230 232 235 238 239 239 237 234 228 223 223 224 228 228 231 233 234 236 237 239 239 240 240 241 242 242 243 242 243 243 243 244 244 244 245 245 246 246 246 247 248 249 250 250 252 253 254 255 256 257 257 257 257 257 257 256 255 255 256 258 258 259 259 259 260 260 260 261 261 261 261 262 262 263 264 265 265 266 266 267 271 279 282 283 296 303 301 297 290 283 275 265 255 249 247 247 246 244 241 240 240 240 240 240 240 239 238 238 237 238 236 237 237 237 236 235 235 234 234 233 234 234 235 235 234 234 234 233 234 234 234 234 234 234 234 234 233 233 233 233 232 232 232 231 230 230 232 231 231 230 230 229 228 226 225 223 222 220 223 225 228 229 229 231 231 232 232 231 231 230 229 228 226 223 221 221 223 226 227 228 229 230 230 230 230 230 229 228 227 226 224 223 221 220 220 221 222 223 223 224 224 223 222 220 221 222 223 224 225 225 224 223 223 223 223 223 222 221 222 220 220 219 218 216 215 214 214 215 216 217 217 217 217 216 216 214 213 211 209 207 208 210 211 210 208 206 206 209 210 210 210 210 209 207 205 205 206 207 207 207 209 209 209 210 209 208 206 205 202 201 200 199 201 201 200 198 196 194 192 190 188 187 184 182 183 183 183 183 184 187 189 190 190 190 192 194 197 198 200 202 204 206 208 209 210 212 216 224 232 238 241 241 241 239 238 238 239 238 238 238 236 236 235 232 228 229 230 232 233 233 232 232 232 231 229 228 227 226 226 225 225 225 225 225 224 223 222 221 220 219 218 218 218 218 218 218 217 217 216
300 297 291 287 285 283 281 279 276 275 275 274 274 273 273 272 270 269 268 265 263 259 256 252 250 248 245 244 242 240 240 240 239 239 238 237 236 235 234 232 233 233 234 238 240 241 241 239 236 229 223 223 223 225 227 230 232 233 235 236 237 239 239 240 241 241 241 241 241 241 241 242 242 243 243 244 245 244 243 244 245 246 248 250 250 253 254 255 257 258 259 259 260 260 260 260 260 259 259 259 260 261 261 262 262 262 261 262 262 261 261 261 261 261 261 261 261 260 260 261 264 268 272 273 274 284 295 301 298 295 287 277 268 257 250 250 250 250 248 246 244 240 239 237 237 238 238 237 237 237 237 236 234 235 235 235 235 234 234 233 232 233 233 234 234 234 234 234 233 234 234 234 234 234 234 234 234 234 234 234 234 232 232 232 232 232 232 232 232 231 231 230 230 228 227 225 224 222 220 220 222 224 228 229 229 231 231 231 231 231 230 229 227 225 223 221 221 225 227 228 229 229 230 230 230 230 230 229 228 228 226 225 224 223 221 219 219 221 222 223 224 223 222 221 220 220 222 223 224 224 224 223 223 222 222 222 222 222 222 221 221 221 220 220 218 217 216 214 213 213 215 216 216 216 215 215 215 214 212 210 207 206 208 209 209 207 205 204 206 207 208 209 209 208 206 204 203 203 204 204 205 205 205 204 206 207 206 205 204 202 200 198 197 198 197 198 197 195 193 191 188 187 186 183 183 183 183 183 184 185 188 190 192 193 194 194 195 196 198 201 203 205 207 209 211 213 214 216 221 229 234 238 240 239 238 236 236 238 239 237 236 235 235 234 231 227 225 225 226 228 232 232 233 232 231 229 228 229 226 227 224 221 223 223 223 223 222 222 221 220 219 219 218 218 218 218 218 217 217 216
305 302 298 294 289 286 281 280 279 276 275 274 274 273 273 272 272 269 267 265 262 258 253 250 248 246 243 242 242 242 242 242 241 241 240 239 238 237 236 235 235 235 236 239 241 242 241 239 235 230 225 224 223 223 224 227 229 230 231 234 235 237 238 239 239 240 239 239 239 239 240 240 241 241 242 242 244 243 243 243 244 245 247 249 251 253 254 256 258 259 261 262 262 263 263 263 263 263 263 263 263 264 264 264 263 263 263 263 262 262 261 260 259 258 258 258 258 257 259 262 264 266 268 269 270 273 281 293 295 293 287 279 269 258 252 252 252 251 250 248 246 244 241 239 234 235 236 236 236 235 235 234 234 233 233 233 233 233 233 232 231 232 232 233 233 234 234 233 233 233 234 234 234 234 235 235 235 234 235 234 233 232 232 232 232 233 233 233 232 232 231 230 230 229 227 226 224 223 222 219 218 220 222 226 229 229 230 230 230 230 229 229 227 225 223 220 220 226 227 228 229 230 230 230 230 230 230 229 228 228 227 225 224 223 221 219 218 219 221 222 222 222 221 220 219 221 222 224 224 224 224 223 222 221 221 221 221 221 221 222 221 221 220 218 219 219 217 216 214 213 212 213 214 215 215 215 214 213 212 210 208 207 205 207 208 207 205 203 204 205 206 207 207 206 205 203 202 201 202 202 202 203 202 203 203 204 205 204 203 203 202 201 200 195 194 193 193 192 190 186 184 184 184 182 182 182 183 184 184 187 190 190 191 194 195 195 196 197 198 200 202 205 206 209 211 213 216 218 222 226 231 235 237 238 235 233 234 236 237 235 232 232 231 231 231 228 221 220 220 222 226 227 228 231 229 228 228 229 226 226 223 215 215 218 219 219 218 219 220 219 218 218 218 218 218 217 217 217 217 216
307 304 300 296 291 286 283 282 278 276 274 273 273 272 272 271 270 269 267 265 263 258 254 251 249 248 246 245 245 244 244 243 243 243 242 241 240 239 238 237 238 238 237 240 240 242 241 239 236 231 226 225 223 223 223 224 227 228 230 231 233 235 236 237 238 238 237 237 237 238 238 239 239 239 240 241 240 240 241 242 243 244 246 248 250 252 255 257 259 261 263 263 265 265 266 266 266 267 266 266 267 267 267 266 265 265 264 263 262 261 259 258 257 256 256 255 255 257 259 261 263 264 265 265 267 269 274 286 290 289 284 278 270 260 254 251 251 251 250 248 247 245 243 241 238 234 234 235 234 233 233 233 233 232 231 231 231 232 232 231 231 231 231 232 233 233 233 233 232 233 233 233 234 234 234 234 234 234 235 235 233 233 232 232 233 233 233 232 232 232 231 230 229 228 227 226 224 223 222 221 219 218 221 222 223 227 228 228 229 229 229 228 227 225 222 220 220 225 228 229 229 230 230 230 230 230 230 229 229 228 227 226 224 223 222 220 218 217 219 220 221 220 219 218 220 222 223 224 224 224 223 222 221 220 219 220 221 221 221 221 221 221 221 221 221 220 219 217 216 214 212 211 212 212 213 213 213 213 212 211 209 207 205 204 205 205 205 203 202 202 203 204 204 204 203 202 201 199 199 200 200 200 200 201 202 202 203 203 202 204 204 204 202 199 195 190 188 187 186 185 184 184 183 183 183 183 184 184 185 189 192 193 193 194 195 196 198 199 200 201 203 205 207 209 212 214 217 219 222 225 229 233 234 233 232 231 232 235 234 233 228 225 225 225 225 222 220 216 215 216 218 219 221 224 225 225 225 224 224 223 221 216 210 211 212 210 210 211 212 214 216 216 218 217 217 217 217 216 216 216
300 296 296 293 290 286 283 280 278 274 272 272 268 267 266 265 265 266 265 264 262 259 256 253 251 250 249 247 247 246 246 245 244 244 244 243 242 241 239 240 240 240 239 239 240 240 239 237 235 230 228 225 224 224 223 224 225 226 227 229 231 233 235 236 235 235 235 235 235 236 236 237 238 237 238 238 238 239 240 241 243 244 246 248 250 252 255 258 259 261 264 266 266 267 268 269 270 270 270 270 270 269 269 268 267 265 264 263 262 260 258 256 255 254 253 253 254 257 259 261 262 262 262 264 266 267 269 279 284 284 281 276 270 262 255 250 249 250 249 247 246 244 242 240 238 237 234 233 233 232 232 232 232 231 231 230 230 229 229 230 229 230 230 231 232 232 232 232 232 232 232 232 233 234 234 234 234 234 234 234 234 234 234 234 234 234 233 232 232 231 231 230 229 228 226 225 225 223 222 222 219 218 217 219 223 222 225 227 227 228 228 227 227 224 222 219 220 225 227 229 230 230 229 229 230 230 230 229 229 228 226 226 225 223 222 221 218 215 215 217 218 218 217 219 221 222 223 224 224 224 223 221 220 219 218 219 219 220 221 221 220 220 220 221 221 220 219 218 218 216 214 212 210 210 211 211 211 211 210 209 208 206 205 203 202 202 202 202 200 200 201 201 201 201 201 200 199 198 197 197 198 198 198 199 200 200 201 202 203 204 206 205 203 199 194 189 186 185 185 185 184 183 183 183 184 184 185 185 188 191 194 194 195 196 196 197 198 200 201 202 205 206 208 211 214 216 218 220 223 226 229 231 231 230 229 229 230 233 233 229 225 221 219 217 214 213 212 212 212 212 211 211 213 215 215 216 216 215 216 217 217 214 209 207 205 203 204 203 204 207 208 210 212 213 214 213 214 215 213 213
284 279 278 280 281 279 277 276 274 271 269 267 266 269 265 261 261 261 263 263 261 259 257 255 253 252 251 249 249 248 247 247 246 246 245 244 243 242 241 241 242 242 241 241 240 239 238 235 233 231 229 228 227 225 224 224 224 224 225 226 228 231 233 234 233 234 234 233 234 234 235 235 235 236 236 237 238 239 240 241 243 244 246 248 249 251 254 256 259 262 264 267 267 269 271 272 274 274 275 274 274 272 271 270 268 266 264 262 260 259 257 255 253 252 251 251 254 256 258 259 259 259 261 264 265 264 266 274 280 281 279 275 269 263 255 249 247 247 247 246 245 243 241 239 238 237 237 234 232 232 231 232 231 231 230 230 229 229 229 228 227 228 229 229 230 230 231 231 231 231 231 231 232 233 233 233 233 233 232 233 234 234 234 234 234 233 233 232 232 231 230 230 229 228 227 226 225 224 223 222 222 219 217 216 219 221 222 221 225 226 226 226 226 224 221 218 221 226 227 229 230 230 229 228 229 229 229 229 228 227 226 225 225 224 223 222 219 216 214 215 216 216 217 219 221 222 223 223 224 223 222 221 219 218 217 217 217 218 219 219 219 220 220 220 220 220 220 219 218 217 216 214 212 210 209 209 209 209 208 207 206 205 204 203 203 203 202 201 200 200 199 199 198 198 198 197 197 196 195 195 194 195 195 196 197 198 199 200 202 204 206 205 202 197 191 187 185 185 184 184 183 183 183 184 184 185 185 188 190 193 195 196 196 196 197 198 199 201 202 204 206 208 210 212 214 216 219 221 223 226 230 230 230 229 227 227 228 230 228 225 222 219 216 213 213 213 212 212 211 211 211 211 209 209 208 209 208 207 207 206 207 207 205 204 205 207 209 209 207 205 202 203 205 207 207 207 206 206 205 206
280 277 275 274 272 272 273 273 271 270 268 267 265 264 262 266 265 257 260 260 260 258 257 256 255 253 253 251 250 250 249 248 248 247 248 246 245 244 243 243 243 243 243 242 241 239 237 235 234 232 231 229 228 228 227 226 225 224 224 225 226 227 230 231 230 231 230 230 232 233 234 234 234 235 237 238 240 240 240 242 243 243 246 247 248 250 253 254 258 261 263 265 268 270 274 276 277 278 278 278 277 275 273 271 268 266 264 261 259 257 255 254 252 251 250 251 253 255 257 257 257 257 260 262 262 260 264 271 276 279 277 274 269 263 256 249 245 245 245 245 244 242 241 239 238 236 236 235 234 232 230 231 231 231 230 229 229 228 228 228 228 227 227 228 228 229 229 229 229 230 230 231 231 231 232 232 233 233 233 233 233 233 233 233 233 233 233 232 232 231 231 230 229 229 228 227 225 224 224 223 223 222 220 217 216 218 219 221 222 222 224 225 224 222 220 215 221 225 227 229 230 230 230 229 229 229 229 228 227 227 226 225 224 223 223 221 221 218 215 214 214 215 218 220 221 222 223 223 223 223 222 221 220 218 216 215 215 216 217 217 217 219 219 219 219 219 219 219 219 218 217 215 214 212 211 209 208 207 207 206 206 205 205 206 206 205 205 204 203 202 201 200 199 198 197 196 196 195 195 194 194 192 193 193 194 195 197 198 201 203 205 204 200 194 189 186 185 185 185 184 184 184 184 184 185 185 187 188 189 193 195 197 197 197 197 198 199 201 202 204 206 208 210 212 214 217 219 221 224 227 229 230 230 228 227 225 225 226 224 222 219 217 214 213 215 218 218 216 215 215 215 216 215 212 210 211 210 208 208 208 206 206 209 210 213 213 214 213 212 210 207 203 201 201 199 200 199 199 199 199
282 281 279 276 273 270 271 271 270 269 268 266 265 264 263 262 261 263 262 256 258 258 257 257 255 254 253 252 251 251 250 250 249 249 248 248 246 245 245 245 245 245 244 243 242 240 239 238 237 235 234 232 230 229 229 229 228 226 224 225 224 225 227 228 228 228 229 230 231 231 233 233 233 236 237 239 240 241 241 242 243 243 245 247 248 249 250 252 254 258 261 263 267 270 275 279 281 281 281 280 279 278 274 271 268 265 263 260 257 255 254 253 252 251 249 250 252 254 255 255 254 256 258 259 259 257 261 267 273 276 275 272 268 262 255 249 243 243 243 243 242 241 240 238 237 236 236 235 234 232 231 231 230 230 230 229 228 228 227 227 227 227 226 226 226 227 227 227 227 228 229 230 230 230 230 231 231 232 232 232 232 232 232 232 232 232 232 232 232 231 231 230 230 229 229 228 227 226 225 224 223 223 221 220 218 217 216 217 219 221 220 222 222 220 217 216 221 225 228 229 230 230 230 229 229 229 228 227 227 227 226 225 225 223 223 222 221 220 216 214 213 214 217 220 221 222 222 223 223 223 222 222 220 219 217 215 213 214 214 215 215 217 218 219 218 219 219 219 219 219 218 217 215 214 213 211 210 209 209 208 208 207 208 208 208 208 207 207 206 205 204 203 201 200 199 198 198 197 197 196 195 194 193 192 192 193 194 195 198 201 203 200 196 191 186 185 185 185 184 184 184 184 184 185 186 187 188 188 190 192 195 196 197 197 198 198 200 201 202 204 207 209 210 212 214 216 218 221 223 225 228 229 229 229 227 225 224 222 221 219 218 216 214 214 219 223 224 222 220 220 220 220 219 216 215 217 217 216 216 214 214 210 215 217 217 217 217 216 215 213 210 207 205 201 201 201 199 198 199 199
285 283 281 277 274 271 268 269 268 268 267 267 266 266 265 265 262 261 259 259 259 256 256 256 255 254 253 253 252 252 251 250 250 249 249 249 248 247 247 248 248 248 246 245 243 242 241 240 239 237 235 234 232 231 230 231 230 229 227 226 225 224 225 226 227 227 228 229 230 231 231 233 232 235 237 238 239 240 241 243 243 242 245 246 247 248 249 250 251 252 254 259 263 268 274 279 282 283 283 283 281 278 276 272 268 264 261 257 255 253 252 251 251 250 249 249 251 252 253 253 253 254 257 257 256 255 258 263 269 272 272 269 265 260 255 249 242 241 241 241 240 239 238 237 236 236 235 234 233 232 230 231 230 229 229 228 228 227 227 226 226 226 226 225 226 225 225 225 225 226 227 228 229 229 229 230 230 231 231 231 231 231 231 231 231 231 232 232 232 232 231 230 230 230 230 230 229 227 226 225 225 224 223 221 220 218 216 214 216 217 218 218 219 218 215 216 222 226 228 229 230 230 230 229 229 228 227 227 227 226 225 224 223 222 222 222 221 219 218 215 212 213 216 219 220 221 222 222 222 223 222 222 221 219 217 216 214 212 212 212 214 215 216 217 217 218 218 218 219 219 218 217 216 216 214 213 212 211 211 210 210 209 209 210 210 209 209 208 208 207 206 205 204 202 201 200 200 200 200 198 197 196 195 194 192 191 190 192 194 197 198 196 191 187 185 185 185 184 184 184 185 185 186 186 187 189 190 190 189 191 193 195 196 197 198 199 200 201 203 205 206 208 210 212 214 215 217 219 221 223 227 228 229 229 228 227 226 225 223 222 220 217 214 216 223 227 229 228 226 226 225 225 223 219 219 222 223 222 220 220 218 216 219 220 221 221 220 219 217 215 213 210 206 204 206 207 206 207 206 206
287 284 280 277 273 270 267 266 266 266 266 267 267 267 266 266 265 262 260 257 253 254 256 255 254 254 252 252 251 251 250 250 250 250 250 250 250 250 249 250 249 249 248 246 245 245 243 242 241 239 238 236 234 233 232 232 231 231 230 228 226 225 225 225 226 228 228 229 229 230 231 232 233 234 236 237 239 240 241 241 242 243 243 245 245 246 247 247 249 249 250 252 254 261 271 277 281 284 286 285 283 280 277 273 268 263 260 258 256 254 252 250 250 250 249 247 249 250 251 251 251 253 255 254 253 252 254 258 263 267 268 266 263 257 252 247 242 240 239 239 239 237 236 236 235 234 233 233 233 231 231 230 229 229 228 228 227 227 226 226 226 226 225 225 225 225 225 224 223 225 225 226 227 227 228 228 229 230 230 230 230 230 230 230 230 230 231 232 232 232 232 231 231 231 231 230 230 229 227 226 226 226 223 223 222 221 219 218 215 214 214 215 215 215 213 218 222 225 227 228 229 230 230 229 228 228 227 227 227 226 225 224 223 222 220 219 220 218 217 216 213 211 214 217 218 219 220 221 222 222 222 222 221 220 218 217 215 212 211 211 212 213 214 215 216 216 217 217 218 218 218 218 217 216 216 215 214 213 212 212 212 211 211 211 211 210 210 210 209 209 207 206 205 204 203 203 203 202 201 201 200 199 197 196 194 192 191 189 190 192 192 191 188 186 185 185 184 184 184 185 186 186 186 187 189 191 192 193 192 191 192 193 194 196 197 198 200 201 203 205 206 208 209 211 212 214 216 217 219 221 225 227 229 230 230 230 229 228 228 226 224 219 216 218 226 233 232 231 230 229 228 227 225 222 223 227 226 226 224 223 221 222 222 223 224 224 223 222 219 218 214 211 205 206 210 210 211 211 210 209
289 285 282 278 275 272 269 266 264 263 264 266 267 267 267 267 265 263 260 258 254 253 253 253 253 252 251 251 250 249 249 249 249 249 249 249 249 250 251 251 251 250 249 247 247 246 246 244 243 242 240 238 237 235 235 234 233 233 231 229 227 226 225 225 227 228 230 230 231 231 232 233 233 233 234 236 237 238 239 240 240 242 242 243 244 244 245 246 246 248 249 250 252 255 261 274 281 284 287 287 285 282 278 275 269 265 263 260 258 256 254 251 249 249 248 247 247 248 249 249 251 253 254 252 250 252 253 253 255 259 262 261 258 253 249 244 242 240 238 237 237 235 235 234 234 233 232 232 231 231 230 230 229 228 228 228 228 227 227 227 226 226 225 225 225 224 224 224 223 223 223 224 225 226 226 226 227 228 229 229 229 229 229 229 229 230 231 232 232 232 232 232 232 232 231 231 230 231 229 229 228 228 226 225 225 223 222 221 219 217 214 213 213 212 216 218 221 224 226 228 229 229 229 228 228 227 227 227 227 225 225 224 224 222 219 219 217 217 215 215 213 211 211 214 216 217 219 220 221 221 222 221 221 220 219 218 216 214 212 210 209 211 212 213 214 214 215 216 217 218 218 218 217 217 216 216 215 214 213 213 213 212 212 212 212 212 211 211 211 210 209 208 207 205 204 204 204 204 203 203 202 201 199 198 196 194 192 190 189 188 188 188 186 186 185 185 184 184 184 186 187 188 188 188 189 190 193 194 194 194 193 193 193 195 196 197 199 200 202 203 205 207 208 209 211 213 213 214 215 218 221 225 229 231 232 232 231 230 229 227 224 219 215 217 227 232 234 235 234 232 231 229 228 226 226 229 228 228 226 225 225 225 224 225 226 226 225 224 222 218 215 210 204 209 213 214 215 214 213 211
292 288 284 281 277 274 271 268 265 262 262 265 266 267 267 267 265 263 261 257 255 254 254 254 253 251 251 250 249 248 248 248 247 248 248 248 249 249 250 251 250 250 249 249 248 248 248 247 245 244 242 241 239 237 237 236 236 234 233 231 229 227 225 225 227 231 232 233 234 234 235 235 235 235 234 234 236 237 238 239 239 240 240 241 241 243 243 244 245 247 248 250 252 255 259 270 278 284 286 287 286 284 281 278 273 268 265 263 260 257 254 252 250 248 248 247 246 247 247 249 250 251 252 250 249 251 250 251 251 251 252 253 251 248 246 243 241 239 238 237 236 236 235 234 233 232 232 231 231 230 230 230 230 230 230 229 229 228 228 228 226 226 226 225 225 225 225 225 224 224 224 223 222 223 224 225 226 226 227 228 228 228 228 227 228 230 231 231 231 231 232 232 232 232 232 231 231 231 231 230 230 229 227 226 225 224 224 223 222 220 218 216 213 212 211 218 219 221 224 227 228 229 228 228 227 227 227 227 226 225 224 224 225 222 222 221 219 217 216 215 213 212 209 210 213 215 216 218 219 221 221 221 220 220 220 219 216 215 213 210 208 208 209 210 211 212 213 215 216 217 218 218 217 217 217 216 215 215 214 213 213 213 212 213 213 213 213 212 212 211 210 209 208 207 206 206 206 206 206 205 204 203 202 200 198 196 194 192 190 188 187 187 186 186 186 184 184 184 184 190 189 191 191 190 189 190 192 194 194 195 195 194 193 194 195 196 197 199 200 202 203 205 207 208 209 210 211 211 212 214 215 220 226 230 232 233 232 231 230 227 224 220 216 216 226 232 234 235 236 235 233 232 231 228 229 231 230 230 228 227 227 226 225 226 227 227 224 225 223 218 212 207 210 212 215 216 217 216 215 213
295 291 286 282 279 276 273 269 266 263 260 262 264 265 266 266 265 264 260 257 254 253 253 253 253 250 248 248 247 247 247 246 246 246 246 246 247 247 249 250 250 250 250 250 250 250 250 249 247 246 244 243 241 240 239 238 237 236 234 233 230 228 226 225 226 231 234 235 237 237 238 238 237 237 237 235 235 236 237 237 238 239 240 241 242 243 244 245 246 246 248 250 252 255 259 266 276 282 287 288 288 287 284 281 277 271 268 265 262 258 255 253 250 248 247 247 246 245 246 249 250 250 250 249 247 249 248 249 249 249 248 247 248 246 244 243 241 239 238 237 237 236 235 235 234 233 232 232 231 230 231 231 232 232 232 231 230 230 229 228 227 227 226 225 225 226 226 226 227 226 225 225 224 223 221 222 223 224 225 226 227 228 227 226 227 229 230 231 231 231 232 232 232 232 232 232 232 231 231 231 231 229 229 228 227 225 225 225 224 223 221 219 217 214 212 211 218 219 221 224 226 228 228 228 228 227 226 226 225 225 225 226 226 224 224 222 221 219 218 216 216 214 210 209 211 212 214 216 217 218 220 220 220 220 219 219 217 216 214 211 209 207 207 208 209 210 212 213 214 216 217 217 217 217 216 216 215 215 214 214 214 213 213 213 213 214 214 213 213 213 212 211 209 209 209 209 209 208 208 207 206 206 204 202 201 199 196 195 193 190 188 187 186 185 185 184 184 184 186 192 193 193 194 192 191 190 191 193 196 196 196 196 195 195 195 195 196 198 199 201 204 204 207 206 206 207 208 208 210 211 211 213 218 223 226 229 231 232 230 228 226 223 219 216 220 228 235 237 236 236 235 234 232 231 230 231 231 231 231 229 228 227 227 226 226 226 224 224 218 211 210 212 215 216 217 218 217 217 216 215
299 295 289 284 280 276 273 270 267 264 260 259 261 262 263 264 264 262 260 257 254 253 253 252 252 251 246 245 244 244 244 245 243 244 243 243 244 245 246 247 248 248 249 250 251 251 251 251 249 247 245 244 243 241 240 239 239 238 236 235 232 229 226 225 226 229 233 236 238 238 239 240 240 239 239 238 238 237 237 238 240 241 242 243 245 246 247 248 248 248 248 249 251 254 257 262 272 281 286 290 291 291 287 283 279 274 270 267 262 259 256 254 251 248 246 246 245 244 247 248 249 249 249 247 245 246 246 247 247 247 246 246 246 245 244 243 243 241 240 239 238 237 236 235 235 234 234 233 232 231 233 233 233 233 232 232 231 230 230 229 228 227 226 226 227 227 227 228 228 227 227 226 225 224 223 222 221 221 222 224 225 226 225 225 226 228 229 230 230 231 231 232 232 232 232 232 232 231 232 232 231 229 229 229 228 227 227 226 225 224 223 222 221 217 214 212 211 217 218 221 226 227 228 229 228 228 227 226 225 225 225 226 226 225 224 223 221 220 219 218 216 215 212 208 209 209 211 213 214 216 218 218 219 219 219 218 217 217 214 212 210 207 206 206 207 208 210 212 213 215 216 216 217 216 216 216 215 215 215 214 214 214 214 214 214 214 215 214 214 214 213 212 212 212 212 211 211 211 211 210 209 208 207 205 203 201 199 197 195 192 189 187 186 185 184 184 184 184 189 193 195 196 196 194 193 192 191 193 195 196 196 197 197 197 197 196 196 197 198 201 202 204 205 204 205 206 206 207 208 209 211 212 214 216 219 223 229 232 232 231 228 225 221 217 217 224 232 237 236 236 236 235 235 233 231 232 232 232 231 228 228 228 228 226 225 224 220 216 211 213 216 217 218 219 218 218 218 218 216 214
302 296 290 285 280 276 272 269 266 264 260 257 258 259 260 261 261 260 258 255 253 251 251 252 251 250 247 244 244 243 242 242 241 242 241 241 241 242 243 244 244 245 246 247 250 251 250 250 249 248 246 245 243 243 242 241 240 239 238 236 233 230 227 226 226 227 231 234 237 239 240 241 241 240 241 240 240 239 239 240 240 242 244 245 247 248 249 250 250 250 251 251 252 252 255 258 265 278 286 292 296 295 291 286 282 277 273 268 263 260 257 254 251 249 247 245 244 244 246 248 248 247 247 246 244 244 244 245 246 245 244 245 246 246 245 244 243 243 242 241 240 239 238 237 236 235 235 235 234 233 234 234 233 233 232 232 231 230 229 229 228 227 227 227 228 228 228 229 229 229 229 228 227 226 225 223 222 221 220 222 222 224 224 224 226 227 228 229 230 230 231 231 231 231 232 232 232 232 232 232 231 231 231 230 229 229 229 227 226 226 225 224 223 221 218 214 211 210 217 219 222 225 227 228 228 227 226 226 225 224 224 224 225 225 223 223 221 220 219 219 218 216 213 211 208 207 208 210 211 213 214 216 217 217 218 218 217 217 215 213 211 209 206 204 204 206 209 211 212 214 215 216 216 216 216 215 215 215 214 214 214 214 214 214 214 215 215 216 216 216 215 215 215 215 215 214 214 215 215 214 213 212 210 208 206 204 202 199 197 195 191 188 187 185 185 185 185 186 190 193 195 196 197 197 195 195 194 193 193 195 197 197 197 198 198 198 198 197 199 201 202 203 206 203 203 204 206 209 210 211 213 214 215 216 218 223 229 233 234 233 229 227 223 219 217 221 227 232 233 236 236 236 234 235 233 232 231 231 231 228 228 226 224 222 220 215 215 217 218 219 220 221 220 220 220 219 219 218 217 215
300 293 287 281 278 274 271 268 265 263 260 258 256 255 255 256 257 257 255 253 251 249 250 251 250 249 248 247 246 244 243 242 241 240 240 239 239 239 240 240 241 241 240 243 246 247 247 245 245 244 244 244 243 243 242 241 241 240 239 237 234 230 228 226 226 226 230 234 236 239 240 241 242 243 242 242 242 242 241 242 241 242 244 246 248 249 250 251 252 253 253 254 254 255 256 257 260 270 284 292 298 299 295 290 285 280 275 269 264 260 257 254 251 249 247 245 244 243 244 246 246 246 246 245 243 243 243 243 243 243 242 244 245 245 245 245 244 243 243 242 241 240 240 239 238 237 236 235 235 235 234 234 233 233 232 231 231 230 229 229 228 228 228 229 228 229 229 229 229 230 230 228 228 227 226 224 223 223 221 220 219 221 221 223 225 226 227 228 229 230 230 230 230 231 231 232 232 232 233 232 232 232 231 231 230 229 229 227 227 227 227 226 224 222 220 217 214 211 210 218 219 222 225 227 227 226 226 225 225 225 225 225 224 223 224 222 220 220 218 217 217 216 214 212 209 206 206 206 208 210 211 213 214 216 217 217 217 216 215 213 212 209 207 204 203 204 207 209 211 212 214 215 215 215 215 214 213 213 213 213 213 213 213 213 214 215 215 216 217 217 218 218 218 218 218 218 219 219 220 219 218 216 214 212 210 207 205 203 201 196 193 189 186 185 185 185 184 188 192 193 195 197 197 198 198 197 196 195 194 195 196 198 198 199 199 199 200 200 202 204 204 204 205 204 206 208 209 211 212 214 215 216 217 217 219 223 230 234 235 233 230 227 224 221 219 218 222 224 228 233 236 237 236 234 234 232 232 231 230 228 225 220 222 221 221 220 221 222 223 223 223 222 222 221 220 220 220 218 216 215
297 288 280 275 273 270 268 266 264 261 260 257 256 255 254 252 253 252 251 250 249 249 251 252 250 250 250 248 247 246 245 244 242 241 240 239 239 238 238 238 237 236 237 238 238 240 240 239 239 239 239 240 240 240 240 240 241 240 238 236 233 231 229 227 226 226 228 233 236 238 240 241 243 243 243 243 243 243 244 243 243 243 245 246 248 250 252 253 255 255 256 257 258 258 259 261 260 264 277 288 293 297 298 293 288 282 276 270 264 260 256 254 251 249 248 245 244 243 242 243 245 246 246 245 243 242 241 241 241 240 240 242 243 244 244 244 244 243 243 242 242 241 240 239 238 238 237 237 235 235 234 234 233 232 231 231 230 229 229 229 229 229 229 230 229 229 229 229 229 230 231 230 228 227 227 226 225 224 222 221 220 219 220 221 223 225 226 227 228 229 229 229 230 230 230 232 232 232 233 233 232 232 231 231 230 228 228 227 226 227 227 226 225 224 222 219 217 212 209 210 218 220 223 226 227 226 226 226 225 225 224 223 223 223 223 221 221 219 217 216 216 214 212 210 208 206 205 205 205 207 208 210 211 213 214 215 216 215 214 213 211 209 207 204 202 203 205 208 210 211 213 214 214 214 213 212 212 212 212 212 211 211 212 212 213 214 216 217 219 220 221 221 221 223 222 223 223 224 224 223 222 221 218 216 214 211 208 206 203 199 195 189 186 184 186 186 184 189 192 193 196 197 198 199 199 199 198 197 196 195 195 197 199 199 200 200 201 201 203 204 205 208 206 207 208 209 210 212 214 216 217 218 219 220 221 224 230 236 237 236 233 229 225 223 221 219 219 222 225 231 236 236 236 235 235 233 232 231 230 228 226 228 227 225 225 225 225 226 226 225 225 223 223 223 221 220 221 219 216 215
293 286 280 273 269 267 265 263 262 260 259 258 258 258 256 255 254 253 252 251 251 252 254 254 253 252 251 250 248 249 247 246 244 243 242 240 240 238 237 237 237 236 236 235 235 235 235 235 235 235 235 235 235 236 236 237 237 237 236 234 232 231 229 227 226 226 228 232 236 238 239 241 242 243 244 245 245 245 245 245 245 245 246 247 248 251 253 254 256 257 258 259 261 261 263 264 265 265 268 276 281 287 292 292 288 282 276 268 262 258 255 253 251 249 247 245 244 243 242 242 243 244 245 244 242 241 239 239 238 237 237 239 240 241 242 242 243 243 242 242 241 241 240 239 239 238 238 237 236 235 234 234 233 232 231 231 230 230 229 229 230 230 230 230 229 230 230 230 230 230 230 231 229 229 228 227 226 225 224 223 221 219 218 219 220 223 225 226 227 227 228 228 228 229 230 231 232 232 232 233 232 232 232 231 229 228 228 229 228 227 227 226 225 225 223 221 219 215 211 209 210 217 220 224 226 227 226 226 226 225 224 222 222 222 221 221 220 218 217 215 214 212 211 209 208 207 206 205 204 203 205 207 209 210 211 213 209 211 213 212 211 209 206 203 201 202 205 208 209 211 212 213 213 211 211 210 210 211 211 210 210 210 210 210 212 214 216 218 221 223 224 225 226 227 227 227 227 227 227 226 225 223 221 219 217 214 211 208 205 201 196 189 185 186 186 186 186 190 192 195 197 198 199 199 200 200 200 199 198 197 196 197 199 200 200 200 201 201 202 203 206 206 207 209 210 212 212 214 216 218 219 221 222 223 223 225 230 236 238 237 236 233 229 226 223 221 220 222 226 232 236 239 237 238 236 235 233 232 231 228 229 228 229 228 228 228 227 228 228 228 227 225 224 224 222 220 220 219 217 216
286 281 276 272 270 268 267 265 264 262 261 261 261 259 258 257 256 255 254 253 254 255 256 256 255 253 252 251 251 250 249 248 246 244 243 242 241 239 238 238 237 236 236 235 235 234 234 234 233 233 233 233 233 233 233 233 233 233 233 232 231 230 229 227 226 226 227 232 235 237 239 241 243 244 245 245 246 246 246 247 247 247 248 248 250 251 253 255 258 259 260 262 263 265 266 268 270 271 272 272 275 279 286 287 284 277 272 264 258 256 253 252 250 249 246 246 245 243 243 241 241 242 243 243 242 240 239 238 238 237 237 236 236 237 237 239 240 240 240 240 240 240 240 239 239 238 237 236 236 234 234 233 232 232 231 231 231 230 230 230 231 231 231 231 230 230 229 229 229 230 230 231 228 228 228 227 226 226 225 225 223 221 219 217 218 220 223 225 226 226 227 227 227 228 230 231 231 231 232 231 232 231 231 231 230 228 228 228 228 227 227 226 225 225 223 222 220 218 213 210 209 211 218 222 224 226 227 226 226 225 223 222 221 221 222 220 218 218 215 214 213 213 212 212 212 211 210 208 206 204 203 204 204 206 208 210 211 209 212 211 210 208 205 202 200 202 206 208 210 211 212 212 212 210 209 208 208 208 208 208 208 208 208 209 211 214 216 220 224 226 228 229 230 231 230 230 230 228 227 226 225 224 223 221 219 216 214 210 206 202 196 187 185 186 186 186 187 192 193 195 197 198 199 200 201 201 201 200 200 199 196 196 198 200 201 202 203 203 204 204 206 207 209 210 211 213 214 216 218 219 221 223 225 226 227 227 231 236 239 239 238 235 232 229 225 222 220 223 228 234 238 238 238 238 238 236 234 233 231 231 228 229 231 230 229 229 228 228 229 228 228 227 224 224 223 222 221 219 218 219
288 283 279 275 274 273 271 269 267 265 265 263 262 259 259 259 259 258 257 256 257 257 258 257 256 255 254 253 252 251 250 248 247 245 244 243 242 240 239 236 239 238 238 238 236 234 234 234 233 233 232 232 232 231 231 231 230 230 230 230 230 229 228 227 226 226 227 234 236 238 240 242 243 245 245 246 246 247 247 248 248 249 249 250 251 253 255 257 259 261 263 264 266 268 271 273 275 277 277 278 278 280 279 280 277 271 264 260 257 254 252 251 250 249 249 248 247 243 243 243 241 240 240 240 240 239 238 239 240 240 240 239 237 235 234 235 236 237 238 238 238 238 238 238 238 237 237 236 234 234 234 233 233 232 232 232 231 231 231 231 231 231 231 230 230 230 229 229 229 229 230 230 228 227 227 227 227 226 226 224 223 222 220 218 217 216 219 221 223 224 225 225 226 227 229 230 230 231 231 230 231 231 230 231 230 228 228 227 227 227 226 226 225 224 223 223 221 218 215 212 208 209 212 220 222 225 226 226 225 225 224 222 221 220 219 219 218 217 215 215 216 216 216 215 215 214 213 211 209 206 204 202 202 202 204 206 208 204 209 210 209 207 203 201 199 201 205 207 208 210 211 210 210 209 208 206 205 206 206 206 205 206 207 209 211 214 217 222 227 230 232 235 234 232 232 232 230 227 224 223 222 222 222 221 219 217 215 212 208 203 195 187 185 185 186 186 187 193 196 196 197 199 200 200 201 202 202 202 201 199 199 198 198 199 201 202 204 205 206 207 208 210 209 210 211 213 216 217 219 221 224 225 228 229 230 231 233 236 240 240 239 237 233 230 227 223 220 224 230 235 238 239 241 240 238 237 235 234 233 232 232 231 231 231 231 230 230 229 228 228 228 227 224 224 224 222 222 220 220 220
293 289 284 281 280 279 277 273 270 268 266 265 262 261 261 261 261 261 260 259 259 260 260 259 258 257 255 255 254 253 251 249 248 246 245 244 242 241 243 240 241 240 240 239 238 237 237 235 234 234 233 233 232 232 231 231 231 230 229 229 228 228 228 227 226 227 228 234 237 239 241 242 243 245 246 246 247 249 249 248 248 249 250 251 253 255 257 258 260 263 265 267 270 274 276 279 281 282 282 282 281 279 276 274 271 265 260 259 258 257 255 254 252 251 251 250 249 247 246 245 243 241 240 240 239 239 239 240 242 243 244 242 241 238 236 235 234 233 233 235 236 236 237 237 238 237 236 235 235 234 234 234 234 233 233 233 232 232 232 232 232 232 231 230 229 228 228 229 228 228 229 229 227 227 226 226 227 226 227 225 223 223 222 220 218 216 216 217 220 222 223 224 225 227 228 229 229 230 230 231 230 230 230 230 229 228 227 226 226 226 226 225 224 223 223 222 221 219 217 214 210 207 209 215 220 223 225 225 226 225 225 224 222 221 220 219 218 218 217 218 218 218 218 218 217 216 215 213 211 209 206 204 201 199 200 202 203 202 204 207 207 206 202 200 198 201 204 206 206 208 209 209 209 208 206 205 203 203 203 203 204 206 208 210 212 215 219 225 229 234 235 235 234 234 233 231 229 226 222 219 218 219 218 218 218 216 214 212 209 203 195 186 185 185 186 186 187 193 196 198 198 200 200 201 202 202 203 202 202 201 201 199 198 199 200 201 203 204 206 207 208 208 209 209 210 213 215 217 220 223 226 230 232 233 234 236 237 238 240 241 240 237 234 230 226 222 220 222 226 231 236 240 241 239 239 238 236 235 234 232 232 231 232 232 231 230 231 230 228 228 228 226 225 226 224 222 222 221 221 221
297 295 291 289 290 288 285 279 274 271 269 267 263 263 264 264 264 264 263 262 262 263 262 261 259 258 257 256 255 254 252 251 249 248 246 245 243 241 240 242 242 242 241 241 240 239 238 238 237 236 234 234 234 234 234 234 234 233 231 231 229 228 227 227 227 228 230 235 237 239 241 242 243 245 245 246 247 247 248 249 249 250 251 252 254 255 258 260 262 265 267 270 274 278 282 285 286 287 287 286 283 280 275 270 265 262 258 257 258 258 256 254 253 253 252 251 250 248 247 246 244 242 242 241 241 240 241 242 243 245 246 246 244 241 240 237 235 233 232 232 233 235 235 236 236 236 236 235 235 235 235 235 234 234 234 233 233 233 233 233 232 233 230 229 228 228 227 226 226 227 228 228 228 227 226 227 227 227 226 225 224 224 223 221 220 217 215 215 217 219 221 222 224 226 227 228 228 229 229 230 230 230 229 229 228 228 226 227 226 225 225 224 223 222 221 221 219 218 216 213 211 208 207 211 217 221 223 225 226 225 225 225 224 223 222 220 220 220 220 220 220 219 220 219 219 218 217 215 213 211 209 207 203 201 198 197 198 198 202 203 205 204 201 199 197 198 201 203 204 205 206 206 206 207 204 203 201 200 200 202 205 208 210 212 214 216 221 227 232 235 235 235 234 234 230 230 229 226 223 219 215 213 213 214 215 214 213 211 207 202 190 187 186 186 187 186 188 193 197 199 201 200 201 202 203 203 203 203 203 203 202 201 200 199 200 200 201 203 204 205 206 207 208 209 211 213 214 216 219 224 230 234 237 239 240 239 240 240 241 241 240 236 231 228 224 222 221 222 225 229 235 240 243 241 240 239 238 236 235 234 233 232 232 232 233 233 231 231 228 228 229 227 226 226 224 223 222 222 221 220
300 300 299 297 299 297 291 284 278 275 271 268 265 267 268 268 267 267 266 266 265 265 264 263 262 260 259 258 256 255 253 252 250 249 247 245 244 242 241 243 244 243 243 242 241 241 240 240 239 239 238 237 237 235 235 235 235 235 233 233 231 229 227 227 227 229 232 235 238 238 240 241 242 243 245 245 246 247 246 248 248 249 250 252 253 255 258 261 264 266 269 273 277 281 287 291 292 293 292 289 286 281 276 270 263 259 256 254 255 256 256 255 254 254 253 252 251 250 248 247 246 245 243 243 242 242 243 243 244 246 247 248 246 244 242 240 238 236 234 232 231 232 233 234 235 235 235 233 235 235 235 235 235 235 235 234 234 234 234 233 232 232 231 228 229 228 226 226 227 226 227 226 226 227 226 226 226 225 225 225 224 223 223 222 221 219 216 215 215 216 218 221 223 224 225 226 227 227 228 229 229 228 229 229 229 228 226 227 226 225 224 223 222 221 220 220 218 217 215 214 211 209 207 208 213 219 222 224 225 225 225 225 224 223 222 222 221 221 221 221 221 221 221 220 220 219 218 216 214 213 212 209 207 204 200 197 196 197 198 202 202 202 199 197 196 196 197 200 199 201 202 203 203 204 202 201 199 199 200 204 206 209 211 213 215 218 223 229 233 235 235 234 233 233 232 229 228 225 223 221 217 212 208 208 210 211 210 208 205 201 191 187 186 186 187 187 187 192 197 200 202 202 202 203 204 205 205 204 204 203 203 202 201 200 201 202 203 203 204 205 206 208 210 211 212 213 214 216 218 224 230 236 240 241 242 241 241 241 241 240 238 234 230 226 223 222 223 224 227 232 237 240 243 242 239 238 238 236 235 235 234 233 233 233 232 232 231 230 229 228 228 227 227 226 225 224 222 222 221 220
302 303 303 304 304 302 296 290 284 279 274 269 268 271 271 272 271 271 270 269 269 268 267 265 263 262 261 260 258 256 254 253 251 249 248 246 245 243 242 243 245 244 244 243 243 243 242 242 242 241 240 239 238 238 239 239 235 235 235 235 231 228 227 227 227 229 232 235 238 238 238 238 238 239 241 242 243 244 245 246 247 247 248 251 253 255 258 261 265 269 272 276 280 284 290 296 298 298 295 293 288 283 277 271 265 260 256 253 253 254 254 254 253 253 253 253 252 251 250 248 248 247 245 244 244 244 244 245 245 246 248 249 248 246 243 242 240 238 236 234 232 231 231 232 233 234 234 232 234 235 234 234 235 235 235 235 235 234 234 233 232 232 231 228 229 227 227 226 227 226 227 226 227 226 226 227 226 225 225 224 224 223 222 222 220 219 217 215 214 214 216 218 221 222 223 224 225 226 226 227 227 227 228 229 229 228 227 227 226 226 225 224 223 222 222 221 220 219 217 216 214 211 208 206 209 214 218 222 223 225 225 225 224 224 223 223 223 222 222 222 222 222 221 221 220 219 218 217 216 214 213 211 210 207 201 197 197 195 196 197 199 199 198 195 195 195 195 196 196 196 197 199 200 200 200 198 198 197 200 203 206 209 211 213 215 218 225 231 234 232 235 233 231 225 227 227 226 225 223 220 219 214 209 207 204 206 205 205 201 199 191 188 186 186 186 186 189 194 198 202 204 204 203 204 205 206 206 206 205 205 204 204 203 202 202 203 204 205 207 207 208 210 212 213 214 216 217 217 218 220 225 232 237 240 241 241 240 239 238 238 236 232 229 225 222 222 225 228 232 237 241 243 243 242 240 239 238 236 236 235 234 233 233 233 233 233 231 230 231 229 228 227 227 226 225 224 222 222 221 220
302 305 306 308 308 305 299 293 288 282 276 270 273 275 275 275 275 275 274 273 272 271 269 267 266 265 263 262 260 258 256 254 252 251 249 247 246 244 243 244 245 245 245 245 245 244 244 244 243 243 242 241 240 240 240 240 241 240 238 235 235 236 231 227 228 230 231 232 234 235 235 235 236 237 238 239 240 241 242 244 244 246 247 250 252 255 258 261 265 269 275 279 284 289 291 294 296 296 294 291 287 283 278 272 266 261 257 254 251 251 252 252 251 251 251 252 251 251 250 250 250 249 248 246 245 244 244 245 246 246 248 249 249 247 245 243 242 240 238 236 234 232 231 230 230 231 232 232 233 233 233 234 234 234 234 234 234 234 234 233 232 231 230 229 227 227 227 227 226 226 226 226 226 225 224 225 225 225 224 224 223 223 222 220 219 218 216 215 214 213 213 215 217 219 221 222 223 224 225 225 226 227 227 228 228 228 227 227 227 227 225 225 225 224 224 223 223 222 220 219 217 214 210 206 206 209 216 219 221 223 224 225 225 225 224 224 224 224 223 223 223 222 221 221 221 220 219 217 216 214 213 212 210 206 203 201 195 195 196 195 196 196 197 196 194 194 194 194 194 194 193 194 195 194 195 195 197 196 199 203 205 207 210 212 215 219 225 231 233 233 232 227 224 220 221 222 222 221 220 220 217 214 211 207 203 201 200 200 199 195 191 188 186 186 186 185 189 194 199 204 205 205 204 205 206 207 208 207 206 207 206 205 204 203 203 205 207 208 209 210 210 212 213 215 217 219 220 221 221 221 223 226 231 236 238 238 236 235 233 231 230 229 226 224 223 224 228 234 238 242 245 246 245 242 241 240 238 237 237 237 236 234 234 233 233 233 231 230 230 228 228 227 227 226 225 224 222 223 220 220
302 306 309 311 311 308 301 294 285 279 275 272 278 279 280 280 280 278 277 276 275 273 271 270 269 267 266 263 261 259 257 256 254 252 250 249 247 245 244 245 246 246 247 247 246 246 246 245 244 244 243 243 242 241 241 241 240 239 237 233 234 234 235 234 235 235 231 231 232 233 234 236 237 238 238 240 240 241 242 242 243 245 246 248 251 254 257 260 264 269 277 281 286 290 291 290 290 289 287 285 283 280 276 272 267 262 258 254 252 250 249 250 249 249 248 248 249 250 250 251 251 250 249 247 246 246 245 245 245 245 247 249 250 249 247 245 243 241 239 238 236 234 233 231 229 229 228 228 231 233 232 232 233 233 233 234 234 234 233 232 232 230 228 229 227 227 226 226 225 225 225 224 224 224 224 224 224 224 224 223 222 222 219 218 217 216 216 216 215 214 214 213 214 215 217 219 221 222 223 224 225 226 227 228 228 227 227 227 227 227 227 226 226 226 225 225 224 224 222 221 219 216 213 209 206 206 210 216 219 222 223 224 225 225 225 224 224 223 224 224 223 223 222 221 220 219 218 217 215 214 212 209 206 202 201 196 196 195 195 195 194 194 194 194 193 193 193 193 192 193 193 192 192 192 192 192 194 196 198 201 203 206 208 210 212 216 223 229 230 230 229 226 222 213 210 214 216 215 214 217 216 215 210 208 206 202 200 197 194 193 190 187 187 186 186 187 191 195 199 203 206 206 206 206 207 208 208 209 209 209 208 207 206 204 206 207 208 209 211 212 213 214 215 217 220 222 223 224 225 225 226 227 229 234 235 235 233 231 229 229 227 227 226 224 224 226 232 238 243 246 249 249 246 244 242 240 239 240 239 238 236 236 235 234 233 233 231 230 230 229 228 226 226 227 224 223 222 221 219 218
301 307 311 314 312 309 301 293 285 283 280 276 281 284 285 286 285 283 281 280 278 276 274 273 272 270 268 266 263 262 259 257 256 254 252 250 248 246 245 246 247 247 248 248 248 247 247 246 246 245 244 243 243 242 242 241 240 239 235 231 228 233 228 228 232 232 233 235 236 236 236 238 239 241 243 244 245 245 245 245 245 245 246 248 250 252 255 259 261 268 275 282 287 289 289 288 284 279 279 278 275 275 273 269 265 261 259 256 252 250 248 248 248 247 246 245 244 246 248 249 249 249 248 247 247 246 244 243 243 244 246 247 249 250 248 246 245 243 241 239 238 236 235 233 231 229 228 226 229 230 231 231 232 232 232 233 233 233 233 232 231 230 228 229 227 226 227 226 226 225 224 225 224 224 224 224 223 222 223 222 221 220 218 217 218 219 218 219 218 217 216 214 215 212 214 216 218 220 222 223 223 224 227 227 227 227 227 227 228 227 227 227 227 227 227 226 225 225 224 222 221 219 216 212 208 205 206 211 217 220 222 223 224 224 225 224 224 224 224 224 223 222 222 221 220 219 217 215 214 210 205 201 198 195 194 195 195 194 195 194 194 193 193 193 193 193 193 193 193 192 193 192 192 192 192 192 192 194 196 198 200 203 203 205 207 212 217 222 222 220 199 218 215 212 205 203 204 205 207 211 214 212 211 209 205 203 201 198 194 192 190 187 186 186 186 185 192 196 200 203 205 206 206 207 208 209 210 211 211 211 210 209 208 206 207 208 209 211 213 214 215 217 218 220 223 226 227 228 229 229 230 231 232 234 235 234 231 231 232 231 231 231 230 226 225 229 235 241 246 249 251 250 248 246 244 242 241 240 240 238 237 236 235 234 234 232 231 230 230 229 227 226 226 225 225 224 222 220 220 220
301 308 313 314 313 310 303 296 292 289 285 281 281 288 292 293 291 288 285 283 281 279 277 276 275 273 270 268 266 264 261 260 257 255 253 251 249 247 246 248 248 249 249 250 250 249 248 248 247 246 245 244 243 243 241 240 238 236 234 231 228 231 228 230 233 234 236 237 239 240 241 242 240 239 241 242 245 249 249 248 247 246 247 248 250 252 255 257 261 265 272 280 286 288 288 286 283 277 271 271 267 267 267 266 263 261 259 255 252 251 248 247 246 245 244 243 243 243 244 244 245 245 246 246 245 245 244 243 242 241 243 244 246 248 248 247 246 244 242 241 239 237 236 234 230 229 227 227 228 229 230 230 231 231 231 232 232 233 232 231 231 230 228 229 228 228 228 227 227 226 225 225 224 224 223 223 223 220 222 221 220 219 219 219 221 221 221 221 221 220 218 216 214 213 211 213 214 217 219 220 222 223 224 225 226 227 227 227 228 228 227 227 227 227 227 227 226 226 225 224 222 221 218 214 211 207 204 206 213 217 220 221 222 223 224 224 224 224 224 223 223 222 221 220 219 217 215 212 208 202 197 195 195 195 194 194 194 194 194 194 194 194 194 193 193 193 193 193 193 193 193 192 193 192 192 192 191 193 193 195 197 197 198 199 200 201 200 200 198 199 199 198 203 203 202 200 200 200 201 204 209 209 208 206 203 201 200 198 195 193 189 186 186 187 186 186 193 199 202 204 205 207 208 208 209 210 212 212 213 213 212 212 210 208 209 211 211 212 214 216 218 220 221 224 227 230 232 232 233 234 235 235 235 236 234 233 234 235 236 235 234 234 231 227 226 231 237 242 248 251 252 251 249 247 246 244 243 242 241 240 238 237 235 234 234 233 231 231 231 229 227 227 226 226 226 224 224 221 221 222
299 306 311 312 312 311 306 303 299 295 291 287 285 291 297 299 297 295 291 288 285 283 281 280 278 276 273 271 268 265 263 261 258 256 254 252 249 247 248 249 250 250 251 251 251 251 250 249 247 247 245 244 243 242 240 239 237 235 233 230 228 229 229 229 233 235 237 239 240 241 243 243 244 245 246 248 249 250 250 251 253 255 257 257 254 253 257 260 264 267 271 277 284 287 287 286 283 279 274 268 264 261 262 261 260 259 256 254 252 250 248 247 246 245 245 244 243 243 242 242 242 242 242 243 243 243 242 241 241 239 240 242 243 245 247 247 246 244 243 241 240 237 235 234 230 232 229 228 227 228 229 229 229 230 230 231 231 232 232 231 230 230 229 229 228 228 228 228 227 227 226 226 225 224 223 223 222 220 221 220 220 219 220 221 221 221 222 222 222 221 220 219 217 215 213 211 211 213 215 217 219 221 223 224 225 226 227 227 227 228 228 228 228 228 228 228 227 227 227 225 223 222 219 216 213 208 204 204 209 214 217 219 221 222 223 224 224 224 223 222 222 221 220 218 217 215 213 209 203 197 196 194 194 195 195 195 194 195 195 194 194 193 194 194 194 194 194 194 194 193 193 193 193 192 192 192 192 190 192 192 193 192 194 194 195 195 194 194 196 195 195 195 195 196 197 197 197 197 197 199 202 203 203 202 200 198 198 196 195 192 189 187 186 187 186 186 193 199 202 204 205 207 209 210 210 211 213 214 214 215 215 214 212 210 210 212 214 214 216 218 221 223 226 229 231 234 236 238 238 239 239 239 238 236 234 234 236 238 239 239 237 236 231 226 228 233 239 244 249 252 253 252 251 249 248 246 245 243 241 240 239 237 235 235 234 232 230 231 230 229 229 228 227 227 227 227 225 224 223 223
294 301 304 306 309 310 309 308 305 301 296 293 289 293 299 302 302 299 296 292 289 287 286 284 281 279 276 273 271 268 265 262 259 257 254 251 249 248 249 250 251 252 252 253 252 252 251 249 248 247 246 244 242 242 241 239 237 235 233 230 228 228 229 228 229 233 237 238 240 241 242 242 243 245 246 248 249 251 252 252 252 252 252 254 258 263 265 266 265 270 275 278 283 287 288 287 285 281 277 272 266 262 258 257 257 255 254 252 250 249 249 249 248 247 247 246 247 246 245 243 242 241 240 240 240 240 240 240 239 239 238 238 240 243 245 246 245 244 243 241 240 237 235 232 233 232 231 230 227 227 228 228 228 229 229 230 230 231 231 230 231 230 230 230 229 229 229 229 229 228 228 227 226 225 224 223 222 221 220 221 222 222 222 222 222 222 222 223 222 222 221 219 218 216 215 212 210 210 212 214 217 219 221 222 223 225 226 226 226 227 227 228 228 228 228 228 227 227 227 226 224 223 221 218 215 211 206 203 205 210 214 217 219 221 223 223 223 223 223 222 221 220 219 217 215 212 209 204 199 197 194 194 195 197 198 198 197 197 198 195 194 194 195 194 194 194 195 196 196 195 194 193 193 193 192 192 192 191 192 192 192 192 191 190 192 192 192 192 191 191 191 191 193 193 194 194 194 194 194 195 197 198 198 197 196 195 195 195 193 191 189 187 187 187 187 187 192 198 201 203 205 207 210 209 213 214 216 216 216 216 217 216 215 213 212 213 215 217 218 220 223 226 231 234 236 239 241 243 243 242 241 240 238 235 235 237 239 241 241 240 239 237 231 227 230 236 242 246 251 253 253 253 252 251 249 248 246 245 243 240 238 237 234 234 232 233 232 231 231 231 230 229 229 228 228 228 226 225 225 225
287 293 295 299 303 307 309 311 309 305 302 299 296 296 301 305 306 304 301 298 295 292 291 288 285 282 280 276 273 269 265 262 259 256 253 251 249 250 252 253 253 254 254 254 253 253 252 250 249 247 245 243 242 241 239 238 236 234 232 231 230 229 229 228 228 229 233 236 237 237 238 240 241 243 244 246 248 250 252 253 253 253 252 253 256 257 260 263 267 269 272 282 285 287 289 288 287 284 280 275 270 265 261 257 255 253 252 252 252 252 253 252 251 250 248 248 248 247 246 246 245 243 241 239 238 238 237 237 237 237 237 237 237 240 243 244 244 243 242 241 239 237 235 234 233 233 232 231 229 227 226 226 227 227 228 228 229 230 231 231 231 231 231 231 230 230 230 229 229 228 228 227 227 226 225 224 223 222 222 222 223 223 223 223 223 223 223 222 222 222 221 220 219 218 217 215 212 210 209 211 213 216 218 220 222 223 225 225 225 226 226 227 227 227 227 227 227 227 227 226 225 224 222 220 217 213 208 204 203 206 213 214 218 220 222 223 223 223 222 221 220 218 217 215 213 209 205 201 196 194 194 194 198 199 200 201 201 200 198 198 196 196 197 197 196 196 196 197 197 197 196 195 194 194 193 192 192 191 191 191 191 191 191 191 191 192 192 192 191 191 191 190 191 192 191 191 192 191 191 191 192 192 192 191 190 190 191 191 189 190 188 187 186 186 186 187 193 197 200 203 205 207 208 208 214 215 217 218 219 220 219 219 218 216 214 214 216 218 221 223 226 229 234 238 241 243 244 244 244 242 241 239 236 236 238 240 242 243 243 241 240 235 230 228 233 239 244 249 252 253 254 253 252 251 250 248 246 245 242 240 237 235 232 231 233 234 234 235 233 232 231 230 230 230 229 228 227 226 226 226
278 283 286 291 297 302 307 310 311 309 306 304 302 301 304 307 309 308 306 303 300 298 296 292 289 286 282 278 274 270 265 261 258 256 253 251 251 253 254 255 255 255 255 255 255 254 252 251 249 246 244 242 241 240 238 237 235 234 232 231 231 230 229 229 229 228 228 233 234 234 235 237 238 240 242 245 248 250 252 254 254 253 254 254 255 258 261 264 268 273 278 273 273 277 286 288 289 287 283 280 274 269 265 261 258 255 255 255 255 256 255 255 254 252 251 250 250 249 248 247 245 243 241 239 238 238 238 237 236 236 235 235 236 236 239 241 241 242 241 240 238 236 235 233 232 232 232 231 229 227 226 225 225 226 226 227 227 229 230 231 231 231 231 231 231 230 230 230 230 229 229 228 227 227 226 225 224 223 223 224 224 224 224 224 224 223 223 222 222 222 220 220 220 219 218 217 214 212 209 208 210 213 216 218 220 222 223 224 224 224 225 225 227 227 227 227 227 227 227 227 226 225 223 221 218 215 209 204 202 204 209 214 216 219 221 222 222 222 221 220 218 217 216 213 210 207 202 196 194 194 195 199 201 202 203 203 203 202 200 199 197 197 198 198 198 197 197 198 199 199 199 197 196 195 194 193 192 192 191 191 191 191 191 191 191 192 192 192 191 189 191 191 190 190 190 190 190 189 189 189 189 188 187 187 189 188 189 189 188 188 187 187 187 187 187 188 193 196 199 203 206 207 207 208 208 215 218 220 221 222 222 222 222 220 218 217 218 220 223 226 229 232 235 233 244 245 246 245 244 242 240 238 238 239 241 243 245 245 244 242 240 234 229 229 233 240 245 250 252 254 254 254 252 250 249 247 245 244 241 238 235 232 230 227 230 234 234 235 235 234 233 231 230 230 228 229 228 227 227 226
269 273 277 283 289 295 301 307 310 311 310 308 307 307 307 310 313 315 311 308 305 303 300 297 292 288 283 278 274 269 265 261 258 255 253 252 253 255 256 257 257 258 257 256 255 254 253 251 249 246 244 243 242 241 239 237 236 235 234 233 232 231 231 230 230 229 229 229 231 232 233 235 237 239 242 244 247 249 251 252 253 253 254 254 256 258 261 264 267 272 278 284 288 283 276 276 280 286 287 282 279 273 269 266 262 259 258 259 259 258 258 257 255 254 252 251 250 249 248 246 244 243 241 241 241 240 240 239 238 237 236 235 234 234 234 236 238 239 239 239 237 235 234 232 230 230 230 229 228 226 225 225 224 224 224 225 226 227 229 230 231 231 231 231 231 231 231 231 231 228 229 229 228 227 227 225 224 223 224 225 225 225 225 225 224 223 223 222 222 222 221 221 220 219 219 218 216 214 211 209 208 209 212 215 218 219 219 222 222 222 222 224 224 225 227 226 226 226 226 226 226 225 223 222 219 216 211 205 203 203 207 212 216 219 220 221 221 221 220 219 218 217 214 211 208 203 199 194 195 195 198 202 204 205 205 206 206 205 202 199 197 197 200 201 199 198 197 199 201 202 203 202 200 199 198 196 194 193 191 190 191 191 191 191 191 192 191 190 192 190 190 190 190 189 189 190 189 189 189 189 188 189 189 188 188 188 189 188 188 187 187 188 187 187 187 190 194 197 200 203 203 205 206 208 212 214 212 214 217 220 225 225 225 224 222 221 222 223 225 229 232 236 241 236 247 247 246 244 243 240 239 239 241 242 244 246 247 246 245 242 237 232 228 229 233 238 245 249 253 255 254 254 253 250 247 244 241 239 238 236 231 228 225 224 223 224 229 231 234 233 233 232 231 229 229 228 228 227 227 226
262 266 271 276 282 287 294 301 308 310 311 311 311 311 311 313 317 320 316 313 310 306 302 298 292 286 280 276 273 269 265 262 259 256 253 254 256 258 259 260 260 260 259 258 257 255 254 252 249 248 246 245 244 242 241 240 238 236 235 235 233 233 232 232 230 229 229 228 229 232 233 234 236 238 241 244 246 248 249 251 252 253 254 255 256 258 260 262 264 269 276 283 291 300 300 296 288 279 279 279 281 278 273 269 266 263 262 261 261 261 260 258 257 255 253 251 249 248 247 245 244 244 244 243 243 242 242 241 240 239 238 237 236 234 233 232 233 236 236 236 235 234 233 231 230 228 228 227 226 226 226 226 225 224 223 224 224 225 227 229 230 231 230 232 232 231 232 232 231 230 230 229 229 228 227 226 225 224 223 226 226 226 225 225 224 223 223 222 222 222 221 220 221 220 219 218 217 216 214 210 208 206 208 211 214 216 218 219 219 220 220 221 223 223 224 224 224 224 225 224 225 224 223 222 220 217 212 208 203 201 205 210 215 217 218 219 220 219 219 218 216 214 212 209 205 200 195 194 195 197 201 205 207 208 209 210 208 207 202 199 198 200 203 203 202 200 198 199 201 204 205 205 205 204 202 201 200 199 198 196 195 193 193 193 193 192 192 192 192 193 192 191 191 189 188 189 188 187 190 191 191 191 189 189 189 190 188 188 188 188 187 187 187 187 188 190 195 199 200 204 206 209 212 216 218 220 222 225 225 219 222 224 226 227 227 226 227 228 230 232 235 239 242 245 244 247 246 244 242 241 241 241 243 244 246 248 248 247 246 242 237 232 229 232 235 239 244 249 253 255 254 254 254 251 249 246 243 241 235 230 229 227 226 223 220 219 219 223 227 232 232 231 231 229 228 228 228 227 227 226
260 263 268 271 276 279 285 292 300 305 308 311 312 313 314 316 322 326 320 317 313 309 305 298 287 278 274 272 269 268 266 263 260 256 254 255 259 261 262 262 262 261 261 259 258 257 255 253 251 249 248 246 245 244 242 241 240 238 236 235 234 233 233 231 231 231 230 228 229 231 233 234 236 238 240 242 245 246 248 249 250 251 252 253 254 255 257 261 264 267 271 282 290 300 303 302 299 296 292 290 285 279 279 277 275 273 272 267 263 263 262 261 259 256 254 252 250 248 247 246 246 246 245 245 245 244 244 243 242 241 241 239 238 236 235 234 232 231 232 233 233 232 231 230 229 228 227 227 227 227 228 229 228 226 224 223 223 224 225 228 229 230 230 231 232 232 232 232 231 231 230 230 229 228 227 226 226 225 225 226 227 226 226 225 224 223 222 222 221 221 221 220 220 220 220 219 218 217 215 212 209 207 204 206 210 213 215 215 215 216 216 218 219 221 222 222 221 221 223 222 224 223 222 221 219 216 213 207 203 201 203 208 214 217 218 219 214 219 218 216 215 213 210 207 203 198 194 195 195 200 204 208 210 211 211 211 210 208 206 200 199 201 204 205 204 203 200 199 201 203 205 206 207 206 205 205 204 204 202 201 198 197 195 195 194 194 195 195 195 195 195 194 193 190 189 189 189 188 191 191 192 190 190 190 190 190 191 189 188 187 188 187 188 188 190 196 196 199 202 204 206 210 213 215 218 221 223 227 227 221 223 226 227 230 232 230 231 233 234 236 239 243 246 248 248 247 246 244 243 243 243 243 245 246 248 249 249 247 245 242 238 233 230 234 240 242 246 250 253 255 254 255 254 253 251 249 246 242 236 232 231 232 232 227 222 219 218 216 219 226 229 231 230 227 224 223 226 226 227 226
260 263 266 270 272 275 277 282 289 296 302 307 310 313 315 319 323 324 322 319 316 312 306 296 285 282 278 273 268 265 264 262 259 257 256 258 262 264 265 265 264 263 262 261 260 257 255 254 252 251 249 248 246 245 243 242 241 239 237 235 234 233 233 232 232 232 230 229 228 230 232 234 235 237 239 241 243 244 245 246 248 249 249 251 252 255 259 264 268 272 275 279 288 299 303 303 300 297 293 291 288 285 282 279 276 275 275 273 272 268 264 262 261 258 256 253 251 250 249 248 247 247 247 246 246 246 245 245 244 243 242 241 240 238 237 236 234 232 231 230 229 229 228 229 228 228 228 228 229 231 232 232 232 230 227 226 224 223 223 225 227 229 230 231 231 232 232 232 231 231 230 229 228 228 227 227 227 227 227 227 227 227 226 225 224 222 221 221 221 220 220 220 219 218 219 218 217 216 214 212 210 207 204 204 205 207 210 210 210 210 212 214 215 217 219 220 218 219 220 220 221 220 219 219 217 216 212 208 202 200 201 207 212 216 218 218 218 213 217 215 213 210 207 204 200 194 195 195 199 204 208 211 213 213 213 212 211 210 207 202 199 199 204 206 206 205 203 201 201 203 206 207 208 208 207 207 207 206 205 203 201 200 197 197 196 196 197 198 198 199 199 197 197 194 192 190 189 190 192 193 193 192 192 192 192 192 192 192 189 188 189 188 191 193 189 191 195 199 201 204 207 210 213 215 218 221 224 225 223 223 231 234 235 235 236 236 237 239 239 239 243 247 249 250 250 248 246 245 244 245 245 245 247 248 249 250 249 247 244 241 238 233 231 235 242 245 248 251 253 255 256 256 255 254 253 250 245 238 238 237 237 237 235 230 224 220 218 215 214 216 220 221 221 217 217 216 219 219 221 222
259 262 265 267 270 272 273 274 280 288 294 301 307 310 316 320 323 324 324 321 318 314 307 300 295 291 286 280 274 268 262 260 258 258 259 262 266 267 268 267 266 265 264 263 261 259 257 255 253 252 250 249 247 245 244 242 241 239 237 235 234 233 232 233 233 234 232 229 228 229 231 233 235 236 238 239 241 242 243 244 246 246 248 251 254 257 261 267 272 277 280 284 290 299 303 302 299 295 293 291 289 288 285 282 280 278 275 273 271 264 268 266 263 262 260 258 256 255 253 251 250 249 249 248 248 247 246 246 245 245 244 243 241 240 239 237 236 234 233 231 230 229 229 229 229 229 230 231 233 234 234 235 234 232 230 228 225 223 222 224 225 227 229 230 230 231 231 231 230 230 229 229 228 227 227 226 226 227 227 227 227 226 225 225 223 222 221 220 220 219 218 218 216 217 217 216 215 214 213 212 210 208 205 205 203 204 204 203 203 204 207 207 210 212 214 215 215 216 217 217 215 214 209 214 214 213 211 207 201 200 200 206 213 215 216 216 215 215 212 213 212 209 205 201 198 194 195 196 202 208 212 214 215 215 215 214 212 211 208 203 199 200 205 208 208 207 205 203 201 202 204 207 208 209 208 208 208 207 207 205 203 202 201 199 199 198 199 200 201 202 202 200 199 197 194 190 190 191 194 195 196 195 196 197 196 195 194 193 190 189 192 192 189 189 189 191 194 198 201 204 206 209 212 215 218 221 223 226 229 232 233 236 238 239 240 240 241 243 243 244 246 248 251 251 250 249 248 247 246 247 247 247 248 249 250 250 249 247 244 240 236 233 231 235 242 246 248 251 254 255 256 256 256 255 253 250 243 244 243 241 240 240 236 231 226 223 220 216 213 212 211 210 208 209 209 209 209 209 209 209
259 261 264 266 268 269 270 271 274 280 287 295 301 308 315 319 320 321 323 320 319 316 312 308 304 300 296 288 280 272 265 261 261 262 264 267 269 270 270 270 268 267 266 265 262 259 258 256 254 252 251 249 248 246 244 243 241 240 238 236 234 233 234 234 235 236 234 231 229 229 231 232 234 235 236 238 239 241 242 243 245 247 250 253 256 259 264 271 277 283 287 288 292 298 301 299 295 289 288 291 290 287 285 284 283 282 280 278 274 271 266 267 264 262 260 258 256 254 253 252 251 251 250 247 247 247 247 246 246 246 245 244 243 241 240 239 237 236 234 233 233 232 232 231 231 231 232 233 234 236 237 236 235 234 232 229 227 224 222 222 223 225 228 229 229 230 230 230 230 229 229 229 228 228 227 227 227 227 227 226 227 226 225 225 224 222 221 221 220 220 219 218 217 217 217 217 215 214 213 211 209 208 206 205 204 203 202 202 202 201 201 202 204 207 208 211 212 213 212 212 208 206 202 201 201 203 206 203 202 199 199 206 211 213 212 210 211 211 211 212 209 207 203 199 196 194 195 200 207 212 215 216 217 217 216 215 214 212 209 203 200 201 205 208 209 208 207 205 203 202 203 206 208 209 209 209 209 208 208 206 205 204 203 200 201 201 201 202 203 204 202 203 201 198 195 192 191 194 197 199 199 199 200 200 197 200 197 195 195 194 189 188 187 189 190 191 194 198 201 203 206 208 212 214 216 219 222 225 228 231 234 237 240 241 243 243 244 245 245 248 249 249 251 252 251 251 250 249 248 248 249 249 249 250 250 250 249 247 244 241 238 235 232 235 239 243 246 249 253 255 256 256 256 255 251 247 248 247 246 244 242 241 237 234 230 227 223 218 213 211 209 208 208 209 208 208 207 207 206 206
257 260 263 265 266 266 266 269 271 275 279 288 296 304 309 312 314 315 319 320 321 320 318 315 312 308 301 294 285 276 267 265 266 267 269 271 272 273 273 271 270 269 268 266 263 260 258 256 254 252 250 249 248 246 245 243 242 240 238 236 234 234 235 236 237 237 234 231 229 229 230 232 235 236 238 239 239 240 242 244 247 249 251 254 257 262 267 275 282 288 293 293 294 297 298 295 291 285 283 289 287 284 283 281 283 284 284 281 278 274 271 268 266 263 261 260 258 256 256 255 253 253 253 252 251 250 249 248 245 245 244 245 244 243 241 240 239 237 236 235 234 233 233 232 233 232 232 234 236 237 238 237 236 235 233 231 228 225 224 222 222 223 225 227 228 229 229 229 229 229 228 228 228 228 228 228 228 228 228 227 227 227 226 225 224 223 223 223 222 222 222 221 220 220 220 219 217 216 216 213 211 210 208 208 204 202 202 202 203 202 202 201 200 202 204 206 209 209 207 205 201 200 198 198 200 200 201 202 202 201 199 203 206 203 199 198 199 200 200 201 206 207 200 197 194 194 196 205 211 215 217 218 218 218 217 216 214 212 209 203 201 201 206 209 209 209 209 208 206 204 203 205 207 209 210 210 210 209 208 208 207 205 204 203 202 203 203 204 205 205 205 204 202 199 195 191 193 198 200 202 201 203 202 204 203 202 200 198 191 188 187 187 186 189 190 191 193 197 200 202 205 207 209 212 215 217 220 223 226 230 233 237 240 242 243 243 244 245 247 248 250 254 254 254 253 254 252 251 250 250 251 251 250 251 250 249 248 247 245 242 240 236 233 234 237 240 243 247 251 255 256 256 256 256 253 252 251 249 247 245 243 241 239 235 232 228 222 216 212 210 209 211 213 213 213 212 210 211 212 213
255 258 261 264 264 262 262 267 270 272 274 277 285 294 300 304 305 308 312 315 319 321 323 319 316 312 304 296 287 277 270 271 272 273 274 275 275 275 274 273 271 270 269 266 263 260 257 255 253 251 249 248 247 246 245 243 242 239 237 235 235 235 236 236 236 235 233 232 230 229 230 233 236 239 240 241 241 241 243 245 247 249 252 254 258 262 271 277 285 291 296 296 294 293 293 291 286 281 276 284 283 278 273 273 280 284 285 284 281 277 273 269 266 265 263 261 259 258 257 256 255 254 254 253 252 251 250 250 248 248 246 246 243 243 242 241 239 238 238 237 236 235 235 234 234 233 234 235 235 236 238 238 237 236 234 231 229 227 225 223 221 221 222 225 226 227 228 228 228 228 228 228 228 228 228 228 229 229 229 228 228 227 227 226 225 224 225 225 225 225 225 224 223 223 223 221 220 219 217 215 213 210 208 205 203 202 202 203 206 207 205 204 202 201 200 202 203 204 201 201 200 200 200 199 200 199 199 200 200 200 199 198 199 197 197 197 197 197 197 196 196 201 210 196 195 195 201 208 214 217 218 219 219 219 218 216 214 212 208 204 201 201 205 209 210 211 210 209 208 206 204 204 206 208 209 210 210 209 209 209 208 207 206 205 205 204 204 206 206 207 206 205 202 198 193 192 196 201 203 204 206 207 207 205 204 203 205 197 191 187 187 188 187 190 191 192 193 197 200 201 204 205 208 210 212 215 215 219 222 227 231 235 238 240 241 242 242 239 246 247 250 253 254 255 255 255 254 254 253 252 253 252 251 251 250 249 248 246 244 241 238 235 234 235 236 240 241 245 250 254 255 255 256 255 255 255 251 249 246 244 241 240 236 232 229 225 221 214 210 209 212 214 217 218 217 215 216 216 219 218
255 258 260 262 262 259 260 265 267 269 270 271 272 278 287 291 292 299 302 307 312 317 321 319 317 314 304 295 286 277 276 277 277 277 277 278 277 277 275 274 272 271 269 265 263 260 257 254 251 249 248 246 245 245 244 242 240 238 236 236 236 237 237 237 236 235 233 232 230 229 230 233 236 239 241 242 242 243 244 245 247 249 252 254 258 264 273 278 285 292 295 296 293 289 286 283 279 276 271 278 278 273 266 265 269 277 283 285 283 278 273 270 267 265 263 262 260 259 258 257 256 254 253 253 252 251 251 250 249 248 247 245 245 245 242 241 240 239 239 238 237 236 236 235 235 234 235 235 235 237 238 238 238 237 235 234 230 228 226 223 221 220 220 222 223 224 225 226 226 227 227 227 228 228 228 229 229 230 230 230 229 228 227 227 226 226 227 227 227 227 227 227 226 226 225 224 222 220 217 214 208 205 203 202 202 202 202 206 209 210 209 208 205 202 201 200 200 201 200 200 200 201 200 202 200 199 198 199 199 198 198 198 198 198 197 197 197 197 197 196 196 196 197 211 196 197 204 210 215 217 219 219 219 218 217 216 214 212 208 204 201 202 205 208 210 211 211 210 210 209 207 206 205 207 209 210 210 210 210 209 209 208 208 207 206 206 207 207 207 207 207 205 202 200 194 195 199 202 206 208 208 208 206 210 209 206 202 197 191 188 188 186 187 190 192 193 194 196 199 201 203 204 207 208 210 212 212 214 217 221 226 230 233 235 235 234 230 238 240 244 248 252 254 255 256 256 255 254 253 253 252 253 251 251 249 247 246 245 242 239 236 235 237 237 237 239 242 245 250 253 254 254 254 255 255 254 252 248 246 241 235 234 232 228 224 220 216 211 210 213 218 220 219 217 217 220 219 220 222 222
255 257 259 260 258 257 259 263 265 267 267 267 269 271 273 276 277 281 284 289 300 309 313 314 311 309 300 292 286 284 283 283 282 281 280 279 278 277 275 274 271 270 267 265 262 260 256 253 250 248 247 245 244 242 242 240 239 237 237 237 237 238 239 238 236 235 234 232 231 230 229 233 237 238 240 242 243 244 245 245 248 249 252 254 257 261 269 275 280 286 291 293 292 288 281 277 271 269 267 272 271 267 263 262 264 267 275 281 281 277 272 268 266 264 263 262 261 260 258 257 255 254 253 252 250 249 249 248 247 246 245 244 243 242 242 241 241 240 240 238 238 237 237 236 236 236 236 236 236 237 237 237 236 236 235 233 231 230 227 224 223 221 221 221 220 221 222 223 224 225 226 226 227 227 228 229 229 230 230 230 230 229 228 228 227 228 229 230 230 230 230 229 228 229 228 226 223 220 214 208 202 202 202 202 202 203 207 210 213 213 212 210 208 204 202 201 200 200 199 200 202 203 203 204 202 203 199 198 199 198 198 199 198 198 198 200 201 200 200 199 195 195 196 196 196 200 206 212 215 217 218 219 219 218 217 215 214 211 207 203 201 202 206 208 210 211 212 212 211 211 210 208 207 206 208 209 210 210 210 210 210 209 209 209 208 207 207 207 207 207 206 204 200 197 197 197 200 206 208 208 208 211 211 211 210 208 203 198 191 189 186 188 187 190 192 193 194 196 199 201 203 204 206 207 208 209 210 210 211 214 218 222 225 227 225 223 224 227 230 236 245 248 252 254 256 257 256 255 255 254 252 251 250 251 248 245 243 241 239 237 237 238 238 240 240 240 243 245 249 251 252 252 247 253 253 252 251 248 245 241 236 230 227 224 221 217 214 218 219 219 218 222 228 228 228 225 224 224 225 225
254 256 259 258 254 253 259 261 262 263 263 264 265 267 270 271 272 273 274 278 288 297 304 308 309 306 300 296 292 290 289 287 286 284 282 280 279 277 275 272 269 268 266 264 261 259 255 253 250 248 246 245 243 242 241 240 239 238 238 239 239 240 239 238 237 235 234 233 231 230 229 232 234 236 238 240 242 244 245 247 249 249 251 253 255 259 263 268 274 279 284 288 289 286 282 278 271 266 263 263 263 262 260 260 262 264 265 270 277 275 270 264 262 262 262 261 260 259 258 256 254 253 251 249 248 246 245 243 243 242 242 242 242 242 241 240 240 239 238 239 239 237 236 236 236 235 236 236 236 236 236 236 236 236 235 233 232 230 228 226 224 223 222 221 220 219 220 221 222 222 223 224 225 226 227 228 229 230 231 231 231 230 229 229 229 230 231 231 232 232 232 231 230 230 228 226 223 218 210 204 201 203 203 205 204 207 211 215 216 216 214 212 209 205 203 204 203 203 203 202 204 209 209 206 205 205 202 199 199 199 198 198 199 199 199 201 203 203 202 201 198 197 198 200 204 209 206 213 215 217 218 218 218 217 217 215 213 209 207 202 201 204 206 207 210 211 212 213 213 212 212 210 209 207 206 208 210 210 210 210 210 210 210 210 209 209 208 208 207 206 204 201 198 195 196 198 202 207 208 208 210 212 213 212 211 209 204 197 191 189 189 187 187 191 193 193 194 197 200 201 203 203 205 205 206 207 208 207 209 209 210 212 215 217 218 220 221 223 224 227 233 242 249 254 256 257 256 255 254 253 252 252 250 248 247 246 241 241 240 239 240 240 240 241 242 243 244 246 247 248 249 249 242 243 248 249 247 245 242 238 234 229 226 223 221 223 221 221 213 221 228 231 233 231 231 230 228 230 229 229
254 255 257 255 251 253 257 259 260 261 260 261 263 264 266 267 268 269 270 273 280 291 300 305 308 305 302 299 297 294 294 292 290 286 283 281 278 275 271 268 266 265 264 262 260 258 256 253 251 249 247 245 244 243 242 241 240 240 241 241 241 241 240 239 237 236 234 233 231 230 228 232 236 238 239 241 243 246 247 249 250 251 253 254 256 259 262 265 269 273 279 284 285 283 280 276 272 267 263 261 259 258 258 258 261 262 263 262 265 271 266 261 257 258 259 259 259 257 256 254 252 251 250 248 247 245 243 241 240 239 237 238 238 239 240 240 240 239 238 237 237 237 237 235 231 235 235 234 234 235 234 234 234 234 234 232 231 230 229 227 227 226 224 222 221 220 219 220 220 221 222 223 224 225 226 227 228 230 231 232 233 232 231 231 232 232 233 234 234 234 234 233 232 231 229 226 221 215 206 203 202 205 206 208 210 213 216 218 219 218 216 214 210 206 205 207 209 210 211 212 212 212 212 211 209 208 206 203 202 200 199 199 201 203 205 206 206 206 204 203 201 198 200 204 207 209 211 214 215 216 217 217 217 217 216 215 212 209 205 202 203 206 207 207 209 211 212 213 214 213 213 212 211 209 208 207 209 210 210 210 211 211 211 210 209 209 209 208 209 204 202 199 196 197 201 206 206 202 206 209 210 212 214 213 213 209 207 195 192 189 187 187 187 191 193 194 195 198 200 202 202 203 204 204 205 205 206 206 207 207 207 209 210 212 215 217 220 221 221 222 225 240 247 252 254 255 255 254 254 252 251 250 249 247 245 244 246 244 243 241 241 242 242 243 243 244 244 245 245 246 244 240 244 241 241 241 239 240 237 234 232 229 227 225 224 222 215 212 213 223 229 233 235 234 234 233 232 233 233 231
252 254 254 252 249 253 255 257 259 258 257 258 260 262 263 264 265 266 268 270 279 288 296 302 305 304 303 301 300 298 296 294 291 287 283 279 276 272 267 263 261 260 260 260 259 257 255 253 251 249 247 246 245 244 243 243 242 242 243 242 242 241 240 239 237 235 234 233 232 230 229 232 236 239 241 243 244 246 248 250 251 252 254 256 258 261 264 268 271 274 277 281 281 279 275 272 269 266 263 260 258 256 255 257 261 261 261 260 258 258 260 258 255 254 255 255 255 254 252 250 249 248 247 246 245 245 243 242 240 238 237 235 235 236 237 237 237 237 237 237 236 235 232 234 235 233 231 233 233 233 233 233 233 232 232 231 231 230 229 229 229 228 227 226 223 222 220 219 219 219 220 221 222 223 224 226 228 229 231 232 233 234 233 233 233 234 235 236 236 235 234 234 232 231 228 224 219 212 205 203 203 207 209 212 216 218 220 221 222 221 219 215 211 206 206 210 213 215 216 216 216 216 215 214 212 211 209 207 206 203 201 201 204 207 208 208 208 209 206 205 202 200 201 205 208 210 212 213 215 216 217 217 217 216 216 214 212 209 205 202 204 208 209 209 209 211 213 214 214 214 214 214 212 211 210 209 208 209 209 210 210 211 211 211 210 209 209 207 209 207 202 200 202 203 203 202 203 204 206 208 211 212 215 215 214 211 203 196 193 190 189 187 187 189 192 194 195 198 200 201 202 203 203 203 204 204 204 204 205 205 206 208 209 212 215 217 219 219 218 218 223 234 242 247 250 253 254 254 253 253 252 251 249 247 247 247 247 247 245 242 244 243 245 244 244 244 244 244 244 243 237 244 245 241 241 243 241 235 233 232 231 230 230 228 225 221 215 212 215 222 230 235 238 238 237 236 235 234 233 233
251 252 251 249 246 251 253 255 257 256 254 256 258 259 260 263 263 264 265 268 277 285 293 299 302 303 303 302 301 299 297 293 288 285 281 276 272 268 263 260 258 257 257 258 257 257 255 253 251 249 248 247 246 246 245 245 244 245 244 243 243 242 241 239 237 236 235 233 232 231 230 231 235 238 241 242 244 246 248 250 252 253 255 258 261 265 269 273 276 278 280 281 280 277 272 269 266 264 262 260 258 256 255 256 260 261 261 259 257 254 253 253 253 252 252 252 251 250 248 247 245 245 245 245 244 244 243 242 241 239 237 234 233 233 234 234 234 234 234 234 234 234 233 233 230 231 233 231 231 232 232 231 231 231 231 231 231 231 230 230 230 230 230 229 227 224 221 219 218 218 218 219 220 221 223 225 226 228 230 232 234 235 235 235 237 236 238 237 237 235 234 233 231 229 226 222 217 211 205 203 203 208 213 216 220 222 223 224 223 223 220 217 212 207 207 213 217 219 220 220 220 219 218 217 215 214 212 210 208 206 204 203 205 209 210 211 210 210 209 206 204 202 201 204 208 211 213 214 215 213 216 217 217 216 215 214 212 209 205 204 205 209 210 211 211 212 213 214 215 215 215 214 214 213 212 210 209 209 209 210 210 211 211 211 211 210 210 208 206 209 207 201 201 201 203 204 205 205 206 208 211 212 215 216 215 212 203 197 193 190 190 189 189 189 193 194 195 197 198 201 200 201 200 201 202 202 202 202 203 204 205 207 210 212 215 217 218 217 216 216 217 222 230 240 246 250 252 254 254 254 254 252 251 249 248 248 249 249 248 246 245 245 246 243 243 244 244 244 244 240 237 242 241 240 240 238 237 232 226 226 227 229 229 228 224 219 214 213 219 222 230 235 239 239 239 239 237 234 234 231
250 250 249 247 246 249 251 253 254 254 252 254 256 257 259 261 262 261 263 265 273 281 290 296 301 303 303 303 302 299 296 289 284 278 275 271 267 263 260 258 256 255 255 256 256 256 255 254 252 251 250 249 248 248 247 246 245 245 245 245 244 243 242 240 238 237 235 234 233 231 230 230 232 236 239 242 244 246 248 250 252 254 256 259 262 267 273 277 281 283 285 284 283 277 274 269 265 262 260 259 257 255 254 253 257 259 260 258 257 254 252 251 250 250 250 251 249 248 246 245 244 242 242 242 242 242 242 242 241 240 237 234 232 232 232 232 232 232 232 232 232 231 229 233 233 231 230 229 229 229 230 230 230 230 230 231 231 232 231 231 231 232 231 231 230 227 224 222 220 218 217 218 219 220 221 223 225 228 230 232 235 236 238 238 239 239 239 238 237 235 233 231 228 226 222 219 214 209 205 203 203 208 214 218 221 223 226 226 226 224 222 218 214 210 208 214 219 222 222 222 222 221 220 219 218 216 215 213 211 209 206 205 206 209 211 212 212 211 210 209 206 204 202 203 206 210 212 213 214 215 215 216 216 216 215 214 212 209 206 205 207 210 211 212 212 213 214 215 215 216 216 215 215 214 213 212 211 210 210 210 210 211 211 211 211 211 210 209 205 204 202 200 199 202 204 206 206 207 207 209 211 212 214 216 215 211 204 197 193 191 190 190 190 189 191 194 195 195 196 197 198 198 197 198 199 200 200 201 202 204 206 208 211 213 215 216 217 215 214 214 215 217 225 232 240 246 250 252 254 255 255 254 253 250 249 250 251 251 249 248 247 246 246 245 244 243 241 238 239 237 237 238 234 232 231 230 228 226 224 223 224 226 226 224 220 215 213 215 223 229 229 236 239 239 239 238 238 235 235 233
247 247 247 244 246 248 250 251 253 251 249 251 253 256 259 261 260 259 260 263 270 279 289 295 300 303 303 303 301 298 293 285 279 272 267 265 261 260 258 256 254 253 254 255 256 256 256 255 254 253 252 251 250 249 249 248 248 248 247 246 246 244 243 242 240 238 237 235 234 232 230 230 231 232 236 240 242 245 247 249 252 254 257 260 264 271 277 284 289 292 290 289 286 283 278 272 267 263 260 258 257 255 253 252 252 254 255 256 256 254 252 250 249 248 249 250 250 249 248 246 245 243 241 240 240 240 240 240 240 238 237 234 232 231 231 230 230 229 230 229 229 229 229 232 228 227 228 227 227 229 228 228 228 228 230 231 231 231 231 231 232 232 233 233 232 230 228 225 222 220 218 217 217 218 220 222 224 227 230 234 237 239 240 241 240 240 239 237 235 234 231 228 225 222 219 216 211 207 204 203 203 207 214 218 221 224 226 228 227 225 223 220 215 211 209 213 220 223 224 224 224 224 223 222 220 219 218 216 213 211 208 205 206 209 212 213 213 213 212 211 209 206 204 203 205 207 210 212 213 214 215 215 213 216 215 214 212 210 207 206 208 210 212 212 213 214 214 215 216 217 217 216 216 215 214 213 212 211 210 210 210 211 212 212 212 211 211 210 204 202 208 203 200 203 206 207 208 209 209 210 211 212 214 216 214 211 203 198 194 192 191 191 190 191 190 189 193 194 195 196 196 195 193 195 197 198 199 200 202 204 206 208 211 213 214 216 216 214 212 212 213 215 218 225 234 241 247 250 253 255 256 256 254 253 252 253 253 253 251 249 248 247 245 244 243 241 238 235 232 232 232 231 229 229 230 229 228 225 224 222 221 222 222 220 216 213 214 219 227 233 234 236 240 240 240 238 238 235 234 232
244 244 242 241 245 248 249 250 250 249 247 250 252 255 258 259 259 257 258 263 270 278 287 295 300 303 303 301 298 294 288 281 275 268 263 260 259 258 257 255 253 252 252 254 255 256 256 256 255 254 253 252 252 251 251 250 250 250 249 248 247 246 245 244 242 240 238 237 236 234 231 230 230 230 230 231 241 243 246 249 251 254 257 260 266 273 282 289 295 298 296 293 289 284 279 273 268 265 261 260 259 257 255 253 251 250 251 252 253 253 252 251 250 247 247 249 251 251 250 248 247 244 242 239 238 238 238 238 238 236 235 233 231 230 229 229 228 228 228 227 227 226 228 226 233 230 226 227 226 226 226 228 229 228 228 228 229 230 230 231 231 232 232 234 234 232 230 228 225 222 219 218 217 217 218 221 224 228 232 236 239 241 243 242 241 240 238 236 234 232 229 226 223 219 216 213 210 206 205 203 203 208 212 217 220 223 227 228 228 227 225 222 217 213 209 212 219 223 225 226 226 226 225 224 223 222 221 218 216 213 209 206 207 209 213 214 214 214 213 212 210 209 207 204 204 206 208 210 212 213 214 215 215 215 215 214 213 211 208 207 208 210 212 213 214 214 215 216 217 217 218 217 217 216 215 214 212 211 210 210 211 211 212 212 212 212 211 206 204 207 208 208 200 203 206 208 209 210 210 211 212 212 213 214 214 209 203 199 195 193 192 191 191 191 190 190 191 192 193 193 192 192 192 193 194 196 197 200 202 204 207 208 210 212 214 215 215 213 210 210 211 213 216 220 226 235 243 248 252 255 256 257 256 255 254 255 255 254 252 250 248 246 244 242 240 237 235 233 231 229 229 227 227 227 228 228 227 225 224 222 220 219 218 216 213 215 219 225 231 235 238 240 240 240 240 240 238 236 234 231
242 242 240 242 245 247 247 248 248 246 246 250 252 255 257 259 259 256 256 260 268 277 286 294 300 302 302 299 291 285 281 274 267 263 260 258 257 256 255 254 252 251 250 252 254 256 256 256 256 255 254 254 253 252 252 252 252 252 251 250 249 248 247 245 244 242 240 239 237 235 233 230 231 231 230 230 233 241 244 248 250 253 257 261 267 275 283 290 299 299 297 293 289 284 278 272 267 266 265 263 261 259 257 256 253 251 249 249 250 250 250 251 250 248 246 247 249 250 251 250 248 246 243 241 239 237 236 236 236 235 233 231 229 229 228 228 227 226 226 226 225 225 224 225 227 224 224 224 224 224 227 226 225 225 228 229 228 228 229 229 229 231 232 233 234 234 233 230 228 225 221 219 217 216 217 219 223 228 234 239 242 243 243 242 241 239 237 235 233 227 226 223 220 217 214 212 210 208 206 204 203 207 211 216 219 222 226 228 229 228 226 223 219 215 211 210 216 222 225 227 227 227 227 226 225 223 222 220 217 214 211 207 207 210 213 214 215 215 214 213 212 210 209 208 205 204 206 208 210 212 213 214 215 215 215 214 213 209 210 208 207 209 211 213 214 214 215 216 217 218 218 218 217 217 216 215 213 212 211 211 211 212 212 213 212 212 209 207 205 204 206 204 201 204 207 209 210 211 211 212 212 213 212 211 211 209 205 199 196 194 193 193 192 191 190 191 190 190 191 190 191 191 191 192 192 194 196 199 202 204 205 208 210 211 213 214 212 210 209 209 210 212 215 217 221 229 237 245 250 253 255 257 258 257 257 257 257 255 253 251 248 246 243 239 236 234 232 231 229 228 228 226 226 225 226 226 226 225 223 222 220 219 217 215 213 217 223 229 233 237 240 241 241 241 240 240 238 236 235 233
239 239 239 242 244 245 245 246 244 243 246 250 253 255 257 259 258 254 253 256 263 274 284 292 297 301 303 298 290 279 269 264 262 261 259 257 255 254 254 253 252 250 249 250 252 254 255 255 256 255 254 254 254 254 253 253 253 253 252 251 250 249 248 247 246 244 243 241 239 237 235 233 231 231 231 231 231 238 242 246 249 252 256 260 264 274 281 289 295 296 295 291 286 281 275 272 273 272 269 266 265 262 260 258 255 253 250 248 248 248 248 249 249 247 245 245 247 249 250 250 248 247 244 242 240 238 236 235 234 234 232 230 229 229 229 228 228 228 227 226 226 225 223 223 227 223 223 223 225 224 230 226 227 226 227 226 225 229 228 228 228 229 230 232 233 233 233 232 229 227 223 220 217 215 216 219 222 228 235 241 244 245 244 242 241 239 236 233 230 225 224 221 219 216 214 212 211 210 207 205 204 207 212 216 219 222 226 228 229 227 226 223 220 216 212 210 214 219 223 226 227 227 227 227 226 224 222 220 218 215 212 208 207 210 213 215 216 216 215 215 214 213 211 210 207 205 205 206 207 210 212 214 215 215 215 214 214 213 212 210 209 208 210 212 213 215 215 216 217 218 219 219 218 217 216 215 214 213 211 211 212 212 213 213 213 212 209 209 208 207 205 204 203 204 207 209 210 211 212 213 212 213 212 210 209 206 203 200 197 196 194 194 192 192 192 193 193 191 191 191 191 191 191 192 190 192 194 198 201 203 205 207 209 210 211 211 208 206 207 208 210 213 214 217 219 223 232 239 246 252 255 258 258 258 259 259 258 256 254 250 247 244 240 237 234 232 231 229 227 226 225 224 224 224 224 224 225 224 223 222 221 219 217 215 214 219 224 232 235 239 242 243 243 242 241 241 240 237 235 235
237 237 239 241 243 244 243 242 241 244 247 250 252 254 256 257 255 252 251 253 257 268 278 287 293 297 298 296 289 280 269 263 261 259 257 256 254 252 252 251 250 249 248 248 248 250 252 253 253 253 253 253 253 254 253 253 253 253 252 251 251 250 249 248 247 246 244 242 240 237 236 234 232 232 231 231 231 236 240 244 247 250 254 257 261 265 273 282 288 291 291 289 285 281 279 279 279 278 273 270 268 265 262 260 257 254 251 249 247 246 246 247 247 247 246 244 245 246 247 248 248 247 245 243 241 239 237 235 233 233 231 230 229 230 231 231 231 229 228 228 227 226 224 223 224 224 222 223 223 222 232 232 231 229 229 228 226 224 222 226 230 227 228 229 230 231 232 231 230 228 224 221 218 215 215 217 222 228 237 242 245 245 243 242 240 237 234 231 228 224 223 220 217 215 213 212 212 210 208 206 204 207 212 216 219 222 225 228 228 227 226 223 220 216 214 211 212 216 220 223 225 226 227 227 225 224 223 221 218 216 213 210 207 209 213 215 216 216 216 216 215 214 213 211 209 207 206 205 206 208 211 213 214 215 215 215 214 213 212 212 210 208 209 211 213 214 215 216 217 218 219 219 219 218 217 216 215 214 212 212 212 213 214 214 213 212 211 211 209 208 207 206 205 204 207 209 211 212 212 213 214 213 212 210 209 206 204 203 200 198 196 195 194 193 193 193 193 192 191 191 191 191 191 192 192 191 192 195 199 202 203 206 207 209 209 207 204 205 207 209 212 213 216 217 220 223 230 238 244 251 255 258 258 259 259 259 259 257 252 250 247 243 239 236 233 231 229 227 227 225 224 223 223 222 222 222 222 223 223 222 221 219 216 214 215 219 223 232 236 240 245 244 244 243 242 241 241 240 238 238
235 235 239 241 241 242 240 239 241 245 247 249 251 254 255 255 252 249 250 253 255 261 271 280 288 291 293 293 286 278 268 264 261 259 257 256 255 253 252 250 249 248 247 247 246 246 247 248 248 249 250 249 251 251 252 252 251 250 250 250 249 249 248 247 246 244 244 242 240 237 236 235 233 232 231 231 231 236 239 242 245 248 251 254 256 259 262 270 279 286 289 289 288 286 284 284 285 282 278 275 272 268 264 261 257 255 253 250 248 246 245 245 245 246 245 243 242 244 246 246 247 247 246 244 242 240 238 236 235 233 231 230 229 232 234 234 233 232 230 229 228 226 224 224 223 229 226 226 225 225 233 232 232 232 232 230 228 220 221 221 223 224 229 230 228 227 229 230 230 228 225 222 218 216 214 215 221 228 237 243 245 244 243 241 239 237 233 230 227 224 221 219 216 215 213 213 212 210 207 205 204 207 212 216 219 222 225 227 228 227 225 223 220 217 215 212 212 214 217 220 222 224 225 225 223 223 222 221 219 216 214 211 208 209 212 215 216 216 216 216 216 215 214 212 211 210 209 207 206 207 209 212 213 214 215 215 214 214 213 213 211 209 215 210 212 214 214 216 217 218 219 219 219 219 218 216 215 214 213 213 213 214 214 215 215 213 212 211 210 209 209 207 206 204 206 209 211 212 213 214 215 214 213 212 210 208 207 205 203 201 198 196 196 195 195 195 196 195 195 194 192 192 192 192 192 192 192 192 197 202 203 205 206 206 205 202 204 207 209 211 214 215 218 220 222 225 231 238 244 251 255 257 259 259 260 259 257 257 255 250 246 241 237 234 232 231 229 229 228 227 225 223 222 222 221 220 221 221 221 221 220 218 213 214 216 219 221 227 233 238 245 245 245 244 244 243 242 241 240 238
233 236 239 240 241 240 238 238 242 245 246 249 250 252 252 251 249 247 249 252 255 260 267 275 283 287 289 287 284 277 271 265 263 261 259 258 257 255 253 253 251 249 249 248 247 246 245 244 244 245 245 245 246 247 248 248 247 246 246 246 246 246 246 245 244 241 241 240 238 236 236 235 233 232 231 231 232 236 237 239 242 245 247 250 251 253 256 261 269 279 288 292 292 291 290 288 287 286 281 278 275 270 267 263 260 256 254 250 250 248 246 244 244 244 244 243 242 242 243 244 246 247 246 245 243 241 239 238 236 234 233 230 230 233 235 235 235 234 233 231 230 227 225 224 223 228 230 231 232 232 232 233 233 233 233 232 227 219 219 220 220 221 223 226 229 224 226 225 224 226 226 222 219 216 214 214 219 229 238 243 244 244 242 240 238 236 233 229 227 224 221 218 216 215 214 213 212 210 207 205 204 208 213 216 219 222 224 227 228 227 225 223 221 219 216 214 212 213 215 218 220 221 222 223 223 222 221 220 219 217 215 212 209 209 212 214 216 216 217 217 217 216 215 213 212 211 211 210 208 206 208 210 213 213 215 215 215 215 214 212 213 214 214 214 214 215 214 215 216 218 219 220 220 219 218 217 216 214 214 214 214 214 215 216 215 214 213 212 211 211 209 208 206 205 206 208 211 212 214 215 215 215 214 214 211 210 209 208 206 204 201 199 198 199 198 199 199 199 199 198 195 192 192 192 192 192 192 191 192 201 202 203 205 203 202 203 206 209 210 212 214 217 219 222 225 229 233 239 244 251 255 257 259 260 257 259 259 258 255 251 246 240 236 233 232 232 231 231 230 229 226 225 223 221 220 219 219 219 219 219 217 216 214 214 218 220 222 224 229 235 242 245 246 246 245 244 243 241 240 238
233 236 236 239 239 238 237 239 242 244 246 248 249 251 250 249 247 246 249 253 255 260 267 274 280 285 288 287 283 278 274 269 265 263 261 260 258 257 255 254 253 252 250 250 248 247 246 245 243 243 242 241 242 243 243 243 243 242 242 242 242 242 242 241 240 240 239 238 236 235 235 234 233 231 232 233 236 238 238 239 241 243 245 247 249 252 256 264 274 282 291 296 298 296 295 292 291 288 286 281 278 273 269 265 261 258 255 252 250 249 247 245 243 242 242 242 241 241 241 242 244 246 245 244 243 241 240 238 237 235 233 231 231 234 236 236 236 235 234 233 232 229 227 225 224 227 230 230 231 230 232 232 233 233 233 233 232 228 218 218 219 220 221 221 222 222 223 224 224 224 221 220 218 216 214 213 218 227 236 242 243 242 241 239 237 235 232 229 227 223 221 218 216 215 214 213 211 209 205 204 206 209 213 216 219 221 224 226 227 227 225 224 221 219 217 215 213 213 214 216 218 219 221 221 221 220 220 220 219 217 215 213 210 209 211 214 216 217 217 218 218 217 216 215 213 213 213 212 210 208 208 209 212 213 215 214 214 215 214 215 214 214 213 210 210 212 213 214 215 216 218 220 220 220 219 218 217 216 215 215 215 215 216 219 215 214 214 213 212 211 210 208 207 206 206 207 210 212 213 215 216 216 216 215 213 211 210 208 205 203 203 202 203 203 202 203 202 202 201 200 199 196 194 192 192 192 192 192 192 199 201 201 201 200 202 204 207 209 211 214 216 218 221 224 227 230 234 240 244 249 254 257 252 259 262 259 259 258 255 251 246 242 239 235 235 234 233 233 231 229 227 225 224 222 221 220 218 218 217 217 216 215 217 221 222 224 227 227 227 234 239 244 246 247 246 245 244 242 241 239
234 236 237 240 237 235 237 240 242 243 246 247 249 249 248 247 245 245 249 252 255 258 265 272 278 283 286 285 283 280 276 273 269 266 264 262 260 259 257 256 257 254 252 250 250 248 247 246 244 243 241 241 241 241 240 239 240 239 239 240 240 240 239 239 237 236 236 235 234 233 232 232 232 232 232 235 238 240 242 242 244 245 247 249 251 254 258 267 277 286 295 301 304 302 300 297 294 292 288 285 281 277 273 267 262 258 255 252 250 248 247 245 243 242 241 241 240 240 239 241 243 245 245 243 242 241 240 238 237 235 233 231 231 235 237 237 237 237 236 235 233 230 228 226 224 227 230 231 232 232 231 231 231 230 232 232 233 232 224 218 217 217 218 220 220 219 220 220 220 220 220 220 218 216 215 214 216 224 234 238 240 240 239 238 236 234 232 229 226 223 220 217 216 215 214 212 209 206 205 204 206 210 213 216 219 221 224 225 226 227 226 224 222 220 218 216 214 213 213 216 218 219 219 219 220 220 220 220 219 217 215 213 212 210 211 214 215 217 217 217 218 218 217 216 215 214 214 213 212 210 208 208 210 211 214 214 214 214 214 215 214 214 212 211 211 211 212 213 215 217 218 219 219 216 215 216 218 217 216 215 216 216 218 217 215 214 214 213 212 210 209 209 207 206 207 207 211 212 213 215 216 216 216 215 214 212 210 207 206 205 206 206 207 208 206 206 205 204 202 202 201 198 195 192 192 192 192 192 192 198 198 200 199 199 203 205 207 209 212 214 217 219 222 224 227 231 235 239 241 243 253 255 257 259 260 260 259 258 256 253 248 245 241 240 238 236 235 234 233 229 227 226 225 223 222 220 219 217 217 216 216 216 219 221 224 228 231 233 233 233 238 243 247 247 247 247 245 243 242 240
234 236 236 237 235 233 238 240 241 243 244 246 247 249 247 245 243 245 249 250 253 256 261 269 276 281 285 286 285 283 279 276 274 269 267 265 263 261 260 259 257 256 254 252 251 250 248 247 246 245 244 242 241 240 238 239 239 238 237 237 237 237 237 236 236 235 234 233 232 233 232 233 232 233 235 237 239 241 243 244 246 248 250 253 256 259 264 271 282 290 298 305 309 307 304 301 298 295 292 288 285 281 276 270 264 260 256 253 250 248 246 245 245 244 243 242 241 240 239 239 239 242 243 243 242 240 239 238 236 234 232 231 233 236 238 238 238 238 237 236 234 231 228 227 225 226 230 232 233 233 232 231 231 229 228 229 232 232 227 219 218 217 217 218 219 217 217 217 218 217 217 217 217 216 215 213 214 215 223 231 236 237 237 237 235 233 231 228 225 223 219 217 215 215 214 211 210 208 205 205 207 210 213 216 219 221 223 225 226 226 226 224 222 220 218 216 214 213 213 215 217 217 218 219 219 219 219 219 219 217 216 214 212 210 210 213 215 216 217 218 218 218 218 217 216 215 215 214 213 211 212 208 209 212 213 214 215 215 215 215 214 214 213 213 212 211 211 213 215 216 217 219 221 221 220 220 219 217 216 214 214 218 221 217 215 214 214 213 212 210 209 208 208 208 208 208 211 211 213 215 216 217 217 216 214 211 209 208 208 209 210 212 211 209 209 207 206 204 203 202 201 198 195 194 192 192 192 192 192 193 196 197 198 200 203 205 207 209 211 213 216 219 221 224 226 230 231 237 243 247 251 254 256 258 259 259 259 258 255 253 250 248 245 243 241 240 238 235 233 230 228 226 224 223 222 220 219 219 219 217 216 217 218 222 224 228 233 237 238 238 238 242 246 247 247 247 246 244 241 234
234 235 235 235 232 234 237 239 240 242 244 245 247 247 247 245 242 243 247 249 251 253 257 265 273 279 283 286 286 285 281 279 276 273 270 268 266 264 262 260 259 258 256 255 253 252 250 248 247 247 245 244 242 241 240 239 238 237 237 236 236 236 236 235 233 233 232 233 232 233 233 234 234 235 237 239 241 243 244 246 248 251 256 260 263 268 272 277 286 295 302 307 309 308 307 304 301 298 295 291 288 283 278 272 267 262 258 255 253 250 248 248 247 246 245 244 243 242 241 239 238 238 240 241 241 240 238 237 235 233 232 232 234 237 239 239 240 239 238 236 234 232 228 227 225 226 229 231 233 233 233 232 231 230 228 227 225 231 231 220 219 219 217 217 216 218 216 216 215 215 215 215 215 215 214 214 212 213 216 217 223 230 233 234 234 232 230 227 224 221 218 216 215 215 213 210 210 207 205 205 208 211 214 217 219 221 223 224 225 226 226 225 222 220 218 216 214 212 213 214 215 216 217 218 219 219 219 219 219 217 216 215 213 211 211 213 215 216 217 218 218 218 218 218 217 216 216 215 214 212 211 209 209 212 212 214 215 215 215 215 215 215 214 213 212 211 211 213 214 215 216 216 219 221 221 221 220 218 217 217 218 219 218 216 214 214 213 212 211 210 210 210 208 209 209 210 211 212 214 216 217 217 217 215 213 211 210 210 211 213 214 214 214 212 211 209 207 206 204 202 201 197 195 193 192 192 192 192 193 193 194 194 197 199 201 204 204 207 210 212 213 215 219 223 225 228 232 236 241 245 248 251 253 254 256 257 258 257 255 252 250 247 246 245 242 242 240 237 234 230 228 225 224 222 221 220 220 221 219 218 218 218 218 220 223 227 232 238 241 243 243 246 247 247 247 247 245 243 237 230
233 234 233 232 231 233 235 237 240 242 243 245 247 246 245 243 241 243 245 247 249 251 254 261 269 275 281 284 286 285 283 281 279 277 273 271 268 266 264 262 261 259 258 257 255 254 252 249 249 248 246 245 244 242 241 241 240 239 238 236 235 235 234 233 233 233 232 232 233 235 236 236 237 239 239 240 243 245 247 248 250 257 264 270 274 279 282 286 292 298 303 308 308 307 306 306 303 300 297 295 289 285 280 274 268 264 261 258 255 253 251 250 250 249 248 246 245 244 243 241 239 238 238 238 239 238 236 235 234 233 233 234 236 238 240 240 240 239 237 236 234 231 228 227 226 227 229 231 233 233 232 232 231 230 229 227 225 224 222 220 219 219 217 217 217 217 216 217 217 215 213 214 214 214 213 213 213 211 213 215 218 219 226 231 231 231 229 226 223 220 217 216 214 213 210 209 209 207 205 206 209 213 215 218 219 222 223 224 225 226 226 224 223 220 218 217 214 213 213 214 215 216 216 218 218 219 219 219 218 217 216 215 213 211 211 212 215 216 217 217 218 219 218 218 216 215 216 215 215 213 212 210 215 216 212 213 215 215 215 215 215 215 215 214 213 213 212 212 213 214 215 216 220 221 222 222 221 220 219 218 219 221 218 217 217 216 214 213 212 212 215 211 209 209 210 210 212 213 215 216 217 217 217 216 215 214 213 213 213 214 216 215 214 213 211 210 207 206 205 201 198 197 195 193 193 192 192 192 192 192 193 194 196 199 202 203 204 206 209 210 215 216 219 222 224 227 230 234 238 242 245 247 248 250 252 253 255 255 254 250 248 247 246 245 243 241 240 237 233 230 227 224 223 222 222 222 222 221 219 219 219 221 220 220 222 226 230 237 242 245 246 246 246 247 247 245 242 238 233 227
231 231 229 229 232 235 236 238 239 241 243 245 246 245 243 242 240 241 244 246 248 250 252 255 262 271 278 282 285 284 283 281 280 278 275 273 270 268 266 264 263 261 259 258 256 254 253 252 250 249 247 246 245 244 243 242 241 240 239 237 236 235 233 233 232 233 234 234 235 237 238 239 240 241 242 243 244 246 249 251 253 263 271 278 282 286 289 292 296 301 304 307 306 305 305 303 300 297 297 292 289 285 280 275 270 266 263 261 258 256 254 253 253 251 249 248 247 246 244 243 241 238 237 236 236 236 235 234 233 233 235 237 239 240 241 240 239 238 236 235 233 230 228 227 227 228 229 232 233 233 232 232 231 230 229 227 226 224 222 221 219 219 218 219 219 219 220 220 220 220 222 223 218 212 212 211 212 212 210 213 214 215 218 221 223 228 226 225 221 219 216 214 213 211 209 208 208 206 205 207 211 214 217 219 221 222 223 225 226 226 226 224 223 220 219 216 214 214 215 216 216 216 217 218 219 219 219 219 218 217 216 215 213 211 211 213 215 216 216 217 218 217 216 219 219 218 218 217 216 214 212 218 214 213 213 213 214 214 215 215 215 215 215 214 214 213 213 212 213 214 215 216 220 220 222 223 222 221 220 220 220 221 219 219 218 217 215 215 214 214 212 212 212 212 211 211 212 214 215 216 217 218 218 217 216 216 214 214 215 216 217 216 215 213 212 211 209 207 204 203 200 199 196 193 193 193 192 192 192 193 194 195 197 199 200 203 205 206 208 210 212 215 217 221 223 226 228 232 235 237 240 242 243 245 246 250 252 253 252 250 247 245 243 243 242 239 238 236 231 229 226 224 224 224 224 224 223 222 220 219 221 221 222 222 223 225 229 236 242 245 246 246 246 246 246 243 240 236 231 227
228 228 228 231 234 236 237 238 239 240 241 243 245 244 241 239 238 241 243 245 247 249 250 253 256 265 273 278 281 283 282 281 280 279 276 274 272 269 267 265 265 263 260 258 257 255 253 252 251 250 248 247 246 245 245 243 242 241 239 238 236 234 233 233 234 235 236 237 238 239 240 241 242 243 244 246 246 247 250 252 255 267 277 285 288 293 296 301 302 304 305 305 304 302 301 300 296 292 291 288 283 279 277 273 271 267 264 262 260 258 256 255 254 253 251 250 249 247 245 244 242 240 238 237 236 236 235 235 235 236 237 239 240 241 241 240 239 237 235 233 231 229 228 227 228 229 230 232 232 233 233 231 231 230 229 228 226 224 222 221 220 220 219 219 219 219 219 218 218 218 218 222 224 223 220 214 213 211 211 210 211 213 213 215 218 220 223 221 219 216 215 213 211 210 209 206 205 204 207 209 212 215 218 219 222 223 224 225 226 226 227 224 223 220 218 216 214 214 216 217 217 217 217 219 219 219 219 219 218 217 216 215 213 212 212 213 215 216 217 216 216 219 219 219 219 219 218 217 216 215 219 213 213 213 213 214 214 215 216 216 216 216 215 215 214 214 213 213 213 214 216 217 220 221 222 223 223 222 222 221 219 220 220 220 219 217 217 216 215 215 214 213 213 211 212 211 212 214 215 217 217 217 218 218 217 216 215 216 216 217 218 218 216 215 213 211 209 207 205 203 200 199 196 193 193 194 193 193 193 193 196 197 198 199 200 201 203 205 206 209 210 213 216 218 221 224 226 229 231 234 236 238 238 239 238 243 248 250 250 250 247 245 242 240 239 238 236 234 229 228 228 227 227 227 226 225 225 224 222 220 222 223 223 222 223 226 231 235 241 244 246 247 247 245 243 241 239 236 233 226
226 228 230 233 235 236 237 238 239 240 241 242 243 242 240 237 238 242 243 245 246 247 249 251 253 260 269 274 278 280 280 280 279 278 276 274 273 270 268 266 265 262 260 259 257 256 254 253 252 251 249 248 248 247 246 244 242 240 239 237 235 233 232 233 236 238 238 239 240 241 242 243 244 244 246 248 248 249 251 254 259 269 279 287 291 296 302 303 303 304 302 302 301 300 297 294 291 285 281 277 274 270 269 270 268 267 265 264 262 260 259 258 256 255 253 252 250 248 247 245 243 241 240 240 239 238 237 236 237 238 239 241 241 242 241 239 237 236 234 232 230 228 228 228 229 230 232 232 232 233 232 231 230 229 228 227 226 224 223 222 221 221 220 220 220 220 220 220 220 220 219 219 222 224 220 217 215 215 211 210 210 209 210 212 214 215 216 216 215 215 214 211 209 208 206 205 204 207 208 211 214 217 219 220 222 223 225 226 227 227 227 225 223 220 219 216 215 215 217 217 217 218 218 219 219 219 220 219 218 217 216 215 213 212 212 213 215 217 217 217 218 219 220 220 220 219 219 218 216 217 213 213 213 213 214 214 214 215 215 216 216 217 217 216 215 214 215 214 213 214 216 217 219 221 222 224 224 223 223 221 220 222 222 221 220 220 219 218 217 216 216 215 214 214 214 211 213 214 215 216 216 217 218 218 218 218 217 216 216 217 218 217 216 214 212 210 209 207 204 202 200 198 195 193 193 193 193 193 193 194 197 199 199 201 202 202 204 204 206 207 209 211 214 216 219 222 225 228 229 232 233 234 234 233 232 234 238 243 246 248 247 246 243 240 237 235 235 232 232 233 232 231 230 229 230 228 227 225 222 221 223 224 223 222 223 226 229 236 241 244 246 247 246 242 239 238 237 235 232 228
228 230 232 233 234 236 236 237 239 238 240 241 241 240 237 235 238 241 242 243 243 244 247 249 252 256 264 270 274 276 277 277 276 276 274 273 272 270 268 266 265 262 260 258 257 255 254 253 252 251 250 250 249 248 247 244 242 240 238 237 236 234 233 234 236 238 239 240 242 242 244 245 246 247 248 249 251 252 254 257 262 271 280 288 292 297 303 303 301 300 299 298 296 295 292 287 283 280 275 272 269 267 265 265 265 265 264 263 262 261 261 260 258 256 255 253 252 250 248 246 245 243 243 242 241 240 240 239 240 241 241 242 242 241 239 237 235 233 232 230 229 229 229 230 231 232 235 233 233 232 231 231 230 230 229 228 227 225 224 223 223 222 222 222 222 222 222 222 221 221 221 220 220 223 220 218 217 217 215 212 210 209 209 209 211 213 213 213 213 214 212 210 209 207 205 204 206 209 210 212 215 217 219 221 222 224 225 226 227 227 226 224 222 220 218 216 215 216 217 218 218 218 218 219 219 220 220 219 218 217 216 215 214 212 215 214 215 216 217 218 219 219 220 220 220 219 219 218 217 216 215 213 214 214 214 214 214 214 215 216 216 217 217 217 216 215 215 215 214 214 215 217 219 221 222 223 224 224 224 218 223 223 223 223 222 221 220 219 218 218 217 217 216 215 215 215 215 210 210 217 217 218 218 218 218 217 217 216 216 216 216 216 215 214 211 210 208 206 203 201 199 196 194 194 191 194 193 193 194 196 199 200 201 203 204 206 205 206 207 208 209 211 212 214 217 221 224 227 229 230 231 232 231 231 229 228 228 232 240 244 247 246 244 242 240 237 233 236 236 237 236 234 233 231 231 230 229 227 222 222 223 226 225 223 223 225 228 232 239 243 245 245 243 241 238 235 234 232 228 232
228 231 232 233 234 235 235 236 236 237 238 239 239 237 235 234 237 239 240 241 241 243 246 249 251 253 258 263 268 270 271 272 272 272 270 270 268 267 265 264 262 260 258 257 257 254 254 253 252 252 251 250 249 248 247 244 242 240 239 237 235 234 233 235 235 238 240 241 243 244 245 246 248 249 249 251 253 255 257 260 266 273 282 287 291 296 302 301 297 293 293 291 290 289 286 282 278 275 272 270 268 266 264 262 262 262 262 262 261 261 261 260 259 258 256 254 253 251 249 247 246 245 245 244 243 243 242 242 242 243 243 243 241 239 237 234 233 232 231 230 230 230 231 231 232 233 237 233 232 232 231 231 231 230 230 229 227 226 225 225 224 224 224 224 223 223 223 223 223 222 222 221 221 222 221 220 218 217 215 213 210 210 209 208 208 210 212 212 211 212 212 209 206 205 205 206 208 210 211 213 215 217 219 221 222 223 225 226 227 227 226 224 222 220 218 216 215 216 218 218 219 219 219 220 220 220 220 219 219 218 216 214 216 213 213 213 215 216 217 218 219 220 220 220 220 219 219 218 217 215 214 214 214 214 214 214 215 214 214 214 216 217 217 216 217 216 216 215 214 214 215 217 219 221 222 223 224 224 222 221 224 225 225 224 223 222 222 221 220 220 219 218 217 216 216 216 216 216 216 210 209 217 218 218 217 217 217 216 215 214 214 214 213 213 212 210 208 206 203 201 198 196 194 194 194 194 193 194 195 198 200 202 203 205 206 207 207 207 208 210 211 213 215 216 216 221 223 226 228 228 229 230 230 229 227 227 225 226 231 239 243 244 244 242 240 238 236 237 239 239 237 235 235 232 231 231 230 227 223 222 225 226 226 226 225 225 226 229 232 239 242 241 241 239 236 234 232 229 233 236
226 229 231 232 232 232 232 233 233 234 236 236 236 235 234 233 235 237 237 238 241 244 246 248 249 251 254 258 260 263 264 263 263 263 263 263 262 261 261 260 259 257 256 255 254 253 253 252 251 251 251 251 250 249 247 245 243 240 239 237 236 234 234 234 235 237 239 241 243 245 246 248 249 251 251 252 255 258 261 266 271 277 284 288 292 297 303 299 295 288 284 282 284 283 281 277 275 272 270 268 266 264 263 261 260 261 261 260 260 260 260 259 258 257 256 255 253 252 250 249 248 247 246 246 245 245 244 243 244 244 244 242 240 238 235 232 232 231 231 231 232 232 233 233 234 235 238 234 233 232 231 232 231 231 230 229 228 228 227 226 226 226 225 225 225 225 224 224 224 223 223 223 222 222 222 221 219 219 217 214 213 211 210 209 208 208 209 210 210 209 211 212 205 205 206 208 211 213 213 214 215 217 219 221 222 224 225 226 227 227 226 224 222 220 218 216 216 217 218 219 219 220 220 220 220 220 220 219 218 218 215 215 214 214 214 214 215 216 217 218 219 220 220 220 220 220 219 217 216 214 213 214 214 214 214 214 214 214 214 215 216 216 217 218 216 217 217 216 215 215 215 217 219 219 222 223 224 223 217 225 225 225 225 225 225 224 223 222 221 221 220 219 219 218 217 217 217 217 217 217 217 209 209 217 217 217 216 215 214 213 212 211 212 211 211 209 208 205 203 200 198 195 194 195 193 193 193 193 196 199 202 203 204 205 206 208 208 209 210 211 213 215 215 217 219 220 222 224 226 227 227 228 228 228 226 225 223 222 223 230 238 242 242 241 240 232 237 236 237 238 237 235 234 234 233 231 230 226 223 224 226 227 228 228 226 225 225 227 230 231 236 238 239 238 236 234 231 234 237 239
224 226 227 228 228 228 228 229 230 232 233 233 234 232 232 232 234 236 237 238 241 244 245 247 248 250 252 254 256 257 258 258 258 259 260 259 259 258 257 255 255 255 254 253 252 252 251 250 250 250 250 250 250 249 247 246 244 241 240 238 237 235 234 234 234 235 237 240 243 245 247 249 251 252 254 255 257 261 265 271 277 283 289 293 296 300 303 299 293 286 280 277 276 276 275 274 272 270 268 266 264 263 261 259 258 260 260 258 259 259 258 257 256 255 254 254 253 252 251 250 250 249 248 248 247 246 245 244 244 244 243 241 238 235 233 232 233 233 234 234 234 234 234 234 235 235 235 239 234 233 232 232 232 231 231 230 229 229 228 228 227 227 227 226 226 226 226 225 225 225 224 224 223 223 224 225 221 219 218 216 214 215 213 210 209 208 207 207 209 207 207 206 206 212 207 210 213 215 215 216 217 217 218 220 222 223 224 225 226 226 226 225 223 221 218 216 216 217 219 220 220 221 221 221 221 220 219 220 218 217 215 215 216 216 215 214 215 216 217 218 219 220 221 221 220 220 218 217 216 214 213 213 216 214 214 214 214 215 215 215 215 216 217 218 219 219 217 217 216 215 215 217 219 220 220 223 222 217 225 226 226 226 226 225 225 225 224 223 223 222 221 221 220 219 218 218 218 218 217 217 217 216 215 209 215 215 214 214 212 211 210 209 209 210 209 208 206 204 202 199 197 195 195 192 194 193 193 194 196 200 204 203 203 204 208 209 209 211 212 213 214 215 217 218 219 220 223 225 224 225 226 226 226 226 226 225 222 221 221 222 229 235 237 238 234 235 234 234 235 236 235 234 233 233 232 231 228 225 224 226 227 229 230 229 228 227 226 226 227 229 232 235 237 238 237 234 233 232 237 238
222 223 224 224 225 225 225 226 227 229 230 230 230 230 231 232 234 235 236 238 240 242 244 245 247 249 250 252 253 254 255 255 256 256 257 257 257 256 255 254 254 253 252 252 251 250 250 249 248 248 248 248 248 248 247 245 243 241 240 239 237 236 234 234 234 234 235 238 242 244 247 249 251 254 256 258 261 268 275 283 288 291 295 298 300 303 302 298 292 286 279 275 273 271 271 270 269 267 265 264 263 262 260 259 257 257 257 257 257 258 257 255 254 253 252 252 251 252 252 252 251 251 250 250 249 247 246 245 244 242 241 239 236 233 233 234 235 235 236 236 236 236 236 236 236 236 236 235 235 234 234 234 233 232 231 230 230 229 229 228 228 228 228 227 227 227 227 226 226 226 225 225 225 224 224 223 221 219 219 217 217 217 216 214 213 211 209 208 206 206 206 205 205 205 208 212 214 216 217 217 218 218 219 220 221 223 224 225 226 226 225 225 223 221 219 216 217 217 219 220 221 221 221 221 218 221 220 220 218 217 216 216 216 217 216 215 215 216 217 218 219 220 221 221 221 220 218 217 216 214 214 214 215 218 214 214 214 214 215 214 215 215 218 218 219 219 219 219 217 216 216 217 219 219 221 223 216 224 225 226 226 227 226 226 225 225 225 224 223 222 222 221 221 220 220 219 219 219 218 217 216 216 215 214 213 208 211 214 212 210 209 208 207 206 206 205 203 201 200 198 197 194 195 193 192 193 193 194 196 200 204 205 205 207 208 209 210 212 213 214 215 216 217 218 219 220 221 222 223 224 224 224 225 225 226 225 222 221 219 219 222 227 229 232 232 234 233 233 233 233 233 233 232 232 231 230 227 225 225 227 229 232 232 232 232 231 230 228 227 228 230 233 235 236 236 235 233 232 237 240
222 222 223 223 224 225 226 226 227 227 227 228 229 230 230 231 232 233 235 238 240 242 243 244 246 248 250 251 252 253 253 253 254 255 257 256 255 255 254 253 252 251 251 250 249 249 248 247 247 247 247 247 247 247 246 244 243 241 240 238 237 236 235 235 234 234 234 237 240 244 246 249 252 255 258 261 265 275 283 292 300 301 302 305 305 304 301 296 291 286 281 278 275 272 270 267 265 265 263 262 261 260 259 258 257 255 255 255 255 256 256 255 253 251 251 250 250 250 251 252 252 252 252 252 250 248 247 245 243 241 239 235 234 233 235 237 237 238 238 238 238 238 238 238 238 237 237 236 235 234 236 235 234 233 232 231 231 230 230 229 229 229 229 228 228 228 228 228 227 227 227 226 226 225 225 223 222 221 226 218 219 219 219 217 216 214 213 211 208 207 206 205 205 207 209 212 215 214 217 219 219 219 220 220 221 222 223 224 225 226 225 225 224 222 219 217 216 218 219 221 221 220 222 222 222 221 220 219 219 218 217 217 218 218 217 216 216 216 217 219 219 220 221 221 221 220 218 217 216 215 214 214 215 217 214 214 214 214 214 215 214 219 218 218 219 219 219 219 219 218 217 217 218 219 221 216 224 225 228 228 227 226 226 226 225 224 224 224 223 222 222 221 221 220 220 220 219 218 218 217 216 216 215 213 212 212 208 207 208 210 209 207 205 204 203 202 201 200 199 198 196 195 193 193 193 194 194 194 196 201 204 205 206 208 209 209 211 212 213 214 215 216 217 218 218 220 221 221 221 222 223 223 223 224 225 225 223 221 218 217 218 220 223 225 227 231 232 232 232 231 232 232 231 231 230 230 228 227 227 230 231 233 234 234 235 235 233 230 229 228 230 232 234 235 235 235 233 233 237 239
223 224 224 224 226 227 230 230 231 230 230 230 231 231 233 236 233 233 233 237 239 240 241 242 244 247 249 250 251 251 251 251 253 254 255 255 254 254 253 252 251 249 249 248 248 247 246 246 245 245 245 245 244 244 244 243 242 241 240 238 237 236 236 235 235 234 234 235 240 243 246 249 252 256 261 266 269 276 289 297 305 310 311 310 308 305 302 298 293 289 285 281 278 276 273 270 268 267 264 261 260 258 257 256 256 255 253 252 252 253 254 254 253 251 249 248 248 248 249 250 251 252 252 252 250 247 246 243 242 240 238 236 236 236 238 239 240 240 240 240 240 239 239 239 239 239 239 238 237 236 237 236 235 233 233 232 231 231 230 230 230 230 230 229 229 229 229 228 228 228 227 227 226 226 225 224 223 222 228 221 221 221 221 220 219 218 217 215 212 210 208 207 205 208 210 213 216 217 218 217 218 220 221 222 222 223 223 224 225 225 225 225 224 223 220 218 216 218 219 220 220 222 223 222 222 221 221 220 219 218 218 218 219 218 217 217 216 216 218 219 220 220 221 221 221 220 219 217 216 215 215 215 216 217 220 214 214 214 214 214 214 217 219 218 219 219 219 219 219 219 217 217 217 219 216 224 225 222 225 226 226 226 226 225 225 224 224 223 222 222 221 221 220 219 219 219 218 218 217 216 215 215 214 213 212 211 210 207 207 206 209 207 205 203 201 200 199 198 197 196 195 195 193 193 194 194 194 194 196 200 203 205 206 207 209 209 210 212 213 213 214 215 216 217 218 219 219 219 220 220 222 221 221 223 224 224 223 221 218 215 217 217 224 223 223 226 230 230 230 230 231 231 230 230 229 228 226 227 229 231 234 235 235 235 236 236 234 232 230 229 230 232 234 235 235 234 233 234 235 237
225 226 227 227 229 230 232 233 233 233 233 233 234 236 236 236 234 235 237 235 235 237 240 242 243 246 247 249 250 250 249 250 251 253 254 254 253 253 252 252 251 250 249 247 246 245 245 244 244 243 243 242 242 242 241 241 241 240 239 238 238 237 237 236 235 234 234 235 240 242 246 249 253 260 265 271 276 283 293 301 310 313 313 312 308 305 303 300 296 292 289 285 282 279 276 273 271 268 265 263 262 259 257 255 254 253 252 250 250 249 249 250 250 250 248 247 247 247 247 248 250 251 252 252 250 248 246 244 242 241 238 236 234 238 241 241 242 243 242 242 242 241 241 241 241 241 240 239 238 238 237 237 235 234 233 232 232 231 231 231 231 231 231 230 230 230 229 229 229 229 228 228 227 226 226 225 224 224 224 224 223 223 222 222 221 220 219 217 215 213 211 208 207 209 211 213 217 218 219 220 221 220 220 221 222 223 224 224 224 225 225 225 224 223 221 219 217 217 220 221 222 223 223 223 222 222 221 220 220 219 219 219 219 219 218 217 216 217 218 220 220 221 221 222 221 220 219 217 216 215 215 216 217 218 218 216 214 214 214 214 214 214 219 219 219 219 219 219 219 219 218 217 217 217 221 221 224 224 223 225 225 225 225 223 222 222 222 222 221 220 220 220 219 219 218 218 217 217 216 216 214 214 212 212 211 209 209 209 207 207 206 207 204 202 200 198 197 197 196 195 195 192 193 194 194 194 193 194 194 199 202 203 205 205 208 209 210 210 210 212 213 214 215 216 216 217 217 218 218 219 219 219 219 221 223 224 223 220 219 215 215 219 222 224 227 228 229 229 228 228 229 230 229 229 228 229 227 228 230 232 236 237 237 238 239 238 235 233 232 231 231 232 232 235 235 234 234 234 236 238
225 227 228 230 231 233 233 235 235 235 236 236 236 237 237 237 242 238 239 239 238 236 238 240 241 245 247 248 248 248 247 249 251 252 253 253 252 252 251 252 251 250 249 248 247 245 244 243 242 242 241 241 240 240 240 240 240 240 239 238 238 237 237 236 235 235 235 235 240 242 246 250 255 264 271 278 284 291 297 303 309 311 311 308 306 305 304 301 298 295 291 288 285 282 279 276 272 270 267 265 263 261 258 256 254 252 251 250 249 249 248 248 247 247 248 246 246 246 245 246 247 250 251 251 250 249 247 245 244 241 238 235 236 241 243 243 244 245 244 244 244 243 243 243 242 242 241 240 239 238 238 240 236 235 234 233 232 232 232 232 232 232 232 231 231 231 230 230 230 229 229 229 228 227 227 226 226 228 225 225 225 224 224 224 223 223 221 219 217 215 212 209 208 210 212 214 217 218 220 221 222 222 222 223 223 221 221 224 225 225 225 224 224 223 221 219 217 219 220 221 222 223 223 223 223 222 222 220 220 220 220 220 220 220 219 218 217 217 218 220 221 221 222 222 221 221 219 217 216 216 216 216 217 218 219 221 214 214 214 214 214 214 215 219 218 218 219 219 219 219 219 217 217 219 220 221 223 223 224 222 224 222 223 222 221 221 220 220 219 219 218 218 217 217 217 216 215 215 215 215 213 213 212 211 210 209 207 209 208 207 206 206 203 201 199 197 196 195 194 194 195 193 194 194 193 194 195 194 195 195 199 203 204 204 207 208 208 210 211 211 211 212 213 213 214 215 215 215 217 217 217 217 218 219 221 223 222 221 218 215 216 219 219 221 223 224 226 226 226 227 229 228 229 229 229 229 229 229 231 233 235 239 239 239 239 238 236 235 234 233 233 233 234 235 235 236 235 235 235 237
225 227 230 231 232 233 235 236 236 237 237 237 238 238 239 239 240 240 241 241 240 239 239 238 240 245 246 246 246 247 247 249 250 252 253 252 251 251 251 251 251 250 250 249 248 246 244 243 242 241 241 241 240 240 240 239 239 238 239 238 238 237 236 235 235 235 235 236 240 243 246 251 260 268 277 285 293 299 303 306 308 308 306 305 304 302 301 301 299 296 292 288 286 283 280 277 274 271 268 266 264 261 259 257 255 253 252 252 252 253 251 248 247 246 246 245 244 244 244 244 245 248 251 251 249 248 246 244 242 239 236 235 238 243 245 247 247 247 247 246 246 245 245 244 244 243 242 241 240 239 238 241 237 236 234 233 233 233 233 233 232 232 232 232 231 231 230 230 230 230 229 229 229 228 228 227 226 226 227 227 226 226 226 226 225 225 223 221 217 214 211 208 208 211 213 215 217 218 220 221 222 222 222 223 224 225 226 225 221 221 220 221 223 223 221 220 217 219 220 221 223 223 224 224 223 222 222 221 221 220 221 221 221 221 220 219 217 217 218 219 220 221 222 222 222 221 219 217 216 216 216 217 218 219 219 220 220 214 214 214 214 214 215 219 219 218 219 220 220 218 218 219 220 220 220 220 222 223 223 223 221 222 222 220 219 218 218 217 217 217 217 216 216 216 215 215 214 214 214 213 213 212 211 210 209 208 207 206 206 205 206 206 206 204 197 197 197 196 196 196 196 194 194 192 195 195 195 194 195 194 196 201 201 202 204 206 207 208 208 209 210 210 211 211 212 213 213 213 214 215 216 216 216 218 220 221 221 220 218 216 214 215 215 219 221 223 224 226 225 225 228 228 230 230 230 231 231 232 232 234 236 239 240 241 241 239 238 238 236 234 234 234 235 235 236 236 236 235 236 238
223 227 231 232 233 234 235 236 237 238 238 239 239 239 240 241 241 242 243 243 241 241 241 241 240 241 243 243 244 245 247 248 250 251 252 252 251 250 249 249 249 249 249 248 247 245 243 243 242 242 242 243 243 242 242 240 239 238 237 237 236 235 235 235 235 235 236 238 241 244 247 251 259 270 281 290 299 306 308 309 308 306 303 301 299 297 296 296 296 294 291 287 284 282 279 277 274 272 269 267 265 262 260 258 256 253 252 254 255 255 253 251 250 247 246 245 245 244 243 243 242 245 247 247 245 245 243 241 239 238 236 238 241 246 248 249 250 249 249 249 248 247 246 246 245 244 243 242 241 240 239 238 236 236 235 234 234 233 233 233 232 232 231 231 231 231 230 230 230 229 229 229 229 229 228 228 227 227 228 227 227 227 227 227 227 225 224 221 217 213 210 208 210 212 214 216 218 219 220 221 223 222 223 223 224 224 225 226 226 225 225 225 221 217 216 216 217 218 220 221 223 224 224 224 224 223 223 223 222 222 222 222 222 221 220 219 218 218 218 219 220 221 222 223 222 220 219 217 216 216 217 218 218 219 220 220 220 214 214 214 215 215 216 216 217 218 219 218 218 221 222 221 221 221 221 221 223 223 223 222 222 219 219 218 218 216 216 215 215 215 215 214 214 214 214 214 214 213 213 213 212 212 210 210 209 207 206 205 204 203 202 206 206 198 205 199 200 201 199 196 196 196 195 194 195 195 194 194 194 195 195 198 199 200 200 202 205 206 207 207 208 208 209 209 210 211 212 213 214 215 215 214 214 217 219 220 221 220 218 214 215 213 214 217 218 218 222 222 224 225 227 228 230 231 232 232 233 234 235 236 240 242 243 242 242 241 241 240 238 236 236 237 238 237 236 236 236 236 236 238
223 226 229 232 233 235 236 237 238 238 239 239 240 240 241 241 242 243 245 246 247 246 246 243 242 243 243 244 245 246 247 248 250 252 252 252 252 251 249 249 248 248 247 246 245 244 243 243 244 244 245 245 245 245 244 242 241 239 236 236 235 235 235 236 236 237 237 240 243 245 248 252 258 269 280 290 300 307 309 309 307 305 301 297 294 291 291 290 291 290 289 286 281 279 277 275 274 273 271 269 266 263 261 258 256 253 255 257 258 257 255 254 252 251 248 248 248 247 245 242 242 240 242 242 242 241 239 239 238 237 238 242 245 248 251 251 252 252 251 251 250 249 248 247 246 245 244 242 241 240 239 238 237 237 235 234 233 233 232 231 231 231 230 230 238 232 234 238 229 229 229 229 229 231 229 228 228 228 228 228 228 228 228 228 227 226 223 220 216 213 210 209 211 213 216 217 218 220 220 221 223 223 224 224 225 226 226 227 226 225 225 224 224 223 220 219 218 217 218 219 221 223 224 224 225 225 224 224 223 222 223 223 223 222 220 219 218 218 218 220 221 222 223 223 222 221 219 217 217 220 220 220 222 220 221 221 221 223 219 218 218 218 220 220 219 219 219 220 221 222 222 221 221 221 221 222 223 224 223 222 222 220 218 218 216 215 215 214 214 214 213 213 213 213 213 213 212 212 212 213 212 211 211 210 209 207 206 204 203 201 200 199 199 199 200 204 202 202 200 199 197 197 195 195 195 194 195 195 193 195 195 197 198 198 198 199 202 203 205 205 206 206 207 207 209 210 211 212 213 213 213 213 213 216 218 219 220 219 217 214 210 210 213 215 216 217 218 220 222 223 225 227 230 231 232 233 234 235 237 240 242 245 246 247 246 244 244 243 241 239 240 240 239 238 237 237 236 236 237 239
222 225 228 231 233 234 235 236 237 238 239 239 240 241 241 242 243 244 245 246 248 248 246 245 246 247 246 247 247 247 249 250 251 252 253 254 253 252 251 250 248 247 246 245 245 244 244 245 246 246 247 247 247 246 245 244 242 239 237 236 235 236 237 237 238 238 239 241 244 247 249 253 257 267 279 291 300 307 309 307 306 303 300 296 291 287 287 285 285 285 285 283 279 276 273 272 273 273 272 269 266 263 261 259 256 254 256 259 260 259 258 256 255 254 252 251 250 249 247 245 243 242 241 241 240 239 238 238 239 240 243 247 250 251 253 253 254 254 253 252 251 250 249 248 247 246 244 243 242 240 239 238 237 235 235 234 233 232 231 230 230 230 234 237 231 228 228 231 235 236 236 235 229 228 228 228 228 228 228 228 229 228 228 228 227 225 222 218 215 212 209 208 211 215 217 218 220 221 221 222 223 224 225 225 226 226 227 227 226 226 225 224 223 221 220 219 219 218 221 222 223 224 225 225 224 224 225 224 223 223 223 223 223 222 221 220 219 218 219 220 221 222 223 223 222 221 219 218 219 223 220 220 221 223 222 222 221 221 221 220 221 221 220 219 219 219 219 221 222 223 223 223 221 221 224 224 224 224 224 223 222 223 219 218 216 215 215 214 213 213 213 213 212 212 212 211 211 211 211 211 211 211 210 210 209 208 206 204 202 201 201 201 202 202 203 201 204 204 202 201 199 197 197 196 195 195 195 194 194 195 197 196 196 197 197 197 200 201 202 203 204 204 205 206 208 209 211 211 212 213 212 212 212 215 217 218 218 219 215 214 210 210 210 214 215 216 217 218 220 222 224 224 228 231 232 233 235 236 238 241 244 247 248 249 248 247 247 246 244 243 244 243 240 239 238 237 237 237 239 241
222 224 227 230 232 233 234 235 236 237 238 239 239 240 241 242 242 244 246 247 248 248 248 248 249 249 249 249 249 250 251 252 253 254 255 254 254 253 252 250 250 249 249 248 247 247 246 247 248 248 248 248 248 247 246 244 241 238 236 236 237 239 239 240 240 240 241 243 245 248 251 253 258 268 281 291 301 306 308 306 303 300 297 294 290 285 283 281 281 281 279 278 276 274 271 270 270 273 272 269 267 264 261 257 255 255 259 261 262 261 260 259 258 256 255 253 252 251 249 247 246 245 244 243 243 243 243 243 244 247 250 253 254 255 255 255 256 255 254 253 252 251 250 248 247 246 244 243 241 240 238 237 236 235 234 233 232 231 230 229 232 237 236 227 226 226 225 225 225 227 228 227 226 227 227 227 228 228 228 228 228 229 228 227 225 222 219 216 213 211 209 210 213 216 218 220 221 222 222 222 223 224 225 226 226 227 227 226 226 225 224 223 222 221 220 220 219 219 221 222 223 224 225 226 226 226 226 226 225 225 223 224 225 226 226 226 226 219 226 226 225 225 225 225 224 224 224 224 223 223 223 223 222 225 229 229 226 229 224 223 221 220 220 220 220 220 221 222 222 223 224 225 224 224 225 225 224 225 224 223 223 222 220 219 216 216 215 215 213 213 213 213 213 212 211 211 210 209 209 210 210 210 210 210 208 207 205 203 202 202 203 204 205 205 205 206 204 204 205 197 201 199 197 196 196 196 195 196 194 194 196 196 196 196 196 196 198 199 200 201 202 203 204 206 208 209 210 211 210 212 211 210 210 213 216 218 218 214 215 214 212 210 209 208 212 214 214 215 220 220 223 224 224 229 232 233 235 236 238 241 244 248 249 250 250 249 248 248 246 245 246 244 241 240 239 238 238 238 240 241
222 224 226 228 230 232 233 234 235 236 237 237 238 239 239 240 242 242 243 245 246 247 247 249 250 251 251 251 252 253 254 254 255 256 256 255 255 255 253 252 251 251 251 250 249 247 247 248 249 249 249 249 248 247 245 243 240 237 236 236 239 241 242 242 242 242 243 244 247 249 251 254 261 272 284 293 303 308 307 305 300 296 293 291 288 284 281 281 279 277 277 275 272 270 269 268 267 269 268 266 263 261 259 257 257 258 261 263 264 264 263 262 260 259 258 256 254 252 250 249 249 248 247 247 247 247 247 247 249 252 256 258 258 258 257 257 257 256 255 254 252 251 249 248 247 245 244 242 241 239 238 236 235 234 233 232 231 230 229 227 226 227 229 225 224 223 222 222 222 222 222 223 224 225 226 226 226 226 227 228 228 228 228 225 221 218 214 212 211 209 210 211 214 218 220 221 223 223 224 224 224 224 225 226 227 228 228 227 227 224 221 223 222 221 221 221 220 220 221 221 222 224 225 226 227 227 227 227 226 226 225 225 224 223 222 222 221 219 220 221 222 223 224 223 223 222 221 219 225 225 222 222 222 225 226 224 225 224 223 223 222 222 221 221 221 221 222 223 223 224 225 225 225 225 225 225 224 225 224 223 223 222 222 219 219 218 216 216 214 214 214 214 214 213 213 212 211 210 209 208 208 208 208 208 207 205 204 203 204 205 206 207 207 208 207 208 208 204 198 204 204 202 200 199 197 196 196 197 197 195 196 196 196 196 196 196 196 198 199 200 201 203 204 206 208 209 210 210 210 210 210 209 209 213 216 216 210 216 214 213 208 207 209 209 210 211 214 216 217 220 222 224 224 224 229 232 234 236 237 240 243 246 249 251 251 250 250 249 248 246 247 245 242 241 239 239 239 239 240 242
223 223 225 226 227 229 230 232 233 233 234 235 235 236 238 239 240 241 242 243 244 246 248 250 251 253 253 254 255 255 256 257 258 258 258 257 257 256 254 254 253 251 251 250 250 248 249 250 251 251 251 250 249 247 244 241 239 236 236 237 240 243 245 245 244 244 245 246 248 250 253 256 263 274 285 295 304 309 308 304 299 293 289 287 285 282 280 278 276 274 274 270 271 269 267 265 265 264 263 263 260 258 259 259 260 260 263 265 267 267 266 266 264 263 262 260 257 255 253 252 252 252 252 252 251 251 251 252 253 256 260 262 261 259 258 258 257 256 255 253 251 250 248 246 245 244 243 241 239 238 236 235 234 232 232 231 230 229 228 226 224 223 222 221 221 220 219 219 219 218 219 220 221 222 222 223 223 224 224 226 227 226 223 219 217 213 211 210 210 210 211 213 215 218 220 223 224 224 225 225 225 225 226 227 227 228 228 228 227 226 225 223 222 222 221 221 221 221 221 221 222 223 224 225 227 227 227 227 227 227 227 226 225 224 223 222 221 220 220 222 223 224 224 224 224 223 221 220 220 221 225 224 225 225 226 226 226 225 225 224 224 223 223 223 223 223 223 224 225 225 226 226 226 225 225 225 225 225 225 223 223 222 222 221 218 218 217 216 216 216 215 216 215 214 214 213 212 211 210 209 208 207 207 206 205 205 204 206 207 208 208 209 209 209 209 209 206 202 205 209 209 205 203 203 200 199 197 197 196 195 196 196 196 196 196 196 196 197 198 199 200 202 204 206 207 206 209 209 209 209 209 208 208 208 208 212 214 214 212 210 207 207 207 208 210 211 212 215 217 219 220 221 225 224 229 230 233 235 236 237 240 244 248 250 250 250 250 250 249 248 247 247 244 244 241 241 240 240 241 242
222 222 223 224 225 226 227 229 230 231 231 232 233 234 235 237 239 240 240 242 243 245 248 251 252 253 255 257 257 258 259 260 260 260 260 260 259 258 256 255 255 254 253 251 250 249 250 251 252 252 252 251 249 247 244 241 238 236 236 237 241 245 247 247 246 245 247 248 250 252 254 258 263 274 285 295 304 309 308 305 299 294 290 287 285 283 281 280 278 277 277 276 275 272 271 270 268 265 263 261 260 262 261 263 263 263 265 268 270 272 272 271 270 269 266 263 260 258 257 256 256 257 258 257 256 256 256 257 258 259 261 262 261 259 259 258 256 255 254 251 249 246 244 243 242 241 241 239 238 236 235 233 232 231 230 230 229 228 227 225 223 221 221 220 219 218 217 217 217 216 217 217 218 219 219 220 220 221 220 223 222 220 216 214 212 211 211 211 211 211 211 213 216 219 221 223 224 225 226 226 226 226 227 228 228 228 229 228 227 227 225 223 222 221 222 222 221 222 223 222 222 223 223 225 226 227 227 228 228 228 227 227 226 225 223 222 222 221 221 222 223 225 225 225 225 224 222 221 221 222 223 224 225 225 226 227 227 227 227 226 225 225 224 224 224 224 224 225 225 226 227 227 227 227 226 226 226 226 225 224 223 222 222 222 220 220 218 218 215 217 216 216 215 215 214 213 213 212 211 210 209 208 208 208 207 206 208 209 209 209 210 210 210 211 208 205 211 211 211 213 212 212 206 207 204 201 199 197 195 195 195 196 196 196 198 196 196 197 198 199 201 202 204 205 206 207 207 207 208 208 207 207 208 207 209 210 211 211 210 209 207 206 206 207 208 210 213 214 216 218 219 220 223 224 226 228 231 232 233 234 235 240 244 247 248 248 249 250 250 249 248 248 246 245 243 241 241 241 242 243
223 222 223 223 224 225 226 226 227 228 229 230 231 232 233 235 237 238 239 241 243 245 249 252 253 254 257 260 260 261 262 263 263 263 263 262 262 260 259 258 257 256 254 253 252 250 251 252 253 253 252 251 249 247 245 242 239 237 236 237 240 245 247 248 248 247 248 250 251 253 256 259 264 274 286 296 304 311 310 307 302 298 294 291 290 288 286 284 283 283 283 282 280 277 277 274 272 269 266 263 264 265 266 267 266 266 268 271 275 278 279 278 276 274 271 267 264 262 261 260 260 263 265 264 262 261 261 262 263 262 263 262 260 259 257 255 254 253 252 249 245 242 240 240 239 239 239 239 237 236 234 233 232 231 230 228 228 227 226 224 223 221 220 219 218 217 217 217 217 217 216 215 215 216 216 217 217 217 216 218 216 215 213 211 211 211 212 213 213 213 212 214 216 218 221 222 224 225 226 227 227 228 227 228 229 229 229 228 228 227 225 224 222 222 222 223 223 223 224 223 223 223 223 225 226 227 227 228 228 228 228 228 227 225 224 223 222 222 222 223 224 225 226 225 225 224 223 222 222 222 223 225 225 226 227 227 227 227 227 226 226 225 225 226 226 225 226 226 226 227 227 227 226 227 226 226 226 225 225 224 223 222 222 221 221 220 219 218 216 217 217 216 215 214 214 213 213 212 212 211 211 211 210 210 209 209 210 211 210 210 211 211 208 210 211 212 212 212 213 214 215 214 213 211 205 203 201 196 195 195 196 196 197 197 197 196 197 197 197 198 199 199 201 202 204 205 204 205 204 203 203 203 206 204 204 203 204 208 208 207 205 205 205 206 209 210 212 214 215 217 218 220 221 222 223 227 228 229 230 230 232 235 239 240 241 246 249 250 250 251 251 250 249 247 245 244 242 241 242 243
225 225 224 223 223 224 225 226 227 228 229 230 231 233 234 235 235 237 238 240 242 246 249 251 252 254 258 261 263 264 266 267 266 267 266 265 264 263 261 260 259 258 256 255 253 252 252 253 253 253 253 251 249 247 245 242 240 237 236 237 238 242 246 248 248 248 249 251 252 254 257 260 264 275 287 297 306 310 311 310 307 303 299 297 296 292 290 289 288 288 289 287 283 281 278 275 272 269 266 264 267 270 271 271 270 270 272 274 279 283 283 281 279 278 274 272 269 267 265 263 264 266 272 268 266 266 266 266 266 265 263 261 259 257 253 251 250 249 248 246 243 240 238 237 236 236 238 238 237 236 235 233 233 232 230 229 227 226 225 223 223 221 219 219 218 217 218 219 219 219 218 217 216 215 215 214 215 214 214 214 213 212 212 212 212 213 214 215 215 215 214 215 216 218 220 222 224 225 226 227 228 228 228 229 229 229 229 229 229 227 225 224 222 222 222 223 224 224 225 225 225 225 224 225 226 227 228 229 229 229 229 228 227 226 225 224 224 223 223 224 225 226 226 226 225 224 223 223 223 223 224 225 226 227 226 228 228 228 228 228 228 226 227 227 227 227 227 227 227 227 227 227 226 226 225 225 224 224 223 222 222 222 220 219 220 220 216 219 214 216 216 216 215 214 213 212 212 212 212 211 212 212 211 211 211 211 211 211 211 211 208 211 211 212 212 212 212 212 214 215 215 215 213 211 209 205 196 196 195 195 196 196 196 197 196 197 197 197 197 198 198 199 200 200 202 201 202 201 201 201 201 201 202 201 203 202 203 202 204 205 204 204 204 206 208 209 211 212 214 214 215 218 220 221 224 224 225 226 227 227 228 230 234 239 244 247 249 251 251 252 252 252 251 248 247 246 245 244 243 243
226 226 226 224 222 223 225 226 227 228 230 231 232 234 235 237 238 238 239 240 242 245 248 249 251 254 260 262 264 267 269 271 270 270 269 267 267 266 264 263 262 260 258 256 254 253 253 254 254 254 253 252 250 249 246 243 241 239 236 236 236 236 242 245 246 247 248 251 251 254 257 260 265 275 287 298 307 311 313 312 311 308 305 303 302 299 296 294 292 292 292 288 284 280 276 272 270 267 265 268 271 274 277 277 276 276 277 279 282 285 285 283 281 279 278 276 273 271 268 266 266 268 269 269 269 270 271 270 269 266 263 261 258 253 251 248 245 243 242 241 240 238 237 235 235 235 236 237 237 236 236 235 234 233 232 230 228 227 224 223 223 220 219 218 217 217 221 222 223 222 221 220 219 218 217 215 214 213 213 212 212 212 212 213 214 215 216 216 216 216 216 216 217 217 218 221 222 224 226 227 228 228 229 229 230 230 229 229 229 227 225 224 223 223 223 224 225 225 226 226 226 226 226 226 226 227 228 229 229 229 229 229 228 227 226 226 226 225 224 225 226 227 227 226 226 225 224 224 224 224 224 225 226 227 227 228 229 229 228 228 229 228 228 228 228 228 227 227 226 226 225 225 225 225 224 223 222 222 221 221 220 218 218 219 219 219 215 214 215 216 215 215 214 213 211 211 211 211 212 212 212 212 212 212 212 211 210 211 211 211 210 211 209 210 211 211 212 212 213 214 215 214 212 208 196 196 201 199 195 196 197 197 197 196 197 197 197 197 197 197 197 198 198 199 200 200 200 200 200 200 200 200 201 201 203 202 202 202 202 202 202 203 203 205 207 208 210 211 215 214 214 214 214 220 221 222 223 223 222 223 228 231 235 239 244 247 249 251 252 253 253 253 252 250 249 247 246 246 244 244
227 228 228 226 223 223 224 227 226 228 229 231 233 235 237 237 239 240 240 241 243 245 247 250 251 255 260 263 266 269 271 272 272 272 271 270 269 268 267 265 264 262 259 257 256 255 254 254 254 254 254 253 252 250 248 245 242 240 238 237 237 237 236 236 238 242 245 250 251 252 255 261 268 278 291 301 309 313 314 315 314 313 311 309 307 304 302 299 296 294 290 286 281 276 271 269 267 267 269 272 275 279 283 283 282 281 282 283 284 285 285 284 282 281 279 277 275 272 269 267 266 266 266 267 268 271 273 271 269 267 265 261 257 252 250 247 245 243 240 239 237 237 235 234 233 234 234 236 236 237 237 236 235 234 232 231 229 227 225 222 221 220 219 218 217 219 223 225 227 226 225 223 222 221 220 218 216 215 214 213 213 213 214 215 216 217 218 218 217 217 218 218 217 217 218 219 221 223 225 226 228 228 229 229 230 230 229 229 229 226 225 224 223 224 223 224 226 227 227 227 227 227 227 227 228 228 229 229 230 230 230 229 229 228 227 227 226 226 226 226 226 227 227 226 226 226 225 225 224 224 224 225 226 227 227 228 228 229 228 229 229 229 229 228 228 228 227 227 226 225 224 223 222 222 219 219 220 218 219 218 217 218 218 217 216 216 215 214 214 215 215 214 212 211 210 210 210 210 211 211 212 212 212 212 212 210 209 209 209 208 207 206 207 208 209 210 210 211 211 212 212 210 206 203 196 196 196 196 205 196 197 197 197 197 196 197 198 198 198 198 198 198 199 199 199 199 199 199 200 200 200 200 200 201 201 201 201 201 202 202 202 202 202 203 207 208 207 208 213 214 214 214 214 218 219 220 220 220 221 225 228 230 234 238 241 245 248 250 252 253 254 253 252 251 250 248 247 246 245 243
228 229 228 226 224 224 225 225 226 227 229 231 233 235 237 238 239 240 242 243 244 245 248 250 252 257 260 263 266 270 272 274 275 274 274 273 272 270 269 266 265 263 260 259 257 256 255 255 255 255 255 254 253 252 250 246 243 241 239 239 237 237 237 236 237 239 243 248 249 251 257 263 271 283 295 304 312 314 315 315 316 315 314 312 310 307 303 300 296 292 288 283 278 274 272 272 272 272 273 277 281 285 289 291 289 288 288 287 286 286 285 284 283 281 279 276 273 270 267 265 264 263 262 262 263 264 264 265 265 265 264 259 257 253 251 248 245 243 241 240 238 237 236 235 233 232 232 234 235 236 236 236 236 234 233 231 229 227 225 225 222 220 218 218 218 221 224 227 229 230 229 227 226 224 222 220 218 217 216 214 213 214 216 216 218 219 219 220 219 219 220 219 219 219 218 219 220 222 224 226 227 228 229 229 229 230 229 228 228 227 226 224 224 224 224 226 227 228 228 228 229 229 229 228 229 230 229 229 230 230 230 230 229 228 228 228 228 227 226 226 227 227 227 227 226 226 225 225 225 225 225 225 226 226 227 228 228 229 229 229 229 229 229 228 228 227 227 226 225 223 221 220 219 218 218 217 217 216 217 217 216 216 215 215 216 217 215 216 214 212 212 214 212 209 208 207 206 206 207 209 210 211 211 210 210 209 209 209 204 205 201 200 205 203 203 205 207 208 209 208 206 204 199 196 196 196 196 196 197 199 204 197 198 198 198 198 198 198 199 199 199 198 198 199 199 199 199 199 200 200 200 201 201 201 200 201 201 201 201 202 202 202 202 203 203 204 207 207 208 212 215 215 215 216 217 217 217 218 222 224 226 229 231 234 238 242 245 248 251 253 253 253 252 251 250 249 247 246 244 242
228 227 227 226 224 224 225 225 226 227 228 230 232 234 237 238 239 241 242 243 245 247 248 250 252 256 259 261 265 269 272 274 276 276 276 275 274 272 270 268 266 263 261 259 257 256 255 255 256 256 256 255 254 254 251 248 244 242 241 241 238 236 238 238 237 239 243 247 249 252 257 265 275 288 297 306 311 314 315 316 317 316 314 311 310 305 302 299 294 289 283 278 275 277 278 278 278 279 281 284 288 292 296 298 296 294 292 291 289 286 284 282 281 279 276 272 268 264 262 261 259 256 253 251 250 249 249 249 250 254 256 256 254 252 250 248 246 244 243 242 241 240 238 236 234 233 231 232 234 235 235 236 235 234 233 231 228 226 225 224 221 220 219 218 219 222 226 229 231 231 231 229 228 226 224 222 219 218 216 214 213 215 216 219 219 220 221 221 222 221 221 221 221 220 220 220 221 221 223 225 226 227 228 228 229 229 229 229 229 228 228 227 228 224 224 226 228 229 230 230 230 230 230 230 230 231 230 230 230 231 230 230 230 229 229 229 228 227 227 227 227 227 227 227 226 226 225 225 224 224 224 225 225 225 226 226 227 227 228 228 228 228 228 228 228 227 225 224 222 220 219 218 217 216 215 215 216 214 214 213 213 213 215 214 214 215 215 215 213 211 211 213 209 208 206 203 201 201 201 203 206 207 209 210 204 207 205 204 204 206 200 199 205 197 197 199 201 203 205 203 201 198 197 195 196 196 196 197 200 200 200 200 205 198 198 199 199 199 199 198 200 200 201 200 200 200 200 201 201 201 202 202 202 203 201 201 202 201 202 202 202 202 203 203 203 204 204 207 208 209 210 215 213 214 215 215 216 218 221 223 225 227 229 232 234 237 240 246 248 250 251 251 252 251 251 249 247 246 244 243
228 227 226 225 225 224 224 226 228 227 228 229 231 233 236 237 239 241 242 243 244 246 248 250 251 253 257 260 263 267 271 274 276 278 278 276 275 273 271 268 265 263 261 258 256 255 254 255 255 256 256 256 256 255 252 249 246 244 242 242 240 239 239 239 238 239 243 247 250 253 257 265 276 288 299 306 311 313 314 315 316 314 310 308 306 302 299 295 290 284 280 280 282 284 286 286 286 288 289 292 295 298 301 302 299 297 295 294 290 285 280 277 274 273 267 260 255 253 251 250 248 247 246 246 245 245 245 245 246 246 247 248 249 250 249 248 247 245 244 244 242 241 240 239 234 234 231 230 232 233 234 234 234 233 232 230 228 226 224 222 220 219 219 219 219 223 227 230 232 232 232 231 230 228 225 223 221 219 217 215 214 216 219 220 220 221 222 223 223 224 223 223 222 222 222 222 223 222 222 223 225 226 226 228 229 229 229 230 229 228 229 229 228 227 226 227 229 231 231 231 232 232 231 231 231 231 231 231 231 230 230 231 230 229 229 228 227 227 227 227 227 227 227 226 226 225 225 224 224 223 223 223 224 224 224 224 225 225 226 226 227 226 226 227 226 225 223 222 220 218 216 215 214 214 213 213 212 212 211 212 213 212 212 214 215 215 215 214 212 211 211 212 205 204 200 199 199 199 199 201 201 202 202 203 202 203 202 201 197 197 205 202 205 197 196 195 196 198 198 199 198 196 195 195 196 196 197 200 200 200 200 199 199 200 207 198 199 199 200 200 201 200 200 201 201 201 202 202 203 203 204 204 204 204 204 205 204 204 204 204 203 203 203 203 204 204 204 204 205 206 209 210 211 212 212 214 215 219 220 221 223 225 227 228 229 231 236 240 244 246 247 249 250 251 251 249 248 246 244 244
229 228 227 225 225 224 225 226 229 229 229 229 230 232 233 236 238 239 241 243 244 245 247 249 250 251 253 254 258 264 268 271 275 277 278 277 275 273 270 268 264 261 259 257 255 254 253 253 254 255 257 257 257 256 253 251 248 245 243 242 241 240 240 241 239 239 243 247 249 252 255 261 273 285 297 305 311 312 313 313 314 311 306 303 300 297 294 291 285 283 284 287 289 291 293 295 296 297 297 299 300 302 302 302 299 295 292 291 287 281 273 266 262 259 254 253 251 250 249 248 247 247 246 246 244 243 243 243 243 244 245 245 246 247 248 247 247 246 245 244 243 241 240 238 235 234 231 229 229 230 231 231 231 230 229 228 226 225 223 221 220 220 219 219 219 222 227 230 232 233 233 232 231 229 226 224 222 220 217 215 214 217 219 222 223 223 224 224 224 225 224 224 225 224 224 224 224 224 224 223 224 225 226 227 226 229 230 230 231 231 231 230 229 229 228 229 230 232 232 233 233 233 233 233 233 232 232 232 232 231 231 230 230 228 228 228 227 226 226 226 226 226 226 226 225 224 224 223 222 221 221 222 222 222 222 222 223 223 224 224 224 224 224 224 223 222 220 219 218 216 215 213 212 212 211 210 210 210 210 209 209 209 210 211 210 211 211 212 212 209 208 206 204 200 198 199 201 201 200 199 199 200 200 200 200 198 197 199 198 198 201 200 201 200 198 195 195 195 195 196 195 195 195 195 196 198 203 203 203 202 202 202 199 199 199 199 206 204 200 201 201 202 202 203 203 203 204 204 204 205 205 206 205 207 207 207 207 206 206 205 205 205 204 204 204 204 204 204 205 205 207 208 209 210 211 213 215 217 218 220 222 223 225 225 226 227 229 235 238 240 240 245 249 250 250 249 249 247 246 247
230 229 228 227 225 225 225 227 228 230 230 230 230 231 232 234 236 238 240 241 243 244 246 247 248 250 250 250 252 256 265 269 272 275 276 276 275 273 270 267 263 259 256 254 253 253 251 251 252 253 255 256 257 256 255 252 250 247 244 243 241 240 239 239 238 239 243 246 250 253 256 262 268 282 295 304 312 312 312 313 313 309 305 300 296 293 290 287 287 289 291 294 296 298 300 302 302 303 303 303 303 302 300 299 297 291 285 284 283 276 267 260 258 255 253 252 251 250 249 251 250 250 249 248 247 247 245 244 241 241 242 243 244 245 246 247 247 246 246 244 243 241 239 237 236 234 232 230 228 227 228 228 227 226 225 225 224 223 222 221 221 221 220 220 220 222 226 229 231 233 233 233 232 229 227 225 222 220 217 215 215 218 220 223 223 224 225 225 226 226 226 226 226 225 225 226 226 225 225 224 224 225 226 226 230 229 230 231 231 232 232 231 231 230 229 230 231 232 233 234 234 234 235 234 234 233 233 232 232 231 230 229 229 228 227 226 226 226 226 225 225 225 225 224 224 223 222 221 221 220 219 220 220 220 220 220 221 221 222 222 222 221 221 220 219 218 217 216 215 214 213 212 210 209 208 207 207 207 209 209 208 208 209 210 210 211 211 211 211 209 206 204 202 200 198 199 204 204 203 202 200 200 198 199 199 198 199 198 198 200 205 203 202 202 201 198 197 196 195 195 195 195 195 197 200 203 205 206 204 204 203 202 201 200 200 199 199 200 201 207 207 204 204 205 205 206 206 206 206 207 208 208 208 209 210 209 209 209 209 209 206 206 207 206 205 205 204 204 204 205 206 207 208 209 210 212 213 214 216 218 220 221 222 223 224 225 225 226 231 233 236 242 246 248 249 249 249 248 248 249
231 229 228 227 225 224 225 227 229 230 231 231 231 231 232 233 234 236 237 238 240 241 242 244 244 246 246 248 250 252 260 266 270 273 274 274 274 271 269 265 261 258 255 253 252 251 250 249 250 250 251 253 254 255 254 252 250 248 245 243 241 239 239 238 238 240 244 248 250 254 258 264 270 283 294 303 312 313 312 312 312 308 304 301 298 295 292 292 294 296 297 300 302 304 305 306 306 305 305 303 301 298 296 294 292 287 281 276 274 270 265 260 257 254 253 253 252 253 253 253 253 252 252 251 250 249 247 245 244 242 240 240 242 243 244 245 246 245 244 243 241 240 238 236 235 233 232 230 228 227 226 226 225 224 224 223 223 222 222 222 222 222 222 220 220 222 225 229 231 233 233 233 232 230 227 224 222 219 217 215 216 219 221 223 224 225 226 226 227 227 227 227 228 228 228 228 227 226 225 225 225 226 226 226 227 228 230 231 232 233 233 232 232 231 230 231 232 233 234 235 235 236 236 236 235 234 234 232 231 230 229 227 223 225 224 224 223 223 223 223 223 223 223 223 222 221 221 220 219 218 218 218 218 218 218 218 219 219 219 220 219 219 218 218 216 215 214 213 212 211 210 209 207 206 206 204 204 205 208 206 206 207 208 208 209 210 211 211 211 208 206 203 203 198 198 203 205 206 205 203 202 201 199 199 199 199 198 198 200 205 207 206 205 204 203 202 199 199 196 196 195 197 199 202 204 204 208 209 207 205 204 204 202 201 200 200 200 200 201 203 205 206 206 209 209 207 207 208 207 209 210 210 211 210 211 211 211 211 211 211 208 207 207 207 207 207 206 205 205 205 205 206 207 208 208 210 212 213 214 216 218 218 218 219 220 222 224 223 225 228 233 237 242 246 247 249 250 250 250 251
232 230 228 227 225 224 226 228 230 232 232 233 233 233 233 233 234 235 235 236 237 239 239 240 242 243 245 247 249 252 256 263 267 271 272 273 271 269 266 263 259 256 254 252 251 250 249 248 248 247 248 248 248 249 250 249 249 247 245 242 241 239 239 238 238 241 245 248 250 255 259 265 271 283 294 304 312 313 312 312 312 309 306 304 302 297 294 297 300 301 303 306 307 307 308 307 306 304 302 300 296 292 288 287 286 283 278 272 268 266 263 260 256 254 255 254 254 255 255 255 254 253 253 253 252 251 249 247 246 244 241 239 240 240 243 244 244 244 243 242 240 239 238 236 235 234 234 233 230 228 226 225 225 225 224 223 223 223 223 223 224 224 223 222 220 222 225 229 231 234 235 234 233 230 227 224 221 219 217 216 217 219 222 224 225 226 226 227 227 228 228 228 228 229 229 229 228 228 227 227 227 227 227 231 227 228 230 232 233 233 234 234 233 232 232 232 233 234 235 236 236 237 237 237 236 235 234 233 231 229 225 223 219 216 213 213 214 217 218 219 219 220 220 220 220 220 219 218 217 217 216 216 216 216 216 216 217 217 218 218 218 217 217 215 214 213 211 210 209 208 207 206 204 204 204 205 206 206 204 206 205 205 205 205 206 208 209 209 209 207 204 203 202 202 202 206 208 207 207 206 204 201 200 201 201 202 204 205 206 208 209 209 206 205 204 203 203 201 199 198 196 202 203 206 206 211 210 208 208 208 206 205 204 203 202 200 200 200 202 204 206 207 208 209 209 210 210 210 208 211 211 212 212 212 213 213 213 213 213 213 213 214 215 210 209 208 207 207 206 206 206 206 206 207 207 208 209 211 213 214 215 214 216 216 217 219 221 224 223 225 228 233 236 239 243 247 250 251 253 253
233 231 228 226 225 225 226 229 232 233 234 235 235 235 235 236 236 237 238 239 240 241 242 243 244 246 247 249 251 252 255 259 264 268 269 269 268 267 264 261 258 255 253 252 250 249 249 247 246 245 245 244 244 244 245 244 243 243 243 242 240 239 239 239 240 243 245 248 251 254 258 264 271 281 293 304 312 313 313 313 313 311 310 308 305 301 299 303 305 306 307 308 309 308 307 305 303 301 299 296 291 284 279 278 278 277 273 270 266 263 261 259 256 255 255 257 257 257 257 256 255 254 254 254 253 252 250 249 247 246 244 241 238 238 240 242 243 243 242 241 240 239 238 237 236 235 234 233 231 228 226 226 226 226 225 225 225 226 227 227 226 225 224 222 221 222 226 230 232 235 236 235 233 230 227 224 221 219 217 217 217 219 222 224 225 226 227 228 228 229 229 229 230 230 231 230 230 229 229 229 228 228 229 229 229 229 230 232 233 234 235 235 234 234 234 234 234 235 236 236 238 238 238 237 236 235 234 232 230 227 223 220 215 213 213 213 212 212 214 214 216 218 217 217 217 217 217 216 216 215 214 214 213 214 214 214 215 215 216 216 216 215 214 213 212 210 209 207 207 206 207 207 207 207 207 207 206 206 206 202 204 204 204 204 204 204 205 206 205 205 204 203 202 202 204 209 210 210 209 207 205 201 201 202 203 205 208 208 210 211 211 210 209 207 205 205 204 203 200 199 199 201 205 207 210 211 211 211 210 210 208 206 205 204 203 201 200 200 202 204 206 208 209 210 211 211 212 212 211 212 213 213 213 214 214 214 214 214 215 215 214 214 214 213 213 215 214 210 208 207 207 206 206 206 207 207 208 209 210 211 212 212 213 213 215 217 219 220 221 223 225 227 230 234 239 241 247 251 253 254
233 230 227 225 225 225 227 230 232 235 236 236 236 237 237 237 238 238 240 242 243 244 246 246 247 248 249 251 253 255 256 259 262 266 269 268 266 264 262 260 257 255 253 252 250 249 248 247 246 245 244 244 243 243 243 242 242 241 241 241 239 238 238 239 242 244 246 249 251 252 255 259 263 273 286 300 310 313 313 313 313 314 313 311 309 306 306 307 309 308 309 309 309 307 305 303 301 298 295 291 286 281 276 274 273 272 270 268 265 264 261 258 257 257 258 260 260 259 257 255 254 253 253 253 253 252 251 249 248 247 245 242 239 237 238 240 242 242 243 242 241 240 239 238 237 235 234 233 230 227 227 226 226 226 227 227 228 228 229 229 228 227 225 223 222 223 226 230 233 235 236 235 233 231 227 224 221 219 217 217 218 219 222 223 225 226 227 228 229 229 230 231 231 232 232 232 232 231 230 230 230 230 230 231 230 230 231 232 234 235 236 236 236 235 235 235 235 236 237 238 238 238 238 237 236 234 232 230 228 225 222 216 213 213 213 213 213 212 212 212 213 214 215 215 215 215 215 215 214 213 212 212 212 212 212 212 213 213 214 214 213 213 212 211 210 208 207 207 206 204 207 206 206 206 206 207 207 207 207 207 207 206 205 203 204 204 204 204 205 204 204 203 202 203 208 211 212 212 210 208 205 202 201 204 208 210 212 213 212 214 213 212 210 209 208 206 205 204 201 198 200 202 207 208 211 212 212 212 212 211 210 207 206 205 204 202 201 201 202 203 205 206 209 210 211 212 212 211 212 212 213 214 215 215 215 215 215 216 216 216 216 215 215 215 214 214 212 211 217 209 208 208 208 208 208 208 209 208 208 209 210 210 210 211 214 214 216 218 220 220 222 224 225 229 234 239 246 251 254 255
232 229 226 225 225 227 228 230 233 236 237 238 238 238 239 239 240 240 241 243 245 247 248 248 249 250 251 253 255 257 259 260 263 266 268 267 264 262 260 258 257 255 254 252 251 250 249 247 246 245 245 244 244 243 241 242 242 241 241 240 239 238 239 239 241 244 246 248 250 251 253 256 258 262 272 286 302 313 313 314 315 315 314 313 312 311 310 312 313 311 310 310 309 306 303 299 296 294 291 287 283 278 275 272 271 269 268 266 264 263 260 258 257 258 261 262 262 260 258 255 253 251 250 251 250 251 250 249 248 247 245 244 241 237 236 239 242 243 243 243 242 241 239 238 237 235 233 231 229 227 227 228 228 228 229 230 231 231 232 231 230 229 227 223 222 223 227 230 233 236 236 235 233 231 227 224 221 219 217 217 218 220 221 222 225 226 227 228 229 230 231 231 232 233 233 234 234 233 232 232 231 231 232 231 232 232 233 234 235 236 236 237 237 237 236 236 237 237 238 238 238 238 237 236 234 232 230 227 225 223 219 215 212 212 213 214 214 213 212 212 213 212 212 212 212 213 213 213 213 212 211 211 210 210 210 209 210 211 211 211 211 210 211 209 208 207 206 206 206 207 207 206 207 208 209 210 210 210 210 210 210 209 207 205 204 203 204 204 204 204 203 202 204 206 211 213 214 214 211 210 204 203 202 205 210 213 215 215 215 215 214 213 212 210 209 208 207 205 202 199 200 203 205 211 212 213 214 215 211 211 211 209 208 207 205 204 202 201 201 203 204 205 207 208 210 212 212 213 213 213 213 214 215 216 215 217 217 217 217 217 217 217 217 216 215 215 215 213 212 211 216 213 210 209 210 209 209 209 210 210 210 210 210 210 212 213 214 216 218 219 220 222 224 227 231 237 245 251 254 255
230 226 226 225 226 227 229 230 233 236 237 239 239 240 240 241 241 242 243 245 247 248 250 251 252 253 254 256 258 261 263 265 266 266 267 267 264 262 259 257 256 254 254 252 251 250 249 247 246 245 246 246 246 246 247 245 243 242 242 241 240 239 239 239 241 242 245 246 249 250 251 254 257 259 265 277 293 308 313 314 316 316 315 315 314 314 314 316 316 314 313 311 309 304 299 294 291 289 286 283 280 276 273 271 270 268 266 264 262 261 259 258 259 261 263 263 263 261 258 256 253 251 249 248 247 247 247 247 247 246 245 243 243 238 234 239 243 243 244 243 242 240 239 237 235 233 231 229 228 228 228 229 230 231 231 232 232 233 233 232 231 228 225 222 222 224 227 230 233 234 235 235 233 231 227 224 221 219 216 218 219 221 221 223 224 226 228 229 230 231 231 232 233 234 234 235 235 234 234 234 233 233 234 233 234 234 234 235 236 237 237 238 237 238 237 238 238 238 238 238 238 238 237 234 231 230 227 225 222 220 217 213 212 212 213 214 214 214 213 213 213 212 213 211 211 211 210 211 211 211 210 210 209 209 210 209 209 209 209 210 209 209 209 208 207 207 207 208 208 208 207 207 207 210 212 212 213 213 213 213 212 210 209 207 205 204 203 203 203 203 203 205 208 211 214 215 215 215 213 211 204 203 203 207 212 215 217 218 217 217 216 215 214 212 211 210 209 207 204 200 200 203 206 210 212 213 212 214 212 211 211 210 209 208 206 205 203 202 202 202 203 203 204 205 208 210 211 212 213 213 214 215 216 216 217 218 218 219 219 219 219 219 219 218 217 216 215 215 214 212 212 213 213 218 211 210 210 211 211 211 212 212 212 211 212 212 213 214 216 218 220 222 226 228 233 240 247 252 255 255
230 226 226 226 227 228 230 231 233 235 237 239 240 240 241 241 243 244 245 247 248 250 252 254 255 257 258 260 262 264 267 272 273 272 269 268 266 263 260 258 255 254 253 252 250 249 249 248 248 248 247 248 249 249 250 249 247 243 242 242 241 239 239 239 240 241 243 245 246 248 251 254 256 258 263 271 287 302 312 315 317 316 316 314 315 315 316 317 317 315 314 312 309 304 298 295 291 288 285 281 277 275 272 271 269 267 266 263 262 261 261 261 262 264 266 266 264 262 260 256 254 251 250 248 246 245 244 244 244 243 243 242 240 238 234 238 242 243 243 241 239 237 235 233 231 230 229 228 229 230 231 232 232 233 233 233 233 233 232 232 228 226 224 223 224 226 228 230 232 233 234 234 233 230 227 223 221 219 217 218 221 222 222 222 224 226 228 229 230 231 232 233 234 234 235 236 236 236 236 235 234 235 235 235 236 236 236 237 237 237 238 238 238 239 238 238 238 238 238 238 238 237 236 232 230 228 226 223 221 218 215 213 213 212 213 214 215 215 215 214 214 213 213 212 212 212 211 211 211 210 210 211 210 212 211 209 209 208 209 208 208 208 208 207 207 209 210 210 211 210 209 207 208 210 213 215 216 216 216 215 213 212 211 209 207 205 205 204 204 205 205 208 211 214 216 218 217 217 215 211 206 204 205 207 210 214 218 219 219 219 218 217 216 215 213 212 210 209 205 202 200 203 205 208 211 217 214 215 215 213 212 212 210 210 208 206 205 204 203 203 202 202 203 207 206 208 210 211 212 213 214 215 216 216 217 217 219 219 220 220 220 221 220 219 218 218 217 216 215 214 213 214 214 214 213 219 212 211 212 212 212 213 214 213 213 213 213 213 215 217 221 223 227 230 233 241 248 252 254 255
229 226 226 226 228 229 230 231 233 235 237 239 240 241 241 243 244 245 247 248 250 252 255 258 259 260 261 263 265 268 270 273 274 274 272 270 268 264 261 259 256 254 253 251 251 250 250 250 250 250 250 251 251 253 254 252 251 248 245 242 241 239 239 239 240 240 240 242 244 247 251 252 255 258 261 268 282 295 307 313 316 316 316 315 316 316 317 317 317 316 314 313 310 307 303 300 297 294 290 286 280 276 274 272 269 267 265 264 263 263 264 263 265 266 268 268 266 264 260 257 255 253 250 248 247 245 244 243 241 240 239 239 238 237 234 238 241 241 240 237 235 233 231 230 230 230 230 231 232 232 233 234 234 234 234 234 234 233 232 229 225 223 223 225 226 228 230 231 232 233 233 233 231 229 226 224 221 219 218 219 222 223 223 223 224 225 227 229 230 231 232 233 234 235 236 236 237 237 237 237 235 237 237 237 237 237 238 237 237 238 238 238 237 237 237 236 237 236 236 237 236 235 233 232 229 227 225 222 220 217 215 213 213 212 212 216 217 217 216 216 215 214 213 213 213 213 212 212 212 212 213 213 213 214 212 211 211 210 209 208 208 208 207 209 210 212 212 213 213 212 211 209 208 210 214 217 218 219 218 217 215 214 212 211 210 208 206 205 208 209 210 211 214 217 218 219 218 218 216 213 207 205 205 207 210 218 220 221 221 220 219 219 218 217 216 214 211 209 206 204 201 202 204 208 211 213 216 215 215 213 214 213 212 211 209 208 206 205 205 203 203 203 203 203 203 205 207 209 210 212 213 214 215 216 217 218 219 220 221 222 222 222 222 221 221 220 218 217 216 215 215 216 216 215 215 214 212 217 217 213 213 214 214 214 215 214 214 213 215 218 220 223 226 229 234 240 246 250 252 253
227 226 226 226 228 230 232 231 232 234 235 237 239 241 242 243 245 247 248 250 253 255 258 260 263 264 265 267 269 271 273 275 277 277 275 273 268 266 262 260 258 255 254 253 252 252 253 253 252 253 254 254 255 258 258 257 254 250 248 245 243 241 240 240 240 240 239 240 242 247 250 251 254 257 259 265 277 288 300 312 315 316 316 316 317 317 317 317 317 316 314 313 311 308 306 304 302 299 295 289 283 280 279 276 272 267 266 264 265 266 267 266 268 269 270 270 268 265 262 259 256 254 251 249 247 246 245 244 243 242 241 240 238 237 235 235 236 236 235 234 232 232 232 232 232 232 233 233 234 235 235 235 235 235 235 234 233 231 229 226 224 223 225 227 229 230 231 232 233 233 233 232 231 229 227 225 222 220 219 221 223 224 224 224 224 225 227 228 229 231 232 233 234 235 236 237 237 238 238 237 238 238 238 238 238 239 239 239 238 238 237 237 236 235 234 233 233 233 234 234 234 233 232 231 226 226 225 222 220 217 214 214 213 212 212 216 217 218 217 217 216 215 214 214 214 213 213 214 214 214 215 215 215 215 214 214 212 211 211 210 208 209 210 211 213 214 214 215 214 213 212 210 208 209 214 217 220 220 220 219 218 215 214 213 212 210 209 208 211 211 212 215 217 219 220 220 220 219 217 213 208 207 205 207 210 217 220 224 223 221 221 220 219 218 217 215 212 210 207 205 203 201 203 206 210 213 215 215 215 215 214 214 213 212 210 209 208 207 206 205 204 204 204 204 204 204 205 207 209 209 211 212 214 215 216 217 219 220 221 222 223 223 223 223 222 221 220 218 217 217 217 217 217 217 216 215 213 214 215 215 221 216 216 216 217 217 215 214 214 216 221 224 226 229 233 237 242 245 250 252
227 226 226 227 230 232 234 234 234 234 234 236 237 239 242 243 245 247 249 252 254 257 261 264 266 268 269 270 272 274 276 278 279 279 277 275 270 267 264 261 259 257 256 255 254 254 253 253 253 254 254 255 258 262 263 260 257 253 250 246 244 242 241 240 240 240 239 239 240 244 249 251 253 255 257 261 269 278 287 305 313 316 317 316 317 317 317 317 316 315 314 312 310 308 307 306 305 302 298 294 289 287 284 280 275 271 266 265 268 270 270 271 273 274 274 273 271 267 264 261 258 254 252 249 249 248 247 246 245 244 243 242 240 238 237 235 234 234 233 233 233 234 234 235 235 235 235 236 236 236 236 236 236 236 235 233 230 228 225 225 224 225 226 229 231 232 233 233 234 234 233 233 232 231 229 226 223 220 219 221 224 225 226 226 226 226 226 228 229 230 231 232 233 235 236 237 238 238 238 238 239 239 239 239 239 239 239 238 237 237 236 234 233 231 230 229 228 227 227 228 228 228 229 228 226 226 224 222 219 215 214 214 213 212 213 216 218 219 218 218 217 216 215 215 215 214 215 216 216 217 217 217 217 217 217 216 214 214 212 210 209 210 212 214 215 216 216 217 216 215 214 212 209 208 212 217 221 221 222 221 220 217 216 215 214 213 211 209 212 215 216 218 220 220 221 222 221 220 218 215 209 208 206 206 208 215 219 222 223 223 223 222 220 219 218 216 213 211 209 207 205 201 203 206 210 213 214 217 215 216 215 214 213 213 212 211 210 208 208 206 205 205 205 205 205 204 205 205 207 208 209 210 212 213 215 216 218 220 221 222 223 224 224 224 223 222 221 220 219 219 219 219 219 218 217 216 214 216 217 217 217 217 221 217 219 219 218 216 214 216 220 223 226 228 232 235 239 245 248 250
227 226 226 228 230 233 236 236 237 237 237 238 238 238 240 242 245 247 249 252 256 260 264 267 270 272 273 274 276 278 280 282 282 281 278 276 272 269 266 264 262 259 258 258 257 257 257 257 257 258 258 260 263 266 266 263 259 255 251 248 246 245 244 242 242 241 240 240 239 241 247 249 251 253 255 258 263 269 282 302 311 316 317 316 317 317 316 315 314 313 312 311 309 308 308 307 306 304 300 296 293 289 287 282 277 272 266 270 273 274 274 277 280 280 278 276 273 270 266 262 258 255 253 252 251 250 249 248 247 245 244 243 241 239 237 236 236 235 235 235 236 237 237 237 237 238 237 237 237 237 237 237 236 235 233 230 228 225 225 225 226 227 229 231 233 234 234 235 235 235 235 234 233 232 230 227 223 219 219 222 225 226 227 227 227 227 227 227 228 229 230 232 233 234 235 237 238 238 237 239 239 240 240 240 240 239 239 237 236 235 233 230 228 226 225 224 222 223 223 223 224 224 225 225 224 223 222 219 216 215 214 214 213 214 215 217 220 220 220 219 218 217 217 216 216 216 216 217 219 219 219 219 219 219 218 218 217 215 212 211 210 212 216 217 217 219 218 218 217 217 216 214 211 209 211 217 221 222 223 222 221 219 219 218 217 216 213 211 214 217 219 221 222 222 222 222 221 220 218 215 211 211 208 206 207 210 217 220 222 223 223 222 221 220 218 217 215 213 211 209 206 203 203 206 210 213 215 217 217 217 216 215 215 214 213 212 211 210 209 209 206 206 207 206 206 206 206 206 206 207 208 208 210 212 213 215 217 219 220 222 223 224 225 225 224 223 222 221 221 221 221 221 220 220 218 216 216 217 219 219 219 219 219 219 220 221 220 218 215 216 218 222 225 228 231 235 237 240 245 245
227 226 227 229 231 234 236 238 238 240 240 241 241 241 240 240 243 246 248 251 256 261 266 270 273 275 277 278 280 282 283 284 284 283 281 277 275 272 269 266 264 262 260 259 258 259 259 259 260 262 263 263 267 268 269 266 262 259 256 252 248 247 245 244 243 242 241 239 239 241 244 248 250 253 255 258 262 272 289 302 311 316 317 317 316 316 314 313 311 310 309 309 308 307 306 305 305 303 299 296 294 289 284 280 274 269 270 274 278 279 281 284 287 287 283 280 276 272 267 262 259 257 255 254 253 251 250 249 248 246 245 243 240 239 238 238 238 238 238 239 239 239 240 240 240 239 239 239 238 238 238 237 235 233 230 227 226 226 226 226 228 230 231 233 234 235 236 236 236 236 236 235 234 233 230 225 222 219 220 222 225 227 228 228 228 228 228 228 228 228 230 231 232 233 235 236 237 238 238 239 239 239 240 239 239 239 238 236 235 233 230 227 224 222 221 220 219 219 219 220 220 220 221 221 221 220 219 217 215 214 215 215 214 214 216 219 222 221 221 220 219 218 218 218 218 218 218 220 222 221 222 222 222 222 221 219 218 217 215 212 210 212 218 219 220 221 220 220 219 219 218 215 213 210 211 216 221 224 224 224 223 223 221 221 220 219 218 214 215 217 220 221 222 223 223 222 221 220 219 217 213 213 209 207 208 210 214 218 220 222 223 222 221 220 219 218 217 214 213 210 208 204 203 205 211 213 216 216 218 218 217 216 216 215 214 213 212 211 210 209 207 208 208 209 209 208 207 207 207 206 207 208 209 210 212 213 216 218 220 221 223 224 225 226 225 224 223 223 223 223 223 222 222 221 219 217 218 219 220 221 221 221 221 221 222 222 222 223 216 215 217 221 224 227 229 232 234 237 240 244
227 227 228 230 231 234 237 239 240 241 242 243 244 244 244 243 242 244 247 249 253 261 267 272 275 278 280 281 283 286 287 286 286 285 283 279 276 274 271 268 266 263 262 261 260 260 261 262 262 263 263 263 267 270 270 269 265 261 258 254 251 248 248 245 242 242 241 240 240 241 245 248 250 252 255 258 262 272 289 301 310 314 316 316 315 315 313 311 308 307 306 306 306 305 304 304 302 299 294 291 289 286 280 275 271 272 276 281 285 287 288 290 292 292 288 285 279 273 268 263 260 260 258 256 254 252 250 249 247 245 243 242 242 241 240 240 240 240 241 241 241 241 242 241 241 241 240 240 240 238 237 236 233 230 227 226 226 227 227 228 230 232 233 235 236 237 237 238 238 238 237 236 235 232 228 224 221 219 220 223 226 227 228 229 229 229 229 230 229 229 230 230 231 233 234 235 237 237 239 239 239 239 239 239 237 237 237 235 233 230 227 224 222 220 219 219 218 218 218 218 218 218 218 217 216 216 216 215 215 214 214 215 215 216 219 222 224 223 223 221 221 220 219 219 220 219 220 222 224 224 224 224 224 225 223 221 221 219 216 212 211 215 220 222 222 222 222 221 221 220 219 218 214 211 210 214 220 224 226 226 225 224 224 223 222 221 220 218 214 217 220 222 223 223 226 223 222 221 220 219 215 213 210 208 208 210 214 217 219 221 223 222 222 221 220 219 218 217 214 212 210 206 204 206 209 212 216 218 218 218 218 217 217 217 216 215 214 214 213 209 209 209 211 211 211 210 210 209 208 208 207 208 208 209 210 212 214 216 219 221 222 225 226 226 227 226 225 225 225 225 224 224 223 222 220 218 219 221 222 223 223 223 223 223 224 224 224 222 218 222 219 221 223 226 229 231 233 236 237 240
227 227 229 232 233 235 237 239 241 242 244 245 246 246 247 246 245 245 245 247 250 258 266 273 278 281 283 284 286 287 288 288 287 286 283 281 277 275 272 270 267 265 263 262 261 261 262 263 263 265 266 266 267 268 269 269 266 262 259 257 254 252 249 247 243 242 242 240 240 242 246 248 250 253 256 259 261 268 285 298 304 311 314 315 316 314 313 311 307 303 302 301 300 300 300 299 297 294 288 285 283 280 275 274 275 278 284 289 292 293 295 296 297 296 293 288 281 274 269 266 263 261 259 257 254 252 250 248 247 245 244 244 244 243 243 242 242 243 243 244 244 243 244 243 243 242 241 241 240 239 237 234 231 228 226 227 228 228 229 231 233 234 235 236 237 238 239 240 240 240 238 236 233 230 226 222 220 219 221 223 226 228 229 229 230 230 230 230 230 231 231 231 231 232 233 235 236 237 238 239 238 238 237 236 236 235 234 233 231 228 226 223 221 220 219 219 219 218 218 217 217 217 217 216 216 216 216 215 215 215 214 215 216 219 222 225 226 225 225 224 223 222 222 222 222 222 221 222 225 226 227 227 227 226 225 224 223 221 216 213 212 217 222 224 224 224 223 223 223 222 221 219 216 212 210 213 219 226 227 227 227 226 226 225 225 224 223 221 217 217 219 221 222 223 223 223 223 222 220 219 216 213 211 209 208 211 214 218 220 222 223 224 223 222 221 220 220 218 216 214 210 207 205 205 208 212 215 218 219 219 219 219 219 219 217 217 217 215 213 212 210 210 213 213 214 212 212 211 210 210 210 209 208 209 210 211 214 216 218 220 223 225 226 227 228 228 227 227 227 227 226 225 224 222 220 219 221 223 223 224 225 225 225 225 225 226 225 223 220 217 217 220 224 226 228 230 232 235 236 238
227 228 231 235 236 236 236 238 240 243 245 246 247 248 248 249 249 249 248 248 250 254 264 273 279 283 286 287 289 289 288 288 286 285 283 280 277 274 272 269 267 265 265 262 262 262 262 263 263 264 266 266 266 267 268 268 265 263 260 258 255 254 250 247 243 242 242 240 240 242 247 249 251 253 256 258 261 268 280 294 297 305 310 312 314 315 315 313 311 306 303 300 297 294 293 293 291 288 284 281 280 279 278 278 280 286 290 295 300 301 301 302 303 301 296 290 283 277 272 268 265 263 260 258 255 253 251 249 248 247 247 247 246 246 245 245 245 245 246 246 246 246 245 245 244 243 242 241 240 239 236 232 229 227 226 228 230 231 232 234 234 235 237 237 238 239 240 241 242 241 239 236 232 228 224 221 220 221 222 223 225 227 229 230 230 231 231 231 232 232 233 233 232 233 233 234 237 237 237 237 237 236 234 234 233 233 232 231 228 225 224 223 220 219 219 219 219 218 218 218 217 218 217 216 216 216 215 215 215 215 215 216 218 221 224 226 227 227 227 226 225 225 225 225 224 223 222 223 225 227 228 228 228 227 226 225 224 220 216 213 214 220 223 226 226 225 224 224 223 223 222 221 217 214 211 212 217 223 227 228 228 228 228 227 227 226 224 221 219 218 218 220 222 223 224 224 223 222 221 219 217 215 212 210 209 210 213 219 221 222 223 224 224 224 223 222 221 219 217 215 212 209 206 205 207 210 214 217 219 220 220 220 220 219 218 218 217 215 214 213 211 213 214 215 216 216 215 214 213 212 211 210 210 209 210 211 213 215 218 221 223 225 227 228 229 229 229 229 229 228 227 226 225 223 221 221 223 224 225 226 227 226 226 227 227 227 226 225 222 218 217 221 224 226 225 230 232 234 236 238
229 229 233 236 238 239 238 238 240 243 245 247 248 249 251 251 251 251 251 250 251 254 264 274 280 284 287 289 289 288 288 286 284 283 281 278 275 272 271 268 266 265 263 263 263 261 261 259 259 260 258 262 264 266 266 266 265 262 259 258 255 253 249 246 242 242 240 240 241 244 247 249 250 252 255 257 260 264 277 289 296 301 306 309 312 315 316 315 313 311 308 305 302 299 295 291 288 286 285 286 287 285 283 283 287 292 296 301 305 308 307 307 306 303 298 292 287 280 275 271 268 264 262 260 257 255 253 252 251 250 249 249 249 248 248 247 248 248 248 248 248 247 246 245 244 243 241 240 238 236 232 229 227 227 229 231 232 233 233 234 235 236 238 238 239 240 241 242 242 242 240 236 232 228 224 221 221 223 223 224 224 226 228 230 231 232 232 233 233 233 234 234 234 234 234 234 235 236 236 237 235 234 233 232 231 231 230 228 225 223 223 223 221 221 220 221 222 221 219 219 218 218 218 218 217 217 216 217 216 215 215 217 219 222 224 227 228 229 229 229 229 228 228 227 226 225 223 223 226 227 228 228 228 227 226 224 222 220 216 214 215 221 225 227 228 227 226 225 225 225 223 222 219 215 212 211 214 219 226 228 229 229 230 229 228 227 226 223 221 219 219 220 222 223 224 224 224 223 222 220 218 216 214 212 211 210 215 219 222 223 224 225 225 225 225 224 221 220 219 217 215 211 209 206 207 210 214 218 219 220 220 221 221 220 220 219 219 218 216 215 213 214 216 217 218 218 217 216 215 215 214 213 212 211 211 211 213 214 218 221 223 226 227 229 230 230 231 231 230 230 228 227 225 223 223 222 224 226 227 228 228 228 228 228 228 228 227 226 223 220 218 220 223 226 228 230 229 231 235 237
229 231 233 237 239 240 240 240 240 243 245 247 249 251 252 254 254 254 254 253 253 256 264 274 281 285 289 289 288 286 284 281 279 277 274 271 269 268 267 264 263 262 260 261 260 258 256 255 254 254 255 256 257 259 262 263 263 260 258 255 253 250 248 246 244 240 240 240 242 244 247 249 251 252 255 257 260 263 269 282 295 302 304 308 311 314 316 316 315 313 312 309 306 303 299 295 294 293 293 294 293 291 289 290 294 298 301 306 309 309 309 308 307 304 300 295 290 284 279 274 271 267 265 262 260 257 255 254 253 252 251 251 251 251 250 249 249 249 249 249 248 248 247 245 244 242 241 238 236 232 230 228 227 229 231 233 234 235 235 235 236 237 238 239 239 240 241 242 242 241 239 235 231 227 223 221 223 224 225 225 225 226 227 229 231 232 232 233 234 235 235 235 235 235 235 238 236 236 236 235 235 233 231 230 229 228 226 224 222 222 223 222 220 222 223 223 223 223 221 220 219 219 219 219 219 218 218 218 217 216 216 217 219 221 223 226 228 230 230 231 231 230 229 229 227 226 225 225 226 227 228 228 228 227 226 225 223 220 216 214 215 222 227 229 229 228 228 227 227 227 225 224 221 217 213 212 212 215 221 227 229 230 230 230 229 228 226 224 223 221 220 220 222 223 224 224 224 224 223 221 218 218 216 213 210 210 214 220 222 223 224 225 226 226 226 225 224 223 220 219 215 212 210 208 205 209 212 217 220 220 222 222 222 221 222 221 220 218 218 216 215 215 217 218 219 219 219 218 218 217 216 216 215 212 211 211 213 215 218 220 224 226 228 229 230 231 232 232 231 231 229 228 226 225 225 224 225 227 228 229 229 229 229 229 229 229 229 227 224 221 218 219 223 225 227 229 231 233 234 227
231 232 233 237 240 240 242 242 243 244 245 247 249 252 254 255 256 257 257 256 257 260 266 275 282 286 289 289 287 285 281 275 269 268 266 266 264 261 259 258 258 256 255 254 253 251 251 250 250 251 251 252 253 255 256 258 259 258 256 253 251 250 248 245 243 240 240 240 242 245 247 249 250 252 255 257 260 262 265 275 291 300 305 309 311 314 317 318 318 316 314 312 309 306 303 300 299 298 300 300 299 297 295 298 301 304 306 308 309 309 308 308 306 304 301 297 292 287 282 277 274 270 267 264 262 259 257 255 254 253 253 252 252 252 251 250 250 250 250 249 248 247 246 245 243 241 239 237 234 231 229 227 229 231 233 235 236 236 236 236 237 238 238 238 238 239 240 241 241 240 238 234 229 226 223 222 224 226 227 227 227 227 226 227 230 232 232 234 235 236 236 236 236 236 236 235 236 235 235 235 234 232 230 229 227 226 225 223 222 222 222 220 222 223 224 224 224 224 222 221 221 220 220 220 220 219 219 218 217 216 216 217 219 220 222 225 227 229 231 232 232 230 230 229 228 227 227 227 228 227 227 228 227 226 226 223 221 219 217 214 216 222 227 229 230 230 230 229 228 228 227 225 222 218 215 214 213 213 215 220 226 229 230 230 229 228 227 226 225 223 222 222 222 224 225 225 225 225 224 223 219 219 217 215 212 210 212 218 221 223 225 226 226 226 227 226 226 224 223 220 216 215 212 210 207 207 212 216 219 220 223 223 223 223 222 222 221 220 219 218 217 216 218 219 221 221 221 220 220 219 219 218 216 214 212 212 213 216 218 221 223 225 228 229 231 232 233 233 232 232 230 229 228 227 227 226 225 228 229 230 230 230 230 230 230 230 230 228 225 222 219 219 222 224 226 228 230 232 234 235
233 232 233 235 239 241 243 243 244 245 247 248 250 253 255 257 259 259 259 260 261 264 270 278 283 289 290 289 286 281 277 272 266 263 261 261 259 257 255 256 253 253 252 251 250 250 250 250 249 248 249 249 250 250 252 254 255 255 254 252 250 248 246 245 243 240 240 240 242 244 246 249 250 252 254 257 259 262 265 271 284 299 306 312 313 316 319 319 319 318 317 315 313 312 310 308 307 306 306 305 305 304 302 304 307 308 308 308 306 305 305 304 302 300 299 297 294 290 286 282 277 273 268 265 262 259 257 255 255 254 253 252 252 252 252 251 251 250 249 247 246 245 244 243 241 239 237 235 233 230 228 228 230 233 235 236 237 237 237 237 238 238 238 238 238 238 238 238 238 237 235 233 229 225 222 222 225 227 228 229 229 228 227 227 229 231 233 234 236 237 237 237 237 237 238 236 235 234 234 233 233 232 230 228 227 225 224 223 221 221 221 222 224 225 225 226 226 225 224 222 222 222 221 222 221 221 220 219 218 217 217 217 219 220 222 223 225 228 229 230 231 230 230 230 230 229 228 229 229 229 228 228 227 226 225 224 223 220 218 216 217 221 226 230 231 231 231 230 230 229 227 225 222 219 217 217 215 213 213 215 220 225 227 228 229 229 228 227 226 225 224 224 223 224 225 226 226 226 225 224 222 221 219 216 214 211 212 217 220 223 224 225 226 227 227 227 227 226 225 223 219 217 214 211 209 206 210 215 218 219 223 224 224 224 224 224 223 222 221 220 218 217 217 220 221 222 222 222 222 222 221 220 218 215 212 212 214 218 220 222 223 225 227 229 231 232 233 233 233 233 232 231 230 229 229 227 226 228 229 230 231 231 231 231 231 231 230 228 226 223 220 219 221 225 227 229 230 232 232 233
237 235 234 234 238 241 243 244 246 248 249 250 252 254 257 259 260 262 263 263 265 268 274 280 285 291 291 289 285 279 272 268 264 261 261 259 257 256 254 254 252 252 251 250 250 248 248 248 248 248 248 247 248 248 249 251 252 253 253 251 249 247 246 244 242 240 240 241 242 244 246 248 250 252 255 256 259 262 264 268 278 296 304 311 315 318 320 320 320 318 319 317 316 315 313 312 311 311 311 310 309 309 309 309 310 309 307 305 299 295 296 297 296 292 293 294 293 291 287 287 283 275 269 265 261 259 257 255 254 253 252 252 251 251 250 250 249 248 247 245 244 242 241 240 238 236 234 233 231 229 227 229 231 234 235 237 238 238 238 238 238 238 238 237 237 236 236 235 235 234 233 231 227 224 222 224 226 229 230 230 230 230 230 229 229 230 232 234 236 237 238 238 238 237 237 236 235 234 233 231 231 230 229 227 226 224 223 222 221 221 222 224 225 227 227 227 227 226 226 224 223 223 223 224 223 223 222 221 220 218 217 218 219 221 222 223 224 225 228 229 229 230 230 230 230 230 229 230 230 229 229 228 228 227 226 225 224 222 219 217 216 219 224 227 230 232 232 231 231 229 227 225 223 221 221 219 217 215 213 214 216 220 223 226 227 228 228 228 227 227 225 225 225 225 226 227 227 226 226 225 223 222 221 218 216 213 211 214 219 222 224 225 226 227 227 228 228 227 226 224 222 218 215 213 210 208 207 212 216 218 223 224 225 225 225 225 224 223 222 221 220 219 218 220 222 224 223 223 224 223 223 222 219 216 213 212 215 218 222 224 225 226 228 230 231 233 234 234 234 234 233 232 232 231 230 228 227 228 230 231 231 231 232 232 232 231 230 228 226 223 220 219 221 225 227 229 230 231 231 231
239 238 237 236 236 240 243 244 248 249 250 252 254 256 258 261 262 264 266 267 269 273 277 283 288 292 291 288 284 277 272 266 263 261 261 260 257 255 254 253 252 251 251 250 250 250 249 248 249 248 249 246 247 247 248 248 249 250 250 250 248 246 244 243 241 241 240 241 241 243 246 248 250 252 255 256 259 262 263 267 273 289 299 308 315 318 320 320 320 320 319 319 318 317 316 315 314 314 314 314 313 313 312 311 311 308 302 299 294 283 282 285 286 278 282 288 290 287 285 282 280 273 268 262 259 256 254 252 252 251 250 249 249 249 249 248 248 247 245 243 241 239 238 236 235 233 232 230 229 228 228 230 232 235 236 237 238 238 239 239 238 238 238 236 235 234 234 233 231 230 228 226 224 223 223 225 228 230 231 232 232 232 231 231 231 231 233 235 236 237 238 238 238 238 237 236 235 234 233 231 230 228 228 227 225 224 223 222 221 222 224 225 227 228 229 229 228 228 227 227 226 225 225 225 225 225 224 222 221 219 218 218 219 221 223 224 225 226 227 228 228 229 230 230 230 230 231 231 230 230 229 229 228 228 227 226 225 223 220 218 215 219 222 226 229 231 231 231 230 229 227 225 224 225 224 222 220 217 215 214 215 217 221 224 226 227 228 229 228 228 227 227 226 226 227 228 227 227 227 225 224 223 222 220 217 215 212 211 216 221 224 225 227 227 228 228 228 228 227 226 224 221 217 214 211 209 208 210 214 217 222 224 225 226 225 226 225 225 224 222 222 220 219 222 223 224 225 225 224 225 225 223 221 217 215 213 215 220 223 225 226 227 229 230 232 233 234 235 235 235 235 234 233 232 231 230 228 229 231 231 232 232 232 232 232 231 229 227 223 221 220 221 220 222 225 227 229 229 229 228
241 241 240 239 237 238 241 244 248 250 251 254 254 257 259 262 264 266 268 271 274 277 281 286 291 293 292 289 283 277 271 266 264 263 260 260 257 256 254 253 252 252 251 251 251 250 249 249 248 249 248 247 247 246 246 246 247 248 248 248 247 245 243 242 241 241 241 240 241 242 244 247 249 253 254 257 258 261 263 266 273 282 296 307 315 318 320 320 320 320 319 319 318 317 316 315 315 316 316 317 317 315 314 314 311 306 300 289 286 280 272 271 272 267 270 277 284 282 277 272 270 266 262 259 257 254 252 250 249 248 247 246 246 246 246 246 246 245 243 242 240 237 235 233 232 231 230 229 228 230 231 232 234 235 237 238 239 239 239 239 239 238 237 236 234 233 231 230 228 227 225 223 223 223 224 226 229 231 232 233 233 233 233 233 233 232 233 234 236 238 239 238 240 238 238 237 236 235 233 231 229 228 227 226 225 224 223 222 221 221 223 226 228 229 230 230 230 230 229 229 228 228 228 227 227 225 224 223 221 220 219 218 220 222 224 225 227 227 228 228 228 229 229 230 230 231 231 231 230 230 230 229 229 229 228 227 226 224 222 219 218 219 222 225 228 230 230 231 230 229 228 227 227 228 227 225 222 220 217 215 214 215 219 222 226 227 228 229 229 228 228 228 228 228 228 228 228 228 228 226 226 225 223 221 218 216 213 212 214 218 222 225 226 227 228 229 229 229 228 227 225 223 220 216 213 210 209 209 212 216 220 223 225 227 227 227 226 226 225 224 224 222 221 222 224 225 226 226 226 226 225 224 222 218 214 213 216 220 223 225 227 229 230 232 233 234 235 235 236 236 236 235 234 234 232 231 230 230 231 232 232 233 233 232 231 230 227 224 222 222 224 224 223 221 222 224 226 226 226 228
243 243 242 242 241 239 240 242 246 249 252 254 256 258 262 263 266 268 271 273 277 281 286 290 293 295 293 289 284 277 271 267 265 265 263 260 258 255 255 253 252 251 251 251 251 251 251 250 249 248 248 247 247 246 245 245 244 245 245 245 244 243 242 242 242 243 242 241 240 240 242 245 248 251 254 255 258 260 263 267 273 285 297 307 314 318 319 320 320 320 319 318 317 316 315 315 316 316 317 318 316 315 315 313 311 306 300 293 283 273 268 266 264 262 261 261 269 275 269 263 263 263 260 259 256 253 251 249 247 246 244 243 243 243 243 243 243 243 242 241 238 236 234 232 231 230 231 232 232 233 233 234 235 236 237 238 239 239 239 239 239 238 237 236 234 232 230 228 226 225 224 224 223 224 225 228 230 231 233 234 234 234 234 234 234 234 235 235 236 238 239 238 239 239 238 236 235 234 232 230 229 228 227 225 225 224 223 222 222 221 222 225 229 231 232 232 232 232 231 231 231 231 230 229 228 227 225 224 222 221 220 219 219 222 224 227 228 228 229 229 228 230 230 230 231 231 231 231 231 230 230 230 229 229 228 228 226 224 222 220 218 219 222 225 227 229 229 230 230 230 230 229 229 229 228 227 224 222 219 216 215 215 218 221 224 227 228 229 230 230 230 229 229 229 229 229 229 229 228 228 227 225 224 222 220 217 214 213 213 215 219 223 225 227 228 229 229 229 228 227 226 224 220 217 214 214 213 214 214 214 220 222 226 227 227 228 228 227 227 226 226 224 223 223 224 226 226 227 227 226 226 225 222 219 214 214 217 220 223 226 228 230 232 232 233 234 236 236 236 236 236 236 236 234 233 232 231 231 232 233 233 233 233 232 230 228 225 222 224 226 227 226 226 224 223 222 223 225 226 228
245 245 244 244 243 242 241 241 244 247 251 254 257 260 263 265 268 271 274 277 281 285 290 294 297 297 295 290 285 278 273 267 266 266 264 262 261 257 254 253 252 252 252 251 251 252 252 252 252 250 249 248 247 246 246 245 245 245 244 244 244 243 243 244 245 244 244 244 242 241 241 243 247 250 251 253 256 259 262 265 271 285 297 307 313 317 319 320 320 319 318 316 314 313 312 312 314 315 316 316 315 314 312 310 307 302 298 291 283 274 266 264 261 260 259 258 258 263 262 259 261 262 262 259 258 255 252 250 247 246 245 242 241 241 241 241 241 241 240 239 237 235 232 231 231 233 234 234 234 235 236 236 236 237 238 239 239 239 239 239 239 237 236 235 233 231 229 227 226 224 225 226 226 226 226 228 231 233 234 235 235 236 236 235 236 236 236 237 237 239 239 240 239 239 238 236 234 233 232 231 230 229 228 227 226 225 224 223 222 222 222 223 227 232 234 233 234 234 233 232 232 231 231 230 229 228 226 224 223 222 221 220 220 221 224 226 227 228 229 229 230 231 231 231 231 231 231 231 230 230 230 230 229 229 228 227 226 224 222 220 218 219 221 224 226 227 229 229 230 231 231 231 231 231 230 229 226 224 221 218 216 215 216 219 223 225 227 229 230 230 230 230 230 230 230 230 230 230 229 228 227 226 225 223 220 217 216 216 215 214 217 221 225 226 228 228 229 229 228 227 226 223 219 216 216 215 214 212 210 214 214 221 224 226 228 229 229 228 228 228 227 226 225 224 224 226 227 227 227 227 227 225 223 218 215 214 217 221 224 226 228 230 232 234 234 235 236 237 237 237 237 237 236 235 234 233 232 233 233 233 233 233 232 230 227 225 224 224 226 228 229 229 228 227 226 225 223 223 225 227
247 247 246 246 246 245 244 244 243 245 249 253 257 260 263 266 269 273 277 281 285 290 294 298 300 299 296 292 286 281 276 271 267 266 265 264 261 262 255 253 252 253 252 252 252 253 253 253 253 252 252 251 248 247 247 246 245 245 245 245 244 245 245 246 246 246 245 245 243 242 241 242 245 247 249 252 254 258 261 264 271 282 296 306 312 316 318 319 320 320 318 315 311 307 306 306 309 312 314 314 312 310 307 304 301 296 291 284 275 264 263 262 258 258 257 256 255 255 256 256 260 260 261 261 259 257 254 251 248 246 245 243 241 239 239 239 239 239 239 237 235 233 231 232 233 235 235 236 236 236 237 237 238 238 239 239 240 240 240 239 238 237 236 234 232 231 229 227 225 224 225 228 229 229 228 229 231 233 235 235 236 237 237 237 238 238 238 239 239 240 241 240 239 239 237 236 234 234 233 233 231 230 229 228 227 226 226 225 222 222 222 222 226 231 235 235 235 235 234 234 233 233 232 231 230 228 226 224 223 222 222 221 221 221 222 225 226 228 229 230 230 231 231 231 231 231 231 231 230 230 229 229 229 228 227 226 225 223 221 220 219 219 221 223 224 226 227 229 230 231 231 232 232 232 232 230 228 226 223 221 217 216 215 218 221 224 226 228 229 230 231 231 231 231 231 231 230 229 229 229 226 226 225 223 220 218 219 219 218 215 214 218 224 226 227 228 229 229 228 227 225 222 218 218 219 218 217 215 211 211 213 217 222 227 228 229 230 229 229 229 229 228 226 226 226 226 227 228 228 228 227 226 224 219 216 215 217 221 224 227 229 231 232 234 235 236 237 237 238 238 238 237 237 236 236 234 234 234 234 234 234 233 230 228 225 226 226 226 228 230 231 230 230 229 228 227 226 225 224 225
248 248 248 248 248 247 247 246 246 246 247 251 255 259 262 266 271 275 280 284 289 294 298 301 302 301 297 293 288 283 278 273 268 266 265 265 262 262 254 253 253 252 252 252 252 254 255 255 255 254 253 252 250 250 248 247 246 246 246 245 245 246 247 248 248 249 248 246 245 243 242 241 245 247 249 252 254 257 259 263 270 279 290 299 307 314 318 320 320 320 318 315 312 307 300 297 302 308 309 309 306 303 300 297 293 287 281 273 265 263 261 260 259 257 256 254 253 253 253 254 257 259 260 261 259 257 255 253 250 248 245 244 242 240 239 237 237 237 237 235 233 232 233 234 235 236 237 237 238 238 239 239 239 239 240 240 240 241 241 240 239 238 236 235 233 232 230 228 225 225 226 229 231 231 230 229 231 233 235 236 237 238 239 239 239 240 240 240 240 240 240 241 241 239 238 236 235 235 235 234 233 232 230 229 229 228 227 225 223 223 222 222 224 229 234 236 237 237 236 235 235 234 233 231 231 229 227 225 224 223 223 222 221 221 221 223 226 227 229 230 232 232 231 232 232 232 231 231 230 229 229 228 228 227 226 225 224 222 222 221 221 221 221 222 223 225 227 228 230 231 232 232 233 234 233 232 229 227 225 222 220 217 216 217 219 222 225 227 228 230 231 231 231 231 231 231 231 230 229 229 228 225 223 222 220 221 222 222 220 217 215 216 221 225 227 228 228 229 228 227 225 222 221 221 221 221 221 218 215 213 212 215 219 225 227 229 230 230 230 230 230 229 228 228 227 227 228 229 229 228 228 227 224 220 216 215 217 221 225 227 229 231 232 234 235 236 237 238 238 238 238 238 237 237 237 236 235 235 235 234 233 231 229 227 228 229 229 228 229 231 232 232 232 231 230 229 228 227 226 225
249 249 250 250 250 249 249 249 249 248 248 249 253 257 261 265 271 276 282 287 292 296 300 303 303 301 297 293 289 283 279 275 271 267 266 266 265 260 254 253 253 252 251 253 254 254 256 256 258 257 257 254 253 252 250 249 247 247 247 247 247 247 248 249 251 251 250 248 246 243 241 242 244 248 250 253 255 257 261 265 270 275 285 293 303 310 315 318 320 319 318 316 313 308 302 294 289 298 302 302 298 291 289 283 281 276 271 265 263 261 259 258 257 257 255 253 252 251 251 251 253 256 259 259 259 257 255 253 251 249 247 245 243 242 240 238 236 236 235 234 233 234 235 236 237 238 239 239 240 240 240 240 240 240 240 241 241 241 241 241 240 239 237 236 234 233 231 230 226 225 226 230 232 233 232 231 231 233 235 236 238 239 240 241 241 242 242 242 242 242 241 241 241 240 239 237 237 237 236 235 234 232 231 230 229 228 226 225 224 224 223 222 223 225 232 238 238 239 238 237 236 235 233 232 231 229 227 226 225 224 224 223 222 221 221 222 224 227 228 230 231 231 232 233 233 232 232 231 231 230 229 228 227 226 225 224 224 224 223 223 223 223 223 222 223 224 226 228 229 231 232 233 234 235 234 233 231 228 226 224 222 218 217 216 218 220 225 226 228 229 231 231 232 232 232 232 231 230 230 229 228 226 224 222 221 224 225 224 223 220 217 215 219 223 226 228 229 229 229 228 226 223 224 225 226 224 223 221 218 215 214 214 218 223 227 229 230 231 231 231 231 230 230 229 228 228 229 229 229 229 228 227 225 221 217 216 217 221 225 227 229 231 232 233 234 236 237 237 238 238 238 238 238 238 237 237 237 236 235 234 232 230 229 230 231 231 231 229 229 231 233 234 233 233 232 231 230 229 228 226
249 250 251 251 252 251 251 252 251 251 251 251 252 255 259 264 270 276 283 289 294 298 302 304 303 300 297 292 286 281 277 274 273 268 266 267 261 261 260 254 253 253 252 254 254 256 257 258 258 259 257 257 255 254 254 251 250 249 248 248 248 248 249 252 253 253 252 251 245 242 241 243 245 248 252 254 256 260 264 268 271 275 282 290 299 308 314 318 319 319 318 316 312 306 301 295 288 285 290 293 287 280 277 271 268 265 263 261 261 259 258 256 255 257 255 253 252 250 250 251 250 251 252 255 255 255 256 254 252 250 248 246 244 243 241 239 237 236 235 234 234 235 236 238 238 239 240 241 241 241 241 241 241 241 241 242 242 242 242 241 240 239 238 236 235 232 231 231 227 225 226 231 233 234 234 233 232 233 235 237 239 240 241 242 243 243 243 243 243 243 242 242 241 240 239 239 238 238 237 236 234 233 232 231 229 228 226 225 226 226 225 224 223 224 229 235 238 239 239 238 238 236 236 234 231 230 228 228 227 225 224 225 224 223 221 221 223 225 227 229 230 231 233 233 233 232 232 232 231 230 229 228 227 226 227 226 226 226 225 225 225 224 224 224 223 224 225 227 229 231 232 234 235 236 235 234 232 230 227 225 223 220 218 217 217 219 222 225 227 229 230 231 232 232 232 232 231 231 230 230 229 226 224 225 226 226 226 226 224 223 219 216 217 222 226 229 229 229 229 228 227 224 226 228 228 227 225 223 220 217 215 213 215 220 225 229 230 231 232 232 231 231 231 230 230 230 230 230 229 229 228 228 224 221 218 216 218 220 223 227 228 230 231 232 234 235 236 237 237 238 238 238 239 238 238 238 237 236 235 233 231 230 231 233 233 233 232 231 231 232 234 235 235 234 233 232 231 230 230 229
249 250 252 252 253 253 254 254 254 254 254 254 255 255 257 262 268 277 284 290 296 299 303 304 302 299 294 289 282 276 272 272 269 268 265 262 262 261 258 254 253 254 253 256 259 259 259 259 259 259 262 258 257 257 254 253 253 251 251 251 250 250 250 253 255 254 253 250 245 243 242 243 245 251 253 255 258 261 265 269 273 277 284 292 299 307 313 317 319 318 316 316 311 305 298 292 286 281 278 281 277 271 268 265 264 262 259 258 257 256 255 254 253 255 254 252 251 250 248 248 248 247 247 248 251 252 252 252 251 250 248 246 245 243 241 239 236 235 235 234 236 237 238 239 240 240 241 242 242 242 242 242 242 242 243 243 242 242 242 241 241 240 238 237 236 234 233 231 226 226 228 231 234 235 235 235 234 234 235 237 239 241 242 243 244 244 244 244 244 243 243 242 242 241 240 240 239 238 237 236 234 233 232 230 229 228 227 228 228 228 227 226 223 223 226 230 235 239 238 239 238 238 238 236 234 232 231 230 227 227 225 225 224 224 222 221 222 223 225 227 229 231 232 233 233 233 233 232 232 231 230 229 228 228 228 227 227 227 227 227 226 226 226 225 224 224 225 228 230 232 233 235 236 236 236 235 233 230 228 226 224 222 219 218 217 218 221 224 226 228 230 231 232 232 232 233 232 231 231 230 228 227 226 226 226 226 227 227 226 224 221 217 217 222 227 229 230 230 230 229 228 225 228 229 229 228 227 226 223 220 218 215 214 217 223 227 230 231 232 232 232 232 232 232 231 231 231 231 230 229 228 228 224 221 218 216 218 220 222 225 227 229 230 231 233 234 236 237 238 238 239 238 239 240 239 238 237 236 234 232 231 233 234 234 235 235 234 233 233 233 234 236 236 236 234 234 233 232 232 230
248 249 251 252 254 255 255 256 257 257 258 258 258 259 261 262 269 276 284 291 296 300 302 302 300 296 289 281 275 270 265 266 265 264 262 261 262 261 255 254 254 255 255 258 258 260 260 260 260 260 263 263 262 257 257 257 256 255 252 252 251 250 253 256 256 256 254 250 244 242 242 244 246 252 253 256 258 262 265 269 273 280 287 295 301 308 314 317 318 316 315 315 311 304 297 289 283 279 275 273 271 268 266 264 262 260 258 258 257 255 255 252 251 251 252 252 250 250 248 246 246 247 246 246 246 248 249 249 250 249 248 246 245 243 242 238 236 234 235 236 237 238 239 241 241 241 242 243 243 243 243 243 243 243 243 243 243 242 242 241 241 239 238 237 236 235 233 230 225 226 228 232 235 236 236 236 236 235 236 238 240 242 243 244 245 245 245 245 244 244 243 243 242 241 239 238 238 237 236 235 234 233 231 230 229 228 228 229 230 230 228 226 224 223 225 228 233 235 237 238 239 238 239 237 235 234 232 231 229 228 227 226 226 225 224 222 222 222 224 226 228 230 232 233 233 233 233 233 232 231 231 230 229 229 229 229 228 228 228 228 227 228 227 226 226 225 226 228 230 232 234 236 237 237 237 236 233 231 228 227 225 223 221 218 218 218 220 223 225 227 229 230 231 233 233 233 232 232 231 230 228 227 226 227 227 227 227 228 227 225 222 219 218 221 227 229 230 230 230 230 228 226 229 230 230 230 229 228 226 223 220 218 215 216 221 225 229 231 232 232 233 233 233 233 232 232 232 231 230 229 228 228 224 222 219 216 220 223 224 224 225 227 229 231 232 234 236 237 238 239 239 239 240 240 240 239 237 236 234 232 233 234 235 236 236 236 236 235 235 235 236 237 237 237 236 235 234 233 233 232
247 249 250 252 254 255 257 258 259 260 261 261 262 263 264 265 269 276 283 289 296 299 301 300 297 292 285 276 270 266 263 262 261 260 258 259 263 255 255 254 255 255 260 261 260 262 263 265 266 267 263 263 263 263 257 259 260 256 255 253 252 252 252 257 258 257 253 248 244 242 242 244 246 252 253 253 259 262 265 269 274 281 288 296 303 309 314 317 316 314 312 313 310 303 297 290 284 279 275 272 270 268 267 265 263 262 261 260 259 259 257 255 252 250 249 248 248 247 246 244 244 244 244 244 245 245 246 246 247 247 247 246 244 242 241 237 236 235 236 237 238 239 240 242 242 242 243 243 243 244 244 244 244 244 244 244 243 243 241 240 240 239 238 237 235 235 232 229 226 226 229 233 235 237 237 238 237 237 236 239 241 243 244 245 246 246 245 246 245 244 244 243 242 238 237 237 237 236 235 234 232 232 230 230 230 230 231 232 231 231 229 226 224 224 226 228 231 234 236 238 239 238 239 238 237 235 233 232 231 230 228 228 228 227 226 225 223 223 223 225 227 230 232 233 233 234 234 234 233 233 232 232 231 230 231 230 230 229 229 229 229 228 228 228 226 226 226 228 231 233 235 236 238 238 238 236 234 232 229 227 226 224 221 219 218 218 220 221 223 226 228 230 231 232 233 233 233 232 232 231 229 228 227 227 228 229 229 229 229 227 224 220 218 220 226 229 230 231 231 231 230 228 230 231 232 231 231 230 227 223 222 220 217 215 219 225 228 230 231 233 233 234 234 234 233 232 232 232 231 230 229 228 226 224 220 216 220 224 226 226 226 227 228 230 232 234 236 237 238 240 239 240 240 240 240 240 238 237 236 233 234 236 237 237 237 238 238 237 237 237 237 238 238 238 237 237 236 235 234 232
248 248 250 252 253 255 257 260 261 262 263 264 265 266 268 269 270 276 282 288 294 296 298 297 294 289 284 277 271 267 264 261 259 258 257 260 262 255 255 256 258 258 261 262 264 266 267 266 270 270 272 270 263 263 263 264 261 260 257 255 253 253 254 257 258 257 250 246 243 242 242 244 247 250 252 255 258 261 265 268 274 282 289 296 303 309 313 316 315 313 310 311 309 304 298 293 287 282 277 274 272 271 270 267 266 265 264 264 263 261 259 257 253 250 248 247 247 246 247 247 245 245 244 243 243 245 245 245 246 245 245 244 243 241 239 236 235 235 237 238 239 240 241 242 243 243 244 244 244 244 244 244 244 244 244 244 243 241 240 239 237 236 236 234 234 233 230 228 227 228 230 233 236 237 238 239 239 239 238 239 241 243 245 246 246 247 247 246 245 244 244 243 240 237 236 236 235 234 233 233 232 231 231 231 231 232 233 233 233 231 228 225 224 224 226 228 230 233 235 237 239 239 239 238 238 237 235 234 232 231 230 229 229 229 228 227 225 223 223 224 226 229 231 232 232 235 234 234 234 234 233 233 232 233 233 232 232 231 231 230 231 230 229 228 227 226 226 229 231 234 236 237 238 239 238 236 235 232 230 228 226 225 223 220 218 218 221 224 225 225 226 229 230 232 233 234 234 233 232 231 230 230 229 230 230 231 230 230 230 228 226 222 218 220 224 229 231 231 232 231 230 230 231 232 232 232 232 231 230 227 226 222 219 214 218 223 227 230 231 233 234 235 235 235 235 234 233 233 232 231 230 230 228 225 221 218 220 225 227 228 228 228 228 229 231 233 235 237 238 240 241 240 240 241 241 240 239 238 237 234 235 237 238 238 239 239 239 239 239 239 239 239 239 239 239 238 237 237 235 233
251 251 252 253 254 255 258 260 262 264 266 267 268 270 272 274 275 277 282 285 289 292 293 292 289 286 281 276 271 267 264 262 259 258 259 264 264 255 255 257 257 261 266 262 264 269 271 272 274 275 273 274 273 263 263 266 265 260 259 257 255 255 253 254 256 253 247 246 244 243 244 244 247 250 252 255 258 260 265 269 273 282 289 296 302 308 312 314 314 312 307 308 307 303 299 295 290 285 281 277 274 272 271 269 267 267 266 266 265 263 259 255 251 248 249 250 249 248 248 248 247 246 245 244 243 243 243 243 244 244 244 243 241 239 237 236 236 237 239 240 241 241 241 242 243 244 244 245 245 245 245 245 245 244 244 243 241 239 237 235 234 233 232 231 231 229 228 228 229 231 231 233 235 237 239 240 240 241 240 240 242 243 245 247 247 246 247 247 245 244 243 242 240 239 236 235 234 234 234 233 233 233 233 233 233 234 234 234 233 230 227 224 224 225 226 229 231 232 235 237 239 240 239 239 239 238 238 236 234 233 232 231 231 231 230 228 227 224 224 224 225 227 230 231 233 234 234 235 235 235 235 234 234 234 234 234 233 233 232 232 231 231 231 230 228 227 227 229 231 234 236 237 239 239 239 237 235 233 231 229 228 226 224 221 219 219 222 226 227 228 228 229 229 231 233 233 234 234 233 231 231 231 231 231 230 231 231 231 230 229 227 224 219 219 223 228 230 231 232 232 231 231 231 233 233 233 233 232 230 230 227 224 220 217 217 222 227 229 231 233 234 235 235 235 235 235 234 233 233 232 231 231 229 226 223 220 220 225 228 229 230 230 230 230 231 233 234 236 238 239 240 241 241 241 241 241 240 239 237 235 236 238 238 239 240 241 241 241 241 240 241 240 240 240 240 239 238 237 236 233
252 253 254 255 256 257 258 261 263 265 268 270 271 272 274 276 278 279 281 284 286 287 286 284 281 279 277 273 270 267 264 261 258 258 260 265 266 258 258 259 261 265 266 266 269 271 275 278 280 283 282 279 275 273 270 266 266 261 260 258 256 253 252 251 251 248 247 245 243 243 243 245 249 249 252 254 258 261 263 268 274 280 289 294 300 305 310 312 312 309 303 303 302 300 298 295 292 288 284 280 275 272 269 268 267 267 267 266 264 261 258 252 250 252 252 252 251 250 250 249 249 248 247 246 245 243 242 241 241 242 243 241 239 237 237 236 237 240 241 242 243 243 243 243 243 244 245 245 245 245 245 245 245 244 243 241 238 235 233 232 231 231 230 230 229 229 229 230 232 233 234 234 236 238 239 241 242 242 242 242 242 244 245 247 247 247 247 246 245 244 242 242 241 239 237 237 236 235 235 235 235 235 235 235 235 235 235 235 234 230 226 224 225 226 226 228 231 232 235 237 239 240 240 240 239 239 238 238 235 235 234 233 233 232 231 230 228 224 224 225 224 227 229 231 233 233 234 235 235 236 236 236 235 235 235 235 235 234 234 233 233 232 232 231 230 228 228 229 231 234 236 238 239 239 239 237 236 233 231 230 229 227 224 220 219 220 224 227 228 229 230 230 231 231 233 234 234 234 234 233 234 233 232 232 232 232 232 231 231 230 228 225 221 219 224 227 229 231 232 233 232 232 232 233 234 234 234 233 233 231 229 226 222 218 217 222 226 229 232 233 234 235 236 236 236 236 235 234 233 233 232 231 229 227 223 220 220 224 228 230 231 231 232 231 231 232 234 236 238 239 240 241 242 242 241 241 240 238 237 236 237 239 240 241 241 242 242 242 242 242 242 242 242 241 240 240 239 238 236 233
254 255 256 257 259 260 260 262 265 267 269 272 274 275 277 278 280 281 283 285 286 284 281 277 273 271 271 269 268 266 263 261 258 258 260 264 264 262 263 263 266 269 270 271 272 276 279 284 289 295 292 287 281 275 271 266 266 265 261 258 256 254 252 250 249 248 246 245 243 243 243 245 247 249 251 254 256 259 261 266 272 278 286 291 296 301 306 306 307 304 299 298 296 295 294 293 291 289 285 279 276 271 268 265 265 266 266 265 262 256 252 251 254 255 255 254 253 252 252 251 250 250 249 249 248 247 243 240 240 241 241 239 238 237 237 238 240 241 242 243 244 244 244 244 244 244 245 245 246 246 246 245 245 243 241 239 236 233 232 231 231 231 230 230 231 231 230 232 234 235 236 235 236 238 240 241 242 243 244 244 245 245 246 247 248 248 247 247 246 244 243 242 241 239 238 238 237 237 237 236 237 237 237 237 237 236 235 235 232 226 225 225 226 227 226 227 229 232 234 237 239 240 242 242 242 241 240 239 237 236 235 234 234 234 232 231 229 226 224 225 224 226 229 231 233 235 235 236 236 236 237 237 237 237 236 237 236 236 235 234 234 233 233 232 231 230 229 230 232 234 236 238 239 240 239 238 236 234 232 230 228 226 222 220 220 220 224 228 229 230 231 231 232 232 233 234 234 234 234 235 234 234 233 233 233 232 232 231 230 230 229 226 222 221 224 228 230 232 233 233 233 233 233 234 234 234 234 235 234 233 230 227 223 220 217 222 225 229 232 234 235 236 236 236 236 236 236 235 234 233 232 231 229 227 225 222 219 223 227 230 232 232 233 233 233 233 234 236 238 240 241 242 242 242 242 241 240 239 237 236 238 239 241 242 243 243 243 244 244 243 243 243 243 242 241 241 239 237 235 233
255 256 258 259 260 261 262 264 266 268 270 273 276 277 280 281 282 283 285 286 286 284 281 277 274 270 268 267 266 265 262 260 258 259 265 265 266 265 265 268 268 270 271 272 275 280 286 292 297 302 298 291 284 278 271 267 266 264 261 259 257 255 253 250 249 248 246 245 244 243 243 244 246 249 252 254 255 258 261 263 266 271 279 285 291 296 300 301 301 299 295 291 290 289 288 287 286 284 282 277 274 269 266 263 263 263 264 261 257 252 254 255 257 258 257 257 255 254 253 252 252 251 251 250 250 249 247 244 240 239 238 238 238 238 239 240 241 243 244 245 246 246 246 245 245 245 245 246 246 246 245 245 243 241 239 236 233 232 232 232 233 233 233 232 232 232 231 232 235 236 237 237 237 238 240 241 243 244 245 245 246 246 247 247 248 247 248 247 247 246 244 243 242 241 240 240 239 238 239 238 238 238 238 238 238 238 238 235 230 226 227 226 229 229 228 226 227 231 233 236 238 240 242 243 244 243 242 240 238 237 236 235 235 234 233 232 230 225 225 225 225 226 227 229 232 233 235 236 236 236 238 238 238 237 237 238 237 237 236 236 235 234 234 232 231 231 231 230 233 235 237 238 239 240 240 238 236 234 232 230 228 224 221 221 220 222 225 228 230 231 232 233 233 234 234 235 235 236 236 235 235 235 234 234 233 233 232 231 230 229 229 226 223 221 223 227 230 232 233 234 234 234 234 233 234 234 235 235 234 233 231 228 225 221 217 220 226 229 232 234 235 236 237 236 236 236 236 236 235 234 233 232 230 228 226 223 220 222 226 230 232 233 233 234 234 235 235 236 238 240 241 242 242 242 242 241 240 239 239 238 238 240 242 243 244 244 245 245 245 245 244 244 243 243 242 241 239 238 236 233
255 257 259 260 262 263 265 266 268 270 272 275 277 279 281 283 285 286 286 286 285 284 282 278 275 272 268 265 264 263 261 259 259 259 266 266 267 267 269 269 270 270 272 275 280 285 293 301 306 307 301 294 285 279 273 270 266 265 262 259 258 255 254 251 249 248 246 246 244 243 243 244 245 248 251 253 254 256 261 263 265 267 270 278 283 288 293 296 297 295 292 287 284 282 280 278 278 277 277 275 271 267 265 262 260 260 259 255 253 255 258 260 260 260 259 259 257 256 254 253 252 252 250 251 250 250 248 245 241 238 238 239 240 240 240 241 243 244 245 246 246 247 247 246 246 246 246 246 246 246 245 243 241 239 236 234 233 232 234 235 235 235 234 233 233 233 233 233 235 237 238 239 239 239 240 242 243 244 245 246 247 247 247 248 247 247 247 246 247 246 245 244 243 242 241 241 241 240 240 241 240 239 239 239 239 238 238 235 229 227 226 228 232 232 231 229 227 228 231 234 237 240 242 245 245 244 242 241 239 238 237 237 236 235 234 232 229 225 225 226 227 226 227 228 231 233 234 235 236 238 238 238 239 238 238 238 238 238 237 237 236 235 235 232 232 232 231 231 233 235 237 239 241 241 240 238 237 235 233 230 227 223 221 221 222 223 225 229 230 232 233 233 234 235 235 236 236 236 236 237 236 235 234 234 234 233 232 231 230 229 227 225 223 222 223 227 230 233 234 235 235 235 235 234 235 234 235 236 235 234 232 229 226 222 218 219 226 229 232 233 235 236 237 237 237 237 237 237 236 235 234 233 231 229 227 225 222 221 224 228 231 233 234 235 236 236 236 237 239 240 241 242 242 243 243 242 242 241 240 239 239 240 242 244 244 245 246 246 246 246 245 245 244 244 243 241 240 239 237 233
256 257 259 261 263 264 266 268 269 271 273 276 278 281 282 284 286 287 287 287 286 284 282 279 276 273 269 267 265 263 261 260 260 261 266 268 269 270 271 271 272 273 274 277 281 290 299 309 313 310 303 294 287 279 276 271 269 267 265 259 258 255 254 250 249 248 248 245 244 244 243 244 245 248 250 252 253 256 258 261 263 265 268 271 278 282 287 291 295 295 292 286 283 280 278 276 274 273 274 274 271 269 267 265 263 259 256 255 258 260 262 263 263 262 261 260 258 256 255 252 252 251 250 249 249 248 245 241 241 241 241 241 242 242 242 242 243 245 246 247 247 247 248 248 247 247 247 247 246 246 244 243 239 237 234 233 233 235 236 237 237 237 236 234 234 235 235 234 235 236 238 240 240 241 240 242 243 245 246 247 248 248 248 248 248 247 246 247 245 245 245 244 243 243 243 243 242 241 241 241 240 241 240 240 239 238 237 233 228 227 226 231 235 235 233 231 228 228 229 233 236 239 242 245 245 244 243 242 241 239 238 238 237 236 234 231 228 226 226 228 228 227 227 228 229 231 233 235 236 237 238 239 239 239 238 239 239 239 238 238 237 236 235 235 233 233 232 232 234 236 238 239 240 240 240 238 237 235 232 229 225 221 221 222 225 225 226 227 230 231 233 234 234 235 236 237 237 237 236 237 236 236 235 235 234 233 232 230 229 227 226 226 225 224 223 227 230 232 234 234 235 236 236 236 235 235 236 236 235 234 233 230 227 223 219 219 224 229 231 233 235 236 237 237 238 238 237 237 237 236 235 234 232 230 228 226 223 221 223 227 230 232 234 235 236 237 238 238 239 240 241 242 243 243 243 243 243 242 242 241 241 241 242 244 245 246 247 247 247 247 247 246 245 244 243 242 241 239 236 233
258 259 260 262 263 265 267 268 270 272 274 277 279 282 284 286 287 288 288 287 286 284 282 279 276 272 270 267 266 266 265 265 265 267 267 270 271 273 274 274 275 276 277 279 285 292 301 312 315 312 303 296 289 280 279 271 271 269 266 259 256 255 253 251 249 249 247 247 244 244 243 244 246 247 250 252 252 256 257 262 263 264 266 270 275 280 283 288 293 294 293 290 288 284 281 278 274 271 271 272 271 270 268 267 264 259 256 259 262 264 265 264 265 265 262 261 259 257 256 253 253 250 248 246 246 244 241 240 243 243 243 244 244 244 244 243 244 245 247 247 248 248 249 248 248 248 247 247 246 245 244 242 240 236 234 233 235 237 239 239 239 238 237 234 235 237 237 237 236 236 238 240 241 242 242 243 243 245 246 247 248 248 247 246 247 247 246 245 244 244 244 244 243 243 243 243 243 242 242 242 241 241 241 240 238 238 235 230 228 226 227 234 237 237 237 234 231 230 228 230 233 237 240 244 244 245 244 242 242 241 240 239 237 236 233 231 228 227 227 229 230 230 228 228 229 229 231 233 234 236 237 238 239 239 240 240 240 240 239 239 238 237 237 236 235 234 233 233 235 237 238 239 240 240 240 239 237 235 232 228 225 222 222 224 227 228 227 226 228 231 233 234 235 235 236 237 237 237 237 237 236 236 235 234 234 233 231 230 228 228 228 228 228 225 222 226 230 231 234 235 235 236 237 236 236 237 237 237 236 235 234 231 228 225 221 219 223 228 232 233 235 236 237 237 238 238 238 238 237 236 235 234 232 231 228 226 224 222 222 226 229 232 234 236 237 237 239 240 240 241 242 243 243 244 244 244 244 244 243 243 243 243 243 244 246 247 248 248 248 248 247 247 245 244 243 242 241 239 236 234
258 260 261 262 263 265 267 269 271 273 275 277 280 282 284 286 287 288 288 287 286 284 282 279 276 274 271 268 267 266 269 268 268 268 268 271 273 275 277 277 278 280 282 281 285 292 299 309 312 310 302 296 291 287 281 280 271 270 265 261 258 255 253 251 249 249 248 247 245 244 244 244 246 247 249 250 253 254 257 259 262 264 265 270 275 277 282 285 294 295 294 292 291 288 284 279 275 272 270 267 265 268 268 266 263 259 261 264 266 268 268 267 267 266 265 262 261 258 257 254 252 250 248 247 245 243 242 242 245 246 246 246 245 246 245 245 245 246 247 248 248 249 249 250 249 249 248 246 246 245 243 242 239 235 233 234 237 239 240 240 240 239 238 235 237 239 239 239 238 238 238 239 241 242 243 244 244 245 246 247 248 248 246 246 247 247 246 245 244 242 243 243 243 243 243 243 243 243 243 242 241 240 240 239 238 235 232 228 226 226 230 236 239 239 238 236 234 232 230 229 230 233 239 242 244 245 244 244 243 242 241 239 238 236 234 232 228 228 228 230 231 231 231 231 230 229 230 231 233 235 237 238 239 238 240 241 241 240 240 240 239 238 238 237 236 235 234 235 236 237 238 239 240 240 239 239 237 235 232 228 225 222 222 226 229 230 230 228 229 229 232 233 235 235 236 237 237 238 238 237 237 236 235 234 233 232 231 230 230 231 230 228 228 226 223 226 229 231 233 235 236 236 236 237 237 238 239 238 237 235 234 233 230 226 222 219 222 227 230 233 235 236 237 237 238 238 238 238 238 237 236 234 232 230 229 226 225 224 222 223 228 231 233 235 237 238 239 240 241 242 242 243 243 244 244 244 245 245 245 244 244 245 245 245 246 248 249 249 249 249 248 247 245 244 242 241 239 238 236 235
259 260 261 263 264 265 267 269 271 273 275 277 280 282 285 286 288 289 289 288 286 285 283 280 277 275 271 270 268 266 268 268 268 268 268 271 274 277 279 280 282 283 286 285 290 293 299 306 309 308 302 296 294 289 286 280 276 272 265 261 257 254 252 251 249 249 248 247 245 245 244 245 247 247 248 251 253 255 256 260 262 264 267 269 274 279 283 287 293 295 295 294 293 291 287 283 277 274 272 269 266 264 263 263 262 261 264 267 268 269 269 269 268 267 266 263 261 258 256 253 251 250 249 248 247 243 242 244 247 247 247 247 247 247 247 247 247 246 247 248 249 249 250 250 250 249 247 245 245 243 242 240 238 235 234 236 239 241 242 241 241 240 238 237 238 240 240 241 240 240 240 240 240 242 244 245 245 246 246 247 248 247 246 247 247 246 246 246 245 244 242 242 242 242 243 242 243 242 242 241 241 241 240 239 236 233 230 227 226 228 235 237 241 240 240 238 236 234 232 230 231 232 237 239 243 244 245 245 244 243 242 240 239 237 235 232 229 228 230 233 233 233 233 232 232 231 230 230 232 233 235 236 238 239 240 241 241 241 241 241 240 239 239 238 237 236 235 236 237 238 239 239 239 239 239 239 237 235 232 229 226 222 221 226 230 232 232 231 230 229 230 232 234 235 236 236 238 238 238 238 237 236 235 234 233 232 231 232 232 232 231 231 229 227 224 226 228 231 233 235 235 236 237 238 238 238 239 239 238 237 235 233 231 227 223 220 223 226 229 233 234 236 237 237 238 238 238 238 238 237 236 235 232 230 228 229 228 226 224 223 226 230 232 235 236 238 239 239 241 242 242 243 243 244 244 245 245 245 246 246 246 246 246 246 247 248 250 250 250 249 249 248 244 243 241 239 238 237 236 236
257 259 261 263 264 266 268 269 271 273 275 277 280 282 285 287 288 289 289 288 287 285 283 280 277 274 272 270 270 267 267 264 264 267 266 271 273 277 279 283 284 287 290 292 294 296 299 306 309 307 303 296 293 288 282 278 275 270 265 259 255 255 252 251 251 249 248 248 246 245 244 245 247 248 249 251 253 255 256 259 261 264 266 269 274 278 282 288 291 294 296 296 295 293 289 285 281 277 275 273 269 266 263 262 262 264 270 271 272 272 272 271 270 268 266 264 262 259 256 254 253 252 251 249 247 243 242 247 249 249 249 249 249 249 249 248 248 248 248 249 249 250 250 250 250 249 247 245 243 242 241 239 237 235 235 238 240 242 242 243 242 242 240 239 240 241 242 243 242 242 242 242 242 241 243 245 246 246 246 247 248 247 247 248 247 247 247 246 245 244 243 241 240 242 242 241 242 242 242 241 241 240 239 238 235 232 228 227 228 230 235 239 241 242 242 241 239 237 234 233 231 231 233 237 241 242 245 246 245 244 243 241 239 238 236 232 230 229 230 234 235 235 235 234 234 233 232 231 231 232 233 235 237 238 239 240 241 241 241 241 241 240 240 239 238 237 236 237 238 238 238 239 239 239 239 238 236 234 231 228 225 222 222 227 232 233 234 232 232 232 231 232 233 234 236 236 237 238 238 238 238 237 235 234 233 233 233 234 234 233 232 231 230 227 225 228 230 231 232 234 235 237 238 239 239 239 240 239 239 238 236 235 232 228 222 220 221 226 229 232 234 235 235 237 237 238 238 238 238 237 236 235 233 231 231 231 230 228 225 224 224 227 231 234 236 237 238 238 240 241 242 242 243 243 244 245 245 246 246 247 247 247 248 248 248 249 250 251 251 250 250 246 245 243 242 240 238 239 238 239
255 257 260 262 264 265 267 269 271 273 274 276 279 282 284 286 288 288 289 288 286 284 282 279 276 273 272 270 268 267 266 264 267 265 265 269 273 276 279 282 286 289 293 295 298 300 303 305 307 305 301 295 288 280 274 270 267 263 261 257 255 254 252 251 250 249 248 247 246 245 244 244 246 248 249 251 254 256 256 259 261 262 266 268 273 276 279 285 289 295 297 297 297 295 292 289 285 282 278 274 271 268 263 262 265 268 270 271 274 274 274 273 271 270 267 265 263 260 259 256 254 252 251 249 246 243 244 248 250 250 250 251 251 250 250 250 249 249 249 250 250 250 250 250 249 249 247 245 243 242 240 238 236 235 236 239 242 243 243 244 244 243 241 241 242 243 244 244 244 244 244 244 244 243 243 244 246 246 248 248 248 246 248 247 246 246 244 245 245 244 243 241 240 240 240 241 241 242 242 240 240 239 239 237 234 230 227 227 228 232 236 240 242 243 243 242 240 238 236 235 233 231 232 235 239 242 244 244 245 245 244 242 240 239 237 234 230 229 231 235 236 236 236 236 236 235 234 233 233 232 232 234 235 237 238 239 240 241 241 241 241 241 240 240 239 238 238 238 238 238 238 239 238 238 236 236 234 232 229 227 225 221 222 228 232 234 235 234 234 234 232 232 232 234 236 237 238 238 239 239 238 237 236 235 234 234 234 235 234 234 233 232 231 228 225 229 232 233 233 233 236 237 238 239 239 240 240 240 239 238 237 235 233 229 223 221 222 225 229 231 233 234 235 236 237 238 239 238 238 237 236 235 233 232 232 232 231 229 227 225 224 226 229 232 234 235 237 238 239 240 241 242 242 243 244 245 245 246 247 248 248 248 249 249 250 250 251 252 252 251 250 248 245 244 243 242 240 240 241 240
256 256 258 260 262 264 266 268 269 270 273 275 277 280 283 285 287 288 288 287 286 284 280 277 275 272 270 269 268 267 264 264 267 265 265 269 272 275 279 282 285 289 294 297 300 303 305 305 304 302 298 290 282 271 265 263 261 259 257 257 256 255 253 252 251 250 249 248 247 245 244 244 247 249 250 252 254 256 257 259 261 263 265 267 271 275 277 283 289 294 297 298 298 297 295 292 288 282 279 274 271 267 264 266 269 270 273 275 276 276 276 273 272 270 268 266 264 260 259 257 255 252 250 248 245 243 246 248 250 251 252 252 252 252 251 251 250 250 250 250 250 250 250 250 249 248 246 245 244 242 240 238 236 236 238 241 243 244 244 245 245 244 243 243 245 245 246 246 246 246 246 246 246 245 244 244 245 247 248 248 248 247 248 247 246 245 245 245 245 244 243 241 239 238 238 239 240 241 240 238 239 239 238 236 231 228 227 228 230 233 237 240 243 244 245 244 242 240 238 237 235 233 231 234 237 240 243 244 245 246 245 244 242 240 237 235 232 230 231 235 237 237 238 238 237 236 236 235 234 233 233 234 234 236 237 238 239 240 241 241 241 241 241 241 240 239 239 239 238 238 238 238 237 236 234 233 231 229 228 228 226 224 223 228 232 234 236 235 236 235 235 234 233 232 235 237 238 239 239 239 239 238 237 236 235 235 235 235 235 235 234 233 231 228 226 229 233 234 234 233 235 237 238 239 239 240 240 240 240 239 238 236 233 229 224 221 223 226 229 230 231 233 234 236 236 238 239 238 238 237 236 234 233 233 235 234 232 230 229 226 226 226 225 229 231 233 235 236 237 238 239 240 241 242 244 245 246 246 247 248 248 249 250 251 251 252 252 253 253 253 251 249 247 245 244 242 242 242 242 243
260 259 258 259 260 262 264 265 268 269 271 273 276 279 282 285 287 288 288 288 286 283 280 278 275 272 270 269 267 265 265 267 267 265 265 267 270 272 274 278 282 288 293 297 300 304 305 305 304 300 293 285 277 269 264 262 261 259 256 257 256 257 256 255 254 252 251 249 247 245 244 245 247 250 251 252 254 256 257 259 261 263 264 268 270 272 276 280 288 293 296 298 299 298 296 292 286 281 276 272 268 265 267 269 271 274 275 276 276 275 275 271 271 271 269 267 263 262 260 258 255 253 251 248 245 244 247 250 252 253 253 254 253 253 253 252 252 251 251 251 251 250 250 249 248 248 246 245 244 242 240 237 236 237 240 243 244 245 245 246 246 246 244 244 247 247 248 248 248 248 248 248 248 247 246 245 246 249 248 249 247 248 247 246 245 244 244 244 244 243 242 242 241 239 237 237 238 240 237 237 238 239 237 232 229 228 228 230 233 235 238 241 243 245 246 245 244 242 240 239 236 234 232 233 236 239 242 244 246 246 246 245 242 240 238 236 233 231 231 235 236 238 239 239 239 239 237 237 236 235 234 234 234 234 236 238 239 240 240 241 242 242 242 242 241 241 240 240 239 238 238 237 235 234 233 232 231 231 231 230 228 224 223 227 232 235 236 237 237 237 237 236 235 234 235 237 238 239 239 239 239 238 237 237 236 236 236 236 236 235 235 234 232 228 226 230 234 235 236 235 235 237 238 239 240 240 240 241 240 240 239 237 234 230 224 222 225 228 229 230 232 232 234 236 237 238 239 238 238 237 236 235 235 235 235 234 233 231 229 226 227 228 227 226 228 230 232 233 235 236 237 238 239 240 242 244 245 246 247 248 248 250 251 252 253 253 254 254 254 254 252 251 249 247 246 245 244 244 244 245
264 263 262 262 261 263 266 268 270 272 273 275 277 280 282 285 287 288 288 288 286 284 281 279 276 274 271 270 268 266 266 269 268 268 267 266 268 269 271 272 274 278 288 294 300 303 304 304 301 296 288 279 270 268 267 262 261 261 259 258 257 257 257 258 257 254 253 250 248 244 245 245 248 250 251 251 253 256 257 259 261 262 264 266 267 272 276 279 287 292 295 298 297 297 294 288 282 276 272 269 268 270 272 273 274 275 275 276 276 275 274 273 270 269 268 266 264 261 259 258 255 254 252 248 245 245 248 251 253 254 254 255 254 254 254 253 253 252 252 252 251 251 250 249 249 247 246 244 241 239 237 237 237 239 241 244 246 246 246 247 247 247 246 244 248 249 249 250 250 250 250 250 250 249 248 247 248 248 248 248 248 246 247 246 244 243 242 243 244 243 242 241 240 239 238 236 237 237 236 236 237 237 233 229 228 228 230 233 235 238 239 241 243 246 247 246 245 243 242 240 238 236 233 233 235 238 241 244 246 247 247 246 243 241 239 236 235 232 231 233 237 239 240 240 240 239 239 239 237 236 235 235 235 235 235 236 238 239 240 240 242 242 242 242 242 241 241 240 239 239 238 236 235 234 233 234 235 234 234 232 230 226 224 226 232 235 236 238 238 238 238 238 237 237 236 237 238 239 240 239 238 239 238 238 238 237 237 237 236 236 235 234 232 229 227 230 234 236 237 237 236 237 238 239 240 241 240 240 240 240 239 237 234 230 224 222 226 230 232 232 233 233 235 237 238 238 239 239 239 238 237 236 236 236 236 235 233 231 229 228 229 229 229 228 228 228 230 231 232 234 235 236 237 239 241 242 243 244 246 247 249 250 252 253 254 255 255 255 256 255 255 253 252 250 248 248 246 246 246 246
267 266 265 265 265 264 267 270 272 274 276 278 279 282 284 286 287 288 289 288 287 285 282 280 277 274 272 270 269 266 268 270 270 270 269 267 269 268 269 270 271 273 276 284 297 301 302 303 299 293 285 276 270 271 267 264 261 260 261 261 261 261 261 260 259 257 255 251 249 245 244 245 246 248 249 249 251 254 257 259 259 262 263 266 267 270 275 279 287 291 295 296 295 292 288 284 279 275 271 273 273 275 275 275 275 275 275 275 275 273 271 271 269 268 266 265 263 261 259 257 256 255 252 249 245 246 250 252 254 255 255 255 255 255 255 255 254 253 253 252 251 250 249 248 248 246 244 241 238 237 237 239 240 240 242 245 246 247 248 248 249 248 248 247 249 250 251 252 252 252 252 252 251 251 250 249 248 248 248 248 249 247 246 246 244 243 242 242 242 242 241 240 239 238 237 236 235 235 234 234 234 234 230 229 228 230 233 236 237 239 241 242 244 246 247 247 247 245 243 241 239 238 235 234 234 237 240 244 246 247 247 247 245 242 239 237 236 233 232 234 236 239 240 240 240 240 240 240 238 238 237 236 237 236 236 236 237 238 239 240 242 242 242 243 243 242 242 241 240 239 237 237 236 235 236 237 237 237 236 233 231 227 224 226 232 235 237 238 239 239 239 239 238 238 237 237 238 239 240 240 240 240 239 239 238 238 238 238 237 236 235 234 232 229 228 230 234 236 238 238 238 237 238 239 240 241 241 241 241 240 239 237 234 230 224 223 228 231 233 234 234 235 236 237 238 239 239 239 238 238 238 237 237 237 237 236 234 231 229 229 231 231 231 230 231 230 230 230 230 232 233 235 236 238 239 241 242 243 244 246 248 251 252 254 255 256 257 257 257 257 257 256 254 252 251 250 248 248 248 248
269 269 269 268 268 267 268 271 274 276 278 280 282 284 286 287 288 289 289 288 287 285 283 280 277 275 272 270 267 267 270 272 272 272 271 270 271 271 271 273 273 273 274 277 290 298 300 300 297 291 284 277 272 272 269 267 264 263 262 261 261 262 262 261 260 258 256 253 249 245 245 245 244 245 245 245 246 249 256 257 256 260 263 264 268 271 275 283 289 292 295 296 295 292 286 282 278 275 275 276 277 277 277 277 276 275 275 274 272 269 265 263 262 263 262 261 260 258 257 256 255 254 248 246 246 249 251 252 255 256 256 257 257 257 256 256 255 254 254 252 250 249 247 246 245 243 241 239 238 239 240 243 243 242 242 245 247 248 249 250 250 250 249 249 250 252 253 253 253 253 253 253 253 252 251 251 250 249 249 249 248 247 247 246 244 243 242 241 241 240 239 238 238 236 237 237 236 235 233 233 232 231 228 228 229 232 235 238 240 240 242 244 246 247 248 249 248 247 245 243 241 239 237 235 234 237 240 243 247 247 248 247 245 243 240 239 237 234 233 234 236 238 240 241 241 242 242 241 240 239 239 239 239 237 236 237 237 238 239 240 242 243 243 243 243 243 242 241 240 239 238 237 238 237 238 239 238 238 237 234 231 228 224 226 232 236 238 239 240 240 240 240 240 239 239 238 238 239 241 241 241 240 240 239 239 239 239 238 237 236 235 233 231 229 228 230 234 236 238 239 239 239 239 240 241 241 241 241 241 240 239 237 234 230 225 224 228 232 234 235 236 236 236 238 238 239 239 239 238 238 238 238 238 238 238 236 234 231 230 230 232 233 233 231 232 233 233 233 233 232 232 233 235 237 238 240 241 243 245 247 249 251 252 254 255 257 258 258 259 259 259 258 257 255 253 252 250 251 250 250
272 272 272 271 271 271 270 271 275 277 279 281 284 286 287 288 289 290 289 289 287 286 283 280 277 274 272 270 267 270 272 273 274 274 274 273 274 274 275 276 277 277 276 275 281 295 298 298 295 290 284 277 274 271 268 266 263 263 261 261 260 260 259 259 259 258 256 254 250 246 245 245 245 245 245 245 244 245 247 252 256 258 261 264 269 275 279 285 289 294 296 299 296 292 287 284 281 278 276 277 277 277 277 276 275 275 275 271 269 265 261 261 259 259 258 257 256 254 253 252 251 248 247 247 249 251 252 255 256 257 257 258 258 258 257 257 256 255 254 253 252 250 247 245 243 241 239 239 239 243 244 245 245 244 243 245 247 248 250 250 251 252 251 250 250 252 253 254 254 255 254 254 254 253 252 251 251 250 250 250 249 248 247 246 244 243 242 240 240 240 239 240 240 240 239 239 239 238 236 235 231 230 229 229 231 233 236 239 241 242 244 245 247 247 248 249 249 248 247 245 243 241 239 236 235 235 240 243 246 247 248 248 246 244 242 240 239 237 235 233 236 237 239 241 242 243 243 242 241 241 240 240 239 238 237 237 238 238 238 240 241 242 243 244 244 244 242 241 240 239 239 239 239 239 240 240 240 239 237 235 231 228 225 226 231 236 238 240 240 241 241 241 241 241 240 240 240 240 241 240 241 241 240 240 239 239 239 238 237 235 233 232 232 231 231 230 232 236 238 239 239 240 240 240 241 241 241 241 241 240 239 237 234 230 226 225 227 232 235 236 237 238 238 239 240 240 240 240 239 238 238 239 239 239 238 237 234 231 231 232 234 235 234 233 233 235 236 236 236 236 235 232 234 236 239 241 243 244 246 248 249 251 253 254 256 257 258 259 259 259 260 260 258 257 255 254 253 253 252 252
273 274 274 274 274 274 274 273 275 278 281 283 285 287 288 289 290 290 290 289 287 285 283 279 276 273 271 268 271 273 274 275 276 276 275 274 276 277 277 279 280 281 280 277 278 290 298 299 296 290 285 279 276 272 269 266 264 262 260 259 258 257 256 255 255 255 254 252 250 247 246 245 245 245 245 245 246 245 246 250 254 256 260 265 270 276 282 287 291 297 300 301 297 292 289 286 283 280 278 279 275 275 275 275 275 275 275 269 267 263 260 260 258 256 254 254 252 250 249 249 248 248 249 250 252 253 254 256 257 258 258 259 259 259 259 258 257 257 255 254 253 250 248 246 241 241 240 242 244 246 247 246 248 246 245 244 247 249 250 251 252 253 253 252 251 253 254 255 255 255 256 256 255 254 253 252 252 252 251 250 249 248 246 245 245 243 241 241 241 242 242 242 243 243 241 242 241 240 239 237 233 230 229 231 232 233 236 239 242 243 245 246 247 248 249 250 250 250 248 246 244 243 241 239 236 236 239 243 246 248 248 249 248 246 244 242 240 239 237 235 235 236 238 241 242 243 243 243 242 242 242 242 241 239 239 239 239 239 239 239 241 243 244 244 245 244 243 242 242 241 240 240 241 241 241 241 241 240 238 236 232 229 226 226 230 236 239 240 241 242 242 242 242 242 242 241 241 241 242 242 242 241 241 240 240 239 239 238 236 235 234 233 233 234 233 231 231 235 237 238 240 240 240 241 241 241 241 241 241 240 239 237 234 232 226 225 227 232 235 237 238 239 240 240 240 241 241 241 240 239 240 240 240 240 239 236 235 232 232 234 236 237 236 233 235 238 238 239 239 239 238 237 235 235 237 240 242 244 246 247 249 250 252 254 256 257 259 260 260 260 261 261 260 259 257 256 255 255 254 253
276 276 276 277 277 277 277 277 277 279 282 284 286 288 290 290 291 290 290 288 286 284 280 277 274 271 270 272 273 275 276 277 278 279 278 277 278 279 280 281 283 284 282 278 279 287 296 299 296 291 286 282 278 274 270 266 265 263 261 260 258 257 255 255 254 252 251 250 249 248 247 247 247 247 247 247 246 245 245 248 252 256 259 265 271 278 283 287 293 299 301 301 298 293 290 288 284 281 278 275 275 275 275 275 275 275 274 269 266 262 260 257 256 254 252 251 251 249 250 250 250 251 252 253 254 256 257 258 259 259 259 260 260 260 260 259 258 257 256 255 253 251 249 246 242 240 242 245 247 248 248 248 248 248 247 246 246 249 251 252 253 254 254 254 253 252 254 255 256 256 256 256 255 254 254 253 253 252 251 250 249 248 246 245 243 242 241 243 243 244 244 245 245 245 243 242 243 242 240 237 232 230 230 233 235 234 234 238 241 243 245 246 247 248 249 250 251 250 249 248 246 244 242 240 237 237 238 242 246 248 249 249 249 247 246 244 242 240 239 237 235 235 237 241 243 243 243 244 244 244 243 243 242 240 239 240 241 241 240 240 241 243 244 245 245 245 244 244 243 242 241 241 242 242 242 242 242 241 240 237 233 229 226 226 230 236 238 240 242 242 243 243 243 243 243 243 242 243 243 243 243 242 241 241 240 239 238 237 235 235 236 236 236 235 234 232 231 233 236 239 240 240 241 241 241 242 242 242 241 240 239 237 235 231 227 227 227 231 234 236 238 239 240 240 241 241 241 241 241 241 240 241 241 240 239 238 235 233 233 237 238 239 239 236 237 239 241 242 242 242 241 241 239 237 236 238 241 243 244 246 248 249 251 253 255 257 258 260 260 261 262 262 262 260 259 258 257 257 256 255
277 278 278 279 279 279 279 280 280 280 282 285 287 289 290 291 291 290 289 287 284 281 277 274 271 271 274 275 276 278 279 280 281 281 280 279 281 282 283 284 286 287 285 279 281 289 297 299 298 294 289 284 280 275 272 269 267 265 263 262 260 258 256 255 254 253 252 251 250 250 250 249 249 249 249 248 246 245 245 248 250 255 259 265 271 277 283 288 294 297 301 301 299 295 291 287 283 280 280 276 275 275 275 274 274 273 272 271 265 264 261 258 256 254 253 250 250 251 252 252 252 253 255 256 257 258 259 259 260 260 260 260 260 260 260 260 259 258 256 255 253 251 249 245 242 241 244 247 249 250 251 251 250 250 249 248 247 248 250 252 253 254 255 255 255 254 254 256 257 257 257 257 255 256 255 254 253 252 251 250 249 248 246 245 244 243 242 244 246 247 246 246 247 246 246 245 245 243 241 236 232 230 232 236 238 238 236 236 239 242 244 246 247 249 250 251 251 251 251 249 247 245 243 242 239 237 237 240 245 248 249 250 250 249 248 246 244 242 240 239 237 235 237 240 242 244 245 245 245 245 244 244 243 241 240 241 242 242 242 242 241 243 244 245 245 245 245 244 244 243 243 243 243 242 243 243 242 242 241 238 234 230 227 226 230 235 238 240 241 243 243 244 244 244 244 244 243 243 244 244 243 242 242 241 240 239 237 236 236 237 238 237 237 237 236 234 232 232 236 238 240 241 241 241 241 242 242 241 241 240 239 237 234 229 227 226 227 229 232 235 237 239 240 241 241 242 242 242 242 242 242 241 241 241 240 238 236 234 236 239 240 241 241 239 238 241 243 244 244 244 244 243 241 239 238 237 239 241 242 245 247 248 250 252 254 255 258 260 261 262 263 264 263 262 261 260 260 259 257 256
278 279 279 280 281 281 281 282 282 283 284 286 289 290 291 291 291 290 289 286 282 278 275 272 276 276 276 278 279 281 282 283 283 284 283 282 284 285 287 288 290 290 286 280 286 295 299 302 300 295 290 285 282 277 274 271 269 268 266 264 262 260 258 257 257 256 256 254 253 253 252 250 250 251 249 247 246 245 245 248 250 254 258 263 271 277 282 287 291 296 299 299 298 295 291 286 283 280 279 278 275 274 273 272 272 272 271 271 265 261 258 257 256 253 252 251 252 253 255 254 254 255 257 257 258 259 260 260 261 261 261 261 261 260 260 259 258 257 256 255 253 251 249 244 242 243 247 249 251 252 253 253 253 252 251 249 248 248 250 253 254 255 255 256 256 255 255 256 257 257 257 257 256 256 255 255 254 252 251 250 248 247 246 245 244 244 245 246 247 247 247 248 248 248 248 247 247 244 240 233 231 230 234 239 241 240 239 237 237 240 243 245 248 249 250 251 252 252 252 250 248 246 245 242 242 239 236 239 245 247 249 250 250 250 249 247 245 244 242 240 239 237 237 239 242 244 245 246 246 246 246 245 244 243 242 242 244 244 244 244 243 243 245 245 246 245 245 245 245 244 244 244 243 243 243 243 243 242 242 239 235 230 227 227 229 233 237 239 241 242 243 244 245 245 245 244 244 244 244 244 244 243 242 241 240 238 237 238 238 239 239 239 238 238 237 235 234 233 235 238 240 241 242 242 242 241 241 241 240 239 237 235 232 228 228 231 231 231 230 233 235 237 239 241 241 242 243 243 243 243 243 242 242 242 241 239 236 236 238 241 242 243 243 241 239 242 245 246 247 246 246 245 242 240 239 237 239 240 242 243 245 247 249 251 253 256 258 260 262 263 264 264 264 264 263 262 262 261 259 258
279 279 280 281 282 283 283 284 284 285 286 288 289 291 292 292 291 289 288 285 281 277 274 278 280 279 279 281 282 283 285 285 286 287 286 286 288 289 291 292 293 292 287 281 287 297 302 303 301 297 292 287 285 280 277 274 270 270 268 266 263 261 260 261 260 261 261 259 258 257 254 253 253 252 249 246 246 246 248 249 251 255 258 263 270 276 280 287 290 296 298 298 296 294 290 285 282 279 276 280 274 273 272 272 271 271 266 261 264 262 261 257 255 252 252 252 254 255 256 256 256 257 258 259 259 260 261 261 261 261 261 261 261 260 260 259 257 256 255 254 252 251 247 243 241 246 249 251 253 253 254 254 254 254 253 249 249 248 250 252 254 255 256 256 257 257 257 257 257 257 257 256 256 256 255 255 254 252 251 250 248 246 246 246 246 245 247 248 248 249 249 249 249 249 249 248 246 244 238 232 230 232 238 241 243 243 241 240 239 238 240 243 246 249 250 251 252 253 252 251 249 248 247 245 243 241 239 238 242 246 249 250 251 251 250 249 247 245 244 242 241 239 238 239 241 244 245 246 247 247 247 246 245 244 243 243 245 245 245 246 246 245 245 246 246 246 245 245 245 244 244 244 243 242 243 242 242 242 241 239 236 231 228 227 229 231 237 239 240 242 244 244 245 245 245 245 245 245 245 245 244 243 242 240 239 239 239 240 240 240 240 240 240 239 238 236 234 233 235 238 240 240 241 242 242 241 241 240 239 237 235 233 229 230 232 234 234 233 232 231 232 235 237 240 241 242 243 244 244 244 244 243 243 243 241 240 237 237 241 243 244 245 245 244 241 243 246 248 248 249 247 246 244 242 241 239 239 241 245 246 247 247 249 251 253 255 258 260 261 263 264 264 265 265 264 264 263 262 262 260
279 279 280 281 282 283 285 286 287 287 288 289 290 291 292 292 291 289 287 283 279 276 275 282 283 281 282 285 286 287 287 289 289 289 289 289 291 293 295 297 296 294 289 284 285 296 302 303 301 298 294 289 288 282 279 276 273 272 270 268 265 263 264 265 265 266 265 264 262 259 257 255 253 251 248 247 246 244 249 251 251 255 258 262 267 272 278 283 288 293 296 296 295 293 290 286 283 281 280 278 273 276 271 269 268 266 263 262 262 261 258 257 252 252 252 254 257 256 258 258 258 258 259 260 260 260 261 262 262 261 261 261 260 259 258 256 254 253 252 251 250 248 246 243 242 248 251 253 254 255 255 255 256 255 254 253 250 249 249 252 254 255 256 257 257 257 257 257 257 257 256 257 257 256 255 255 253 251 250 249 248 248 248 249 248 248 249 249 249 250 250 250 250 250 249 248 246 242 236 232 232 233 241 244 245 245 244 244 242 241 239 241 245 248 250 251 252 253 253 252 250 250 249 247 245 243 240 238 240 245 249 251 251 252 252 251 249 247 246 244 243 241 239 238 241 244 246 247 247 248 248 247 246 245 244 244 246 246 247 247 247 246 247 246 247 247 246 246 245 245 244 243 242 242 241 241 240 240 240 238 235 232 228 228 228 230 235 238 240 242 243 244 244 245 246 246 245 245 245 245 244 243 242 240 240 240 241 241 241 241 241 240 241 239 238 237 235 234 235 238 240 241 241 242 242 241 240 239 237 235 233 230 232 234 236 235 236 236 235 234 233 233 235 239 241 243 244 244 244 245 245 244 244 244 242 240 237 239 243 245 247 247 247 246 244 243 247 249 250 250 249 247 246 245 244 242 240 240 243 247 248 248 250 251 253 255 257 259 261 263 264 266 266 266 266 265 266 265 264 263
279 280 281 282 283 284 285 286 288 289 290 290 291 292 292 292 291 290 287 284 281 278 278 285 287 285 286 288 290 291 291 292 293 293 293 292 295 298 300 300 298 294 290 285 284 292 301 303 301 298 294 290 285 284 281 279 276 274 272 269 267 267 269 269 271 271 269 267 264 262 259 256 253 249 247 246 247 249 250 251 253 255 260 261 267 271 277 282 285 289 293 294 294 293 291 288 286 284 281 278 273 273 272 269 267 263 263 263 262 257 258 256 253 253 256 257 258 259 260 260 259 259 260 261 261 261 262 262 261 261 261 260 259 257 255 253 251 250 249 248 247 245 244 244 243 249 252 254 255 256 256 257 257 257 256 254 253 252 251 251 253 255 257 258 258 258 257 257 256 256 256 257 256 256 255 255 254 252 250 250 250 249 249 249 249 249 249 250 250 250 251 251 250 250 250 249 246 241 234 231 233 238 243 246 247 247 246 245 245 244 243 241 244 247 250 251 252 253 253 253 252 251 250 249 247 245 242 240 240 244 248 251 252 253 253 252 251 249 248 246 244 243 240 238 241 244 246 247 248 248 249 248 248 246 246 245 246 247 248 248 247 247 247 247 247 246 246 246 245 244 243 242 241 240 239 238 236 236 235 233 231 229 228 229 229 229 232 235 239 241 243 244 244 245 246 246 246 245 245 245 245 243 242 241 240 241 242 242 243 243 242 241 241 240 239 237 236 235 237 238 240 241 242 242 242 241 240 238 236 234 232 233 234 237 238 239 239 238 237 237 236 235 234 237 240 242 244 245 245 245 246 246 246 245 244 242 238 241 246 248 249 249 249 248 246 244 247 249 251 252 251 250 248 247 246 245 243 242 243 244 248 250 251 252 253 255 257 258 260 262 264 266 267 267 267 267 267 267 266 265
279 280 281 282 283 284 286 287 288 289 290 291 292 292 293 292 291 291 288 286 283 278 279 288 290 289 290 293 294 295 296 297 297 297 296 296 297 300 302 301 299 294 290 287 286 291 297 300 300 298 294 291 288 286 283 280 277 275 273 271 270 271 273 275 274 274 271 268 265 263 260 256 251 246 247 247 249 250 251 251 253 254 258 261 265 270 274 279 283 287 291 294 294 294 292 290 288 285 282 279 276 272 270 268 266 262 263 262 261 256 256 254 254 255 257 259 260 261 261 261 262 261 262 262 262 262 262 261 261 261 260 259 257 255 252 251 250 250 249 249 248 248 247 245 244 249 253 255 256 257 257 258 258 258 257 256 254 253 253 252 254 255 257 258 258 258 257 257 256 257 256 256 256 255 255 254 254 253 251 251 251 251 250 249 250 250 250 250 251 251 251 252 252 251 251 249 245 240 234 231 234 241 246 248 248 248 248 248 247 247 246 244 243 247 250 251 253 254 254 254 253 252 251 251 249 247 244 241 240 242 247 251 252 253 253 253 252 251 250 247 246 244 242 239 241 244 246 248 249 249 249 249 249 248 247 247 246 249 248 248 248 248 247 246 245 244 244 245 244 243 241 240 239 237 235 234 233 232 231 230 229 229 230 231 230 229 230 233 237 240 242 243 244 245 246 246 246 246 245 245 244 243 242 241 241 242 243 243 243 243 243 242 243 240 239 237 236 236 238 240 241 242 242 242 242 241 240 238 236 234 233 234 236 238 239 243 240 240 239 239 238 237 236 235 239 242 244 245 246 247 246 247 247 246 245 243 239 242 247 250 251 251 251 251 249 246 247 251 252 253 253 252 251 250 248 246 244 243 247 245 245 246 251 253 255 256 258 259 260 263 264 266 267 268 268 269 269 268 268 266
279 279 280 281 282 283 285 287 288 289 291 292 292 293 293 292 292 291 289 287 283 278 284 290 294 293 294 297 300 301 302 302 301 301 300 300 301 302 304 303 299 295 291 289 289 291 294 297 297 297 294 291 288 284 283 281 278 276 274 273 272 273 275 276 276 274 272 268 265 262 259 255 251 247 247 249 250 251 252 252 254 255 258 259 264 267 272 277 282 287 291 295 295 294 293 291 288 285 282 278 275 272 270 266 262 260 260 259 258 258 257 256 254 256 258 259 261 262 263 263 263 263 262 263 263 262 262 260 262 260 258 256 255 253 251 252 253 253 253 252 251 250 248 247 245 247 252 255 256 257 258 258 258 258 258 258 257 255 255 254 254 256 257 258 258 258 257 257 256 256 255 255 255 255 255 254 254 253 253 252 252 251 251 250 250 250 251 251 251 251 252 252 252 252 250 249 244 239 234 232 236 243 247 249 250 250 250 249 249 248 248 247 244 246 249 252 253 254 255 255 254 254 253 252 251 249 246 244 241 241 244 249 252 254 254 254 254 253 251 250 249 247 245 242 241 244 247 249 249 250 250 250 250 249 249 249 249 248 249 249 248 248 247 246 244 243 244 243 242 240 239 236 235 235 234 233 233 234 233 232 232 233 234 233 232 231 230 231 235 238 240 242 244 245 246 246 246 246 246 245 244 243 242 242 242 243 244 244 244 244 244 243 243 241 239 238 236 237 239 241 241 242 242 242 242 241 240 237 235 235 236 236 237 239 239 242 242 242 241 241 241 238 236 235 239 241 244 246 247 248 248 249 249 248 246 244 240 244 249 251 252 253 253 253 252 249 247 251 254 255 254 254 253 252 251 248 246 244 248 251 250 249 249 252 255 258 259 260 261 263 265 266 268 269 269 270 270 270 269 269
278 278 279 280 281 282 284 286 287 289 291 292 293 293 293 292 293 292 289 288 283 280 285 291 297 298 298 302 306 309 309 308 307 306 304 305 305 304 305 304 300 296 292 289 291 293 293 295 296 295 292 290 287 285 282 281 279 276 273 273 273 274 276 277 275 273 271 267 264 260 255 252 251 247 248 249 251 252 253 253 254 261 258 259 267 267 272 277 283 288 293 296 297 296 294 291 289 285 281 277 272 271 269 266 262 263 262 261 261 260 259 258 257 258 259 261 263 263 264 264 264 264 263 263 263 261 260 261 261 257 256 254 253 253 254 255 255 255 255 254 253 252 250 248 246 244 250 255 256 258 258 259 259 260 260 259 259 258 257 256 256 256 257 258 258 257 257 256 255 254 254 254 254 254 254 254 254 254 253 252 252 251 251 250 250 250 251 252 251 251 252 252 251 251 250 248 244 238 232 232 238 244 248 250 251 251 251 251 251 250 250 248 246 245 249 251 253 254 254 256 256 255 255 254 253 251 249 246 244 242 243 246 251 253 255 255 255 254 253 252 251 249 247 244 242 243 247 249 250 251 252 252 252 251 251 250 250 250 249 249 249 248 247 245 244 242 242 240 240 238 236 236 236 236 236 235 236 237 237 237 236 237 236 235 234 232 231 231 233 237 240 242 244 245 246 246 246 246 246 245 244 242 242 242 243 243 244 244 245 244 244 242 243 241 239 237 237 239 240 242 242 243 243 243 242 241 239 237 235 237 238 239 239 240 242 242 244 244 244 243 242 240 238 236 238 242 244 246 248 249 250 251 250 250 248 244 241 244 250 252 254 255 255 255 254 252 249 251 254 256 256 256 256 255 253 251 249 247 247 252 254 253 253 251 253 257 259 261 263 264 265 266 268 269 270 271 271 271 271 270
276 277 277 278 278 280 282 284 286 288 289 291 292 293 293 293 293 292 290 287 283 281 290 294 299 303 304 307 313 318 320 318 316 313 312 311 310 308 307 305 301 297 293 290 293 293 292 293 292 291 289 287 285 283 282 281 276 275 273 271 271 276 276 276 274 272 270 266 261 257 253 250 248 247 247 250 252 253 253 254 257 258 259 260 268 268 273 279 285 291 295 297 298 297 294 291 288 285 281 277 274 269 267 264 265 263 263 264 263 263 261 259 259 260 261 262 263 265 265 265 265 264 264 263 262 260 260 261 257 256 255 254 254 256 256 257 257 257 256 256 255 254 253 251 248 246 247 253 256 258 259 260 260 261 261 260 260 260 259 258 257 256 257 258 258 257 256 257 255 253 252 253 253 253 253 253 253 253 253 253 253 252 252 251 251 251 251 251 251 251 250 251 251 250 249 247 243 236 233 232 240 245 249 252 252 253 253 252 252 252 251 250 248 246 248 251 253 254 256 257 257 257 256 255 254 253 251 248 246 244 242 244 249 253 255 256 256 256 255 254 252 251 249 246 242 243 247 249 251 252 252 253 253 252 252 251 251 251 250 249 249 248 247 246 244 242 240 239 238 238 238 238 239 239 239 239 240 240 241 240 240 239 238 237 235 233 231 231 232 236 239 241 243 244 245 246 247 247 246 246 245 243 243 243 243 244 245 245 245 245 244 243 243 241 239 237 238 241 242 242 243 244 244 244 243 242 239 236 237 240 240 241 242 242 243 244 245 245 246 245 245 243 240 238 239 244 246 248 249 251 253 253 253 252 250 248 244 244 250 253 255 256 257 257 256 255 252 251 254 257 258 258 258 257 256 254 252 249 248 250 255 255 256 256 255 254 258 261 263 264 266 267 269 270 271 271 272 272 272 272
275 274 274 274 275 277 279 281 283 285 288 289 291 292 293 293 293 291 288 285 284 282 291 297 302 307 310 314 319 325 328 328 325 322 318 315 312 310 308 305 302 299 294 292 294 294 293 291 289 286 285 282 281 280 278 276 274 271 269 269 268 272 275 273 271 270 267 264 260 256 252 250 248 247 247 249 252 253 254 257 258 260 261 262 264 269 274 280 286 291 295 297 298 297 294 291 286 283 281 278 274 271 267 265 264 262 263 265 264 264 263 262 261 262 263 263 266 266 265 266 265 265 265 263 261 261 261 257 257 257 256 255 256 257 258 259 259 258 258 257 256 255 254 253 251 248 246 251 254 257 258 260 260 261 261 261 261 261 260 260 258 258 258 258 258 257 257 254 253 253 252 252 251 251 251 252 252 252 252 252 252 251 251 251 250 250 250 250 250 249 249 249 249 247 247 244 240 234 232 233 241 247 250 252 253 254 254 254 253 253 252 251 249 248 248 251 253 255 257 258 258 259 258 257 255 254 253 251 249 247 243 243 245 251 254 256 257 256 256 255 254 253 251 248 243 243 247 250 251 253 253 253 254 253 253 252 252 251 250 249 249 248 247 245 243 242 242 241 241 240 240 241 242 242 242 242 242 243 244 243 242 241 240 238 236 235 233 231 232 235 237 240 242 243 245 246 246 247 246 246 245 245 245 244 244 245 245 246 246 245 244 243 243 241 239 239 241 242 243 243 243 244 244 244 243 242 238 237 239 242 242 243 244 244 245 245 246 247 246 247 247 246 243 239 240 246 248 250 252 253 255 255 255 254 252 251 246 244 248 252 256 257 258 258 258 258 255 253 255 258 260 260 260 260 259 257 255 253 251 248 252 256 257 258 259 259 257 259 262 264 266 268 268 270 272 272 273 273 274 273
270 270 270 271 272 273 275 277 279 281 284 287 289 291 292 292 292 291 288 288 288 284 289 297 304 310 316 320 325 331 334 335 333 330 325 320 315 311 308 303 302 299 294 294 295 294 292 291 285 283 279 277 277 276 274 272 270 268 267 266 265 264 266 268 268 266 264 261 259 257 254 252 249 249 249 247 248 252 254 256 258 260 263 264 266 271 275 280 286 291 296 299 300 298 295 293 289 282 278 274 272 269 267 265 264 263 264 265 266 265 265 263 263 263 263 264 267 268 266 267 266 266 264 262 261 261 258 258 258 258 257 256 258 259 260 260 260 259 259 258 257 257 256 255 253 250 248 247 252 256 258 259 261 261 261 261 261 262 262 261 260 260 259 259 258 257 256 256 255 255 255 254 252 251 251 250 250 251 251 250 249 250 249 249 248 249 248 248 246 246 246 245 244 242 242 240 237 233 233 234 242 247 250 253 254 255 255 255 255 254 254 252 251 250 249 250 253 255 257 258 259 260 259 258 257 256 255 253 251 249 247 244 243 249 254 257 258 258 257 257 256 254 252 249 245 244 248 250 252 253 254 255 254 254 253 253 253 251 250 249 248 247 245 244 243 243 244 244 243 242 243 244 244 244 244 244 244 245 246 245 244 243 241 240 238 236 234 232 231 234 236 239 241 243 245 246 247 247 246 246 246 245 245 245 245 246 246 246 246 245 245 244 242 241 239 240 242 243 244 244 245 245 245 245 244 242 238 239 242 243 244 245 246 246 247 247 247 249 249 249 249 248 245 241 240 247 251 252 254 256 256 257 257 256 254 252 249 246 246 252 255 257 259 259 259 259 258 256 255 259 261 262 262 262 261 260 258 256 254 252 250 253 256 259 261 261 262 260 261 263 266 268 269 270 272 273 274 274 274 274
267 268 271 273 274 274 274 276 277 279 282 285 288 290 292 292 292 291 291 290 290 286 286 294 302 312 318 325 330 336 339 340 339 335 329 323 316 312 307 302 301 298 295 296 296 294 292 290 286 280 277 273 272 272 270 269 268 266 265 263 262 262 261 263 263 262 260 258 256 255 252 250 249 248 248 248 248 249 253 255 257 260 262 265 267 270 275 281 286 294 298 301 302 300 297 294 291 285 279 275 271 269 267 264 263 265 267 267 267 266 267 265 264 264 266 267 268 269 269 268 267 266 265 262 262 261 261 260 260 259 258 257 259 260 261 261 261 260 259 259 258 257 256 255 253 251 250 248 249 254 257 259 261 261 262 262 262 263 262 262 262 261 260 259 259 258 257 258 257 257 256 256 255 253 252 251 250 250 249 248 248 247 247 246 246 245 245 245 244 243 242 241 240 239 237 237 235 233 233 236 243 249 252 253 255 256 256 256 256 256 255 254 253 252 251 249 253 255 257 259 260 260 260 259 258 257 256 255 253 252 249 246 243 248 254 257 259 259 258 258 257 255 253 249 246 244 248 251 253 254 255 255 255 255 254 254 254 252 252 251 249 247 245 244 246 247 247 247 245 244 244 246 246 247 247 247 248 248 248 247 246 244 242 241 239 237 234 232 231 233 234 238 241 243 245 247 248 248 248 248 248 247 247 246 246 247 247 247 246 246 245 243 242 240 240 241 244 245 245 246 246 246 246 245 244 241 239 240 244 245 246 247 248 248 249 249 250 251 251 251 251 250 247 242 242 250 252 255 257 258 258 259 258 258 256 254 252 250 248 248 252 257 259 261 262 261 261 259 256 260 262 263 263 263 263 262 261 259 257 255 254 254 254 258 261 263 264 264 263 263 264 266 268 270 272 273 274 274 275 274
271 272 273 275 277 278 278 279 279 278 279 283 286 288 291 292 293 293 293 293 292 287 287 292 299 311 321 328 334 340 343 344 344 337 332 323 315 309 304 302 300 298 298 297 296 294 292 290 286 281 278 274 271 269 268 267 267 266 263 261 261 259 259 258 259 258 256 255 254 254 252 251 250 249 249 249 248 248 251 254 257 259 262 264 266 270 275 280 287 293 299 303 305 302 298 293 290 285 281 276 271 269 266 265 265 266 268 268 269 269 269 268 266 267 268 271 272 273 272 271 269 267 265 264 265 264 263 262 262 261 259 258 259 260 261 261 261 260 259 258 258 256 255 253 252 252 252 251 249 252 255 258 260 261 262 262 263 263 263 263 262 261 261 260 259 258 258 258 258 257 256 256 254 253 252 252 251 251 250 250 250 250 249 249 248 247 247 247 247 247 246 245 245 244 243 240 236 233 233 237 244 249 252 255 256 256 257 257 256 256 255 255 255 254 254 252 252 255 258 259 260 261 261 261 259 257 257 256 255 253 250 247 244 247 253 258 259 259 260 260 258 257 254 251 247 244 248 252 253 255 255 256 255 255 255 254 257 257 253 251 249 247 246 246 248 248 248 247 247 244 245 248 249 249 250 250 250 249 249 249 247 245 243 241 238 237 234 234 232 232 234 236 239 242 244 246 247 248 247 248 247 247 247 247 246 247 247 247 247 246 245 243 241 240 241 243 245 246 247 247 247 247 247 245 243 241 239 242 245 246 247 248 249 250 251 251 252 253 253 252 253 252 249 243 244 251 254 257 258 259 260 260 259 259 258 256 254 253 252 250 249 254 258 260 263 263 262 261 258 261 263 265 267 266 265 264 264 264 261 258 258 258 256 257 260 263 265 266 266 266 265 265 266 269 271 272 273 274 275 275
273 275 276 277 278 279 280 281 282 282 281 280 283 286 289 292 294 294 294 295 293 289 291 295 299 310 322 331 338 344 347 347 345 339 333 325 315 309 305 304 303 301 300 298 296 294 291 289 285 282 279 276 273 271 268 266 264 263 262 259 257 257 256 256 255 254 254 253 253 252 251 251 250 250 251 250 250 248 249 254 257 259 261 263 266 269 273 280 285 292 298 305 310 304 299 295 291 287 282 277 272 268 267 266 266 268 269 270 271 271 271 270 269 270 273 272 272 273 273 273 271 267 266 265 266 266 265 264 263 262 260 259 260 261 261 261 261 260 259 258 257 256 255 254 254 255 254 252 250 250 254 257 259 261 262 262 263 263 263 263 263 262 262 261 260 259 259 258 258 257 256 256 254 253 252 253 253 253 253 253 252 252 252 251 251 249 250 250 250 250 250 250 249 248 246 242 236 234 234 239 245 250 253 255 257 257 258 257 257 257 257 256 256 255 255 254 253 254 258 260 261 262 262 262 259 258 258 257 256 254 251 247 244 247 253 257 259 260 261 261 259 257 255 252 249 246 248 252 254 256 256 256 256 256 255 255 257 257 254 251 250 248 246 247 249 250 250 249 248 246 246 248 251 251 251 251 251 251 250 250 248 246 244 241 239 237 236 235 232 232 233 235 238 241 243 246 247 249 249 249 249 248 248 248 247 247 248 248 247 246 246 244 241 241 243 244 246 247 248 248 248 248 247 246 244 241 240 242 245 247 249 250 250 251 253 253 254 254 255 255 255 253 251 245 244 252 256 258 260 261 261 261 261 261 260 258 257 256 255 255 253 251 255 258 262 264 263 262 261 262 263 265 267 268 268 267 267 266 263 262 261 261 260 258 261 265 266 267 268 268 268 268 267 268 270 271 273 274 275 277
275 277 278 279 280 281 283 283 284 285 284 284 283 286 289 292 294 295 296 297 295 290 297 302 308 313 324 333 341 347 349 350 346 340 335 326 317 310 307 306 305 302 301 298 295 292 289 287 283 281 278 277 275 273 271 268 266 262 260 259 258 257 257 256 255 254 253 253 253 253 252 251 251 252 252 252 250 249 250 251 255 257 260 262 265 267 271 275 280 282 290 298 302 302 299 295 291 287 282 278 274 270 268 266 268 271 272 273 273 274 273 275 271 271 272 273 273 273 273 273 271 270 270 270 269 268 267 265 264 263 261 260 261 262 262 262 261 261 260 259 258 257 257 256 257 257 256 255 251 250 253 256 258 260 262 262 263 263 264 263 263 263 263 262 261 260 260 259 259 258 257 256 254 254 254 255 255 255 255 254 254 254 253 253 252 252 252 252 253 253 252 252 251 250 247 242 235 234 236 242 247 252 254 256 258 258 258 258 258 258 258 258 258 257 257 256 255 254 257 260 261 262 263 262 261 259 259 258 257 255 252 248 244 248 253 258 260 261 262 262 260 258 256 253 251 247 248 253 255 256 257 257 257 257 256 256 256 256 255 252 252 250 248 248 250 251 251 251 250 248 247 250 251 252 253 253 252 252 251 250 249 247 244 242 240 238 238 237 234 233 233 234 237 240 242 244 247 248 249 250 250 250 249 249 248 249 249 248 248 247 246 244 242 242 244 246 247 248 248 249 249 249 248 246 245 241 241 245 247 248 250 251 252 253 255 255 256 257 257 257 256 255 252 247 245 253 258 260 262 263 263 263 263 262 262 261 259 259 259 258 258 255 253 256 261 265 264 263 262 262 264 266 268 270 270 270 269 267 266 265 264 263 262 260 263 266 268 269 270 270 271 271 271 271 270 271 273 274 275 277
277 278 280 281 282 284 285 286 286 287 287 287 287 286 290 292 295 296 298 299 298 292 300 309 317 323 329 336 343 349 351 351 348 343 337 328 319 313 311 310 308 304 300 297 293 287 284 282 281 280 278 276 276 273 271 270 267 264 262 262 261 260 259 258 257 256 255 255 255 254 254 253 253 253 253 253 251 249 248 250 253 254 257 259 262 263 267 271 274 276 279 283 291 295 296 293 290 284 280 277 274 272 268 268 271 273 274 274 275 275 277 274 274 273 273 273 275 274 274 273 273 274 274 273 272 270 268 267 264 263 261 261 261 263 263 262 262 261 261 260 260 259 259 258 258 258 257 256 253 251 255 257 259 261 262 263 264 264 264 264 263 264 263 262 262 261 261 260 259 258 257 256 255 256 256 257 257 257 256 256 256 255 255 254 254 253 254 255 255 255 255 254 252 250 246 239 234 234 238 244 249 253 256 257 258 259 259 259 259 259 259 259 259 259 258 258 258 255 258 260 262 263 263 263 262 261 260 259 258 256 252 248 245 249 254 258 261 262 263 263 262 260 257 255 252 249 248 252 256 257 259 258 258 258 258 257 257 256 255 253 252 251 249 248 251 253 253 253 252 251 249 250 252 253 254 254 253 253 252 250 249 247 244 242 241 240 239 238 236 234 233 234 237 240 242 244 246 248 249 250 250 251 250 250 249 250 250 249 249 248 246 244 243 244 246 247 248 249 250 250 249 249 248 247 245 243 242 246 248 250 252 253 254 255 257 257 258 259 259 259 258 257 254 249 246 253 259 261 263 264 265 265 265 264 264 263 262 262 262 262 261 260 257 254 259 263 265 264 263 263 265 267 268 270 271 270 270 269 268 267 267 266 264 261 265 268 269 271 272 273 273 274 273 273 273 273 273 274 275 277
279 280 282 283 284 286 287 288 289 289 290 290 289 289 290 293 296 298 299 301 300 296 299 310 319 328 334 340 346 351 354 352 348 343 337 330 321 316 317 314 310 305 300 295 288 284 281 278 277 277 276 275 272 270 269 269 265 263 265 265 264 261 261 261 260 258 257 257 257 256 255 254 254 255 254 253 251 249 248 250 252 253 255 257 258 261 262 264 269 274 278 282 285 288 290 289 285 280 277 275 272 270 270 270 273 275 275 275 276 274 275 274 274 273 273 276 274 275 275 275 275 275 275 274 273 270 268 266 264 263 262 262 264 264 264 263 263 263 262 262 261 261 261 260 260 260 259 257 254 251 255 259 260 261 263 263 264 264 264 264 264 264 263 263 262 262 261 260 259 258 257 257 258 258 258 258 258 258 258 258 258 257 256 256 255 255 256 256 257 257 256 255 253 250 243 236 234 236 242 247 251 254 257 258 259 260 260 260 260 260 260 260 260 260 260 260 259 258 257 260 262 263 264 264 263 262 261 260 258 256 251 247 246 251 256 259 261 263 264 264 262 261 259 256 254 251 248 251 255 258 259 260 259 259 259 259 258 258 256 255 254 253 251 249 251 253 254 254 253 253 251 250 252 254 255 255 255 254 252 250 248 247 245 244 243 242 241 239 237 234 234 235 237 239 242 244 246 248 249 250 251 251 251 251 251 251 250 250 249 248 246 244 243 246 248 249 250 250 251 251 251 250 249 247 246 244 242 247 250 252 254 255 256 257 258 259 260 261 261 260 260 258 255 251 247 253 259 263 265 266 266 266 266 266 266 265 265 264 264 264 264 263 260 256 257 260 264 264 265 265 266 268 270 271 272 272 272 271 271 270 269 268 267 263 267 270 271 273 274 274 275 276 275 276 276 276 275 275 276 277
281 281 283 284 286 287 289 290 291 291 291 292 292 291 289 293 296 299 300 302 303 300 296 308 318 328 336 342 347 352 354 353 349 344 337 328 323 326 324 318 312 305 300 294 289 284 281 280 277 274 275 273 267 267 267 267 266 266 267 267 266 263 263 262 261 260 259 259 259 258 257 255 255 255 254 253 250 249 249 250 253 254 255 256 258 261 262 265 269 274 279 283 286 287 288 288 287 282 279 277 275 273 273 273 274 276 276 276 276 274 275 274 273 273 275 273 274 274 275 275 275 276 276 275 273 271 269 266 265 263 263 264 265 265 265 264 264 264 263 264 263 263 262 262 261 261 260 258 255 252 257 260 262 262 263 263 264 265 265 265 265 265 264 263 263 262 261 260 260 259 258 258 259 259 259 259 259 259 259 259 259 258 258 257 257 257 258 258 258 258 257 255 253 246 238 234 235 238 244 249 253 255 258 259 260 261 261 261 261 261 262 262 261 262 262 261 260 259 258 260 263 264 265 265 264 263 262 260 259 255 250 248 248 253 257 260 263 263 264 264 264 262 260 258 256 253 250 250 254 258 260 260 261 261 261 260 260 259 258 256 255 254 253 251 251 254 255 255 255 254 253 252 252 254 255 256 255 255 253 251 250 248 247 246 244 243 241 239 237 235 235 236 236 239 241 244 246 248 249 251 252 252 252 252 252 251 251 250 250 249 246 244 244 247 249 250 251 252 252 252 252 251 250 248 247 247 244 246 251 253 255 256 257 258 259 261 262 262 262 262 261 259 257 253 248 253 260 264 266 267 268 268 268 268 267 267 267 267 266 267 268 266 263 260 257 260 263 266 267 267 268 269 271 273 274 274 274 273 273 272 272 270 269 265 269 271 273 274 275 276 277 278 278 278 278 278 278 277 278 278
281 283 284 286 288 289 290 291 292 293 293 293 294 293 293 294 296 299 301 303 304 302 299 302 312 324 334 342 348 353 355 353 349 343 336 331 334 334 331 322 315 307 300 294 289 285 284 283 280 278 276 274 269 266 266 268 269 268 269 268 267 266 264 263 262 261 261 261 261 258 257 256 256 256 255 252 249 248 249 252 254 256 258 259 261 262 265 268 272 276 281 285 288 290 291 290 288 285 282 280 278 278 278 275 275 276 277 276 276 275 275 276 273 273 273 273 273 274 274 275 275 275 275 274 274 272 269 267 267 266 266 265 266 266 266 265 265 265 265 264 264 264 263 263 263 262 261 258 255 253 257 261 263 264 264 264 264 265 265 264 265 264 264 264 263 262 261 260 260 259 259 259 259 259 259 260 260 260 260 260 260 259 259 259 259 259 259 259 259 258 257 255 250 242 236 235 237 239 244 250 253 256 258 260 261 261 262 262 263 263 263 263 263 263 263 262 262 260 259 261 263 265 265 265 265 263 262 261 258 254 250 248 251 256 259 261 263 264 265 265 265 263 261 260 258 256 253 250 254 258 260 261 262 262 262 262 261 260 259 258 257 255 254 252 252 255 256 256 257 256 255 254 254 254 255 257 256 256 255 253 251 250 247 247 245 242 241 238 236 236 236 236 237 238 241 244 247 248 250 251 252 252 253 253 252 252 251 251 250 248 246 244 246 249 250 251 253 253 254 254 253 252 251 249 249 249 246 245 251 254 256 257 258 259 261 262 263 264 264 263 262 261 258 254 249 252 260 264 266 268 269 269 269 270 269 269 269 269 269 270 270 269 267 264 260 262 267 268 268 268 270 272 273 275 276 276 275 275 275 274 274 272 270 267 270 273 275 276 277 278 279 279 280 280 280 280 280 279 280 280
282 283 285 287 288 290 291 292 293 294 295 295 295 294 295 296 297 298 301 303 305 305 303 301 306 317 330 340 348 353 354 353 350 342 338 340 342 342 337 329 318 309 300 295 290 289 287 285 283 281 279 277 274 272 272 272 272 271 270 269 268 267 265 264 263 263 262 261 260 259 258 257 256 255 253 251 249 248 250 253 255 258 259 261 263 264 268 272 276 280 284 288 290 292 292 292 292 289 286 284 281 279 279 279 279 277 277 276 275 275 274 274 273 272 272 273 273 273 273 274 275 275 275 274 273 272 269 268 267 266 266 267 267 267 267 266 266 266 266 267 266 265 264 264 264 262 262 259 255 253 258 262 264 265 263 265 265 265 265 265 264 264 264 263 263 262 261 260 260 259 259 259 259 260 260 260 260 260 260 261 261 261 260 260 260 260 260 260 260 259 256 253 246 238 235 236 241 242 243 249 254 257 259 261 261 262 263 263 264 264 264 264 264 264 264 263 262 260 261 263 264 265 266 266 266 264 262 261 258 253 250 249 255 258 261 263 264 266 266 266 265 264 263 261 259 257 254 251 253 258 261 262 263 263 263 263 262 261 260 259 258 257 255 253 253 254 257 257 258 258 257 256 256 255 255 257 257 257 256 255 253 251 250 248 245 242 240 237 236 236 237 238 239 239 240 243 246 248 250 251 252 252 253 253 252 252 251 251 250 248 246 245 247 250 252 253 254 254 255 255 254 253 252 251 251 250 247 245 250 255 257 258 260 261 262 263 264 265 265 264 263 262 260 256 251 253 259 264 266 268 270 270 272 271 271 272 271 271 271 272 272 271 269 266 262 263 269 270 270 271 273 275 276 276 277 277 277 278 277 276 275 274 273 269 270 274 276 278 279 280 280 281 282 282 282 282 282 281 282 282
282 283 285 287 289 290 292 293 293 294 295 296 296 296 297 298 299 301 302 304 306 306 305 303 305 311 325 338 346 353 355 354 349 348 348 346 348 347 342 333 322 312 304 298 294 292 290 287 285 284 282 279 277 276 275 274 274 274 272 270 269 269 266 265 264 264 263 262 260 260 259 258 256 254 252 250 249 249 252 255 256 258 260 262 264 267 271 276 280 284 288 291 292 294 296 296 295 294 291 287 285 283 279 279 279 279 277 276 275 274 273 270 272 272 271 271 273 273 273 272 274 275 274 274 273 272 271 270 268 268 267 268 268 268 268 267 267 268 268 267 266 266 265 265 264 263 261 258 256 255 259 262 261 265 265 265 265 265 265 265 264 264 264 263 263 262 261 260 259 259 258 258 259 259 260 260 261 261 261 261 261 261 261 261 261 261 261 260 260 259 255 250 242 236 236 239 245 247 247 247 253 256 258 260 261 262 263 264 265 265 265 265 265 265 264 263 261 261 262 264 265 266 267 267 266 264 263 260 257 251 249 252 257 260 262 264 266 267 267 267 266 266 264 262 261 259 256 252 253 258 261 263 264 264 264 264 263 262 262 261 260 259 257 256 255 255 257 258 259 259 259 258 258 258 257 257 258 258 257 256 254 252 250 248 244 241 238 237 236 237 239 241 241 241 241 242 244 247 249 251 252 253 253 253 253 252 252 251 250 248 245 247 249 252 253 254 255 255 256 255 255 254 253 253 253 252 250 246 248 255 258 260 261 262 263 265 265 266 266 266 265 263 261 258 254 255 258 263 267 269 270 271 273 273 273 273 273 273 273 274 274 273 272 268 265 263 269 271 271 273 276 277 277 278 278 279 279 279 279 278 277 276 275 272 271 275 278 279 280 281 282 283 283 283 283 283 283 283 283 283
281 282 285 286 288 290 291 293 294 294 296 296 297 297 298 299 301 303 304 305 307 308 306 306 307 310 319 336 345 351 355 355 354 352 352 352 353 351 347 337 328 318 309 302 298 294 291 290 288 286 284 281 280 279 277 275 276 275 273 272 271 270 268 267 266 264 263 263 262 261 260 258 254 252 251 249 249 250 253 255 257 259 261 263 265 268 272 278 283 288 292 294 296 298 300 300 299 297 294 291 288 286 285 279 279 278 277 277 275 274 271 271 271 269 269 272 269 270 272 270 271 273 273 273 273 272 271 271 269 269 268 268 269 268 268 268 268 268 267 266 266 266 265 265 264 263 260 257 256 261 261 263 264 265 265 265 264 264 263 263 263 263 263 262 262 261 260 259 258 256 255 256 256 256 258 260 260 261 261 261 262 262 262 262 261 261 261 261 260 258 252 246 239 236 237 244 249 251 251 250 249 254 258 260 262 262 264 265 266 266 266 266 266 265 264 263 261 262 264 265 266 267 267 267 266 265 263 260 255 250 249 255 259 262 264 266 267 268 268 268 267 267 265 263 262 260 256 253 254 258 262 265 265 266 265 265 264 264 263 262 261 260 259 258 256 256 258 259 260 260 260 260 260 260 260 259 259 259 258 257 255 253 250 247 243 240 238 238 238 238 240 242 243 243 242 242 244 246 248 250 251 252 253 253 253 253 252 251 249 247 246 248 251 253 254 255 256 256 257 256 256 255 255 255 255 254 252 248 248 254 259 261 262 264 265 266 266 267 267 267 266 264 262 259 253 255 259 263 267 269 270 272 274 274 275 275 275 275 276 276 276 275 273 270 266 264 270 272 273 274 276 277 278 279 280 281 281 280 280 280 279 278 277 275 273 275 278 280 282 283 283 284 285 285 285 285 285 285 285 284
279 281 283 285 287 289 290 292 293 294 295 297 298 299 299 300 302 304 306 307 309 309 309 310 310 312 316 330 344 350 354 357 356 356 356 356 355 353 349 341 332 322 314 308 302 297 294 292 289 287 286 284 283 282 280 279 277 276 275 273 271 270 269 267 266 265 264 264 263 262 260 257 253 250 249 249 250 254 254 255 257 259 261 263 265 268 273 280 287 292 296 299 301 302 303 303 301 299 297 294 293 291 287 283 279 278 277 276 274 274 272 272 270 269 268 268 268 270 269 269 270 271 271 272 272 272 271 270 270 269 269 269 268 268 268 268 267 267 267 266 265 265 265 264 262 260 261 256 257 259 262 264 265 265 265 264 264 263 261 261 260 260 261 261 260 260 258 256 253 251 251 251 252 253 255 257 258 260 261 261 261 261 262 262 262 262 261 260 259 255 249 242 237 236 240 247 252 255 255 255 253 252 255 257 260 262 262 264 266 266 267 267 266 266 264 263 263 264 265 267 267 268 268 268 267 265 263 259 253 250 251 257 260 263 265 267 268 269 269 269 269 268 266 264 262 261 257 254 255 260 263 266 266 267 267 266 266 265 265 264 263 262 261 260 258 258 259 260 261 261 261 261 261 261 259 259 259 259 260 258 256 253 250 246 241 240 239 240 240 240 241 244 245 245 245 244 243 245 247 249 250 252 253 253 253 253 252 251 249 247 247 249 252 254 255 255 257 257 258 257 257 256 256 257 257 256 253 249 249 255 259 262 264 265 266 267 268 268 267 267 267 265 263 262 256 254 259 262 266 268 270 273 275 275 276 276 277 277 278 278 277 276 275 272 268 265 270 275 274 274 276 278 279 281 282 282 282 282 282 282 281 280 279 278 276 276 279 281 283 284 285 285 286 286 286 286 286 286 285 285
277 279 281 282 284 286 289 290 292 293 295 296 297 298 301 301 303 306 308 309 311 312 312 313 314 315 318 325 339 348 356 357 357 357 357 356 355 352 348 343 334 326 320 314 307 302 297 293 290 288 287 285 284 283 281 279 278 277 275 273 272 271 269 268 267 266 265 265 264 262 260 257 252 250 249 250 251 254 255 255 257 259 261 264 266 269 274 281 289 295 301 303 305 308 308 306 304 301 297 296 293 289 285 281 279 278 277 275 274 273 272 270 270 269 267 267 267 267 267 268 268 268 269 271 270 271 270 270 269 269 268 268 268 268 267 267 267 267 265 265 264 263 262 260 258 257 257 257 260 262 264 265 265 265 265 263 261 259 258 257 257 257 257 258 257 256 254 251 248 247 247 246 246 248 250 253 255 257 259 260 260 261 261 261 261 261 260 260 258 252 245 238 237 238 244 250 255 258 258 258 256 255 255 256 259 262 263 264 266 267 267 267 267 266 265 264 264 266 267 268 268 269 269 268 267 265 263 258 251 250 253 258 262 264 266 268 269 270 270 270 270 268 267 265 263 262 257 254 257 261 264 266 267 268 268 267 267 267 266 265 264 263 262 261 261 260 260 261 262 263 263 263 262 263 262 261 260 260 260 259 256 253 249 243 240 240 242 243 242 241 242 245 247 247 247 246 246 245 245 248 250 251 252 253 253 253 252 251 249 248 248 250 252 254 255 256 257 258 259 258 258 258 258 259 258 257 255 250 250 256 260 263 265 266 267 268 269 268 268 268 268 266 264 262 256 255 257 261 264 268 271 274 278 277 277 279 280 280 280 279 278 277 276 273 269 268 273 276 277 275 277 279 281 282 283 283 284 284 284 283 283 282 281 281 279 279 279 282 284 285 286 286 287 287 287 288 288 288 287 286
271 274 276 277 278 280 282 285 289 291 292 294 296 298 301 302 304 307 309 312 313 314 316 317 318 319 322 326 337 349 356 357 357 357 355 352 351 347 343 340 333 327 323 317 312 305 299 294 289 287 286 285 285 283 281 280 278 277 275 274 272 271 269 269 268 268 266 266 265 263 260 255 250 249 249 250 253 256 257 258 258 259 260 263 266 269 273 281 289 296 302 306 309 313 312 308 305 301 297 294 290 286 283 280 279 279 278 276 276 274 273 272 270 269 268 269 267 266 266 267 266 267 268 269 269 270 269 269 269 268 268 267 267 267 266 266 265 264 263 262 260 259 258 258 258 259 260 260 262 264 265 265 265 264 264 261 258 254 253 252 251 251 252 253 253 251 249 247 246 247 247 246 244 244 246 248 250 252 255 256 258 259 259 259 259 259 259 258 255 250 242 237 237 241 246 252 257 259 260 260 260 259 258 259 261 263 264 265 266 267 268 268 268 267 267 266 266 267 268 269 270 269 269 269 267 265 262 257 251 252 256 258 262 265 267 269 270 270 271 271 271 269 268 266 264 262 258 256 259 263 265 267 268 269 269 268 268 268 267 266 265 264 263 263 262 262 262 263 264 264 264 264 264 264 263 262 262 261 260 259 256 252 246 241 240 242 245 247 245 244 243 245 248 249 248 248 247 247 247 247 248 250 251 253 254 254 253 252 250 248 248 250 253 254 255 257 258 259 260 259 259 259 260 260 260 259 256 251 252 257 261 264 266 267 268 269 270 270 269 269 268 266 264 260 254 256 258 260 264 268 272 275 279 279 279 281 283 282 281 281 280 279 278 274 269 268 274 278 279 278 278 280 282 284 284 285 285 286 286 285 284 284 283 283 282 282 281 282 285 286 287 287 288 289 289 289 289 288 288 288
272 271 274 278 282 284 285 288 289 291 293 295 297 299 301 303 306 308 310 313 315 317 318 319 321 323 325 329 337 349 355 356 357 355 349 347 340 336 332 330 326 325 322 319 313 305 299 292 285 284 283 283 283 281 280 279 278 277 275 273 272 271 270 270 269 268 266 266 264 262 258 253 250 250 250 251 254 257 259 261 261 261 262 263 265 269 273 281 289 296 302 307 311 314 314 308 305 300 295 290 287 284 282 281 281 280 279 278 277 275 274 272 271 269 269 270 269 267 266 266 265 265 267 267 268 268 268 268 267 266 265 264 264 264 263 262 261 261 260 259 260 261 261 261 262 263 263 264 265 266 266 266 266 264 262 259 255 251 249 249 250 249 249 249 248 247 247 246 246 247 248 248 246 244 244 243 245 247 249 252 253 254 255 255 255 255 254 254 251 245 239 237 238 244 248 254 259 260 262 263 262 262 261 262 263 265 266 266 267 268 268 269 269 269 268 267 267 268 269 270 270 270 270 269 267 265 262 256 250 255 260 261 262 265 268 270 271 271 272 272 272 270 269 267 265 263 259 257 260 264 267 268 269 270 270 270 270 270 268 267 266 265 264 264 264 264 263 264 265 265 265 265 265 266 265 264 263 263 261 258 255 250 244 241 242 246 249 250 248 246 244 246 248 250 251 251 250 250 249 248 248 249 250 252 253 254 253 252 251 249 249 251 253 255 256 258 259 260 261 261 261 261 262 262 261 260 257 252 253 259 263 265 267 268 269 270 271 271 271 270 269 267 262 258 257 258 259 260 264 269 273 276 279 280 282 284 284 283 282 282 281 281 279 275 271 269 276 279 280 281 279 281 283 285 286 286 287 287 288 287 287 286 286 286 285 284 284 283 285 287 288 288 289 290 290 290 289 289 288 288
278 275 278 280 283 286 289 291 292 293 295 297 298 300 303 305 308 310 313 314 316 318 320 321 323 325 327 330 337 348 351 354 351 349 345 339 327 321 318 315 310 311 312 313 309 303 296 290 283 279 277 276 275 276 275 275 274 274 273 272 271 270 269 268 268 268 266 266 263 260 256 250 250 250 252 253 255 257 260 262 263 263 264 265 267 268 272 278 285 293 301 308 313 315 314 308 305 300 293 290 287 285 284 283 283 282 281 279 278 276 274 271 270 271 270 269 268 268 266 265 265 265 265 265 267 267 264 265 265 264 264 261 260 261 260 260 261 261 262 262 263 263 264 265 265 265 266 267 267 267 267 266 266 264 263 258 253 249 251 253 254 253 252 251 250 250 248 247 248 251 252 252 250 249 246 245 243 242 243 245 247 247 247 247 247 247 247 246 243 240 238 238 241 245 253 258 260 262 264 264 264 264 263 263 265 267 267 268 269 269 269 270 270 270 269 268 269 269 270 271 271 271 270 269 267 264 261 256 251 258 263 264 265 266 268 270 272 272 272 272 272 271 269 268 266 264 259 258 261 265 268 269 270 271 271 271 271 270 269 269 268 267 266 266 266 265 265 265 266 266 266 267 268 268 267 265 264 263 260 257 253 247 243 242 246 250 252 252 251 249 247 246 249 250 252 252 252 252 251 251 250 250 251 252 254 254 254 253 251 250 249 251 253 255 257 259 260 261 262 262 262 263 263 263 263 261 258 253 253 259 264 267 268 269 270 271 272 272 271 271 269 266 261 258 259 260 261 264 265 270 274 277 279 281 283 285 285 284 284 284 283 282 280 277 271 271 277 281 282 283 282 282 284 286 287 288 289 289 290 289 288 289 288 288 288 287 286 286 286 288 288 289 290 290 290 289 289 289 289 288
280 279 280 282 284 287 290 292 294 295 296 298 301 303 305 307 310 313 316 317 318 319 321 322 324 325 326 329 334 344 347 346 343 341 337 331 320 308 305 303 301 298 298 299 298 294 289 284 278 275 274 271 270 269 269 268 268 269 269 268 266 266 266 266 266 266 265 263 260 256 253 250 250 251 253 254 256 258 261 264 265 266 266 268 269 271 272 276 284 294 303 311 317 317 313 308 303 298 294 292 290 287 286 285 285 283 282 280 278 277 276 273 272 270 270 270 268 267 266 266 265 265 265 265 264 265 267 263 263 262 261 261 261 261 262 264 264 264 265 266 266 267 267 267 267 267 268 268 268 268 268 267 266 264 261 255 251 250 254 257 258 258 256 255 253 251 249 248 250 254 255 255 254 253 250 248 246 244 243 242 241 242 242 242 242 242 241 240 239 238 238 239 246 251 255 259 262 264 265 265 266 266 266 266 267 267 268 269 269 270 270 271 271 271 271 270 271 271 271 272 272 272 271 270 268 266 262 257 252 259 265 267 267 268 268 271 272 273 273 273 272 272 270 269 267 265 260 257 261 266 269 270 271 272 271 272 271 271 270 269 268 268 268 267 267 267 267 267 267 268 267 268 269 269 268 266 265 262 259 255 250 245 242 245 250 253 254 254 253 252 250 248 248 251 253 254 254 254 253 253 252 251 252 253 255 255 255 254 252 250 250 251 253 255 257 259 260 262 263 264 263 264 264 264 263 262 259 253 255 261 266 268 269 271 271 272 273 273 272 271 269 265 260 259 260 262 264 266 266 271 276 279 280 282 284 285 285 285 285 285 285 283 281 278 273 272 279 282 283 284 284 283 284 286 288 289 290 291 292 291 291 290 290 289 289 289 288 289 289 289 290 290 291 291 290 289 288 288 288 287
282 281 281 284 286 288 291 293 295 297 298 301 304 307 309 311 314 316 318 320 321 321 322 323 323 325 324 326 328 337 338 335 330 332 329 320 312 306 301 298 296 295 295 294 291 288 285 282 279 276 274 274 270 267 266 265 264 264 264 263 263 262 261 261 262 261 261 259 256 254 252 250 250 252 255 256 257 259 262 265 267 268 268 270 273 275 276 279 286 295 306 312 319 318 314 309 304 299 297 294 291 289 288 287 286 285 283 281 279 277 277 275 274 273 271 271 271 270 266 266 266 265 265 265 264 263 263 262 261 261 263 263 263 263 264 265 266 267 267 267 268 268 268 268 269 269 269 269 269 268 268 267 266 263 259 254 250 253 258 261 261 261 260 258 256 253 249 248 252 256 258 258 257 256 255 252 249 246 246 243 243 243 241 240 240 239 239 239 239 239 239 241 247 253 257 261 263 265 266 267 267 268 268 268 269 269 269 270 270 271 271 271 272 272 272 272 272 272 273 273 273 273 272 270 268 265 261 257 252 259 265 268 269 270 270 271 272 273 274 274 273 273 271 269 268 265 261 258 262 267 270 271 272 273 273 273 273 272 271 271 270 270 270 269 269 268 268 269 269 269 269 270 269 269 269 267 264 261 258 254 249 244 244 249 254 255 256 257 256 254 252 250 249 250 253 254 255 255 255 255 254 254 254 255 255 256 255 254 253 251 250 251 253 255 257 259 261 262 264 265 265 265 266 265 264 263 258 253 258 263 267 269 271 272 272 273 274 274 272 271 268 264 261 261 263 265 267 268 268 272 277 280 281 283 285 285 285 286 287 286 286 285 283 279 273 274 280 284 285 286 286 286 285 287 289 290 291 292 293 293 292 292 292 291 291 291 290 290 290 291 291 291 292 291 290 289 289 289 288 287
282 283 283 284 287 289 291 293 295 297 299 303 307 310 312 314 316 318 319 320 321 322 322 322 322 321 322 320 320 326 326 320 316 322 320 314 306 303 299 295 293 292 294 294 293 291 288 286 284 280 280 279 276 274 271 268 266 263 262 261 260 259 258 257 256 257 257 256 254 253 251 250 251 253 255 257 259 261 264 266 269 271 272 273 276 278 280 283 289 297 307 315 320 319 315 311 306 301 298 295 293 291 290 289 288 286 285 282 280 279 278 277 275 274 273 272 271 270 268 268 267 266 265 265 264 263 263 262 262 262 263 264 264 265 266 267 268 268 269 269 269 269 270 269 269 269 269 269 269 269 268 267 266 263 258 253 251 256 261 264 264 263 262 260 258 254 250 250 252 256 259 260 260 259 258 256 254 252 247 247 246 246 245 243 243 242 241 241 240 239 239 241 248 254 258 262 264 266 267 268 268 269 269 269 270 270 271 271 272 272 272 273 273 273 273 273 273 273 274 274 274 273 271 270 268 266 263 258 253 259 265 270 271 272 272 272 273 274 274 275 274 273 272 270 268 265 262 260 262 267 270 271 273 273 274 274 274 273 273 272 272 272 271 271 270 270 270 270 270 270 270 269 270 269 268 266 264 261 257 253 247 243 246 253 256 258 259 258 258 257 255 253 252 251 252 255 256 257 257 257 257 257 257 257 257 257 256 254 253 252 251 252 253 255 257 259 261 263 265 266 267 267 266 266 265 263 257 254 261 265 269 271 272 273 274 274 274 274 272 269 264 264 263 264 265 267 268 269 269 271 276 280 282 284 286 286 287 288 288 288 287 286 284 279 274 276 282 285 287 288 288 288 288 288 290 291 292 293 294 294 294 294 294 293 293 293 292 292 292 292 293 293 293 293 292 292 291 291 291 290
283 284 285 286 287 289 291 293 296 298 300 304 308 310 313 315 316 317 319 319 320 321 321 321 319 319 317 315 312 311 308 305 304 305 307 305 303 300 297 294 291 289 291 293 293 293 291 289 286 284 283 282 279 277 275 272 270 268 266 263 262 261 259 257 256 255 256 254 253 253 251 251 251 253 256 258 260 262 265 268 270 273 274 275 278 280 284 286 291 299 308 315 322 320 316 312 307 303 299 297 295 293 291 290 289 288 286 284 282 281 279 279 278 276 275 273 273 271 270 269 266 266 267 266 265 264 263 262 262 262 263 264 265 266 267 268 269 268 269 269 270 270 270 270 270 270 270 270 270 270 269 268 266 263 257 252 253 259 264 265 266 265 264 262 260 256 251 251 253 257 261 262 262 261 260 259 257 254 252 249 248 250 250 249 249 248 247 246 245 241 240 241 248 255 259 262 265 266 268 269 269 270 271 271 271 271 272 273 273 273 274 274 274 274 274 274 275 275 275 275 275 274 272 270 269 268 265 259 254 258 266 271 273 273 273 273 274 275 276 276 275 274 273 271 269 265 261 262 264 266 269 271 273 274 274 275 275 275 274 274 274 273 273 272 272 271 271 271 271 271 271 271 270 269 268 266 263 261 257 252 247 244 247 255 257 259 260 260 260 259 258 256 254 253 253 254 257 258 258 258 258 258 259 259 258 258 257 255 254 252 252 253 254 255 257 259 261 263 266 267 268 268 268 267 265 263 256 256 263 267 271 272 273 274 275 275 274 273 269 266 267 267 266 266 268 269 270 272 273 274 275 279 282 285 287 288 289 290 290 289 289 287 285 280 276 277 283 286 288 289 290 290 291 290 291 293 294 294 295 295 296 296 295 295 295 295 294 295 294 293 294 294 295 295 295 294 293 293 293 292
283 284 285 287 288 290 292 294 296 298 301 303 307 310 313 314 315 316 317 318 317 318 318 318 316 313 311 308 305 302 299 299 299 298 299 299 299 297 295 292 289 286 287 291 292 292 291 290 288 286 285 284 282 279 276 275 271 270 268 266 264 262 261 259 257 256 257 255 254 254 251 251 251 254 256 258 261 264 266 269 272 275 276 278 280 282 285 289 294 300 309 318 323 321 316 312 308 303 299 298 295 293 292 291 290 289 288 286 284 283 281 280 279 278 276 273 273 271 270 270 269 269 268 266 265 264 263 263 263 264 263 264 265 266 268 268 269 269 270 270 270 270 270 270 270 270 271 271 271 270 269 268 266 263 256 251 255 261 266 267 267 266 265 263 261 256 251 250 254 259 262 264 264 263 262 261 259 257 255 252 251 251 254 254 253 253 252 251 247 243 241 242 247 254 259 263 265 267 269 270 270 271 272 272 272 272 273 274 274 274 275 275 275 276 276 276 276 276 276 276 276 275 273 272 271 269 266 260 255 260 267 272 274 275 275 275 276 276 277 277 276 275 274 272 269 264 261 266 268 269 269 270 273 274 275 275 276 276 276 275 275 275 274 274 273 272 272 272 272 272 272 272 271 269 268 266 263 260 256 252 247 245 247 255 258 260 262 262 262 261 260 259 257 256 255 255 256 258 259 259 260 260 259 260 260 259 258 256 255 254 253 255 255 255 257 260 262 264 266 267 268 268 268 267 265 261 255 259 266 269 272 274 275 276 276 276 275 271 268 268 269 269 268 268 270 272 274 275 277 278 277 279 282 285 287 289 290 291 291 290 290 289 286 282 278 277 282 286 289 290 291 292 292 293 294 294 295 296 296 297 297 297 297 297 297 296 296 296 296 296 296 296 297 297 296 296 296 295 295 294
283 284 286 287 289 290 292 294 295 298 300 302 305 309 311 313 314 315 315 314 311 314 315 315 314 310 307 305 302 300 298 295 295 295 295 296 296 294 293 292 288 284 282 286 289 290 290 290 288 288 287 285 282 280 277 277 273 271 269 267 265 264 262 261 259 259 258 258 256 254 252 252 252 254 257 259 262 264 267 270 273 276 277 280 281 283 286 289 295 302 311 318 321 320 316 312 307 303 299 297 295 293 292 291 290 289 288 288 286 285 284 282 280 279 277 276 273 272 271 270 269 268 267 267 265 264 263 264 263 265 264 264 265 266 268 268 268 269 269 270 270 270 270 270 270 270 271 271 271 270 270 268 266 262 253 252 257 263 267 268 268 268 266 264 260 255 252 250 256 261 264 266 266 265 264 263 261 259 258 255 253 255 257 257 257 256 255 253 249 244 241 243 245 252 258 262 265 267 269 270 271 272 272 273 273 273 274 275 275 275 276 276 277 277 277 277 278 278 278 278 277 276 275 274 273 271 267 261 255 260 268 273 275 276 277 277 278 278 278 278 277 276 275 272 268 264 264 269 270 271 271 270 272 274 276 276 277 277 277 277 277 276 276 275 274 274 273 273 273 272 272 272 270 269 268 266 263 259 254 249 246 246 246 251 257 261 263 263 263 263 262 261 260 259 258 258 256 258 260 261 261 262 261 261 261 260 259 257 256 254 255 257 258 257 257 259 262 264 266 267 268 268 268 267 265 260 257 262 268 271 273 275 276 277 277 276 274 269 270 270 271 271 270 271 272 275 276 278 280 280 281 281 284 286 288 290 291 292 293 292 291 290 287 284 280 278 282 287 289 291 293 294 294 295 295 296 296 297 298 298 299 298 299 299 298 298 298 298 298 298 298 298 298 298 298 298 297 296 296 296
281 283 285 286 288 290 292 293 295 297 299 301 303 305 308 310 311 312 311 310 305 307 310 312 311 308 304 302 299 298 296 293 291 292 292 293 293 292 291 290 288 285 279 283 286 288 289 289 289 288 287 285 283 282 278 276 274 272 270 268 267 265 263 262 261 260 260 259 256 254 252 252 251 254 257 260 263 265 268 270 274 276 278 280 282 284 287 290 293 302 311 319 323 320 316 311 306 301 298 295 293 292 291 290 289 288 287 287 287 287 285 283 281 278 276 275 273 272 271 270 269 268 267 266 266 263 265 265 265 267 265 265 265 266 267 268 269 269 269 269 269 269 270 270 270 270 270 271 271 270 269 267 265 260 254 253 259 265 268 269 269 268 267 265 261 256 251 250 256 262 266 267 268 267 266 265 264 262 260 258 255 257 259 259 259 258 257 254 250 245 241 242 245 249 255 260 264 267 268 270 272 273 274 274 275 275 276 276 276 276 277 278 278 278 278 279 279 279 279 279 278 277 277 276 274 272 268 261 256 261 270 274 277 278 279 279 279 279 279 279 278 277 275 272 267 264 267 271 273 274 274 274 273 274 276 277 278 278 278 278 278 277 277 276 275 274 274 273 273 272 272 271 270 268 267 264 261 255 251 248 248 250 248 248 254 260 263 264 265 265 265 264 263 262 262 261 259 259 260 262 263 263 263 263 262 262 260 259 257 256 256 259 259 259 259 259 262 264 266 268 269 269 268 268 265 260 258 265 269 272 274 276 277 277 278 276 272 270 272 273 273 273 273 273 274 278 279 281 282 284 284 284 286 287 289 291 293 293 294 293 292 291 289 285 282 279 281 286 289 292 293 295 295 296 297 297 298 298 299 299 300 300 300 300 300 300 300 300 300 300 299 299 299 299 299 299 299 298 298 297
277 281 284 285 287 289 291 292 294 296 297 299 301 302 304 305 308 308 306 302 300 300 305 308 309 306 303 299 297 295 295 293 290 288 289 291 292 290 288 287 287 285 281 279 283 285 287 287 287 287 286 284 282 281 278 276 274 272 270 269 267 266 264 263 262 261 260 257 255 254 253 252 251 252 255 260 263 265 268 270 273 275 277 280 282 284 286 288 292 299 310 318 321 320 314 308 303 298 295 292 291 289 288 287 287 286 285 285 286 285 284 283 280 278 276 274 272 271 270 269 268 267 266 266 266 267 267 266 266 267 266 266 266 266 267 268 269 269 268 268 268 268 268 268 269 270 270 270 270 269 269 266 262 257 253 254 261 267 269 270 269 269 267 265 262 257 252 250 256 262 266 269 269 269 268 267 266 264 262 260 258 259 261 260 261 260 257 255 249 244 243 244 244 245 249 254 259 263 267 269 271 273 274 275 275 276 276 276 277 278 278 278 278 279 279 280 280 280 280 279 278 279 278 277 276 273 268 261 256 263 271 276 278 280 280 280 280 280 280 280 279 278 276 272 267 266 270 273 274 276 276 276 276 276 277 278 279 279 279 279 279 278 277 277 276 275 274 273 273 272 271 270 269 267 265 262 257 252 249 250 253 254 252 249 251 256 262 265 266 266 266 266 265 264 264 263 262 262 261 263 264 265 265 264 264 263 262 260 258 256 258 260 261 261 261 260 262 264 267 268 269 269 268 267 265 260 259 265 270 273 276 278 279 278 278 276 273 273 274 275 275 276 276 277 276 278 282 284 285 286 287 287 288 289 291 293 294 295 295 295 294 292 290 286 282 282 282 284 288 292 294 295 297 297 298 299 299 300 300 301 301 302 302 302 302 302 302 302 301 301 300 300 300 300 299 299 299 298 298 297
274 275 277 280 284 287 289 290 292 294 295 298 300 300 301 300 301 302 300 297 292 294 301 304 305 304 300 298 296 293 292 292 290 287 286 288 290 289 288 285 283 282 280 276 279 282 284 284 285 284 284 282 280 278 277 274 273 271 270 268 267 266 264 263 260 258 257 256 256 255 254 253 252 251 253 258 261 263 266 269 271 274 276 278 281 283 284 287 289 293 303 311 315 313 309 304 298 293 290 288 286 285 284 283 282 282 282 282 283 284 283 282 279 277 276 274 272 272 270 269 268 267 267 267 267 267 268 268 270 266 267 267 267 267 267 268 268 269 268 268 267 267 266 267 268 269 269 270 270 269 267 265 259 254 252 257 263 268 269 270 270 269 267 265 262 257 253 251 255 261 267 270 271 271 269 269 268 266 265 263 261 260 262 262 261 261 258 254 248 244 245 248 248 245 244 248 252 257 262 266 270 272 273 274 275 276 276 277 278 278 279 279 279 280 281 281 281 281 281 279 279 279 279 278 276 273 268 261 257 265 272 277 279 281 281 282 282 282 282 281 280 278 276 272 267 269 272 275 276 277 278 278 278 278 279 280 280 280 280 280 280 279 278 277 276 274 273 272 271 270 269 268 267 265 261 258 253 251 250 255 257 257 256 252 250 253 259 264 266 267 267 267 267 267 266 266 265 264 264 264 265 266 266 266 265 264 263 261 258 258 259 261 263 263 263 262 263 266 268 269 270 269 268 267 265 262 259 262 269 275 278 279 280 280 279 277 274 277 277 278 279 280 281 281 279 279 283 286 287 288 289 290 291 292 293 294 296 296 297 296 295 294 291 287 284 286 286 284 285 290 293 295 297 298 299 300 301 301 302 302 302 303 303 304 304 303 303 302 301 300 300 300 299 298 298 298 298 297 297 295
279 281 283 284 285 285 287 291 293 295 295 297 299 299 298 297 296 295 293 291 288 290 294 297 300 299 298 296 295 293 290 290 291 289 285 283 288 288 287 285 283 281 279 276 275 279 280 281 281 282 282 281 279 277 275 272 271 269 267 266 265 265 263 262 259 257 257 256 257 257 256 254 252 252 252 254 258 261 264 267 269 271 272 275 277 280 283 284 286 288 294 302 305 304 302 298 293 288 286 285 283 282 281 280 280 280 280 280 280 280 280 280 279 277 276 275 273 271 271 270 269 269 269 269 269 269 271 270 268 269 269 268 268 268 268 269 269 269 268 267 266 265 265 265 267 267 268 269 269 268 266 262 257 253 255 260 264 267 269 270 269 268 266 265 262 257 254 252 254 259 266 270 272 272 271 270 269 268 267 265 263 263 263 264 263 261 259 253 247 243 249 252 252 250 248 247 247 251 255 260 265 269 272 273 274 275 276 277 278 278 280 280 281 282 281 282 282 282 281 280 280 280 280 278 276 273 267 260 261 268 274 278 281 282 282 283 283 283 283 282 280 278 276 271 267 269 274 276 278 279 279 280 280 280 281 281 281 281 281 281 281 280 278 277 276 274 272 270 269 267 266 265 262 259 256 253 252 251 257 260 260 260 258 256 251 251 254 260 264 266 267 268 268 268 268 268 267 267 266 266 267 267 267 267 266 265 263 261 260 259 259 263 264 265 265 265 264 267 269 270 271 271 270 269 265 264 260 261 267 275 278 280 282 282 281 278 275 279 281 283 284 284 284 283 282 280 284 287 289 290 291 292 293 294 295 296 298 298 298 298 297 295 292 288 286 289 289 289 288 288 291 294 296 299 300 301 302 303 303 303 304 304 305 305 305 305 304 303 301 299 298 296 294 294 294 295 295 295 294 293
281 283 285 287 288 289 290 293 295 297 298 298 298 298 295 293 292 290 289 287 285 285 286 288 291 294 294 293 292 291 289 287 289 289 286 282 283 286 286 285 284 282 280 277 273 274 276 277 277 278 279 279 278 277 275 273 271 269 267 265 263 262 261 260 258 259 259 258 258 257 257 255 253 252 252 253 255 258 261 264 266 267 270 273 276 278 280 282 282 285 288 293 298 298 295 291 288 285 284 283 281 280 280 279 278 278 278 277 278 278 278 278 278 277 276 275 273 273 272 271 271 270 270 270 270 271 270 270 271 270 269 269 269 269 269 269 269 269 268 267 266 264 263 263 265 266 266 267 267 266 264 260 254 253 258 263 266 268 269 269 269 268 267 266 263 259 255 253 252 257 264 269 272 273 273 272 271 270 269 267 266 265 265 265 264 261 258 254 247 245 252 255 256 255 253 251 249 247 250 254 259 261 267 272 271 273 275 276 277 278 280 281 281 282 282 283 283 283 283 282 281 281 280 279 275 271 266 259 263 267 273 278 282 283 284 284 284 284 284 283 281 279 274 269 267 270 273 276 279 280 282 282 282 282 282 282 282 282 282 282 281 280 279 278 275 273 271 268 265 263 262 261 257 255 254 253 253 257 261 263 262 262 261 259 256 252 252 255 259 262 264 266 267 269 269 270 269 269 269 269 269 269 269 268 267 265 263 262 262 260 261 264 266 267 267 267 266 268 270 272 272 272 271 270 268 266 262 262 268 275 280 282 283 282 282 280 277 280 283 285 285 286 286 286 285 284 285 288 290 292 293 294 295 296 297 298 299 300 300 299 298 297 294 289 290 292 292 292 291 292 293 293 295 297 298 302 304 304 305 305 305 306 306 306 306 305 304 301 298 294 291 289 286 286 286 287 289 290 291 288
282 285 287 289 291 292 293 296 297 299 300 300 300 299 298 296 293 290 288 285 283 282 283 283 284 286 289 289 289 289 288 286 287 287 286 282 279 283 284 283 283 282 281 279 275 272 272 273 273 275 276 276 277 276 275 274 272 271 269 266 264 262 261 261 260 260 260 260 259 258 258 256 254 252 252 254 254 256 258 261 262 265 268 270 272 275 277 277 279 282 286 289 291 293 291 288 286 283 282 280 279 279 278 277 277 276 275 275 276 276 276 276 276 276 275 274 273 272 272 272 271 271 271 271 270 271 271 271 271 270 270 270 270 270 270 269 269 269 268 266 265 263 262 261 262 263 264 264 264 263 260 256 254 255 260 265 268 269 269 270 269 269 268 267 265 261 257 254 252 255 261 267 272 274 274 274 273 272 271 269 268 267 267 267 265 262 258 252 246 248 255 258 259 259 258 257 254 252 250 253 257 258 261 267 268 270 272 274 275 278 279 280 282 282 283 284 284 284 284 283 282 281 279 278 275 269 263 261 266 272 275 278 282 284 284 285 285 285 285 284 283 279 274 269 270 272 274 277 279 281 283 285 284 285 284 284 284 284 284 283 282 281 280 278 276 274 272 270 266 264 261 258 256 255 258 259 257 258 262 264 264 264 263 262 259 257 255 253 254 257 259 261 265 267 269 270 271 271 271 271 271 271 270 269 269 266 265 264 264 262 262 265 267 268 269 269 267 269 272 273 274 274 272 271 270 268 264 262 269 275 280 283 283 283 283 281 277 281 284 286 288 288 289 289 288 287 286 289 291 293 294 295 297 298 298 299 300 301 301 300 300 299 295 292 294 296 296 296 295 296 296 298 299 299 300 302 304 306 306 307 307 307 307 307 306 305 303 298 293 286 280 275 272 273 273 275 279 282 284 282
282 286 288 290 293 295 297 298 300 301 302 302 301 300 300 298 296 293 291 288 285 281 280 281 281 282 284 285 285 286 286 284 283 285 285 283 278 278 281 282 281 281 281 279 277 275 272 270 269 270 272 273 274 275 274 274 273 272 270 268 266 265 263 262 261 262 262 262 261 260 258 257 255 252 253 253 254 255 256 258 261 263 265 268 271 273 273 273 276 281 284 287 290 290 289 287 284 282 280 279 277 277 276 277 275 274 274 274 273 274 274 275 275 274 274 273 272 271 271 271 271 271 271 271 271 271 271 271 271 271 271 270 270 271 270 269 269 267 266 265 264 263 261 260 259 259 260 260 260 258 255 254 254 257 261 265 268 269 270 270 271 271 270 268 266 263 259 256 254 253 257 264 270 274 275 275 275 273 272 271 270 269 269 268 266 263 258 251 246 249 256 260 261 262 261 260 259 256 253 251 256 262 268 271 273 274 275 276 277 277 278 279 281 282 283 284 285 286 286 284 283 281 280 278 275 268 262 261 271 274 277 280 283 284 285 286 286 285 285 282 281 279 274 270 273 276 276 277 280 282 284 286 285 285 285 285 285 285 285 284 283 282 281 279 278 276 274 272 269 266 262 258 257 261 263 262 260 257 261 265 266 266 266 265 263 261 260 258 257 257 256 257 259 261 266 270 272 272 273 273 273 273 272 271 270 267 267 267 266 264 263 266 268 270 271 271 271 271 274 275 275 275 274 273 271 269 266 263 269 274 279 282 284 284 284 282 279 281 285 288 289 290 290 291 291 290 288 290 292 294 296 298 298 299 300 301 302 302 303 302 302 301 297 296 297 299 299 299 299 300 301 302 302 303 303 303 305 307 308 308 308 308 308 308 307 305 301 296 288 278 269 264 261 258 257 256 259 268 275 275
283 286 288 291 294 297 299 301 303 303 304 304 303 302 301 299 297 294 292 288 286 283 280 279 278 279 280 281 283 283 283 283 281 283 283 282 280 276 276 279 279 280 280 279 278 276 274 271 269 268 268 269 271 272 273 273 273 273 272 270 268 266 265 264 263 264 264 265 263 261 259 258 255 253 253 253 254 255 257 258 259 261 264 267 269 268 270 274 278 281 284 287 289 289 288 286 284 282 280 278 277 277 275 274 273 272 272 272 272 272 272 273 273 272 271 271 270 270 270 270 271 271 271 271 272 272 272 272 271 271 271 271 271 270 269 268 265 264 262 261 260 260 259 259 257 257 257 256 256 254 255 255 256 259 262 266 268 269 270 271 272 272 272 270 268 264 261 258 256 254 254 259 267 273 275 276 276 275 274 273 272 271 270 269 267 263 259 252 247 249 257 262 264 265 264 263 262 260 256 252 255 263 268 273 275 276 277 279 279 279 280 280 281 282 284 285 286 287 287 286 284 282 281 279 274 268 261 264 272 276 279 282 284 285 287 287 287 287 285 283 281 278 274 270 276 278 279 279 280 283 286 287 286 287 286 287 287 287 286 285 284 283 282 280 279 277 275 273 270 266 261 259 261 265 266 266 264 260 260 265 267 268 268 268 267 266 265 264 263 262 262 261 260 259 261 266 271 274 275 275 275 275 274 273 271 270 270 269 268 267 264 266 269 272 273 274 274 274 275 276 276 276 275 273 272 270 265 263 268 274 279 282 284 285 285 283 281 281 285 288 290 290 292 293 293 293 292 291 293 295 297 299 300 301 302 303 304 304 305 304 304 302 299 298 300 301 302 303 303 303 304 304 305 305 306 306 306 308 309 309 309 309 309 308 306 304 300 291 283 272 266 260 254 253 251 250 250 253 264 267
281 285 288 292 295 298 301 303 305 305 306 305 305 304 302 300 298 295 292 289 286 283 281 279 277 277 278 280 280 281 281 280 279 281 281 282 280 277 274 273 277 278 278 279 278 277 275 273 270 268 266 266 267 269 271 272 273 272 272 271 269 269 267 266 265 265 266 266 264 262 260 258 256 254 253 252 254 257 259 260 260 260 262 265 265 268 272 276 279 282 285 287 289 290 288 286 285 283 282 280 279 278 276 275 274 273 272 271 271 270 272 270 270 270 269 268 268 267 267 268 269 270 270 271 271 271 271 271 271 271 271 271 270 268 266 264 262 260 258 258 258 257 257 257 257 257 256 255 256 255 256 257 258 260 262 265 267 269 270 271 272 273 272 271 270 267 264 261 258 255 253 257 263 270 275 277 277 276 275 274 273 272 271 270 268 264 259 254 248 248 257 263 266 266 266 266 265 263 260 255 252 260 267 272 276 277 279 280 281 281 282 282 282 282 284 285 287 287 288 287 285 283 282 278 274 267 261 266 275 279 281 283 285 287 287 288 288 288 286 284 282 279 275 270 277 280 282 282 282 284 286 287 287 288 288 288 288 288 287 286 286 284 283 281 280 278 275 273 269 264 260 260 265 268 270 269 267 265 261 264 268 270 271 271 270 269 268 268 267 267 266 266 266 264 262 262 269 273 276 277 277 277 276 275 274 272 272 271 270 268 265 268 271 273 275 276 276 276 277 278 277 277 276 274 272 269 265 266 270 275 280 283 284 285 286 284 282 281 286 288 291 292 293 294 295 295 294 293 293 296 298 300 301 302 304 305 306 306 306 306 306 304 301 301 303 304 305 305 306 306 307 308 307 308 309 309 309 309 310 310 310 310 309 308 305 302 298 289 280 271 265 259 258 257 254 250 246 247 252 260
283 285 289 293 296 299 302 305 306 307 308 307 306 305 304 302 299 296 292 288 286 284 282 279 277 275 276 278 279 279 279 279 277 278 280 280 280 278 276 272 271 275 277 278 278 277 275 274 272 269 267 265 264 266 267 269 271 272 272 272 271 271 268 268 267 267 267 267 265 263 261 259 257 255 254 253 253 259 262 263 263 263 263 263 266 270 273 276 279 282 285 287 289 289 288 288 286 284 282 281 281 279 278 277 275 274 273 272 271 273 270 269 269 268 268 267 267 267 266 265 266 267 268 269 270 270 270 270 271 271 271 270 268 266 262 261 259 259 259 259 260 259 259 258 258 257 257 258 257 257 257 258 259 260 263 265 267 269 270 272 272 273 274 273 272 270 267 264 261 258 256 255 258 264 273 276 277 277 276 275 274 273 272 270 268 265 260 255 250 247 256 263 267 268 269 268 267 266 263 259 253 257 264 271 276 279 281 282 283 283 283 284 284 284 284 286 287 287 288 287 287 285 282 279 274 267 262 267 276 281 284 285 287 288 289 289 289 289 287 285 283 280 277 271 278 282 284 284 285 285 286 288 289 289 290 289 289 289 288 287 287 285 283 282 280 278 276 272 267 262 261 265 269 272 273 272 271 269 266 264 269 271 272 273 273 273 272 272 271 270 270 270 270 268 266 263 267 273 277 279 279 279 279 278 276 275 275 274 272 269 268 269 272 275 277 278 279 279 279 278 278 278 276 275 272 270 266 267 271 276 280 283 284 286 286 286 284 281 285 289 291 293 295 296 297 297 297 297 295 297 299 301 303 304 305 306 307 307 308 308 308 306 304 304 306 307 308 308 309 309 310 310 310 311 311 311 311 310 311 311 311 310 309 308 304 300 295 289 281 273 266 267 266 263 259 255 250 244 244 251
286 287 289 294 297 301 303 306 307 309 309 308 307 306 305 302 300 297 293 290 286 283 282 280 278 276 274 276 277 278 278 277 276 276 278 279 279 279 277 274 271 270 275 277 277 276 275 274 272 270 268 266 264 263 264 266 268 270 271 271 271 271 270 269 268 268 268 267 266 264 261 258 257 255 253 253 253 259 263 265 266 266 266 265 269 269 271 276 279 282 284 286 288 289 289 289 287 285 284 283 282 281 280 279 276 275 274 273 275 272 271 270 269 269 269 269 269 268 268 266 265 265 265 266 267 268 268 268 269 270 269 268 266 262 260 259 260 260 261 261 262 261 260 260 259 258 258 259 259 259 258 259 261 261 262 264 266 268 270 271 273 273 274 274 274 272 270 267 264 261 258 256 256 260 270 275 277 278 277 276 275 274 272 271 268 265 261 256 252 247 255 263 268 270 271 270 269 268 266 263 258 254 262 270 276 279 281 283 284 285 285 285 285 285 285 285 286 287 288 288 287 285 283 279 273 266 263 270 278 282 285 286 288 290 290 291 290 290 288 286 284 281 278 273 277 282 284 286 286 287 288 289 289 290 291 291 291 290 290 289 287 286 284 283 281 279 275 271 266 262 264 270 274 276 276 275 274 272 269 265 268 272 274 275 276 276 276 275 275 274 274 273 273 271 269 264 266 273 278 280 281 282 281 280 279 278 277 276 272 270 270 272 273 276 278 280 281 281 281 280 279 278 276 274 272 269 267 269 273 277 280 283 285 287 287 287 286 282 286 289 291 294 295 297 298 299 299 299 299 300 301 302 304 305 307 308 308 309 310 310 310 308 307 307 308 309 310 311 311 312 312 312 313 313 313 313 312 312 312 313 312 311 309 307 303 297 291 285 279 273 273 274 272 268 264 260 254 248 241 242
288 290 292 295 299 301 304 306 308 309 309 308 309 307 305 303 300 297 293 289 286 283 281 279 278 275 274 274 275 275 276 276 275 275 277 278 279 279 278 276 273 269 270 274 275 275 274 273 271 270 268 266 264 263 262 263 264 266 268 270 270 271 270 270 269 268 268 267 266 263 260 258 257 255 253 253 253 259 263 266 268 269 269 269 271 268 270 276 278 280 282 285 288 289 289 289 289 287 286 285 284 282 281 280 278 276 275 275 274 273 272 271 271 271 271 271 271 270 269 268 267 266 264 264 265 264 264 265 266 267 266 264 262 261 260 260 261 263 263 263 263 263 262 261 260 259 259 260 260 260 259 260 262 262 263 263 266 267 269 271 273 274 274 275 274 274 272 270 267 264 259 257 256 259 266 273 277 278 278 277 276 275 274 271 269 265 260 256 253 249 253 262 268 271 272 272 272 270 268 265 261 255 259 268 274 279 282 284 285 286 286 286 286 287 286 286 286 286 288 288 287 285 282 278 272 266 264 272 279 284 285 288 290 291 291 292 291 291 290 287 285 283 280 276 277 283 285 287 288 289 290 290 291 292 292 292 292 292 291 290 288 287 285 283 281 279 275 271 266 263 269 274 277 278 278 278 276 274 272 267 269 272 275 276 278 278 279 278 278 277 276 276 276 274 272 266 266 274 279 282 283 284 284 283 282 281 279 277 273 273 273 274 275 278 280 282 283 283 283 281 279 277 275 273 271 269 267 270 274 278 281 284 285 287 288 288 287 284 286 289 292 294 296 298 300 300 300 301 303 303 304 304 306 307 308 309 310 311 311 312 312 311 310 310 311 312 313 313 314 314 315 315 315 316 315 314 313 314 314 314 313 312 310 308 305 299 293 287 283 281 280 279 277 274 269 263 257 251 244 238
289 292 293 297 299 302 304 307 308 310 310 309 308 307 306 304 302 298 293 290 286 283 281 279 277 276 274 272 273 274 274 274 273 273 275 277 278 279 278 277 274 271 268 269 272 273 272 271 270 269 268 266 265 263 262 261 262 263 265 267 269 269 269 268 268 268 267 266 265 262 259 258 257 254 253 253 254 260 264 267 269 270 272 271 271 271 271 274 274 277 281 285 287 289 290 290 290 289 288 287 286 284 282 280 279 277 277 276 275 274 274 273 273 272 273 273 272 272 271 269 268 266 265 265 264 263 263 263 263 263 262 261 261 260 261 263 264 265 265 265 265 264 264 263 261 260 260 261 262 261 260 260 262 264 264 265 265 267 269 271 273 274 275 275 275 275 274 272 270 266 262 258 256 257 263 269 276 278 279 278 278 276 274 272 269 265 262 259 255 250 252 260 267 271 273 273 273 272 271 268 264 259 256 265 272 278 282 284 286 287 288 288 288 288 288 287 287 287 288 286 286 285 281 276 271 265 265 273 279 283 286 289 291 291 292 293 293 292 291 289 287 285 282 278 275 283 286 289 290 290 291 291 292 292 293 293 293 292 291 291 289 288 286 284 282 279 276 271 265 264 272 277 280 281 281 280 279 277 274 270 269 273 276 278 280 281 281 281 280 280 280 279 278 277 275 268 267 275 280 284 286 286 286 286 285 283 281 279 275 276 276 276 278 280 282 284 285 285 284 282 280 278 275 273 272 271 269 270 275 278 281 284 286 287 288 289 288 286 284 289 292 294 296 298 300 302 303 303 305 305 305 306 307 308 309 310 311 312 313 313 314 313 313 313 314 315 315 316 316 316 317 317 317 317 316 316 316 316 316 316 315 313 312 309 306 302 298 293 290 287 285 283 280 276 271 267 260 252 245 240
291 293 295 298 300 302 305 307 308 310 310 309 308 307 306 305 303 299 295 292 288 285 282 280 279 277 275 273 271 272 273 273 272 271 273 275 276 277 277 276 274 272 269 266 267 269 269 268 266 266 265 264 263 262 261 260 260 261 262 264 265 267 267 267 267 266 266 265 263 260 258 258 255 254 253 254 256 260 264 268 270 272 274 275 276 276 276 276 277 278 282 285 287 289 290 291 291 290 289 288 287 285 284 282 280 279 278 277 276 275 275 275 274 274 274 274 273 272 271 270 269 267 266 266 265 265 264 264 263 263 262 262 261 262 263 265 267 267 267 267 266 266 264 263 262 260 261 263 263 263 262 260 262 264 265 266 266 267 269 271 273 274 275 276 276 276 275 274 272 268 263 259 257 257 262 267 273 277 279 279 279 277 275 273 270 267 264 261 257 251 251 260 267 271 274 274 274 274 272 270 267 263 257 261 269 276 281 285 287 288 289 288 288 288 288 287 288 288 289 288 287 285 281 276 270 264 267 274 279 282 285 288 291 292 293 293 293 294 292 291 289 286 284 280 274 283 288 290 291 292 292 293 293 294 294 294 294 293 292 291 290 288 287 285 282 280 276 270 265 268 275 280 282 283 283 282 281 279 276 273 270 274 278 280 282 282 283 283 283 282 282 281 280 279 275 267 268 277 282 286 288 289 289 288 287 286 284 280 278 280 280 279 281 283 285 286 287 287 286 284 281 279 277 274 272 271 270 270 275 278 281 284 286 287 289 290 289 287 285 288 291 294 296 298 300 302 303 304 306 306 307 308 309 310 311 312 313 314 314 315 316 315 315 316 316 317 317 318 318 318 319 319 319 318 317 316 317 318 318 317 316 313 312 310 306 303 299 296 292 289 287 284 281 278 273 269 262 256 250 245
291 294 296 298 300 302 304 306 308 309 309 309 308 307 306 305 303 300 297 294 290 287 285 283 281 278 276 275 272 270 271 271 271 270 272 273 273 273 274 273 272 271 269 267 265 265 265 264 263 262 261 261 261 260 259 259 259 259 259 261 262 263 264 265 265 265 265 263 261 259 257 257 254 254 255 255 257 261 265 268 271 273 275 276 278 278 278 279 280 281 282 285 288 289 290 291 291 291 291 289 288 286 284 283 281 280 279 278 277 277 276 276 276 275 275 274 274 273 272 270 268 268 267 267 268 267 267 267 266 266 265 265 263 264 265 267 269 269 269 268 268 267 266 264 262 261 262 264 264 264 263 262 261 263 264 266 267 268 270 271 273 274 275 276 276 276 276 275 273 269 265 261 257 257 262 267 272 277 280 281 280 278 276 274 272 269 266 262 258 253 250 259 266 271 274 275 275 275 274 272 270 266 261 258 265 273 280 284 286 288 289 289 289 289 288 289 290 291 290 289 288 286 282 276 268 265 271 275 278 282 286 289 291 292 293 294 294 295 294 292 291 288 286 282 278 282 288 291 292 293 294 294 295 295 295 295 295 294 293 291 289 288 286 285 282 279 274 269 266 272 278 281 285 285 285 284 283 281 279 276 272 275 279 282 283 284 285 285 285 285 284 283 282 281 274 267 270 278 284 288 290 291 291 291 290 288 286 281 282 283 284 284 284 286 287 288 289 288 287 285 282 280 277 275 273 271 271 271 274 278 281 283 286 288 289 290 290 288 286 287 291 293 295 297 300 302 303 305 306 308 308 309 310 311 312 313 314 315 316 317 317 317 317 317 318 319 319 320 320 320 320 320 320 319 318 318 318 318 318 317 316 315 314 311 305 301 297 294 291 288 286 283 280 277 274 270 265 259 254 249
290 293 295 297 300 302 304 306 307 308 308 307 306 306 305 304 302 300 298 296 293 290 287 284 282 279 276 275 272 270 269 269 270 269 268 269 268 268 268 268 268 267 267 265 263 263 262 262 262 261 261 260 261 260 260 259 259 258 258 259 259 259 261 262 262 262 263 261 259 257 256 254 253 254 255 256 258 261 265 269 271 274 276 277 279 279 280 281 282 283 284 285 287 289 290 291 291 291 290 289 288 286 285 283 282 281 280 279 279 278 278 277 277 276 276 276 274 273 271 269 268 269 269 269 269 269 269 268 268 267 267 266 264 266 267 268 269 270 270 269 269 267 266 265 263 262 263 265 266 265 264 263 263 263 264 266 267 268 270 271 273 274 276 276 277 277 276 275 273 269 265 260 258 258 263 268 272 277 280 281 280 279 278 276 273 270 267 263 259 254 251 259 265 271 274 276 276 276 276 274 272 269 265 260 262 269 277 282 286 288 290 290 290 290 290 291 292 292 291 290 289 287 282 274 267 268 274 280 282 285 288 290 291 293 294 293 295 296 296 294 293 291 288 284 278 283 287 291 293 294 295 296 296 296 296 296 296 295 293 291 288 287 285 283 280 276 272 267 267 275 281 285 287 287 287 287 285 284 281 278 274 277 281 284 285 286 287 287 287 287 286 285 283 281 278 267 272 280 286 290 291 293 294 293 292 291 288 284 285 287 287 287 288 289 290 291 291 290 289 287 284 282 278 275 273 272 273 274 273 277 280 283 286 288 290 291 290 290 287 286 289 292 294 297 299 301 303 305 307 308 310 310 311 312 313 315 315 317 317 317 318 319 319 320 320 321 321 322 321 321 321 321 320 320 319 318 318 319 318 317 318 317 313 308 303 296 293 289 286 283 282 279 277 275 271 268 263 259 254 249
288 291 294 296 299 301 302 304 305 306 306 305 304 303 302 302 301 300 298 297 294 292 289 286 283 280 277 275 274 273 271 270 268 268 267 266 266 265 265 265 264 264 264 264 263 264 264 263 263 262 262 263 262 262 262 261 260 259 258 257 257 257 257 259 260 260 261 259 258 256 255 254 254 254 254 257 259 262 265 268 271 274 276 278 279 280 281 282 283 285 286 286 287 288 290 290 290 291 290 289 287 286 284 282 279 280 279 279 279 279 278 278 278 278 277 276 275 273 271 269 268 271 271 270 270 270 270 270 269 269 268 267 266 268 268 268 270 270 271 270 269 268 267 265 264 263 264 266 266 266 266 264 264 265 265 265 266 267 269 271 272 274 275 277 277 277 277 275 273 269 265 260 258 259 264 268 272 277 280 281 280 280 279 276 274 271 267 263 259 255 252 259 265 270 274 276 277 277 277 276 274 271 268 262 260 266 274 280 285 287 290 291 292 291 292 293 293 293 292 291 289 286 281 274 267 269 277 282 285 287 289 292 291 293 294 295 296 297 297 296 294 292 289 285 279 283 289 292 294 296 297 297 298 298 298 297 297 295 294 292 290 289 286 283 279 275 270 269 269 276 282 287 289 290 289 288 287 285 283 281 277 279 283 285 287 288 289 289 289 289 288 287 285 281 275 269 275 282 288 291 294 295 296 296 295 294 291 287 288 290 291 292 292 292 293 293 293 292 291 288 286 282 279 276 274 275 276 276 275 276 280 284 286 288 290 291 291 290 289 288 288 289 292 295 297 300 303 307 307 308 310 311 312 314 315 315 316 318 318 318 320 320 321 322 322 323 323 323 323 322 322 320 320 321 321 321 320 320 319 316 313 310 307 302 297 291 285 280 277 275 274 272 271 269 266 263 259 255 250 246
285 288 291 294 297 300 301 302 303 303 303 301 298 298 297 297 298 298 298 296 295 293 290 288 285 283 280 278 276 274 273 271 270 269 268 268 268 269 270 269 268 267 266 266 266 266 265 264 264 264 264 264 264 263 263 262 261 260 258 257 257 257 257 256 257 258 258 257 256 255 254 254 254 254 254 256 260 263 266 268 271 274 276 277 279 280 282 283 284 286 287 288 289 289 290 290 290 291 290 289 287 285 283 282 280 279 279 278 279 279 279 279 279 278 278 276 274 272 270 269 271 272 273 271 270 271 271 270 270 270 269 268 269 270 269 270 270 272 272 271 271 269 268 267 265 265 266 266 266 267 266 265 266 267 267 267 267 268 269 270 272 274 276 277 277 277 277 275 272 267 264 260 259 260 264 268 273 277 279 280 280 280 280 278 275 271 266 263 261 256 252 258 265 270 274 277 278 278 278 277 275 273 269 265 262 265 270 277 283 286 289 290 291 293 293 294 294 294 293 291 289 285 279 275 267 271 278 283 286 288 290 293 293 294 295 296 297 298 297 297 295 293 290 285 281 283 289 292 295 297 298 299 299 299 299 299 298 297 295 294 292 290 287 284 279 273 271 270 270 274 281 287 290 292 291 290 289 288 285 283 280 280 284 287 289 290 291 291 291 291 290 287 284 281 274 270 277 283 289 293 296 297 298 298 297 296 294 291 290 293 295 295 295 296 296 296 295 293 292 290 288 284 280 277 275 277 279 279 278 276 279 283 286 289 291 292 292 292 291 290 289 289 290 293 295 298 302 304 306 309 310 311 313 313 314 315 316 318 319 320 321 322 322 323 324 324 325 325 324 324 323 322 322 322 325 323 320 318 317 311 307 302 298 293 287 281 274 267 264 264 264 264 262 261 259 256 252 248 243 239
282 285 288 292 295 298 300 301 301 300 299 297 294 293 293 292 293 294 295 296 295 293 292 289 287 285 283 280 279 276 275 273 272 271 271 270 270 271 272 271 271 271 270 269 269 269 268 267 267 267 266 266 265 264 262 261 260 258 258 258 257 257 257 256 255 255 256 255 254 256 257 256 257 254 254 254 259 263 266 269 271 273 275 277 279 280 282 284 285 286 287 288 289 289 290 290 290 290 290 289 288 286 284 281 281 280 279 278 278 279 279 279 279 278 277 275 272 271 272 272 272 273 273 273 273 273 272 271 272 272 271 271 271 271 270 270 272 273 274 273 272 271 270 269 268 267 269 269 269 268 268 266 266 268 269 269 269 269 270 271 272 274 276 276 277 277 277 274 270 266 262 260 260 262 266 269 272 277 279 279 280 281 281 279 277 272 267 264 261 257 253 259 265 270 274 277 278 279 279 278 276 274 270 266 263 263 269 276 283 286 288 290 292 294 295 296 296 295 293 291 288 282 277 272 270 273 277 283 287 291 293 294 295 295 296 297 298 298 298 298 296 294 291 286 282 284 289 293 295 297 299 300 300 300 301 300 300 298 297 296 293 291 288 284 278 272 272 272 271 271 277 284 291 293 293 292 291 290 288 286 284 282 286 289 291 292 293 293 294 293 291 288 285 280 273 273 279 285 291 294 297 299 300 300 300 299 297 295 293 296 298 298 299 299 299 298 297 296 294 292 288 285 281 277 278 279 281 281 280 279 278 282 286 289 291 293 293 293 293 293 292 290 290 291 294 296 300 303 305 307 309 310 312 313 314 315 316 319 321 322 323 324 324 324 325 326 326 327 326 325 325 323 324 327 326 324 320 315 311 306 301 294 287 280 272 264 258 254 253 253 254 254 253 251 250 248 245 241 237 232
280 283 286 290 293 296 298 299 299 298 296 294 292 291 290 289 289 290 293 294 294 294 293 291 289 288 285 283 281 279 278 276 275 273 272 272 272 272 273 272 273 273 273 272 272 271 270 270 269 269 268 267 266 265 263 261 259 258 257 258 259 259 259 258 257 256 255 255 256 257 258 258 256 255 255 254 259 262 265 268 270 272 273 275 277 280 281 283 285 286 287 288 288 289 289 289 289 289 290 289 288 287 285 283 282 280 279 278 277 277 277 278 277 276 274 272 272 273 274 274 275 276 277 276 276 275 274 274 274 273 274 274 273 272 273 273 274 274 275 275 274 273 272 272 271 271 271 271 271 270 269 268 268 269 270 271 270 271 272 272 273 275 276 276 277 277 275 272 268 265 262 260 260 263 266 270 273 277 278 279 281 282 282 281 278 272 268 265 262 256 254 259 265 269 273 277 279 279 279 279 277 274 272 270 267 263 269 276 283 287 290 292 293 295 296 296 296 296 293 291 286 280 275 268 272 275 277 282 288 291 293 295 296 297 297 298 299 299 299 299 298 296 293 288 283 284 289 293 296 297 299 301 301 302 302 302 301 300 299 297 295 292 288 283 275 275 275 276 274 273 276 281 288 294 295 294 294 292 291 289 288 286 287 290 293 294 295 295 296 294 292 289 284 278 272 275 281 287 291 295 298 301 302 302 302 302 301 298 297 299 301 301 302 302 301 300 299 297 295 293 289 283 279 281 281 283 284 284 283 282 279 282 286 290 292 294 294 295 295 294 293 292 291 291 292 295 297 300 302 305 307 309 310 313 315 317 319 322 322 323 324 326 326 327 327 327 326 327 326 326 326 324 325 326 325 323 318 311 300 294 285 278 269 260 253 250 248 247 246 246 245 245 244 244 241 239 236 233 230 227
280 283 286 289 292 295 296 297 297 297 294 293 290 289 287 286 287 289 290 292 293 294 294 293 291 289 288 286 283 281 279 278 277 275 274 274 274 275 275 274 274 275 275 274 274 273 272 271 270 269 269 268 267 265 263 261 259 258 259 260 261 262 260 259 259 258 258 257 258 259 259 259 257 255 255 254 257 261 263 266 268 270 271 273 276 278 281 283 284 285 286 287 287 287 287 287 288 289 288 288 287 287 282 284 283 281 280 279 277 276 275 276 276 275 274 273 275 275 276 277 278 278 278 277 278 280 278 277 275 274 274 275 275 275 276 275 275 276 276 275 274 274 274 273 273 273 272 272 272 272 271 271 269 270 272 272 272 273 274 275 275 275 276 276 276 276 274 271 267 264 262 261 262 266 268 270 274 277 278 279 282 283 283 281 277 272 268 266 261 256 256 261 265 269 273 276 279 280 280 280 278 276 275 273 270 265 267 275 283 288 291 293 294 296 297 297 297 296 293 289 284 278 272 270 276 279 277 280 287 291 294 296 297 298 299 299 300 301 301 301 300 298 295 291 286 285 290 294 297 298 300 302 302 303 303 303 302 301 300 298 296 292 287 280 276 278 279 279 277 276 275 281 285 293 296 296 296 295 294 292 291 290 289 292 294 296 297 297 297 296 293 289 284 277 274 276 281 287 292 296 300 302 304 305 305 304 303 302 301 302 303 304 304 304 303 302 300 298 296 294 289 283 282 283 283 286 286 286 286 285 283 281 286 290 293 295 296 296 296 296 295 294 293 292 290 293 295 297 300 303 306 307 311 314 317 319 322 323 323 324 325 326 327 326 326 326 325 326 327 327 327 326 324 323 322 318 311 301 290 278 268 258 250 248 245 243 241 241 240 239 239 237 236 234 233 231 229 227 225 226
281 283 285 288 290 293 295 296 296 295 294 292 291 290 288 287 286 287 286 289 291 293 293 293 292 290 289 287 285 283 281 280 279 277 277 278 276 276 277 276 276 277 277 277 276 275 273 272 271 270 269 269 267 265 262 260 258 258 261 261 263 263 262 261 260 259 259 259 259 259 259 259 257 255 254 255 258 259 261 264 265 267 270 272 275 277 279 281 283 283 284 285 284 284 284 283 285 285 287 287 287 287 286 285 284 282 281 279 278 276 276 276 275 276 275 274 276 277 279 279 279 279 279 280 280 281 281 278 276 275 276 277 278 277 278 278 277 277 277 276 275 275 275 275 274 274 274 274 273 273 273 272 272 272 273 274 276 276 277 277 277 277 276 276 276 275 273 269 266 263 262 262 264 268 269 271 275 277 278 280 282 283 283 280 275 271 268 264 259 256 259 263 267 270 273 276 279 280 280 280 280 278 277 276 272 266 266 275 282 289 291 293 295 296 297 297 297 295 294 289 282 276 270 273 280 284 283 280 284 290 294 297 298 299 300 300 301 302 302 302 302 300 297 293 288 285 291 295 298 299 301 303 303 303 304 304 303 302 301 298 296 291 285 278 280 282 284 283 280 278 276 279 285 291 298 298 298 297 296 295 294 293 293 295 296 297 298 299 298 297 294 289 283 276 277 282 283 286 292 297 301 303 305 307 307 307 306 305 305 306 306 307 307 306 305 304 300 297 295 292 287 282 286 286 287 288 289 290 288 288 286 284 285 290 293 296 297 298 298 298 297 296 294 293 293 292 294 296 298 303 306 308 312 315 318 320 322 323 323 324 325 325 325 325 325 325 325 326 326 325 325 324 322 319 315 308 298 287 275 260 250 246 243 240 238 236 235 236 235 234 233 231 230 230 229 228 226 225 225 225
281 284 285 287 289 292 294 295 295 295 294 293 292 290 289 287 286 284 285 286 289 290 292 292 292 291 289 288 287 285 283 282 280 280 279 278 278 278 279 278 278 279 279 278 278 276 275 273 272 271 270 268 265 263 260 259 259 261 262 264 264 265 263 262 261 261 261 261 261 260 259 259 258 255 255 255 257 259 261 263 265 268 271 273 275 276 278 280 281 281 282 281 281 280 280 280 281 282 284 285 286 283 286 285 285 283 282 280 279 278 277 276 277 277 277 276 277 279 281 282 282 282 281 282 283 283 282 280 278 277 278 280 280 280 280 280 279 279 278 278 276 277 277 276 276 276 275 275 275 275 273 273 274 273 274 276 277 278 279 279 279 278 277 276 276 275 272 269 265 263 262 263 265 269 270 272 275 277 279 281 282 283 282 279 274 270 266 261 256 257 261 264 268 271 274 277 279 280 280 280 280 280 279 278 274 268 265 274 284 289 291 293 295 297 297 297 297 295 295 291 284 275 270 278 284 287 287 286 282 287 293 297 300 301 301 301 302 303 304 304 303 302 299 295 291 285 291 296 299 301 302 304 305 304 304 304 304 303 301 299 295 289 282 279 284 287 289 290 286 282 279 279 285 290 299 300 300 299 298 298 297 297 296 297 298 299 300 300 299 297 294 289 282 276 282 287 289 289 291 297 302 306 307 309 309 309 309 309 309 309 309 309 308 307 306 304 300 297 294 291 286 285 289 291 292 293 294 294 293 290 290 287 285 290 294 297 298 299 299 299 298 297 296 294 295 296 296 298 299 302 306 309 311 314 318 320 320 321 323 324 325 324 323 323 324 324 324 325 325 324 322 320 315 309 305 295 282 269 258 249 244 239 236 233 230 229 232 231 230 230 230 229 229 227 226 226 225 225 226 225
282 284 285 287 288 290 292 293 294 294 293 293 291 291 289 287 285 283 283 283 285 288 290 290 291 290 289 288 287 286 284 283 282 281 280 279 279 279 279 279 279 280 280 279 279 278 276 275 273 272 270 268 264 262 260 259 261 263 264 265 266 266 265 264 263 263 263 262 262 261 260 259 257 255 255 256 258 260 262 264 267 269 272 273 275 276 277 278 279 279 279 278 278 278 277 276 277 279 281 283 284 285 286 286 285 284 282 281 279 279 279 278 279 279 278 277 277 280 282 284 284 283 283 283 284 284 283 282 280 278 281 282 283 284 284 283 282 281 280 279 279 279 279 279 278 278 278 278 278 277 276 276 276 276 276 278 279 280 280 280 280 279 278 277 277 274 271 267 264 262 263 265 266 268 270 272 275 278 279 281 282 282 281 279 274 269 264 259 258 261 262 264 268 271 274 277 279 280 280 281 282 282 281 279 275 270 265 274 283 289 291 293 295 297 298 297 297 295 295 291 283 272 273 281 287 290 291 290 288 285 291 296 298 301 302 302 303 304 305 305 304 303 301 297 293 289 290 296 300 302 303 305 305 305 305 305 304 303 301 299 294 288 281 285 290 293 295 296 292 288 285 279 284 290 295 298 301 302 301 300 300 299 299 299 300 300 301 301 299 296 294 288 280 278 285 291 293 294 294 298 304 306 308 310 310 311 311 311 311 311 311 311 311 310 307 303 299 296 292 286 287 289 291 294 296 297 299 298 297 295 293 291 287 289 294 298 299 300 301 301 300 299 297 296 296 297 298 300 301 303 307 308 311 313 316 318 318 320 323 325 324 323 321 322 322 325 325 322 321 322 318 313 308 304 295 281 268 254 248 242 237 233 230 229 229 228 228 227 228 228 226 226 226 227 226 227 226 226 226 225
281 283 285 286 288 289 290 292 292 293 293 292 291 290 288 287 286 284 284 281 282 284 287 288 289 289 288 288 287 286 284 283 282 281 281 280 280 279 279 279 279 280 280 280 279 279 278 276 274 272 270 267 264 261 259 260 264 264 266 267 268 268 267 266 266 265 265 264 263 262 261 259 256 255 255 257 259 260 263 265 267 269 271 273 274 275 276 276 276 276 276 276 275 274 273 274 274 275 278 283 283 284 286 286 286 285 283 282 281 281 281 280 280 280 280 279 278 281 284 285 284 285 285 286 286 286 285 281 281 280 283 285 285 285 285 284 284 282 282 282 281 281 282 281 281 281 281 281 281 280 279 279 278 278 279 279 280 282 282 282 281 280 280 279 276 274 270 267 264 263 265 266 268 270 272 274 276 277 279 281 282 282 280 277 272 267 262 258 262 265 264 265 269 271 274 277 279 281 281 282 283 283 282 280 277 271 266 274 281 286 289 292 295 296 298 297 297 296 295 290 281 272 276 284 290 293 294 294 292 290 291 297 298 301 302 302 304 305 305 305 305 304 303 300 297 292 289 296 300 303 305 307 306 306 306 306 305 304 302 298 293 287 283 290 296 298 299 299 297 293 289 283 285 291 296 299 302 304 303 303 303 302 302 302 301 302 302 301 299 297 293 286 280 282 288 293 297 299 299 301 305 307 309 312 312 313 313 314 314 314 314 313 312 310 307 304 299 293 287 288 291 293 295 298 299 300 302 302 301 298 296 293 290 289 294 299 301 303 303 302 301 300 299 298 298 298 299 301 303 306 307 307 310 312 314 317 316 318 319 322 321 319 319 317 316 316 313 312 312 307 304 302 299 297 287 272 256 246 242 236 233 229 228 229 229 228 228 228 226 227 227 226 227 226 226 226 226 226 226 225
279 282 284 286 287 288 289 290 291 292 292 291 291 290 289 288 287 286 285 283 282 281 283 285 286 287 287 286 286 285 283 283 282 281 280 280 279 279 279 278 279 279 279 279 280 280 279 277 275 273 271 267 263 260 260 263 265 267 268 268 269 269 268 268 268 267 266 265 264 263 261 259 255 256 255 258 259 261 263 265 267 269 270 272 273 274 274 274 274 273 272 272 272 271 272 271 272 274 276 279 282 283 285 287 287 286 285 284 284 282 282 283 283 283 283 280 278 281 283 286 286 286 287 287 287 287 286 284 284 284 286 287 288 288 288 287 287 285 284 284 284 285 284 284 283 283 283 283 283 282 281 280 280 280 281 282 283 283 284 283 283 281 280 279 277 274 270 266 264 265 266 268 270 272 274 275 276 277 279 280 281 281 279 274 268 264 260 261 265 267 267 267 269 272 275 278 280 281 282 283 284 283 282 280 276 270 267 273 278 284 288 292 294 296 297 297 296 296 295 291 280 272 278 287 292 295 296 296 295 293 292 297 299 300 300 301 304 306 306 306 305 305 303 302 299 295 288 294 300 303 306 307 308 307 307 307 306 304 302 296 291 286 286 294 298 300 301 300 301 296 293 288 286 292 298 302 305 305 305 305 305 304 304 304 304 303 303 301 299 295 290 283 280 284 291 296 299 302 303 305 307 310 312 313 314 315 315 316 316 316 316 315 313 311 308 304 299 294 287 291 294 296 299 301 302 303 304 304 304 302 299 296 293 291 295 300 303 306 305 304 303 302 302 301 300 299 301 302 305 306 308 309 311 313 315 314 314 314 314 313 310 307 306 304 304 303 300 297 294 290 289 289 289 287 278 265 253 244 239 234 230 229 229 228 228 228 228 228 228 228 227 227 227 226 226 226 226 226 226 225
277 280 283 285 286 287 288 289 290 291 291 291 290 290 290 289 289 288 286 285 282 280 281 282 283 283 285 285 284 284 283 283 281 281 280 279 279 279 278 278 278 278 278 278 278 279 279 278 276 274 271 267 263 260 261 264 267 269 269 270 270 269 269 269 269 268 267 267 265 263 261 258 256 255 257 258 260 262 263 265 267 268 269 271 272 273 273 272 271 270 270 269 269 269 270 270 273 275 277 280 282 284 286 288 289 288 287 286 286 285 285 286 285 285 284 281 280 283 285 287 289 289 288 290 289 288 287 285 285 285 287 290 290 291 291 290 290 288 287 287 287 287 287 285 285 285 284 284 284 283 282 282 281 281 282 283 283 284 284 284 283 281 280 278 276 272 268 265 264 264 268 271 273 274 276 276 277 277 279 280 280 280 276 271 266 261 260 263 268 269 270 270 270 272 275 278 280 282 283 284 284 283 282 279 274 269 268 273 278 283 287 291 293 296 297 297 296 295 294 289 278 273 280 289 294 297 299 298 298 296 294 295 298 300 299 301 305 306 307 307 307 306 305 304 301 297 292 293 300 304 306 307 308 308 308 308 307 304 301 297 294 288 289 296 300 303 304 303 303 300 296 292 288 295 303 306 307 307 307 307 306 306 305 305 305 304 303 300 297 292 285 282 284 284 290 296 301 304 306 308 310 312 313 315 316 317 317 318 319 318 318 316 314 312 309 304 298 292 290 293 297 299 302 304 305 306 307 307 307 305 302 300 297 293 295 300 305 307 306 306 306 305 305 304 302 302 302 304 305 307 309 309 310 311 312 312 310 308 306 301 296 292 291 291 289 287 283 279 277 276 278 278 277 275 266 260 254 247 238 232 229 229 229 229 229 229 228 228 228 227 227 227 226 227 227 226 226 227 229 232
281 279 280 282 284 286 287 287 288 289 290 290 290 291 290 290 290 289 288 286 284 282 280 279 281 282 283 283 283 283 282 282 281 280 279 279 279 278 278 277 277 277 277 277 277 277 278 278 277 276 273 268 264 262 260 264 269 270 271 271 270 271 270 270 270 269 268 267 265 263 261 258 256 256 256 258 260 261 263 265 266 267 269 270 271 271 271 271 269 268 268 267 267 268 270 272 274 277 280 281 283 285 287 289 290 291 290 289 288 287 287 288 287 287 285 281 282 286 288 289 290 292 291 291 291 289 288 287 287 286 289 291 292 293 293 293 292 291 289 289 289 289 288 287 286 286 286 285 284 284 283 282 282 282 282 282 282 283 283 282 281 280 279 277 274 271 267 265 266 269 272 274 275 276 278 277 277 278 279 279 278 277 273 269 264 262 264 264 268 270 271 272 272 273 276 279 281 283 284 284 284 283 281 277 271 269 269 273 277 282 286 290 293 295 296 296 296 295 295 288 277 274 281 290 295 298 300 300 300 299 297 295 297 300 301 303 305 306 308 308 308 307 307 305 303 300 296 290 299 304 307 308 309 310 309 309 308 306 303 300 295 290 290 298 302 304 305 305 305 303 299 295 290 298 299 307 308 309 309 309 308 308 307 306 306 305 303 300 295 288 283 287 290 288 287 293 299 304 307 309 312 314 315 316 318 319 320 320 321 321 320 318 316 313 308 303 298 293 293 296 300 302 304 306 308 309 310 310 309 307 305 303 300 296 295 301 306 308 307 308 308 308 307 306 305 304 304 305 306 308 309 310 310 310 310 308 305 300 295 289 284 280 276 276 274 273 271 270 269 269 268 268 267 265 262 258 251 244 236 231 230 229 229 230 231 230 229 228 227 227 227 227 227 227 226 226 227 231 234 236
284 283 282 281 283 284 285 287 287 288 289 291 290 290 291 291 290 289 289 286 285 282 280 278 280 281 282 282 283 282 281 280 279 279 278 278 278 277 277 276 276 277 276 276 276 276 277 278 277 276 274 270 266 261 261 266 270 271 272 272 272 271 270 270 269 269 268 267 265 263 260 258 257 256 256 257 258 261 262 264 265 266 267 268 269 270 270 270 269 267 266 266 267 269 271 273 275 278 281 283 285 287 289 291 292 293 293 292 291 289 290 290 289 288 287 283 284 289 291 293 292 293 294 294 293 291 289 289 288 288 288 292 294 295 295 295 295 293 292 290 291 290 289 289 288 287 286 286 285 284 284 283 282 282 281 280 280 279 278 278 277 277 276 274 271 268 265 267 270 272 274 276 278 279 280 281 279 279 279 279 277 273 269 265 263 266 268 266 267 270 272 273 275 276 277 280 282 284 285 285 284 283 280 275 271 272 273 272 276 280 284 288 292 294 296 296 295 295 293 287 278 274 281 291 296 299 301 302 303 302 301 299 298 300 302 304 305 307 308 309 309 309 308 307 305 303 299 294 298 304 307 309 310 311 311 310 309 307 305 301 297 291 293 300 304 306 307 307 306 304 301 297 292 298 303 307 309 310 311 310 310 309 309 308 307 305 302 298 292 286 287 292 294 293 292 290 294 301 306 310 313 315 317 318 319 321 322 323 323 322 321 320 317 313 308 302 298 296 297 300 302 305 307 309 310 312 313 313 312 310 308 306 304 300 297 301 307 308 309 310 310 310 310 309 307 307 307 306 307 308 309 310 309 308 307 304 297 290 282 274 269 266 267 267 266 265 264 264 263 263 264 263 261 260 258 253 247 239 235 230 228 228 230 232 232 231 230 228 228 227 227 227 227 227 226 230 234 237 240 243
286 286 285 284 285 286 286 287 287 287 288 290 290 290 290 291 290 290 290 288 285 283 281 278 278 281 282 283 282 282 280 278 278 277 276 276 276 276 276 275 275 276 276 276 275 274 275 276 276 275 274 272 266 261 261 266 271 272 273 272 272 272 271 270 269 268 267 267 265 262 260 258 258 258 256 256 257 258 261 263 264 265 266 266 267 267 268 268 267 265 264 265 267 270 272 274 276 278 281 284 287 289 291 293 294 295 295 295 293 292 292 292 291 290 286 284 287 291 295 296 295 296 296 296 294 292 293 293 291 292 291 294 296 297 297 298 297 295 293 291 292 291 290 290 289 288 287 286 285 285 284 284 282 280 279 278 277 275 274 273 272 272 272 271 268 266 266 269 272 275 276 279 279 281 282 282 280 279 279 278 274 270 266 264 266 268 271 269 268 269 271 273 276 278 279 281 283 284 285 285 285 283 279 274 272 275 276 274 274 277 281 287 290 293 295 295 295 293 290 284 279 274 280 290 296 299 302 304 304 304 303 302 301 300 300 303 305 307 308 309 310 310 310 309 309 306 303 298 298 305 308 311 312 312 312 311 310 308 306 302 298 292 296 302 305 308 309 309 308 306 304 300 294 299 305 309 311 312 312 312 311 311 310 309 308 305 301 296 289 287 290 295 297 297 298 297 294 296 303 309 313 316 318 320 321 323 324 324 324 324 323 322 318 313 308 304 300 299 301 302 304 307 310 312 313 315 315 317 316 314 311 309 307 304 300 302 308 310 311 312 312 312 312 311 310 309 308 309 309 309 309 309 308 306 303 299 291 280 269 264 261 260 261 261 262 261 260 259 258 258 258 256 254 254 251 246 241 236 233 229 229 229 230 232 232 232 232 232 232 232 231 229 230 230 235 237 241 244 246 249
288 288 288 287 287 288 288 288 288 288 288 289 290 290 290 290 290 290 290 288 285 283 282 279 277 279 282 283 283 283 282 281 279 277 275 274 275 275 274 274 274 275 275 275 274 272 273 273 274 273 272 267 263 261 261 267 271 273 273 273 273 272 271 269 269 268 267 265 263 262 260 260 259 258 258 257 257 257 258 260 262 263 264 264 264 264 265 265 264 263 263 266 268 271 273 275 277 279 281 284 287 290 293 295 296 297 297 296 294 294 294 294 293 289 286 285 288 292 296 299 299 298 298 298 297 296 297 296 295 295 293 295 298 299 300 300 299 297 295 294 293 293 292 290 289 288 287 285 284 284 283 281 279 278 276 275 275 274 274 273 271 270 270 268 267 268 271 273 274 275 278 280 281 283 283 282 281 280 279 276 272 267 265 268 272 272 273 272 271 270 272 275 276 278 280 282 284 285 286 286 285 282 278 273 274 278 279 278 276 275 280 285 289 292 294 295 295 293 291 286 281 275 280 289 295 300 303 305 305 306 305 305 304 303 301 302 304 306 308 309 311 311 311 311 309 306 303 297 299 306 309 312 312 313 313 313 312 310 307 304 299 292 298 303 307 309 310 311 310 309 306 302 297 300 305 309 312 313 313 314 313 312 311 310 308 304 300 293 288 291 292 296 299 301 302 302 302 300 300 307 312 316 319 321 323 324 326 326 326 326 325 324 320 315 311 306 304 303 303 305 307 310 312 315 316 318 320 320 319 317 314 312 310 308 304 303 308 310 313 314 314 313 313 313 312 311 310 310 310 310 310 308 306 302 297 292 285 274 264 258 255 254 255 258 259 257 254 253 252 251 251 250 247 245 242 238 235 233 229 230 230 230 230 232 233 234 235 237 239 241 241 242 242 243 244 246 249 251 254 257
289 290 290 290 290 290 290 290 289 290 290 290 290 290 290 290 290 290 289 288 286 284 281 280 277 276 280 282 282 283 283 282 281 279 277 276 273 272 273 272 273 274 274 274 273 272 271 271 272 272 270 265 262 261 263 268 271 273 274 274 274 275 271 270 270 266 265 264 263 262 262 261 260 259 259 258 257 257 257 259 260 261 261 261 260 261 261 262 262 262 263 265 267 270 272 274 277 278 281 283 287 290 294 296 298 299 299 298 297 296 296 295 293 289 287 288 292 294 298 301 302 301 301 301 300 299 300 298 298 297 296 296 299 300 301 301 300 298 296 294 293 292 290 289 288 287 285 284 283 283 280 278 276 278 280 281 282 279 278 275 274 273 273 270 268 269 273 276 278 279 280 281 283 283 283 282 282 282 280 274 269 267 269 274 275 275 276 275 273 272 272 276 278 279 281 283 284 286 287 286 285 283 278 274 277 280 281 280 279 276 279 283 288 292 294 295 295 294 292 288 283 277 278 287 294 299 303 306 307 307 307 306 306 305 304 303 305 307 309 310 311 312 312 311 310 308 303 298 300 306 310 313 314 315 314 313 313 311 308 304 299 295 300 305 309 311 312 312 312 310 308 305 300 300 306 310 312 314 315 315 314 313 312 311 307 303 298 291 292 296 295 298 302 304 306 306 307 306 304 303 310 315 319 322 324 326 327 328 328 328 327 326 322 318 314 311 310 308 308 310 312 313 316 319 321 322 322 323 319 319 318 316 314 312 309 306 308 313 316 316 316 316 315 315 314 313 312 312 311 311 310 308 304 300 292 284 277 269 262 256 251 248 249 252 254 252 249 247 246 245 245 243 241 239 236 234 231 230 230 230 229 230 230 231 233 238 241 243 245 246 248 249 250 252 253 255 257 259 261 264
290 291 291 291 291 291 291 291 291 291 290 290 290 290 290 290 290 290 289 288 286 284 282 280 279 276 276 279 282 283 282 282 281 280 279 277 275 272 271 271 272 272 272 272 272 271 269 269 270 269 266 263 262 262 265 269 272 273 274 274 273 273 272 270 268 267 265 264 264 263 263 263 262 261 260 260 259 258 258 258 258 259 259 259 259 259 259 260 260 261 263 265 267 268 270 273 274 276 278 281 284 288 293 296 300 301 301 300 300 299 298 297 294 290 288 292 295 298 302 303 304 305 304 304 304 303 302 301 300 300 298 297 300 301 302 302 301 299 297 296 294 291 288 287 287 285 283 280 280 281 280 279 279 281 284 284 283 282 282 282 280 279 277 273 269 271 273 279 281 282 283 284 284 284 284 283 283 282 278 272 267 269 274 277 279 279 279 278 277 276 275 275 279 281 283 284 286 287 287 287 285 283 278 274 278 281 282 282 281 278 279 283 287 291 293 294 295 294 293 289 284 279 277 285 292 299 303 306 307 308 308 308 308 307 306 305 305 307 309 310 312 312 313 312 311 308 305 299 301 308 311 314 315 316 315 314 313 311 308 305 300 295 300 306 309 312 313 313 313 312 311 309 306 301 306 311 313 315 316 316 316 314 314 311 308 303 297 292 298 301 299 300 304 307 309 310 311 312 310 309 309 312 318 322 325 327 329 330 330 330 329 328 325 322 318 315 315 313 313 315 317 317 319 322 324 324 324 324 322 321 320 320 317 316 314 312 312 316 318 319 318 318 317 317 316 314 313 313 312 311 309 307 304 298 291 282 273 266 261 256 252 249 245 244 246 247 244 242 241 240 238 236 232 232 231 231 231 231 230 230 230 230 231 231 232 237 243 246 249 251 253 256 258 260 262 264 265 267 269 270
291 292 293 293 292 292 292 291 291 290 290 290 290 290 290 290 290 290 289 289 286 285 283 282 280 277 275 276 280 281 282 282 281 280 279 278 276 274 272 270 269 269 270 270 270 269 267 266 266 265 263 262 262 265 268 271 273 274 275 275 274 273 272 270 268 267 266 267 266 265 265 264 262 262 261 261 260 259 258 258 258 258 258 259 259 259 259 259 260 261 264 265 267 268 270 275 273 275 278 281 284 288 292 297 301 303 303 303 302 301 300 297 295 291 290 294 298 302 305 306 308 308 308 307 307 305 305 304 303 302 300 299 301 302 302 303 301 300 298 295 292 288 287 286 286 286 287 285 285 284 283 280 282 285 285 285 285 285 284 284 282 280 278 274 270 272 276 282 283 284 285 287 286 285 284 284 283 281 276 270 268 273 278 281 282 282 283 281 280 279 278 277 278 282 284 286 287 288 287 286 285 282 276 276 280 283 283 283 282 279 280 282 285 290 292 294 295 295 294 291 286 280 277 284 292 298 303 306 308 309 309 309 309 309 308 307 307 307 309 311 312 313 314 313 311 309 305 300 303 309 312 315 315 317 316 315 313 312 309 305 303 298 301 306 310 313 314 314 314 314 313 313 311 305 306 311 313 316 317 317 317 316 315 311 308 302 295 296 302 304 303 302 307 310 312 314 315 316 315 315 315 314 316 322 326 328 330 331 332 332 331 330 327 325 322 320 319 318 317 319 321 321 322 324 326 326 327 325 324 323 321 324 321 319 318 317 317 320 320 321 321 320 320 318 317 315 314 313 312 310 308 306 303 299 292 285 277 270 264 260 256 252 246 242 240 240 240 238 237 236 233 232 232 232 232 231 231 231 231 230 230 233 232 231 231 233 240 246 251 254 258 261 263 266 268 269 271 273 274 276
293 293 293 294 293 293 293 292 291 290 290 289 289 290 290 290 290 290 289 289 287 286 285 283 282 279 276 275 277 280 282 281 281 281 280 278 277 276 274 273 271 269 268 267 267 266 265 264 263 263 262 263 264 267 271 272 274 274 275 275 275 273 272 271 269 268 268 268 268 267 266 265 264 263 263 262 261 261 261 259 259 259 259 260 261 261 260 259 260 260 263 267 269 270 272 274 276 278 281 284 287 292 296 300 303 305 306 305 305 304 301 298 295 293 292 295 300 304 307 310 311 311 311 311 310 308 308 307 305 304 301 301 302 303 303 302 301 299 297 293 290 289 290 290 289 289 291 291 289 289 286 281 285 288 289 289 290 289 288 286 283 280 277 271 271 276 280 285 289 288 288 289 287 286 285 284 283 280 275 270 269 277 282 284 285 286 286 285 283 282 282 281 278 282 285 287 288 289 289 288 285 279 277 279 281 283 284 284 282 280 283 283 285 289 292 295 296 296 294 292 288 283 277 283 292 298 303 306 308 309 310 311 310 310 310 310 309 308 309 311 313 314 314 314 312 310 306 300 302 309 313 315 317 317 316 316 314 313 311 308 306 302 300 305 310 313 315 316 316 315 314 314 312 306 308 312 315 318 319 319 318 317 314 311 307 301 297 298 304 307 307 305 309 312 315 317 318 319 319 320 320 319 320 321 326 330 331 332 333 334 333 332 331 330 327 325 324 323 323 324 325 325 325 327 328 329 330 327 325 325 325 325 324 323 322 321 321 324 324 323 323 323 321 319 317 316 314 312 309 307 306 304 301 298 293 287 281 275 269 262 258 253 247 241 239 237 236 235 234 233 232 232 232 232 232 231 231 231 231 231 235 237 236 234 232 232 233 239 247 252 258 263 266 268 270 271 273 275 277 278
294 294 294 294 294 294 293 293 291 290 288 288 288 288 289 289 289 289 289 288 288 287 286 284 282 281 278 275 274 278 281 281 281 281 280 279 278 277 276 275 274 271 269 267 265 265 264 264 264 264 263 263 265 269 273 274 275 275 276 275 275 274 273 271 270 270 269 270 270 269 268 267 266 266 265 264 264 264 264 263 263 263 263 263 264 263 262 261 260 260 263 268 270 272 275 276 279 281 284 288 293 297 302 304 306 308 308 308 307 306 303 300 298 295 294 295 300 304 309 312 313 313 313 313 312 311 310 309 307 305 303 303 304 304 304 303 301 299 296 292 289 292 295 293 292 293 292 292 293 292 288 282 287 292 293 294 294 294 293 288 283 281 274 273 275 279 283 287 290 291 291 290 289 287 286 283 280 278 273 270 271 279 284 287 288 289 289 288 286 285 284 281 281 284 286 289 290 290 289 288 285 280 278 282 283 285 286 286 283 281 284 286 287 289 293 295 296 297 296 294 290 284 279 281 290 297 302 306 308 310 311 312 312 312 312 311 311 310 310 311 313 314 315 314 313 311 307 302 304 310 314 316 318 318 318 316 315 314 313 312 309 305 300 304 310 314 316 317 317 317 316 314 311 307 310 315 317 318 319 319 319 317 314 312 306 299 298 299 304 309 311 309 311 315 317 319 321 322 323 324 324 324 324 324 326 330 332 334 335 335 335 335 334 333 331 330 329 327 327 328 329 328 329 329 331 332 330 328 328 328 328 328 327 326 325 325 325 325 326 326 325 324 323 320 318 316 313 308 304 302 300 297 295 294 292 288 281 277 270 264 258 252 245 239 237 235 235 234 233 233 233 233 233 232 232 232 231 232 235 238 241 242 242 239 235 232 233 234 238 244 252 260 264 266 268 269 272 274 277 279
295 295 295 295 295 294 294 293 291 290 288 286 286 287 287 288 288 289 288 288 287 287 286 285 283 281 279 276 273 275 279 280 281 281 280 280 279 278 278 276 275 274 271 269 266 265 265 265 266 265 265 264 265 269 273 275 276 277 277 276 276 275 274 273 272 271 271 271 272 270 269 269 269 268 267 267 266 267 267 266 266 266 267 267 266 265 264 262 260 260 262 268 271 273 275 278 280 283 286 291 297 302 306 308 309 310 311 311 310 308 305 302 300 299 298 296 299 304 310 313 315 316 316 315 314 313 312 311 309 306 305 305 305 305 305 303 301 298 296 291 293 296 297 297 295 295 295 295 296 294 290 284 291 296 297 298 298 298 295 290 284 279 273 276 279 283 287 290 292 293 294 293 292 289 287 283 281 279 276 272 271 279 284 288 290 292 292 291 290 288 286 283 285 287 288 290 291 291 290 288 285 279 280 285 286 287 288 287 285 282 285 288 290 290 293 295 297 297 297 295 291 286 281 280 289 296 301 305 308 310 312 312 313 313 313 313 312 312 312 312 314 315 315 315 314 312 307 304 305 311 314 316 319 319 319 317 317 316 315 314 312 308 304 305 309 312 317 318 319 318 317 316 312 308 314 317 318 319 320 320 320 318 315 311 304 301 303 304 303 310 313 313 314 317 320 322 323 325 326 327 328 328 328 328 328 330 333 335 336 337 337 337 336 336 334 333 332 331 331 331 331 330 331 331 332 333 332 334 334 331 331 330 329 328 327 327 327 327 327 328 327 326 324 321 319 315 311 304 298 294 290 287 286 287 286 284 281 275 268 263 256 248 242 237 235 234 234 234 233 233 233 232 232 232 231 231 235 237 240 243 246 248 247 244 241 236 234 234 234 236 240 248 254 259 260 261 264 266 269 273
296 296 296 296 295 295 294 293 291 289 288 286 285 285 286 286 287 287 287 288 287 286 286 285 284 282 280 278 274 272 275 279 280 280 280 280 279 279 278 277 275 274 272 270 265 265 267 268 268 268 267 265 265 268 272 275 277 278 279 278 277 276 275 274 274 274 273 273 273 272 271 271 271 270 269 268 268 269 270 270 269 269 270 270 269 267 265 262 260 260 263 268 272 275 277 279 282 284 288 293 299 304 308 309 311 312 312 313 312 311 308 306 304 303 301 299 301 306 312 315 317 318 318 317 316 315 314 312 310 308 308 308 307 306 305 302 301 298 294 292 295 298 300 299 299 298 297 298 298 295 290 285 293 297 299 299 298 297 293 288 284 278 273 278 284 287 291 293 293 296 297 297 295 292 287 287 286 284 279 275 271 277 284 289 292 294 294 294 293 291 289 286 288 289 291 292 292 291 290 288 283 280 283 287 288 289 289 288 287 284 286 289 291 293 294 296 298 298 298 296 293 288 283 279 287 294 300 304 308 310 311 313 314 314 314 314 314 314 314 314 314 315 316 315 315 313 308 304 307 312 315 318 319 320 320 318 317 318 317 316 314 312 307 305 310 313 318 319 320 320 318 317 313 311 315 318 319 320 321 321 321 319 315 310 303 306 308 308 306 309 314 317 318 319 322 324 326 327 328 330 330 331 331 332 332 332 334 336 338 339 339 339 339 338 337 336 335 334 334 334 333 333 334 334 335 334 335 335 335 333 332 331 330 329 329 328 328 328 328 328 329 327 325 322 317 313 307 300 292 281 276 273 270 269 272 277 275 272 266 259 252 245 240 236 235 233 234 234 234 233 232 233 232 234 237 239 242 243 244 247 251 252 252 250 246 241 238 235 234 233 236 238 242 247 248 250 251 253 257 262
296 296 296 296 295 295 294 292 292 290 288 286 284 283 283 285 285 286 286 286 287 286 286 285 284 283 282 279 277 273 271 275 277 279 279 279 279 278 277 276 275 273 269 267 265 267 271 272 272 271 270 268 266 267 271 274 276 279 280 280 279 278 277 276 276 276 275 275 275 274 272 273 273 272 271 270 271 272 272 272 272 272 272 272 270 267 264 262 261 261 264 269 273 276 278 280 282 285 288 293 299 305 307 311 313 313 314 314 314 312 310 308 307 306 306 303 303 308 314 316 318 319 319 319 318 317 315 313 311 310 310 309 308 307 305 302 299 296 293 295 298 301 302 304 304 304 304 302 300 296 291 287 293 298 300 301 300 298 293 287 282 277 275 281 287 291 294 296 298 299 299 299 298 294 293 290 289 287 281 277 272 275 282 289 293 296 297 297 296 294 292 289 291 292 293 293 292 291 289 285 282 281 285 288 290 290 291 290 288 287 288 289 292 294 296 297 299 299 298 296 294 289 284 280 286 293 298 303 307 309 311 313 314 315 315 316 316 316 316 316 316 316 316 316 315 313 310 306 307 312 316 318 320 321 321 320 319 319 319 318 317 315 310 304 310 315 320 321 321 321 320 318 315 314 317 320 321 322 323 323 321 319 315 308 307 311 313 312 310 308 315 319 320 321 323 325 327 329 330 332 333 333 334 335 335 335 335 337 339 340 341 342 341 341 340 339 338 337 337 336 336 337 338 336 336 336 336 336 337 335 333 332 331 330 329 328 328 328 329 329 329 328 325 322 317 311 303 294 287 279 274 268 264 262 259 260 265 265 262 257 250 243 238 236 234 234 234 233 233 234 236 235 238 242 244 246 249 249 250 252 255 256 256 254 250 246 242 239 236 235 234 235 237 238 239 241 242 243 245 247
297 297 297 296 295 295 294 293 292 291 289 287 285 284 282 282 282 283 284 284 285 285 286 285 284 283 282 280 278 275 272 271 274 275 276 276 276 276 275 274 271 270 267 266 267 270 273 274 274 273 271 269 266 266 269 273 276 279 281 282 281 281 280 279 279 278 278 277 276 275 274 274 275 274 273 272 273 274 274 274 274 274 274 273 271 267 263 261 261 261 266 270 274 276 278 280 282 285 288 292 297 303 306 309 311 313 314 315 315 314 312 311 310 310 309 307 305 310 314 317 319 319 320 320 319 318 317 315 313 312 312 310 309 307 304 301 298 295 296 299 302 303 305 306 306 306 305 304 301 297 292 289 295 300 301 302 301 298 293 288 283 280 274 278 286 292 297 299 300 301 301 301 301 299 297 295 292 289 283 280 276 274 281 288 293 297 299 299 299 297 295 293 294 295 294 294 292 290 286 283 283 284 286 289 291 292 292 291 289 288 288 290 293 295 297 299 300 300 299 297 294 290 285 281 285 291 297 301 305 308 311 313 314 316 316 317 317 317 317 317 317 317 317 317 316 315 311 306 308 312 316 319 321 322 322 322 321 321 321 321 319 317 313 305 311 317 321 322 323 322 321 319 317 315 318 321 323 323 324 324 322 319 314 307 312 316 317 316 315 311 314 320 323 324 325 327 329 331 333 334 335 336 337 337 338 338 338 339 340 342 342 343 344 343 342 342 340 339 339 338 338 338 339 337 338 338 338 337 337 335 333 331 330 329 327 327 327 327 328 329 329 328 326 322 318 313 306 299 293 286 280 272 266 261 257 254 253 256 257 254 249 242 237 235 235 235 234 235 236 237 241 245 249 251 252 254 256 256 256 257 259 260 260 258 254 251 246 243 240 238 236 235 236 235 236 237 237 238 240 242
297 297 296 296 296 296 295 294 293 292 290 289 288 286 284 282 280 280 281 282 283 284 284 284 284 283 282 280 278 276 273 270 270 271 272 272 271 271 271 269 269 267 266 267 271 274 275 276 275 275 273 269 267 267 269 273 276 279 281 283 284 283 282 282 281 281 280 279 278 276 276 276 277 276 275 275 275 276 276 276 276 276 275 273 270 265 261 260 261 264 268 272 275 276 278 280 282 284 286 289 293 298 300 305 310 312 313 313 314 314 313 313 312 312 312 310 307 309 314 316 317 319 319 319 319 318 318 316 315 314 312 311 308 306 304 301 297 296 299 302 303 305 307 308 309 309 308 307 304 300 294 290 296 302 304 304 305 300 296 291 287 283 280 276 284 293 298 300 302 303 304 303 302 301 300 297 295 292 287 282 277 274 281 287 293 298 300 301 301 300 299 297 298 297 296 294 292 288 286 286 287 287 286 290 292 293 293 292 290 288 290 292 294 297 299 300 301 301 299 297 294 290 285 282 285 291 295 300 304 307 310 312 314 316 317 318 319 319 319 319 319 319 318 318 318 316 311 308 309 312 316 319 321 323 324 324 324 323 323 323 321 319 315 309 312 318 322 323 324 324 323 321 318 317 320 323 324 324 325 325 323 319 313 311 317 319 320 320 319 317 313 319 323 326 328 329 331 333 335 336 337 338 339 340 340 341 341 342 343 343 344 343 345 345 344 342 342 342 341 340 339 339 339 339 338 338 337 337 336 333 331 328 326 324 323 323 323 323 324 326 327 327 326 323 319 314 308 303 296 291 284 276 270 264 260 256 252 249 250 250 246 240 237 235 235 234 235 238 240 245 251 255 259 260 260 261 262 261 262 262 263 264 263 262 259 255 250 248 245 243 240 239 239 239 239 238 238 237 238 239
298 297 297 297 296 296 296 295 294 293 292 290 289 287 285 283 281 279 278 279 279 281 281 282 281 281 280 279 278 276 273 272 270 270 269 269 269 268 268 268 267 267 268 270 274 275 277 277 276 276 273 269 267 268 270 272 275 278 281 283 284 285 284 284 283 283 282 281 279 278 278 278 278 278 277 276 276 277 278 278 277 277 275 273 268 263 260 261 261 264 268 272 274 276 277 279 281 283 284 286 288 292 299 304 308 310 311 310 311 313 313 314 314 314 313 313 312 311 312 314 316 318 319 319 319 318 318 317 316 314 312 310 308 305 303 299 296 299 302 304 305 307 309 310 311 310 309 308 305 301 295 292 298 304 307 308 307 303 300 296 290 286 281 277 280 291 299 301 303 305 305 305 305 304 302 300 297 294 290 284 278 274 280 286 293 298 302 303 303 303 302 301 300 299 297 294 289 288 289 290 290 289 287 290 293 295 295 293 292 290 291 293 295 298 300 301 302 301 300 297 293 288 284 282 285 291 295 299 303 306 309 311 314 316 317 318 320 320 321 321 321 320 320 320 318 316 313 309 309 312 316 319 322 324 325 326 326 325 325 325 323 322 318 312 315 321 324 325 325 325 325 323 321 319 321 324 325 326 326 325 323 320 313 315 321 323 324 324 322 321 319 318 323 328 330 331 333 335 336 338 339 340 341 341 342 343 343 344 344 345 346 346 347 346 346 343 344 343 342 341 340 339 339 338 337 337 335 333 332 329 325 319 319 317 316 316 315 315 316 320 323 324 324 322 319 315 310 305 299 293 287 279 273 268 264 260 256 252 247 243 241 239 236 235 235 235 238 243 248 254 259 263 265 266 266 266 267 267 267 267 267 267 267 266 262 259 254 252 249 247 245 243 243 244 244 243 242 240 239 239
298 298 298 297 297 297 296 295 294 293 292 291 289 288 286 284 283 279 277 277 277 277 278 279 279 279 277 276 275 274 272 271 270 270 269 269 269 269 268 268 269 270 271 274 276 277 279 278 277 276 273 268 268 271 272 272 274 277 280 282 284 284 285 284 284 284 284 283 281 281 279 280 280 280 279 278 278 279 279 279 278 277 275 271 266 261 261 261 263 264 267 273 273 275 276 278 279 281 282 283 285 291 298 303 306 307 308 306 307 310 312 314 315 315 315 315 315 314 313 314 316 317 318 318 319 318 317 317 316 314 313 310 307 304 302 298 299 303 304 306 307 309 311 311 311 311 310 308 306 302 295 296 302 308 309 310 309 305 302 299 294 289 284 280 277 286 298 303 305 306 308 308 307 307 305 303 300 296 293 287 281 276 281 288 295 299 303 305 305 305 304 303 302 300 298 293 290 292 293 294 293 292 289 291 294 296 297 296 295 292 293 295 297 300 301 302 303 302 300 296 291 286 284 285 284 289 293 297 301 304 307 310 313 315 317 319 320 321 322 322 322 322 321 321 319 317 314 311 309 312 316 319 322 324 326 327 327 327 327 327 325 323 320 315 316 321 324 327 327 327 327 326 324 322 322 325 327 327 327 326 324 319 315 320 324 326 327 327 326 325 324 321 323 328 332 334 335 337 338 340 341 342 343 344 344 344 345 345 346 347 347 347 348 348 347 346 345 344 342 341 339 338 337 335 334 332 331 328 326 321 314 306 303 299 297 296 298 298 300 303 307 314 320 319 318 315 311 307 301 295 289 282 275 271 268 264 260 256 252 246 242 239 236 234 235 235 239 247 254 259 264 266 268 269 270 270 270 271 271 271 271 270 270 268 265 263 259 256 254 251 249 247 248 250 250 249 247 246 245 243
298 298 298 298 297 296 296 295 293 293 291 290 288 287 285 283 281 279 277 277 276 275 275 276 275 275 274 273 272 272 271 271 272 272 272 272 272 271 271 271 271 272 275 276 278 278 279 279 278 276 271 268 270 274 275 274 275 276 279 281 282 283 284 285 285 285 285 285 284 283 281 281 281 281 280 280 280 281 280 280 278 277 274 269 263 261 261 263 266 267 267 275 270 272 274 276 277 278 280 282 285 290 296 301 302 304 302 302 303 307 310 312 313 314 315 315 315 316 316 316 316 317 318 319 318 317 317 316 315 314 312 309 308 304 301 298 302 304 306 308 309 311 312 312 312 312 311 308 306 302 295 300 305 309 312 310 310 308 305 301 297 292 287 281 277 285 297 304 308 310 311 313 311 309 308 305 302 299 295 290 283 277 281 289 296 301 305 306 307 307 306 305 304 302 298 293 293 295 296 297 296 295 291 293 296 298 298 298 297 295 294 296 299 301 302 303 303 301 299 294 288 285 287 289 287 285 289 294 298 301 305 308 311 313 316 318 320 322 322 323 323 323 323 322 321 318 315 312 310 312 316 320 323 325 327 328 329 329 329 328 327 325 322 317 317 322 326 328 328 329 329 328 327 325 324 326 328 328 328 327 324 319 317 323 327 328 330 330 330 329 328 326 324 329 333 336 337 338 340 341 343 344 344 345 345 346 347 347 348 348 348 348 349 349 348 347 346 344 341 339 335 335 333 328 325 321 322 319 315 304 298 291 289 284 281 281 280 282 283 287 292 300 310 315 316 314 311 307 302 296 290 284 279 275 271 267 264 259 254 249 244 239 235 236 235 235 237 242 250 256 262 266 269 271 272 273 274 274 274 274 274 273 272 271 269 266 263 260 257 255 253 251 252 255 256 256 255 254 251 248
298 299 298 298 297 296 294 293 292 291 289 287 285 284 282 279 279 279 280 280 278 277 276 275 274 273 272 272 272 272 272 273 274 275 275 275 275 275 274 273 274 275 276 278 279 279 280 279 278 276 271 269 274 275 276 277 277 276 277 279 281 282 284 284 285 286 286 286 285 284 284 283 283 283 282 282 281 281 281 280 279 277 272 267 263 262 262 265 269 271 272 273 272 273 274 275 276 277 279 282 285 288 294 298 300 300 299 299 299 302 306 309 310 311 313 314 315 316 317 317 318 318 319 319 318 316 316 315 314 313 311 309 307 303 300 302 304 306 308 310 311 312 313 314 314 314 311 309 306 300 300 304 308 311 313 314 312 310 307 304 299 293 288 283 279 286 296 306 312 315 317 316 314 312 310 307 304 300 295 289 283 278 281 289 295 301 305 307 309 309 308 307 306 303 298 293 296 299 299 299 299 297 294 295 298 299 299 300 299 298 297 297 300 302 303 304 303 301 297 291 285 287 291 293 292 289 287 290 295 299 302 305 308 312 316 317 319 322 323 324 325 325 324 323 322 319 316 313 313 313 315 320 323 326 328 330 331 331 331 330 329 327 324 319 318 323 327 329 330 331 331 330 329 328 327 326 328 329 329 328 324 319 320 326 329 331 332 333 333 332 332 330 328 330 334 337 339 341 342 343 344 346 346 346 346 346 347 348 348 349 349 350 350 350 349 348 346 345 342 341 337 329 322 317 312 306 308 304 300 292 285 281 278 276 273 271 273 273 274 276 279 286 300 307 311 311 309 307 303 298 292 286 281 278 274 270 266 260 255 249 244 239 235 236 235 236 236 238 241 248 254 262 267 270 272 274 276 276 277 276 276 275 274 273 272 270 268 264 261 259 258 256 256 259 261 261 261 259 257 254
299 299 298 298 296 295 292 290 289 287 286 284 282 282 282 281 281 283 283 282 281 280 279 277 275 274 274 275 275 275 275 276 277 278 278 278 278 278 277 277 276 277 278 279 280 280 281 280 278 276 271 271 275 277 279 279 280 279 279 279 280 281 283 284 285 286 286 286 285 285 285 285 284 284 283 282 282 281 281 280 278 276 272 266 263 262 261 267 271 273 274 275 276 277 277 277 277 277 279 281 284 287 291 295 297 297 297 296 296 298 300 304 304 306 308 311 313 315 316 317 319 319 320 319 317 316 315 314 312 311 310 308 306 302 302 304 307 308 310 312 313 313 314 314 315 315 313 309 304 300 304 308 311 314 315 316 315 312 308 304 300 293 286 281 280 288 297 306 314 318 319 318 316 313 311 308 305 302 295 289 283 278 282 289 295 302 306 308 310 310 310 309 307 304 299 295 298 301 302 302 301 300 297 299 299 302 302 302 302 301 300 299 301 303 304 304 303 300 295 289 287 291 295 296 296 293 290 289 291 295 299 302 306 311 314 316 319 322 324 326 326 327 326 325 324 321 317 314 316 316 315 320 324 327 330 331 332 332 332 332 330 328 325 320 319 324 328 330 332 332 332 332 331 330 329 328 329 330 330 328 323 323 322 327 330 333 334 335 335 335 335 334 331 332 336 339 341 343 344 345 346 347 348 347 346 345 346 347 348 349 350 350 351 350 350 349 348 346 345 342 339 333 326 316 310 304 300 293 289 286 283 278 277 275 272 270 268 268 268 270 273 276 280 295 302 306 306 305 301 298 293 289 284 280 276 272 267 261 254 248 243 238 235 235 235 236 238 236 237 239 244 251 259 266 270 273 276 277 278 278 278 278 277 276 274 272 270 268 265 264 263 261 259 263 264 265 265 263 261 259
299 299 299 298 297 295 293 290 287 285 284 284 284 284 285 285 285 285 286 284 283 282 281 279 276 276 277 278 278 278 277 278 279 280 280 280 281 280 280 280 279 279 281 281 281 281 281 280 278 274 270 273 277 279 281 281 281 281 281 281 281 283 284 285 285 286 286 287 286 286 286 286 285 285 284 283 282 281 280 280 278 276 271 266 263 261 260 267 273 275 277 277 279 280 280 280 280 279 280 281 284 286 289 291 294 295 294 294 293 294 296 298 298 299 301 304 308 312 314 316 318 319 320 319 317 315 313 312 311 310 309 307 305 305 306 307 309 311 312 313 314 314 315 316 316 316 313 309 303 304 308 311 314 316 318 317 316 314 310 304 298 292 285 280 284 292 298 307 315 319 321 320 317 314 312 309 307 303 296 288 283 278 283 289 295 301 306 309 311 312 311 311 308 305 301 297 301 304 305 305 305 303 301 301 301 303 305 305 304 304 303 302 302 304 305 305 303 300 293 288 289 295 298 299 300 298 295 292 290 291 296 300 303 307 311 315 318 322 324 326 327 327 328 328 326 322 318 316 318 319 318 321 325 329 331 332 333 334 334 333 332 329 326 321 321 325 329 331 333 334 334 334 334 333 332 330 331 331 330 328 327 328 327 327 331 335 337 337 338 338 338 337 335 334 338 341 342 344 346 347 348 349 349 348 346 344 345 345 347 349 351 351 351 352 351 351 350 348 346 343 340 336 331 326 319 314 308 302 298 293 289 285 282 279 275 272 268 265 264 265 267 269 273 278 292 298 301 300 299 296 292 289 285 281 276 272 267 260 253 247 242 239 236 235 236 239 240 239 237 237 239 243 249 256 264 270 274 277 279 280 280 280 279 278 277 275 274 272 270 268 267 265 263 265 267 268 268 266 264 264
300 299 299 298 297 295 292 289 286 286 287 287 287 287 288 288 288 287 287 287 285 284 282 280 277 277 280 280 280 280 279 280 281 282 283 283 283 283 282 282 282 281 282 282 282 282 282 280 278 272 271 275 279 281 282 283 283 284 284 283 283 284 284 285 286 286 286 287 287 287 287 286 286 285 284 283 282 280 278 278 277 275 271 266 262 262 262 267 273 276 277 279 280 282 282 282 282 282 281 282 284 285 288 289 292 293 293 293 292 290 291 292 293 294 296 299 303 307 310 314 317 319 319 318 317 315 313 311 310 309 308 307 307 308 309 309 311 313 315 316 317 317 318 318 318 317 314 309 303 308 312 314 317 319 320 320 319 315 310 305 298 291 286 282 288 293 299 308 317 321 323 323 320 316 313 311 307 300 293 286 281 280 285 289 295 301 307 310 312 313 313 312 310 307 302 299 303 306 307 307 307 306 305 303 304 306 307 307 307 307 306 305 305 305 306 305 303 298 291 289 292 298 301 302 303 301 300 297 294 292 292 296 301 304 307 313 317 321 324 327 328 329 329 329 327 323 319 319 322 323 321 321 325 329 332 334 334 335 335 334 333 330 325 322 323 326 329 332 334 335 336 336 336 335 334 332 333 332 331 330 332 332 332 331 332 336 338 340 340 341 341 340 338 337 339 342 344 346 347 349 349 351 350 349 347 345 343 343 345 349 351 352 352 352 352 352 351 350 348 345 342 339 335 330 326 321 315 310 306 301 298 293 288 284 279 275 270 266 263 260 262 265 268 271 279 287 293 293 293 291 289 286 284 279 274 269 265 259 252 245 242 239 237 236 236 242 245 243 240 238 238 239 242 247 255 264 270 275 278 280 281 281 280 279 278 276 276 275 273 271 270 268 266 268 270 270 270 269 268 268
300 299 299 298 297 294 291 288 289 289 290 290 290 290 291 291 291 290 289 288 287 285 283 280 277 278 282 282 283 282 282 281 283 284 285 285 285 285 284 284 284 283 283 283 283 282 282 280 277 272 272 277 281 282 283 284 284 284 285 285 284 285 285 285 286 286 286 286 287 287 286 286 285 285 284 283 281 279 276 275 274 271 269 265 263 262 262 265 272 277 275 280 282 283 283 284 285 284 284 284 286 285 286 288 290 291 292 293 292 290 287 288 289 290 293 296 299 302 307 312 316 318 319 318 317 316 314 312 311 310 310 310 309 310 311 312 314 316 318 319 319 320 321 321 320 318 314 309 306 312 316 318 320 320 322 322 321 318 312 304 297 291 286 283 289 294 300 309 317 322 324 324 322 318 315 311 303 295 287 281 282 284 286 290 295 301 307 311 313 314 314 314 311 308 303 301 306 308 310 310 310 310 308 306 306 308 309 309 309 309 308 307 307 307 306 305 303 297 290 290 296 301 303 305 305 303 303 301 299 297 294 294 297 301 305 310 315 320 325 327 329 330 330 329 327 324 321 321 324 326 325 322 325 329 333 335 336 336 337 336 334 330 326 326 326 326 330 333 335 337 338 338 337 337 335 334 334 333 332 334 335 336 336 335 334 337 340 342 343 344 343 342 342 340 342 344 346 348 349 350 351 352 352 351 349 346 343 342 344 348 350 352 353 353 353 353 352 351 349 348 345 342 339 335 330 325 320 316 312 308 303 299 294 289 284 279 273 268 264 260 258 259 263 267 272 275 282 285 285 284 282 281 279 275 270 265 261 256 251 246 242 239 237 236 237 246 250 248 245 240 239 238 240 244 248 255 263 270 276 279 280 280 280 280 279 278 277 276 275 274 273 271 269 270 272 273 273 273 271 271
300 300 299 299 297 293 290 290 293 292 293 293 293 293 293 293 292 292 290 290 288 286 285 282 278 279 283 284 285 285 284 283 284 286 287 287 287 287 286 286 285 285 284 284 283 283 282 280 276 272 273 279 282 283 284 284 284 284 285 285 285 285 285 285 285 285 285 285 285 286 286 285 285 284 283 282 280 277 274 272 269 268 265 263 261 262 262 260 267 275 278 281 282 284 284 285 286 287 287 286 286 286 286 287 288 290 291 292 292 291 288 286 286 288 291 293 297 301 305 309 314 316 318 317 317 316 315 314 314 313 313 312 312 312 313 315 317 318 320 321 322 322 322 322 320 319 314 308 310 314 318 320 322 323 323 323 322 318 311 305 298 293 288 283 290 295 302 310 319 324 326 326 322 318 312 306 298 291 283 284 287 289 291 292 295 301 307 311 314 316 316 315 313 310 304 304 307 311 313 313 313 313 312 310 310 311 311 311 310 310 309 308 308 308 306 305 302 296 290 293 299 304 305 307 307 306 306 305 303 301 299 295 297 303 307 311 316 321 325 328 330 331 331 330 328 326 322 324 326 328 328 325 325 329 333 336 337 337 338 337 335 332 329 330 330 329 330 333 336 338 339 340 339 338 337 336 336 335 335 337 338 339 339 339 339 339 342 344 345 346 346 346 345 343 344 346 348 349 351 352 352 353 353 352 350 347 345 340 340 345 349 351 352 353 353 353 352 352 351 349 347 345 342 338 334 330 324 320 316 312 307 302 297 293 287 281 276 271 267 261 257 256 259 263 267 269 269 270 271 272 270 268 267 268 263 258 255 253 248 244 241 238 237 236 239 250 255 255 251 246 242 239 239 241 245 249 255 263 271 277 279 279 279 279 279 278 277 277 276 276 275 274 272 273 274 274 276 275 275 275
300 300 300 299 297 294 291 293 295 295 296 296 295 295 296 295 294 293 292 290 289 287 285 282 279 281 284 286 287 287 286 286 286 287 288 288 288 288 287 287 287 286 285 285 284 283 281 279 274 272 277 280 283 285 285 285 284 285 285 285 285 285 285 285 285 284 284 283 284 284 284 284 284 284 282 280 277 274 271 267 265 263 262 262 263 263 262 262 262 273 278 281 283 284 285 287 287 288 288 288 288 288 288 288 289 290 291 291 290 289 287 285 283 286 289 293 295 299 302 306 310 313 315 316 316 316 315 315 315 315 315 314 314 314 315 317 320 320 321 322 323 324 324 322 322 319 314 308 313 317 320 322 324 327 326 326 323 320 314 307 301 295 289 284 291 297 304 312 321 326 327 326 322 314 307 301 295 289 284 288 291 293 296 298 299 301 307 313 316 317 317 316 314 311 306 307 310 313 315 316 316 316 315 313 312 313 313 312 312 311 310 309 308 308 306 304 301 295 290 295 301 305 307 309 309 309 308 307 306 304 302 300 295 303 309 311 317 322 327 330 331 332 333 332 330 327 325 326 328 329 329 328 327 329 333 336 338 339 339 339 336 333 333 334 333 332 333 335 337 339 340 341 341 340 339 338 339 339 337 339 340 342 342 343 343 343 344 345 347 348 348 348 348 346 347 349 351 352 352 353 354 354 354 353 351 349 346 339 330 340 345 348 350 351 351 352 352 352 352 350 349 347 344 341 338 333 329 325 320 315 311 306 301 296 290 284 278 274 269 264 259 255 253 258 262 263 263 260 258 255 254 251 252 251 248 244 244 243 243 242 240 237 236 236 244 255 260 260 257 252 247 241 239 240 242 246 251 257 264 272 276 277 278 278 278 278 278 277 277 277 276 276 275 276 277 278 278 278 278 278
300 300 300 300 298 295 293 294 295 296 298 298 297 297 297 296 295 294 292 291 288 286 285 282 279 282 285 287 288 289 289 289 289 289 289 289 289 289 288 288 287 286 285 284 284 282 278 275 272 275 279 283 284 285 285 285 284 284 283 283 283 284 284 284 284 283 282 282 282 282 283 282 282 282 280 277 274 270 267 264 263 263 264 264 265 265 264 262 262 269 276 281 283 285 286 287 288 288 289 289 289 290 289 289 289 288 289 288 287 285 284 282 280 284 288 290 293 295 298 301 304 308 311 312 314 315 315 315 316 317 317 317 316 316 317 318 319 321 322 323 324 325 325 323 323 321 314 311 317 320 323 325 326 327 327 328 325 321 316 310 303 297 290 284 292 300 307 314 322 327 327 326 320 312 305 298 293 288 284 291 295 297 300 303 305 306 310 315 318 319 319 318 316 312 308 310 314 316 317 318 319 318 317 316 315 315 314 313 312 311 310 309 308 307 306 303 299 295 291 296 302 307 309 311 311 312 311 310 309 307 305 303 297 297 309 312 318 324 328 331 332 333 334 334 332 328 328 329 331 331 331 331 328 330 334 337 339 341 341 340 338 335 335 336 337 337 337 337 338 341 342 343 343 342 341 341 341 341 340 341 343 344 345 346 346 346 346 346 349 350 350 351 350 349 350 351 352 353 354 355 355 355 354 353 352 349 346 339 328 331 338 343 345 347 348 349 349 350 351 351 350 348 346 343 340 337 333 328 324 319 315 310 305 299 293 287 281 276 271 267 261 257 252 252 255 257 257 255 253 250 248 245 243 241 239 238 238 238 238 238 237 237 237 239 250 261 265 264 262 258 252 246 241 240 240 244 248 252 258 265 270 274 275 276 276 277 276 276 277 277 277 277 277 278 279 280 281 280 280 280
300 301 301 301 299 297 295 295 298 299 300 299 299 299 298 297 295 294 292 290 288 286 284 282 280 282 286 288 289 290 291 290 290 290 290 290 290 289 288 288 287 286 284 283 281 277 275 274 275 278 282 285 285 285 284 284 282 281 280 279 279 280 281 282 282 282 281 279 279 280 280 280 279 278 276 273 270 266 263 263 264 267 267 269 268 265 264 262 262 268 276 280 282 284 286 287 288 288 289 290 290 290 289 289 289 287 286 286 283 279 278 277 277 279 283 287 287 290 293 294 296 301 305 307 310 313 315 315 317 318 318 318 318 318 318 319 320 321 323 323 325 326 326 326 324 321 315 315 319 323 325 327 329 330 329 329 327 323 318 312 304 297 290 285 293 301 308 317 324 328 329 326 320 312 304 298 294 291 286 291 297 301 304 307 309 311 314 317 320 321 321 320 318 314 311 315 317 319 320 321 321 321 320 319 318 316 315 313 312 310 308 306 305 305 303 301 297 294 293 297 303 307 310 312 313 313 314 313 312 310 308 306 301 298 305 313 319 324 329 332 334 335 336 335 334 331 332 332 334 334 334 333 331 331 335 338 340 342 342 342 340 338 338 339 340 340 340 341 340 342 343 344 344 344 343 344 344 344 344 342 345 347 348 348 349 349 349 349 349 351 352 353 353 352 352 353 354 355 356 356 356 355 354 353 351 348 345 338 329 320 327 333 336 338 340 341 343 345 347 348 349 348 347 345 342 339 335 331 327 322 318 312 307 301 295 290 284 278 274 268 263 259 254 251 249 252 253 252 249 247 243 241 239 239 238 238 239 238 237 237 237 237 239 245 258 266 268 268 265 262 256 251 245 241 240 243 246 249 253 258 264 269 272 273 273 274 274 274 275 277 277 278 278 280 281 282 283 283 283 283
300 302 302 301 300 299 295 296 300 301 301 301 301 300 298 297 296 294 292 290 287 285 283 282 281 283 286 289 290 291 291 292 292 291 290 290 290 289 288 287 286 283 281 279 277 276 275 277 280 283 285 285 285 285 284 282 279 276 275 274 274 274 276 277 279 279 279 277 276 276 277 276 274 272 271 268 266 264 264 266 268 270 271 271 270 268 264 262 262 269 274 279 282 284 285 287 287 288 288 289 289 289 288 288 286 284 280 277 276 275 276 278 279 280 279 279 279 282 285 288 291 295 299 303 308 311 314 316 317 318 319 319 319 319 319 319 321 322 324 325 325 327 327 327 325 321 315 318 322 325 327 329 330 331 330 330 328 324 318 312 304 296 288 287 295 301 309 318 326 330 330 327 321 313 306 302 299 295 289 289 298 303 306 310 313 315 318 320 322 322 322 322 320 314 315 319 321 322 323 324 324 323 322 320 319 317 315 312 309 307 304 303 301 300 298 298 296 295 294 296 301 306 310 312 315 315 316 316 314 313 311 310 306 300 304 311 318 323 329 333 335 336 337 337 337 335 335 336 336 336 337 336 334 332 335 338 341 343 344 344 342 341 341 342 342 342 343 343 343 344 345 346 346 346 346 346 347 347 347 346 346 349 350 351 351 352 351 351 351 352 353 355 355 355 355 356 356 357 358 358 356 355 353 352 350 346 342 337 329 316 313 319 322 324 326 328 331 335 339 343 346 347 347 345 343 340 336 332 328 323 318 313 307 302 295 290 283 279 273 268 264 260 256 251 248 247 249 249 246 243 240 240 239 239 239 239 239 239 238 238 237 240 245 255 264 269 272 271 269 265 260 254 248 242 241 241 244 247 250 254 260 265 268 269 269 271 271 271 273 275 276 276 278 280 282 283 284 285 285 285
300 302 302 302 301 300 296 296 301 302 302 302 302 300 299 297 296 294 291 289 287 286 284 283 282 284 287 290 291 292 293 293 292 292 291 290 289 287 285 283 281 279 276 276 277 278 280 281 283 285 285 285 285 284 281 277 272 271 271 270 269 269 270 272 274 275 276 275 272 272 271 270 268 268 266 265 264 264 267 270 272 273 275 274 272 268 263 261 263 270 274 279 281 283 285 286 287 287 287 287 287 286 284 283 280 277 274 274 274 278 281 283 285 286 286 286 285 281 279 282 287 291 297 303 307 310 314 316 317 318 319 320 320 320 320 321 322 324 325 326 327 327 328 327 325 321 317 320 324 326 329 331 332 332 331 331 328 324 318 311 302 293 287 291 297 303 311 320 328 333 332 328 323 316 312 307 304 299 293 288 295 302 307 311 314 317 320 322 324 325 324 324 322 317 318 322 324 325 326 326 326 325 324 322 320 318 313 310 307 307 307 306 305 304 302 299 297 297 295 296 298 303 309 313 315 317 318 318 317 316 315 312 309 304 302 308 316 323 329 333 336 338 339 340 339 339 339 339 339 339 339 339 337 334 336 339 342 344 345 346 346 344 344 345 345 345 346 346 345 346 347 348 348 348 348 349 350 350 350 350 350 351 352 353 354 354 354 353 352 353 355 356 357 357 357 357 358 359 359 358 356 355 352 349 346 342 339 334 327 319 309 306 304 305 306 309 312 320 326 333 340 344 345 345 342 339 336 331 326 321 316 310 305 299 293 287 282 276 271 266 262 259 255 252 248 245 245 246 243 241 240 239 239 240 241 241 240 239 239 240 243 246 254 261 267 272 274 274 272 268 264 258 251 244 241 241 243 245 247 251 256 260 263 264 266 269 269 269 271 272 273 273 275 278 281 283 285 286 286 286
301 303 303 303 302 300 297 298 302 302 303 303 302 301 299 297 295 293 291 290 289 288 285 283 283 285 288 290 292 293 294 293 293 292 291 289 286 284 281 279 277 276 279 279 281 283 284 285 285 286 285 285 284 281 278 274 271 270 268 269 269 267 267 268 269 270 270 270 269 268 267 265 265 265 265 264 266 267 270 273 275 276 277 276 275 268 263 262 264 268 274 278 281 283 285 286 286 286 285 284 283 279 276 274 273 272 274 276 279 283 285 287 289 290 291 291 290 288 285 281 282 289 296 301 306 309 313 315 317 318 319 320 321 321 321 322 324 325 326 326 327 328 329 327 325 320 321 324 326 328 330 331 332 333 333 332 329 323 317 309 299 290 289 295 300 306 313 322 329 335 334 331 327 321 316 312 307 303 297 290 291 300 306 311 315 318 321 324 326 327 327 326 324 321 319 324 322 327 328 328 327 327 325 323 320 316 311 310 311 312 311 310 309 307 305 301 300 299 297 299 299 300 306 310 312 318 319 320 319 319 317 316 312 308 302 307 314 321 328 333 337 339 340 342 342 341 342 342 342 342 342 342 340 337 336 339 343 345 347 347 347 348 347 347 348 349 349 348 347 348 348 349 350 351 351 352 352 353 353 353 353 353 355 355 356 357 357 356 356 355 356 357 358 359 359 359 360 360 360 359 357 354 350 347 344 340 335 330 325 319 309 304 301 298 297 296 297 300 307 319 330 338 342 342 340 337 333 328 323 317 311 305 299 293 287 282 278 273 267 261 256 251 249 246 245 244 243 243 241 239 239 240 242 243 243 243 243 243 244 246 249 254 260 266 270 275 277 276 274 270 266 260 253 245 242 242 243 245 246 248 252 256 258 260 264 265 265 266 268 269 269 270 272 275 278 282 285 287 288 288
302 304 304 304 303 301 298 300 302 304 304 304 303 302 300 298 296 294 293 292 290 288 285 285 286 286 288 290 293 293 294 294 293 291 289 285 282 279 277 277 281 281 282 283 285 286 287 287 287 287 285 284 281 278 274 271 270 269 269 269 269 269 268 268 267 267 267 266 266 266 266 266 267 267 268 268 268 270 272 275 277 278 278 277 274 267 263 263 265 270 276 279 281 283 284 285 285 285 283 280 275 272 272 273 275 277 280 280 280 285 287 289 291 293 294 295 294 294 292 288 282 282 290 297 302 307 312 314 316 317 319 320 321 321 321 322 324 326 327 327 328 329 329 328 326 321 323 326 327 330 332 333 334 334 334 332 328 323 316 306 295 289 295 299 303 309 317 324 332 336 336 334 331 326 320 315 310 305 300 295 291 294 301 307 312 317 321 324 327 329 329 329 327 324 323 327 329 329 330 329 329 328 326 323 319 314 313 315 316 316 315 314 312 310 305 303 304 301 299 302 303 302 302 308 310 315 319 321 321 320 319 318 315 311 306 307 313 319 326 332 337 339 341 343 344 344 344 345 345 345 345 344 343 341 339 341 344 347 348 349 350 350 349 350 350 351 351 350 350 350 351 352 352 353 353 354 354 355 355 355 356 356 356 358 358 359 359 358 358 357 358 359 360 361 360 361 361 361 360 359 356 353 349 346 343 338 333 327 323 320 315 310 305 301 296 293 291 291 295 301 313 328 337 338 337 333 328 322 316 309 302 296 289 283 278 273 269 263 257 252 247 243 242 241 242 241 241 241 240 240 240 244 246 246 244 246 248 249 250 252 255 260 264 269 274 277 279 278 276 273 268 262 254 245 242 242 245 248 250 249 249 250 254 257 260 262 262 263 266 266 266 267 269 272 275 280 284 287 289 289
304 305 306 306 304 302 301 301 304 305 305 305 304 303 301 299 298 296 294 292 289 287 287 287 288 287 288 291 293 294 294 294 292 289 286 282 280 278 281 283 284 285 286 287 288 288 288 288 287 286 285 283 279 275 272 270 270 270 271 270 270 270 269 269 268 268 267 267 267 266 267 267 269 270 271 271 271 272 274 276 278 279 279 276 274 266 263 263 264 270 275 280 281 282 284 284 284 284 280 272 270 270 275 279 283 284 285 285 284 284 288 290 292 294 296 297 298 297 296 293 289 284 283 289 297 303 308 312 315 316 318 319 320 321 322 323 324 326 327 328 329 330 330 328 326 322 325 329 332 333 334 335 336 336 335 332 328 321 312 300 290 294 300 303 307 313 319 327 334 338 339 337 332 327 321 316 311 307 302 296 294 293 295 301 307 312 318 323 327 329 330 331 330 329 328 330 331 331 332 331 330 329 326 323 317 315 317 319 320 320 318 317 314 311 306 307 307 304 300 304 307 307 304 305 309 314 319 322 322 322 321 320 319 315 310 306 312 319 324 329 334 339 341 345 346 347 347 347 348 348 348 347 346 345 343 343 345 348 350 351 352 353 352 352 352 352 352 352 352 352 353 354 354 355 356 356 356 357 358 357 358 358 358 359 360 361 361 360 360 360 360 361 361 362 362 362 362 362 361 359 357 354 351 349 347 343 339 336 331 326 322 314 310 305 300 296 291 287 287 292 305 319 331 334 333 328 322 315 305 297 290 282 275 271 266 262 258 253 246 242 242 241 242 242 241 241 241 240 240 242 246 250 251 250 247 247 252 254 255 258 261 264 268 272 276 278 280 280 278 275 270 263 254 246 243 244 246 251 254 254 253 250 251 253 256 258 259 261 263 263 263 264 266 268 272 277 282 286 288 289
307 308 308 308 306 305 303 302 305 305 306 306 305 304 302 300 298 296 294 292 289 288 290 290 290 290 290 292 293 294 294 293 291 288 284 280 279 283 285 287 288 288 289 290 290 289 289 288 287 286 283 281 276 273 271 270 272 272 273 273 273 272 271 271 270 270 270 269 268 267 268 270 272 274 275 275 275 276 276 278 279 280 279 277 272 265 262 263 266 271 274 278 280 281 282 283 282 281 270 270 270 275 280 284 287 288 289 288 287 286 288 290 293 296 298 299 300 300 300 298 295 292 286 282 288 297 303 309 313 315 316 317 318 320 322 323 324 327 328 329 330 331 330 329 327 324 327 332 334 335 337 337 337 337 335 332 326 318 305 293 294 299 303 308 313 317 323 330 336 340 341 338 334 328 323 317 312 307 302 297 299 298 295 296 300 305 312 320 326 330 332 333 333 332 331 331 333 334 333 333 331 329 325 321 317 319 321 323 324 323 322 320 317 312 308 310 309 307 303 305 309 310 309 306 306 313 318 322 323 323 323 322 321 318 313 308 310 316 321 327 333 339 341 344 346 348 349 350 350 350 350 351 349 348 346 347 348 350 352 353 354 355 355 355 354 354 354 354 354 354 355 356 357 357 358 358 358 359 360 360 360 360 361 361 362 362 362 362 362 361 361 362 363 362 363 363 363 362 361 360 358 356 354 352 349 346 342 339 335 331 326 318 313 308 303 299 294 289 284 285 298 313 325 329 328 323 315 305 296 284 274 268 263 260 258 255 252 247 243 242 242 243 243 243 241 241 242 244 246 250 254 256 255 253 248 248 254 257 259 262 264 267 271 274 277 280 281 281 279 276 271 264 255 246 242 243 246 254 258 258 257 255 253 252 253 255 256 258 260 260 260 262 264 266 270 275 280 284 288 290
309 309 309 308 307 305 304 304 306 306 307 307 306 304 302 301 298 296 293 291 291 291 292 292 292 292 292 293 294 294 294 293 290 286 282 280 284 288 289 290 291 291 291 291 291 290 289 287 286 284 280 277 274 271 271 271 272 276 276 276 275 274 274 273 273 272 272 271 270 269 270 272 275 277 278 279 279 279 280 280 281 280 279 276 270 265 262 263 265 268 273 273 274 275 275 275 275 274 272 269 271 279 283 287 289 290 291 291 291 290 288 290 293 297 299 301 302 303 303 302 300 297 293 288 283 289 297 303 308 311 312 315 317 319 322 323 324 326 328 330 331 331 331 330 328 326 328 333 335 337 338 338 338 338 336 331 323 315 301 292 297 303 307 312 317 321 327 332 338 341 342 339 335 330 324 319 313 307 302 301 304 303 301 297 296 299 306 314 324 329 333 335 336 335 334 335 336 336 335 333 332 329 323 320 321 322 325 326 326 326 325 321 318 314 311 313 312 309 303 306 311 312 312 311 307 311 317 322 324 324 324 324 322 320 316 312 311 315 320 325 331 337 341 344 346 348 350 351 352 352 353 353 352 351 350 350 351 352 354 355 356 357 357 357 357 357 357 356 356 356 357 358 359 359 360 360 361 361 362 362 362 362 362 363 363 363 363 363 362 361 361 362 363 363 363 363 363 363 361 361 359 357 355 352 350 347 343 340 336 332 328 323 317 310 305 300 296 290 285 282 288 307 320 325 323 318 309 299 286 276 269 264 260 256 254 252 249 245 242 243 244 245 246 246 246 246 248 251 255 258 260 260 258 256 252 250 254 259 262 264 267 270 272 275 278 280 281 281 280 277 272 264 254 246 243 243 248 254 260 261 261 259 258 256 255 255 255 256 257 258 260 261 263 265 269 273 277 281 286 288
310 311 310 309 308 306 305 306 308 308 308 308 307 305 302 301 297 295 293 292 293 294 294 294 294 294 294 294 295 294 294 292 290 286 281 284 288 291 292 293 293 293 292 292 291 289 288 286 283 280 277 273 271 271 271 273 277 278 278 278 277 277 276 276 275 275 274 273 271 270 271 274 277 279 281 282 282 283 283 283 282 282 280 276 271 265 263 263 263 263 266 264 266 267 268 268 269 267 268 269 274 280 285 288 290 292 293 293 293 293 292 291 294 297 300 302 304 305 305 305 304 301 298 293 288 284 290 295 300 304 309 314 317 319 321 322 324 325 328 329 331 331 331 331 329 328 330 333 335 338 339 340 339 338 336 331 322 312 300 293 300 304 309 315 319 325 330 335 340 343 343 340 336 330 325 320 314 308 304 306 308 308 306 304 299 298 303 309 318 327 333 337 339 339 338 338 337 338 337 335 332 326 323 324 326 327 328 330 330 329 327 324 320 316 313 316 315 312 306 308 312 315 314 313 311 310 316 321 324 325 326 326 325 321 317 311 312 314 319 324 328 334 338 343 347 348 350 352 353 354 355 354 355 354 353 353 354 354 355 357 358 359 359 359 359 359 358 358 357 358 358 359 360 361 361 362 362 363 364 364 364 364 364 364 364 364 364 363 362 360 360 361 362 363 363 364 363 363 362 361 360 357 355 352 349 345 342 338 335 332 328 324 319 312 306 301 297 290 284 280 288 305 316 321 320 315 306 297 287 279 272 266 261 257 253 250 247 244 242 244 247 249 251 251 252 254 257 260 262 263 263 262 261 258 255 251 254 258 262 265 268 271 273 275 278 280 281 281 281 278 273 265 255 248 244 243 247 256 262 264 264 263 261 260 259 258 258 259 260 261 262 264 264 265 268 272 276 280 284 287
313 312 311 310 309 307 306 308 308 309 309 308 308 306 303 301 298 295 295 295 295 296 296 295 295 295 295 295 295 295 294 292 289 284 281 287 291 293 294 295 295 294 293 292 290 288 286 283 279 276 272 272 271 272 273 275 277 279 280 280 280 279 278 278 277 277 276 274 272 271 273 276 278 281 283 284 285 286 286 286 285 283 281 277 273 267 265 263 264 266 268 267 267 267 268 269 269 270 269 271 273 279 284 288 291 292 294 294 295 295 295 295 295 299 301 303 305 307 307 307 306 305 302 299 293 288 285 289 293 298 305 310 315 317 318 320 323 324 327 329 331 332 331 331 330 330 330 334 336 339 340 340 340 338 335 331 322 311 300 295 299 305 310 315 321 326 332 337 342 344 344 341 337 331 325 320 314 309 310 312 313 313 311 308 304 299 301 306 315 323 332 337 340 341 341 341 341 339 339 336 332 326 327 329 330 331 332 334 333 333 330 326 322 319 317 318 317 314 308 308 314 316 317 316 314 311 316 322 325 326 327 327 326 323 318 313 313 314 318 322 327 332 335 340 345 348 351 353 354 355 355 355 356 356 355 355 355 356 356 357 358 359 360 360 360 360 360 359 358 358 359 360 361 362 362 363 363 364 365 365 365 366 366 366 366 365 364 363 360 357 357 359 361 362 362 363 363 363 362 360 358 355 352 348 345 340 336 333 330 327 325 322 319 313 307 302 298 291 283 278 287 301 313 317 317 313 306 297 289 281 273 266 262 258 254 250 247 244 243 244 247 250 254 256 259 262 264 265 266 266 266 264 263 260 257 254 254 256 261 264 267 269 271 274 277 279 281 282 281 279 274 266 257 249 245 243 247 257 262 266 267 265 265 264 263 262 262 262 263 264 265 267 267 266 267 271 274 278 282 285
314 315 313 312 310 308 308 309 310 310 310 310 309 307 305 302 300 298 298 297 297 297 297 296 296 296 296 295 295 294 293 292 288 283 284 290 294 295 296 296 296 295 293 291 288 286 283 279 276 273 271 272 273 274 275 277 280 281 281 282 282 281 281 280 279 279 277 275 273 272 274 277 280 282 284 286 287 288 288 288 287 285 282 279 275 271 266 264 264 267 271 273 271 272 275 276 277 278 278 276 273 275 280 286 290 293 294 295 297 297 298 298 297 299 302 304 306 308 309 309 309 308 306 303 299 294 291 287 286 289 296 303 308 313 314 318 321 323 326 329 331 332 332 332 331 331 332 335 338 339 340 340 340 339 337 332 323 313 303 297 298 303 308 313 319 325 333 338 342 345 346 343 338 332 326 321 315 315 315 316 318 317 316 312 309 303 300 306 312 321 330 338 342 344 344 343 343 342 341 338 333 329 332 332 334 335 336 337 337 336 333 329 326 322 320 321 320 317 310 310 316 319 320 319 316 313 317 321 325 327 328 327 327 324 320 315 318 320 320 320 324 328 333 338 343 347 350 352 354 356 356 356 356 356 356 356 356 356 356 356 358 359 360 361 361 361 360 359 359 358 359 360 361 362 363 364 365 365 365 366 366 367 367 366 366 365 364 363 359 353 352 354 356 358 359 361 362 361 360 358 355 351 347 344 337 332 327 323 321 319 318 316 315 313 309 304 299 291 282 276 287 300 311 315 315 311 304 296 289 281 274 268 263 259 254 250 246 243 243 245 246 248 253 258 262 265 267 268 268 268 267 266 264 262 259 258 259 258 259 262 264 267 270 274 277 280 282 282 282 280 275 268 259 252 247 244 246 255 264 268 269 269 269 268 267 266 265 265 266 267 268 269 269 269 268 270 274 277 280 283
315 315 313 312 310 310 310 311 311 311 310 310 309 308 306 304 302 301 300 299 298 298 298 297 297 296 295 295 294 293 292 290 286 282 287 292 295 297 297 297 296 294 293 290 286 283 280 277 274 272 272 274 275 276 278 280 282 283 284 283 283 283 283 282 281 280 278 276 273 273 276 279 282 284 286 288 289 290 290 290 288 287 283 280 277 272 268 264 264 270 275 277 276 276 279 281 283 284 284 283 279 275 276 281 288 291 294 296 298 299 300 300 300 300 303 305 307 308 310 311 311 310 309 307 303 300 296 295 291 288 287 291 296 302 307 313 317 322 324 328 330 332 333 332 333 333 333 336 338 339 340 341 340 339 338 333 326 316 306 301 298 300 306 310 317 323 331 337 343 347 347 345 340 335 329 323 322 322 322 322 321 322 319 316 311 306 302 306 312 319 328 337 344 346 347 346 346 345 343 340 334 332 335 337 338 339 340 341 340 339 337 333 330 327 326 325 323 319 312 312 318 321 322 321 319 315 318 321 326 328 329 329 328 326 323 318 321 325 325 324 324 325 330 334 339 345 349 353 355 356 355 355 354 354 355 353 353 354 353 354 354 356 357 358 359 359 359 358 358 356 357 359 360 361 362 363 363 364 365 366 366 367 367 367 366 365 364 362 356 346 340 344 348 350 353 355 358 358 357 355 350 345 340 335 329 323 317 311 309 307 307 308 309 309 307 304 300 291 282 275 284 298 309 312 312 310 304 297 289 282 275 269 264 259 255 250 246 244 243 246 249 247 250 256 261 265 267 268 268 268 268 266 265 263 261 260 261 262 261 261 265 268 272 275 278 281 282 283 283 281 276 269 261 255 249 245 245 250 261 269 271 272 272 272 272 271 270 269 269 271 271 272 271 271 270 270 273 276 279 283
316 316 315 313 312 312 313 313 312 312 311 310 310 308 307 306 304 302 301 300 299 298 297 296 296 295 294 294 292 290 288 286 283 283 290 294 296 298 298 297 296 294 291 288 285 281 278 276 274 273 273 276 278 279 279 282 284 284 285 285 285 285 285 284 282 280 279 276 274 274 277 280 282 285 287 289 290 291 292 291 290 288 285 282 278 273 267 265 264 273 277 279 279 278 280 284 285 287 288 287 285 282 278 277 282 288 293 297 299 300 301 302 302 302 304 306 308 310 311 313 313 313 312 310 307 304 301 300 298 296 294 290 288 292 297 303 312 319 323 326 329 332 333 334 335 335 336 337 339 340 341 342 341 341 339 335 327 318 310 305 301 299 303 308 313 319 327 336 342 347 348 347 343 339 334 329 328 328 328 328 327 325 322 318 314 308 304 307 313 318 326 335 343 348 350 349 348 347 345 341 337 334 337 340 342 343 343 344 343 342 339 336 333 330 328 327 325 320 314 315 320 324 324 323 320 317 316 321 327 330 331 330 329 329 325 321 324 328 329 330 329 328 329 332 337 343 348 351 354 354 354 354 353 352 350 350 348 347 346 346 348 350 352 353 353 354 355 355 355 353 353 354 355 358 358 359 360 360 362 363 365 366 367 367 366 365 363 360 352 345 330 331 335 339 342 345 350 353 353 350 344 337 328 322 315 306 301 298 295 293 294 295 299 302 303 302 299 292 283 274 279 294 305 309 310 308 304 298 291 283 276 270 264 260 255 250 245 244 245 250 254 253 250 251 256 261 264 266 267 268 268 267 266 265 264 263 264 265 265 263 266 270 274 278 280 282 283 284 284 282 277 270 263 258 252 247 245 247 257 266 271 273 275 275 275 275 274 273 273 274 275 275 274 273 272 272 274 276 280 284
317 316 316 315 314 315 314 314 313 313 312 310 310 308 307 306 305 303 301 299 298 297 296 295 294 293 292 291 290 287 285 284 283 288 292 295 297 298 298 297 296 293 289 286 283 280 277 275 273 273 275 277 280 281 282 283 285 286 287 287 287 286 286 285 283 280 278 276 274 276 278 281 283 286 288 290 291 292 292 292 291 289 286 283 279 274 265 263 265 274 280 282 283 282 281 284 287 289 290 291 290 287 284 281 278 283 290 295 299 301 303 303 304 304 306 307 309 311 313 314 315 315 314 312 311 307 306 305 303 301 300 297 293 290 292 296 303 312 320 325 327 330 333 335 336 336 338 339 340 341 342 343 342 342 341 337 331 322 314 308 304 301 301 306 311 317 325 336 344 349 351 350 348 343 339 336 335 334 334 333 331 329 326 321 315 310 304 308 313 318 324 333 342 349 351 352 351 350 348 344 340 336 339 343 345 346 347 347 347 345 342 338 336 334 332 329 326 319 314 319 323 326 326 325 322 318 317 323 329 331 333 333 332 331 328 324 328 331 333 335 335 334 334 335 337 341 348 350 351 352 352 350 348 345 343 339 337 336 335 335 335 335 333 335 339 342 346 349 350 350 347 346 347 350 352 353 353 354 355 358 360 362 364 365 365 364 362 358 351 342 331 316 319 322 325 331 337 344 347 343 336 326 318 307 296 291 289 287 286 286 285 285 287 291 295 297 296 292 284 275 273 285 298 305 308 307 305 298 291 284 277 270 265 260 255 249 245 244 247 254 259 258 256 252 252 256 259 263 265 267 268 268 268 267 267 266 266 268 268 267 267 271 276 279 282 284 285 286 285 283 279 272 265 259 253 248 245 246 251 262 270 274 276 277 277 277 277 277 277 277 277 278 277 276 275 275 276 279 282 284
317 317 317 316 315 315 315 314 313 313 312 310 309 308 307 305 303 302 299 297 296 294 293 292 292 291 290 288 287 285 285 285 288 291 294 296 298 298 298 297 295 292 288 285 282 279 276 274 273 274 276 279 282 283 284 285 286 287 289 289 288 288 287 286 284 281 278 276 276 276 279 281 284 286 288 290 292 293 293 292 292 290 287 284 279 269 265 264 268 276 281 284 286 286 285 285 287 290 292 293 293 292 290 286 283 280 284 292 297 301 303 304 305 306 307 309 311 313 314 315 316 316 316 315 314 311 310 309 307 306 304 302 297 294 292 291 295 305 314 321 326 330 333 335 336 338 340 341 341 343 343 343 343 343 342 339 333 327 319 311 308 304 301 305 312 317 325 337 346 351 353 353 352 348 344 343 341 339 339 338 336 333 329 324 317 312 307 310 315 319 324 330 341 349 353 354 354 353 350 347 344 340 340 345 348 349 350 350 350 348 345 342 339 337 335 331 326 319 319 324 327 329 330 329 325 322 322 326 331 333 335 336 335 334 330 326 330 333 337 339 339 339 340 340 340 343 347 349 351 351 349 344 340 337 332 327 324 323 319 317 317 317 317 317 319 322 327 331 335 337 339 335 338 341 342 342 342 343 345 348 352 357 361 363 364 364 362 357 350 344 333 318 305 305 307 313 318 328 336 335 327 318 306 297 292 288 286 283 282 281 281 281 281 282 285 290 292 290 285 277 271 277 288 300 304 305 302 297 291 284 277 271 265 260 254 248 245 244 250 259 262 262 260 258 255 254 256 260 263 266 268 269 270 270 270 269 270 271 271 270 269 273 277 281 283 285 287 287 286 283 280 274 267 261 255 250 246 246 248 256 266 273 276 278 278 279 279 279 279 280 280 280 280 279 278 277 278 281 283 285
318 318 318 317 316 316 315 314 313 313 311 310 308 306 305 303 301 298 297 295 294 292 291 290 289 288 287 287 286 287 287 288 290 292 295 297 298 299 297 296 293 291 288 285 282 278 275 274 273 275 277 280 283 285 286 287 288 289 290 290 290 289 288 287 285 283 279 277 279 279 278 281 284 286 289 291 292 293 293 293 292 290 287 283 277 269 265 265 273 278 283 286 288 288 289 288 288 291 294 296 296 295 294 292 288 284 281 285 294 299 302 304 306 307 308 310 312 314 315 317 318 318 318 318 316 315 314 313 311 310 308 304 300 299 299 295 291 296 307 317 324 328 331 334 336 338 340 342 342 343 344 344 344 344 343 341 336 330 322 316 310 306 303 306 312 318 327 336 346 352 355 356 355 353 350 349 347 345 344 342 339 336 332 325 318 313 309 311 316 321 325 329 340 348 354 356 356 356 353 351 347 344 342 345 350 353 353 353 353 351 348 345 342 339 336 332 326 319 325 329 331 333 334 333 330 327 323 327 333 336 338 339 338 336 333 329 333 337 339 341 343 343 343 344 344 346 347 349 349 347 343 337 332 326 322 318 316 313 311 310 309 308 307 307 309 310 313 317 319 319 319 321 322 323 325 325 324 324 327 331 336 344 353 358 360 361 359 354 348 342 334 320 306 295 295 300 306 314 326 327 321 310 300 294 290 286 284 281 279 279 278 277 277 277 277 279 283 286 284 279 271 271 283 294 299 301 300 295 289 283 276 270 265 260 252 246 245 247 254 262 264 265 263 261 259 256 255 258 261 265 268 270 272 273 273 273 273 273 273 273 270 274 278 282 284 286 288 287 287 284 281 276 268 263 257 252 247 246 247 252 262 270 275 278 279 280 280 281 281 282 282 282 282 282 281 280 281 283 285 286
318 318 318 317 317 316 315 314 313 311 310 308 306 303 302 300 299 296 295 293 292 290 289 288 288 287 287 288 288 289 289 290 292 294 296 297 297 297 296 294 292 289 287 284 280 277 274 273 275 277 278 280 284 286 287 289 290 291 291 292 291 290 290 288 286 283 279 280 282 281 280 281 284 287 289 291 293 294 294 293 292 290 287 282 276 269 264 268 275 280 284 288 289 291 291 292 291 291 294 296 298 298 297 296 293 289 285 282 288 296 300 304 306 307 309 310 312 314 316 318 319 320 320 320 319 318 317 316 315 313 311 306 306 305 303 301 295 292 300 312 319 325 330 333 336 338 340 342 343 344 344 345 345 345 344 341 338 331 324 316 310 307 304 306 313 319 327 337 347 352 357 358 358 357 355 353 352 350 348 345 342 338 334 326 319 313 310 312 317 322 325 329 337 347 354 357 358 358 357 354 351 348 344 348 353 355 356 356 355 353 351 348 344 340 336 331 325 319 328 334 336 337 337 336 334 331 326 328 335 338 340 341 341 339 335 332 336 339 341 344 345 346 346 347 347 347 348 348 346 342 338 332 326 321 320 321 320 317 317 316 312 310 308 306 303 302 302 304 306 308 308 307 308 309 310 309 309 310 312 315 320 326 339 350 356 357 355 351 346 340 334 322 309 297 288 288 297 306 319 322 316 308 300 295 292 289 285 282 279 277 275 274 274 273 272 273 275 279 280 279 273 267 279 288 294 297 296 292 287 282 276 270 264 257 248 245 246 250 257 264 266 266 265 263 261 258 257 257 260 264 267 271 273 275 275 275 275 276 276 275 273 275 279 282 285 287 288 288 287 284 281 276 270 265 260 255 248 246 246 251 258 267 273 276 278 279 281 281 282 283 284 284 285 284 284 284 284 285 287 287
318 319 319 318 317 317 315 313 311 310 308 306 304 302 299 298 297 295 293 291 290 289 289 289 290 290 291 291 290 292 292 293 294 295 296 296 296 295 294 291 289 287 284 281 278 275 273 275 278 280 281 281 283 286 289 291 291 292 293 293 292 292 291 289 286 281 279 282 285 284 282 282 285 287 289 291 293 294 294 293 292 289 286 281 275 268 264 269 273 282 285 289 291 292 293 294 294 294 295 296 299 299 300 299 298 294 290 286 284 290 297 302 304 306 308 310 312 314 317 319 320 321 322 322 322 321 320 320 318 316 314 312 311 310 307 303 298 293 298 306 316 323 326 330 334 337 340 342 343 344 345 346 345 345 344 342 336 329 321 315 314 312 307 307 314 320 329 339 348 354 359 361 361 361 360 358 356 354 352 348 343 338 333 327 319 313 314 313 316 321 325 329 335 346 354 358 360 361 360 357 354 352 349 351 355 357 359 358 357 356 353 349 345 341 336 330 324 325 333 337 340 341 341 340 337 335 329 329 337 340 343 343 344 341 338 335 338 342 344 346 348 348 348 348 348 348 347 345 343 339 333 327 325 329 330 329 325 319 323 322 316 313 311 310 308 306 304 301 298 298 299 299 300 302 302 302 302 302 304 306 311 317 324 337 349 352 352 348 344 338 332 323 311 301 291 283 286 298 315 319 316 309 303 299 295 292 288 284 281 277 274 272 271 270 269 269 268 270 274 276 273 266 271 283 289 292 292 289 285 280 277 270 262 253 245 245 248 252 259 265 267 267 267 265 263 260 259 258 258 262 267 271 274 276 277 277 278 278 278 278 276 276 280 283 286 287 288 289 287 285 282 278 273 269 263 257 250 247 246 250 256 263 270 274 277 279 281 282 283 284 285 286 286 286 287 287 287 288 288 288
319 319 319 318 317 316 314 312 309 307 305 303 302 300 298 296 295 293 291 291 291 291 292 292 292 293 293 293 293 294 295 295 296 296 296 295 294 293 290 287 285 282 280 278 275 274 275 277 280 283 284 284 284 286 289 292 293 294 294 294 294 292 291 288 284 281 283 285 287 286 283 283 286 289 290 292 294 294 294 294 292 288 285 280 273 268 265 269 276 282 286 290 292 294 295 296 297 297 297 297 299 301 302 302 301 298 294 291 287 285 292 297 300 304 306 308 311 314 317 319 321 322 323 324 324 323 322 322 320 318 316 317 316 313 311 305 297 295 298 303 311 316 321 325 331 336 339 342 344 344 346 347 346 345 344 341 334 327 321 321 321 316 309 310 315 321 330 340 350 356 361 363 364 364 363 362 360 358 354 350 345 339 333 326 318 320 321 318 315 318 323 327 332 343 352 359 362 363 362 361 359 357 355 356 359 360 361 361 360 357 354 351 347 341 336 329 327 332 336 340 344 345 345 343 341 338 333 330 337 342 345 346 347 345 342 339 339 343 347 349 350 350 350 349 348 347 344 340 337 333 329 329 333 334 334 332 325 325 329 327 322 319 318 317 314 313 311 307 304 301 298 294 293 293 293 293 294 294 294 299 304 311 318 326 340 345 348 347 341 334 329 322 313 304 297 284 279 291 307 315 315 311 307 302 298 294 290 286 283 278 275 273 271 269 268 267 266 266 268 271 272 267 265 275 282 287 289 287 284 280 274 265 257 247 246 246 251 255 261 266 268 268 268 266 264 263 263 261 260 261 266 271 274 276 278 279 280 280 280 280 278 278 280 284 286 288 289 288 287 285 283 279 275 271 264 258 252 247 247 249 253 260 266 271 275 277 279 281 283 284 285 286 287 288 288 289 289 289 289 289
318 318 318 318 317 316 313 310 306 304 302 301 300 298 297 296 294 292 292 292 294 294 294 294 295 295 295 295 295 296 297 297 297 296 296 294 292 289 287 284 281 279 276 275 274 275 277 279 282 285 287 287 286 287 289 292 294 295 295 295 294 293 290 286 283 284 287 288 289 288 285 285 287 290 291 293 294 294 294 294 292 288 284 280 275 270 265 268 275 281 286 289 292 295 296 297 299 299 300 300 300 301 303 303 303 302 299 296 292 288 287 293 298 300 303 306 310 313 316 319 321 323 324 325 325 325 324 323 322 320 317 317 318 317 313 305 296 295 300 303 306 308 315 319 327 333 338 341 343 344 345 346 346 345 344 339 331 325 327 326 324 317 309 312 317 324 332 342 350 357 362 365 367 366 366 365 363 360 356 351 346 340 333 325 322 325 326 325 323 319 320 324 328 337 350 358 363 365 365 365 363 361 358 360 362 363 364 363 362 359 355 352 347 341 335 329 331 336 341 344 347 349 348 347 345 341 337 335 336 343 347 349 349 348 346 344 343 345 349 351 352 352 351 349 347 343 339 336 334 334 332 336 338 338 337 334 325 331 333 331 329 326 324 323 321 318 313 314 312 310 308 303 298 294 292 291 287 287 287 289 296 306 314 319 330 338 342 341 337 331 325 319 313 306 298 287 278 283 298 311 313 311 307 304 300 296 292 287 282 278 276 273 271 270 270 268 267 264 265 268 271 267 263 268 275 282 285 285 282 276 269 261 251 245 246 249 254 258 262 266 268 269 269 267 266 266 266 264 264 262 264 269 273 276 278 280 281 282 282 282 281 280 281 284 286 288 289 288 287 285 283 279 276 271 265 258 252 248 248 249 252 257 263 267 271 274 277 280 282 284 286 287 288 289 289 290 290 291 290 290
317 318 318 317 316 315 313 309 306 303 300 299 298 298 296 295 293 293 293 295 296 296 296 297 297 297 297 297 297 298 298 298 298 297 295 292 289 286 283 281 278 276 275 276 277 279 280 282 284 287 289 290 289 288 290 293 295 296 296 296 295 293 290 286 284 288 290 291 291 290 287 286 288 290 292 293 294 295 294 293 291 289 285 280 275 269 265 267 273 277 282 287 291 294 296 298 300 300 301 302 302 303 304 305 305 305 303 301 297 293 289 289 294 297 301 306 309 312 316 319 322 324 325 326 326 326 326 326 324 323 322 322 321 318 313 305 296 297 303 306 310 313 316 319 322 330 334 340 343 345 346 346 346 345 343 337 332 333 333 331 326 317 310 315 320 326 334 343 350 358 364 367 368 369 369 368 366 362 357 352 346 338 331 325 328 331 331 330 330 327 323 325 328 331 347 358 363 366 368 368 367 366 366 366 366 367 366 365 364 360 356 351 346 338 334 332 336 340 344 347 351 353 353 351 348 345 342 340 338 343 349 352 352 353 351 349 349 349 351 353 354 353 351 348 345 340 339 340 340 338 336 339 341 341 339 335 328 335 337 336 333 331 330 329 326 321 318 319 319 317 314 309 303 302 301 298 294 292 288 284 286 297 306 315 323 332 336 335 332 326 320 316 311 307 300 291 279 276 289 305 310 309 307 303 300 296 292 287 282 278 275 273 272 272 272 272 269 267 264 263 267 268 263 262 268 276 281 282 279 274 266 257 247 246 246 252 256 260 263 266 268 269 269 268 268 268 269 269 269 266 264 266 271 275 278 280 282 283 284 284 283 282 282 285 286 288 289 288 287 284 281 278 273 269 264 258 253 248 248 249 251 255 258 262 266 269 274 277 280 282 284 286 288 289 290 291 291 291 291 290
317 317 317 317 316 314 312 309 306 303 301 299 296 295 294 295 295 295 294 296 297 298 298 299 299 299 300 300 299 300 300 299 298 297 294 291 288 284 281 278 276 276 278 279 280 282 283 284 286 289 291 292 292 291 290 294 296 297 297 297 296 293 289 286 287 290 292 293 292 291 289 288 289 291 293 294 295 296 294 293 291 289 285 281 275 267 265 270 267 271 276 282 287 292 295 299 300 301 303 304 305 305 306 307 307 307 306 304 301 297 294 289 291 297 300 305 309 312 316 319 321 324 325 326 327 327 327 324 325 325 325 325 323 320 314 304 295 299 304 308 312 315 320 323 327 331 333 339 343 346 347 347 347 345 342 337 338 338 337 333 326 317 312 317 322 328 336 344 352 359 365 369 370 371 370 369 367 364 358 352 344 336 331 330 334 336 336 336 337 333 329 327 329 330 342 356 364 369 371 371 371 370 370 370 369 369 369 367 365 362 356 349 343 339 339 336 338 343 347 351 354 356 357 355 352 349 347 346 343 342 349 354 356 357 356 354 354 354 354 355 355 354 350 347 342 342 344 345 343 341 339 342 342 342 340 336 333 338 339 340 338 336 335 331 327 323 323 325 324 322 319 313 307 310 308 306 303 299 296 291 285 286 298 310 319 327 331 329 327 319 314 311 309 306 301 293 281 272 280 293 304 304 303 300 298 294 290 285 281 277 274 273 275 275 275 274 272 268 264 261 264 268 265 260 261 269 275 279 277 271 263 253 246 246 248 253 257 261 263 266 267 269 270 271 271 271 272 272 271 270 267 266 268 272 277 280 282 284 285 285 285 284 284 286 287 288 288 288 286 283 280 277 274 270 265 259 253 248 248 250 255 258 259 260 261 265 269 274 277 280 283 285 287 289 291 291 292 292 292 291
316 317 316 316 314 313 310 308 306 304 302 299 297 295 295 295 295 295 296 296 297 299 300 301 301 302 302 302 301 301 300 300 298 296 293 290 287 283 280 278 276 278 280 281 282 283 286 287 288 290 293 294 294 294 292 294 297 298 298 298 296 293 289 287 289 293 294 294 294 293 292 290 290 292 293 295 296 296 295 293 291 288 284 280 274 266 265 272 274 272 270 275 282 288 294 297 300 302 304 305 306 308 308 308 308 308 308 307 304 301 298 295 291 293 298 301 306 310 315 318 320 323 324 326 327 328 328 328 329 328 327 326 324 321 313 303 295 301 305 308 312 316 321 325 329 334 336 339 344 347 348 349 348 347 343 342 343 342 340 335 327 318 314 319 324 330 337 346 353 360 367 370 372 373 372 371 368 365 359 352 341 339 337 335 339 342 342 342 342 338 335 331 331 333 341 356 365 370 373 374 374 374 374 373 373 372 371 370 367 361 355 349 347 346 345 341 341 347 351 355 358 360 360 359 356 354 353 351 349 345 350 355 358 359 359 358 358 357 357 357 355 353 349 345 346 346 348 348 346 344 341 343 345 344 341 335 337 341 343 343 342 341 338 335 332 329 329 329 327 325 320 312 313 316 316 314 312 306 301 297 289 282 288 301 313 322 326 327 324 315 307 305 305 304 301 294 285 273 272 283 296 297 295 293 291 289 286 282 277 273 272 275 277 278 277 276 273 270 266 261 261 265 267 263 258 260 269 274 274 268 261 250 246 247 249 252 257 260 262 264 265 268 270 272 273 274 275 275 274 273 271 269 267 270 275 279 282 284 286 286 287 287 286 287 288 289 289 288 286 284 282 280 277 273 267 260 252 248 248 252 258 262 264 265 266 265 266 271 275 278 281 283 285 287 289 292 293 293 293 293
316 316 315 315 313 311 309 307 304 302 301 299 297 296 295 295 297 299 298 297 299 300 302 303 303 303 303 303 303 302 301 299 298 295 293 289 286 283 280 277 277 280 282 284 285 285 286 289 290 292 294 296 296 296 295 295 298 299 300 299 297 294 291 288 290 294 296 296 296 295 294 292 292 293 294 296 296 296 295 293 291 287 284 279 271 265 266 277 280 279 277 273 275 281 289 294 298 302 304 306 308 309 309 310 310 310 310 309 308 305 302 299 295 293 293 296 300 305 309 315 319 322 324 326 327 328 329 329 329 329 329 328 325 321 312 300 296 302 306 310 313 317 322 326 331 337 340 342 345 347 349 350 349 349 346 346 347 346 343 336 328 319 315 321 326 332 338 346 354 361 367 371 373 374 374 372 370 366 360 352 347 345 342 341 345 348 348 348 347 344 340 336 333 337 345 356 366 372 375 376 377 377 377 376 376 375 373 371 366 361 357 355 353 351 349 344 345 350 354 358 362 364 364 362 361 359 357 356 354 349 350 357 361 362 362 361 361 359 358 358 355 351 348 349 350 350 351 351 349 347 345 345 346 346 343 338 341 344 346 346 345 344 341 339 337 335 334 333 330 325 319 314 318 321 321 320 318 313 307 301 294 286 281 291 304 314 321 324 322 316 308 301 300 301 299 295 287 276 268 273 284 288 284 281 279 278 278 276 272 270 273 276 277 278 278 276 274 271 267 262 259 262 267 266 261 257 260 267 270 266 258 251 246 248 250 252 254 257 260 262 264 267 270 273 275 276 277 277 277 276 274 272 270 270 273 278 282 285 287 288 288 288 288 289 289 290 290 289 288 286 284 282 278 274 268 260 251 248 249 253 260 264 267 269 270 271 271 270 271 275 278 281 284 287 290 292 293 294 294 294
315 315 315 313 312 310 309 307 306 304 301 300 297 297 298 298 298 299 299 299 300 301 303 304 305 305 305 304 304 303 301 299 296 294 291 289 286 282 279 277 278 281 282 285 287 287 287 290 292 294 296 297 298 298 297 297 299 300 300 300 298 296 293 289 291 296 297 298 298 297 295 294 295 296 296 297 297 296 296 294 291 287 282 277 269 265 269 279 282 284 283 281 277 274 281 288 294 299 303 306 308 309 310 311 311 311 312 311 310 308 306 303 300 299 299 297 296 299 304 309 314 319 323 325 327 328 329 330 330 330 330 329 327 321 310 299 297 304 308 311 314 320 324 329 334 339 342 344 346 348 350 351 351 350 349 350 350 348 345 338 330 320 316 324 328 333 339 347 354 361 368 372 375 375 375 374 372 368 363 359 356 352 347 348 351 354 354 353 352 348 344 339 337 342 351 360 368 373 376 378 379 379 379 379 378 377 375 373 368 365 363 360 358 355 352 350 351 355 359 362 365 367 367 366 366 364 362 360 358 352 353 359 363 364 364 364 362 361 359 356 353 352 352 353 354 354 354 354 352 350 348 347 348 348 344 340 344 347 349 349 349 347 345 343 341 340 338 336 332 327 322 321 323 326 326 326 323 319 313 305 299 289 282 280 294 305 314 319 320 318 312 302 295 298 297 294 288 279 270 266 270 270 267 263 261 262 266 268 267 269 273 275 276 276 276 275 273 271 267 263 259 259 265 267 264 258 254 257 263 261 254 249 247 249 254 255 256 257 258 261 264 268 271 275 277 278 279 279 279 278 277 275 274 271 272 277 281 285 287 289 289 290 290 290 290 291 291 290 289 287 285 283 280 274 267 257 250 249 250 254 260 265 268 270 272 273 274 275 274 274 278 281 285 288 291 292 293 294 294 294
316 315 315 312 311 310 309 308 306 305 302 299 298 300 301 301 300 302 301 302 302 303 304 305 306 306 306 305 304 303 301 299 296 293 291 288 285 281 278 277 280 282 283 285 288 289 290 290 293 295 297 299 299 299 299 298 300 302 302 302 300 298 294 290 292 297 298 299 299 298 297 296 297 298 297 297 297 297 296 294 291 287 281 275 268 264 271 281 284 287 287 286 285 282 274 281 289 295 300 305 307 309 311 312 312 313 313 313 312 311 309 307 304 303 305 304 303 300 299 302 309 315 320 324 327 329 330 331 331 331 331 330 327 320 309 299 299 305 309 311 316 322 327 332 336 340 343 346 348 350 351 352 353 353 353 353 352 351 348 341 332 322 317 324 330 335 340 347 354 361 368 372 375 376 376 375 373 369 366 363 361 359 353 355 358 359 359 358 356 353 347 342 343 349 356 365 371 376 378 380 381 381 381 381 381 380 378 376 372 370 368 365 362 360 355 356 359 360 364 367 369 370 371 370 370 368 367 364 360 356 356 361 365 366 366 365 363 361 359 358 357 356 356 357 358 357 357 357 355 353 351 350 351 350 347 344 344 348 351 352 352 351 350 348 346 344 343 339 335 332 329 328 329 331 331 331 328 324 319 311 301 296 288 280 283 294 304 312 317 317 312 303 292 293 294 291 286 280 270 263 262 260 259 259 259 258 257 259 262 268 270 271 271 271 271 270 269 268 265 262 258 257 262 266 265 262 255 252 253 253 248 247 248 251 256 259 260 260 260 261 265 269 273 276 278 280 281 281 281 280 279 277 276 273 273 277 282 285 288 290 290 291 291 291 291 291 291 291 290 288 286 283 280 273 264 254 250 250 252 254 258 261 265 268 271 273 275 277 278 278 279 281 285 288 291 293 294 295 294 294
318 316 315 313 311 308 308 307 305 303 301 299 300 302 303 303 304 303 304 304 304 305 306 307 307 307 306 306 305 302 300 297 295 292 290 287 284 281 278 278 284 287 284 285 288 291 292 292 294 296 298 301 301 301 301 301 302 303 304 303 301 299 295 291 293 297 299 300 300 300 298 298 299 299 299 298 298 297 295 293 289 285 280 272 266 268 274 282 287 289 290 290 290 287 285 277 280 289 297 302 306 308 311 312 313 314 315 315 314 313 312 310 308 307 309 309 308 307 305 302 304 311 317 322 326 328 330 331 332 331 331 330 326 319 308 299 300 306 309 313 319 325 329 333 337 342 344 346 349 350 352 353 354 354 354 354 354 353 350 344 336 325 318 324 330 335 340 348 354 361 367 372 375 377 378 376 374 373 370 369 366 363 360 361 362 364 364 362 358 354 350 345 350 355 362 368 374 378 380 382 382 382 383 383 382 381 380 379 376 374 372 370 368 365 361 363 365 366 369 371 372 374 374 374 373 372 370 368 362 362 360 364 367 368 368 366 365 363 363 362 362 360 360 361 362 361 360 360 359 357 355 354 354 352 349 348 347 350 353 355 356 355 354 353 350 349 347 343 340 337 336 335 335 335 335 334 332 328 322 317 309 302 293 283 278 283 293 304 310 313 310 303 292 286 290 287 282 274 267 262 262 264 266 267 266 262 258 255 258 261 262 262 262 262 262 263 263 264 262 261 258 256 259 264 264 264 256 252 250 249 248 248 249 252 257 260 262 264 265 264 266 271 274 277 280 282 283 283 283 282 281 280 278 275 274 278 282 285 288 290 291 291 292 291 291 290 291 291 290 288 286 283 278 270 261 252 250 251 255 257 259 261 263 265 266 269 272 275 279 281 282 283 285 289 291 293 295 296 295 295
320 318 316 314 311 309 306 305 303 302 301 301 302 304 305 306 306 306 306 306 307 307 308 308 307 307 306 306 305 303 301 298 296 293 291 289 285 282 278 278 286 289 288 286 288 291 293 294 295 297 299 302 302 303 303 303 304 305 305 304 302 299 297 294 293 296 300 301 301 301 300 299 301 300 300 299 298 296 293 289 285 281 274 268 265 268 277 284 288 291 294 294 293 292 290 287 281 281 289 296 303 307 310 312 313 315 316 316 316 316 314 313 311 311 313 313 313 312 311 308 303 308 314 319 324 327 330 331 332 332 332 330 326 318 308 299 300 308 310 314 320 326 330 332 337 341 344 347 349 351 353 353 355 355 355 356 356 354 351 346 338 328 320 322 327 332 338 345 352 359 365 370 375 378 379 378 376 375 374 373 370 368 368 368 368 368 368 364 360 356 351 353 358 362 367 372 376 380 382 383 383 384 384 384 384 383 382 381 379 378 377 374 372 370 367 368 369 371 374 376 377 378 378 378 377 376 374 371 367 367 365 366 369 371 370 368 367 367 366 366 365 365 365 365 365 365 364 363 361 360 359 358 358 355 354 353 351 353 356 358 358 358 358 357 355 353 351 348 346 343 342 341 340 339 338 337 334 330 324 319 309 303 295 287 280 276 282 294 302 306 305 300 291 279 281 280 273 266 263 268 274 276 275 272 270 265 260 255 254 254 254 253 253 254 254 255 256 257 257 258 256 254 256 262 263 263 258 253 250 248 248 251 251 252 255 261 265 267 269 270 269 271 275 278 281 283 285 285 285 284 283 282 280 277 275 278 282 285 289 290 292 292 293 292 291 290 289 290 289 287 284 280 275 266 257 251 250 253 260 262 264 265 266 268 271 273 274 275 277 281 284 285 287 289 291 294 295 296 296 296
321 319 317 315 312 309 307 305 304 304 304 304 305 306 307 308 308 309 308 308 308 309 308 308 308 307 306 305 304 303 301 299 297 295 293 290 287 282 278 281 287 291 291 290 288 290 293 295 297 299 300 302 303 304 305 305 305 307 307 306 304 302 299 296 295 296 300 302 302 302 301 301 302 301 300 299 297 294 291 286 280 274 269 265 268 271 281 285 289 293 295 296 296 296 294 293 290 283 281 290 297 303 308 311 314 315 317 317 318 318 317 316 314 314 316 317 317 316 315 312 308 304 311 317 322 326 329 330 332 332 332 330 326 318 308 300 300 307 310 313 319 325 330 332 336 340 343 346 348 351 353 354 354 356 356 357 357 355 353 348 340 329 322 327 328 329 332 337 344 355 362 369 374 378 379 378 378 378 377 376 374 372 372 373 373 372 370 366 362 358 355 360 365 367 371 375 378 381 382 383 384 384 385 385 385 385 384 383 382 381 380 378 376 375 372 373 374 376 378 379 380 380 380 380 379 379 376 374 372 371 369 370 372 373 372 371 370 370 369 369 369 369 369 369 369 368 367 366 364 364 362 361 360 359 358 357 356 356 359 360 361 361 361 360 358 356 355 353 352 349 347 345 344 343 342 339 336 332 327 322 313 305 300 293 286 279 276 283 291 297 297 295 289 280 275 271 265 265 271 278 282 280 276 273 267 262 257 254 253 253 252 251 251 252 251 251 251 251 252 253 254 253 255 259 262 261 256 252 249 248 250 255 255 254 253 258 265 269 272 273 273 273 276 279 282 285 286 286 286 286 285 284 282 279 276 278 282 285 288 291 292 293 293 293 292 290 289 288 287 284 280 275 270 263 254 251 251 257 263 267 269 270 272 274 274 277 278 279 278 280 284 287 290 290 292 295 296 297 297 296
322 320 318 315 313 309 307 306 307 308 308 306 307 309 309 309 310 309 310 310 310 310 309 308 307 307 306 305 304 302 301 300 298 296 294 291 286 282 278 281 289 293 293 293 290 289 292 294 297 299 301 303 304 305 306 307 308 308 308 307 306 303 301 298 296 295 299 302 304 303 303 303 302 301 301 299 296 293 288 283 276 270 265 269 268 270 280 285 290 293 296 298 299 299 298 297 295 292 287 281 289 297 303 309 313 315 317 318 319 320 319 319 317 317 319 320 320 319 318 316 313 307 308 315 320 324 327 329 331 332 332 331 327 319 309 301 299 307 310 312 317 321 327 330 335 339 342 345 348 351 353 355 356 357 357 358 358 356 353 347 337 327 328 335 336 336 335 335 340 350 360 367 373 378 380 381 381 380 379 378 377 375 375 376 376 375 372 368 364 360 362 366 370 372 376 377 380 381 382 383 384 384 384 383 382 385 385 384 384 383 382 381 380 379 378 378 379 380 380 381 382 382 382 381 381 380 379 378 376 374 373 373 374 374 374 373 373 373 373 372 372 371 371 371 371 370 370 369 368 367 366 365 364 363 361 361 361 360 361 363 363 363 363 362 361 359 358 356 355 354 352 348 347 345 343 341 339 335 329 322 316 309 304 299 293 285 277 274 278 284 287 287 284 279 272 266 267 275 282 285 283 280 276 271 264 259 254 253 253 254 254 254 253 253 252 251 251 251 251 250 251 252 252 255 259 257 253 251 249 249 254 259 260 258 255 257 264 270 274 275 277 276 277 281 284 286 287 287 287 288 287 285 283 280 277 279 282 285 288 291 293 294 294 294 293 292 290 288 285 281 275 269 263 257 252 251 253 260 266 270 273 274 277 278 279 281 282 283 283 282 284 288 291 293 294 296 297 297 297 296
323 322 319 317 315 313 311 310 310 310 310 308 310 311 311 311 311 311 311 312 311 311 310 309 307 305 304 302 301 300 300 299 297 296 293 291 286 281 279 283 290 294 295 295 294 293 290 293 296 298 300 303 304 306 307 308 309 309 309 308 307 305 303 300 298 296 299 302 304 305 305 305 303 302 300 297 294 289 284 278 271 266 267 271 272 271 273 284 288 293 296 299 300 301 301 300 299 297 294 290 283 290 297 304 310 315 317 319 321 321 321 321 320 320 321 322 322 321 320 318 315 310 308 312 318 322 325 328 330 332 332 331 326 320 310 303 299 303 307 310 314 318 324 329 333 338 341 345 348 351 353 355 356 357 358 358 358 357 353 344 333 330 338 342 343 343 342 340 341 346 356 366 372 377 381 382 383 382 382 380 379 379 379 378 379 377 375 371 367 366 368 372 375 376 377 379 380 380 380 380 380 379 378 379 379 380 382 383 385 385 384 383 383 382 382 383 384 384 384 384 384 383 383 382 381 381 381 380 379 377 376 375 375 376 376 376 375 375 375 374 374 374 373 373 373 372 371 370 369 369 368 367 367 366 365 365 364 363 364 365 365 365 365 364 363 362 360 358 357 355 354 352 349 347 345 343 340 336 332 326 319 313 307 303 298 290 279 274 272 273 274 276 278 274 268 268 278 285 288 286 283 279 275 269 262 257 254 254 256 259 260 260 259 258 257 256 255 253 252 250 250 250 250 250 252 251 250 249 248 253 259 263 264 264 261 257 261 268 273 277 279 280 281 283 285 287 289 289 289 289 288 286 284 281 278 280 282 285 288 292 294 295 296 296 295 293 292 290 288 285 280 273 263 253 251 253 257 262 268 273 276 278 280 282 283 285 286 286 287 286 285 289 292 294 296 297 297 297 297 295
324 323 321 319 316 315 313 312 312 312 312 311 311 312 312 313 313 313 313 313 313 312 310 308 305 303 300 300 299 298 298 297 296 295 293 290 285 281 279 284 291 295 297 297 297 296 294 293 294 297 299 301 304 306 308 309 310 311 311 310 309 308 305 303 300 298 299 303 305 305 305 305 303 302 299 294 290 285 280 273 268 266 269 276 279 277 274 274 282 290 295 299 301 303 303 303 302 301 299 297 292 285 291 299 305 311 315 319 321 322 323 323 323 322 323 324 323 323 322 320 316 310 312 316 318 320 324 327 331 332 333 332 328 321 312 306 299 303 306 309 313 316 321 326 330 335 339 342 348 351 354 355 356 357 358 359 359 357 352 343 332 337 344 348 350 350 349 346 344 345 354 364 371 376 380 382 384 384 384 382 382 381 381 381 380 379 377 374 371 372 375 377 378 378 377 376 375 375 375 373 371 371 370 369 369 372 374 378 381 383 384 385 385 385 385 386 386 387 387 387 384 384 383 382 381 382 382 381 380 379 378 377 377 376 377 377 376 375 375 375 374 375 374 374 374 374 373 372 371 370 370 369 369 368 368 368 367 366 367 367 366 366 366 365 364 362 361 360 358 356 354 353 350 347 345 343 340 337 333 327 320 312 306 304 297 286 281 281 277 273 271 269 268 267 269 279 289 291 289 285 281 277 273 268 261 255 254 255 262 266 267 266 265 263 262 261 260 257 254 253 251 250 250 250 249 249 249 249 252 258 263 267 269 269 265 260 258 264 271 277 281 282 283 284 286 288 290 290 291 290 289 288 285 282 281 282 284 286 289 292 295 296 297 297 296 295 293 292 289 286 282 272 262 254 251 257 262 265 270 276 280 282 284 285 287 288 289 290 290 289 288 290 294 296 297 298 298 298 296 293
325 324 323 321 318 316 315 314 314 314 314 314 314 314 314 314 315 314 314 314 313 312 310 307 304 302 300 298 296 295 296 295 295 294 292 288 285 282 280 285 292 296 297 298 299 299 298 297 296 295 298 300 303 305 308 310 311 312 312 312 311 310 308 305 302 300 300 303 305 306 305 305 303 301 297 293 287 282 277 271 267 266 274 281 284 284 281 277 274 284 292 298 301 305 305 305 305 304 302 300 297 294 287 293 300 307 313 318 321 323 324 324 325 324 324 325 325 324 323 321 317 310 316 320 322 323 324 327 331 332 333 332 328 321 314 308 303 301 304 308 312 315 318 322 326 330 335 341 345 348 354 356 357 358 359 359 359 357 352 341 335 343 349 353 355 356 355 354 350 347 352 362 370 376 380 383 385 386 385 385 384 383 383 382 382 380 379 377 376 377 380 380 378 376 372 369 366 366 366 364 357 355 353 353 354 356 361 368 374 378 380 383 385 386 387 386 386 386 386 386 385 384 382 382 381 382 382 382 381 380 379 378 377 376 376 376 376 373 373 374 374 374 373 373 373 373 373 373 372 371 370 370 370 369 369 369 369 368 368 368 367 367 366 365 364 363 362 361 359 357 354 352 350 347 345 341 339 336 331 325 320 311 307 300 292 292 296 295 292 286 280 277 275 277 283 291 293 292 288 283 278 274 270 266 259 255 254 260 267 271 271 270 269 267 266 266 264 262 258 254 252 252 252 251 250 250 251 253 258 262 267 270 272 271 270 266 261 260 268 276 281 284 286 287 288 290 291 292 292 291 290 289 286 283 283 285 287 288 291 293 296 297 298 298 297 296 295 293 290 287 280 270 259 252 252 257 263 268 273 278 282 285 287 288 290 291 292 293 293 292 291 291 295 297 299 299 299 298 295 289
325 324 324 322 321 319 318 316 316 316 316 316 316 315 315 315 315 315 314 315 314 312 310 307 306 303 301 299 296 294 292 292 291 290 289 287 284 281 279 285 291 296 298 300 300 300 300 300 299 298 297 300 302 305 307 310 312 313 313 313 312 311 309 307 305 303 302 305 306 307 307 304 303 300 296 292 288 283 275 270 267 269 277 284 287 289 288 284 280 277 286 295 300 304 306 307 307 307 306 304 302 298 296 291 294 304 311 317 320 323 324 326 326 326 326 326 326 325 324 322 317 313 319 323 325 326 327 329 331 332 333 332 328 322 316 311 306 303 301 304 309 312 315 318 321 327 334 338 343 348 352 355 357 358 359 359 359 357 352 342 339 347 353 357 360 361 360 359 359 357 353 356 369 375 380 383 385 386 387 386 386 385 385 384 383 380 379 378 379 380 381 379 375 370 363 357 352 350 350 350 344 340 338 339 342 346 350 354 361 370 376 380 383 387 387 387 387 387 387 387 385 384 383 382 381 382 382 382 381 381 379 378 376 375 374 373 372 370 370 370 370 369 370 370 371 371 370 370 370 369 368 368 369 369 370 370 370 370 369 368 367 366 365 364 363 362 361 360 359 357 354 353 349 347 343 340 336 331 325 319 313 306 301 300 300 302 303 302 300 297 296 295 295 296 295 297 296 293 287 281 276 271 267 264 258 254 255 264 271 274 275 273 273 272 271 269 267 264 260 254 254 254 254 253 253 254 255 259 263 268 271 273 274 274 273 271 266 261 266 275 280 285 288 289 290 291 292 293 293 292 291 290 287 284 285 287 289 291 292 294 297 298 299 299 298 297 296 293 290 286 278 268 257 253 253 257 264 270 276 280 284 287 290 291 293 294 295 296 296 295 294 295 299 300 300 300 300 298 293 285
325 325 325 324 323 322 320 319 318 317 317 317 317 316 316 316 316 315 315 315 314 313 311 309 307 305 303 300 299 297 295 292 290 288 286 285 283 281 280 285 290 295 298 300 301 302 302 302 302 301 300 299 302 305 307 310 312 313 314 314 314 312 311 309 306 304 304 306 307 307 306 304 301 298 293 289 286 281 274 270 266 269 279 286 290 292 292 291 287 282 279 289 298 303 306 308 309 309 308 307 305 303 302 299 291 302 308 314 319 322 325 326 327 328 328 327 327 326 325 322 316 316 323 326 328 329 330 331 332 333 333 332 329 324 319 313 311 308 304 301 303 307 310 315 321 327 331 335 339 344 349 353 355 357 359 360 360 358 353 343 342 350 356 360 363 365 366 365 366 363 363 360 370 375 379 383 385 387 388 388 387 387 387 385 384 382 380 379 382 382 380 375 371 363 354 347 343 342 341 338 335 332 330 331 336 342 346 348 350 355 364 373 379 383 387 388 388 387 387 386 385 383 382 380 380 380 380 380 379 378 377 375 373 371 369 367 366 364 362 362 360 361 362 363 364 366 367 366 366 364 363 363 365 366 368 369 370 369 369 367 366 364 361 359 359 358 357 357 357 356 353 351 348 344 341 338 333 325 319 313 309 308 307 307 308 308 306 305 304 303 302 301 300 301 301 300 297 292 286 280 275 270 265 261 256 255 259 268 274 277 277 277 276 275 274 272 270 266 261 255 255 256 256 256 257 259 261 264 268 271 274 276 278 277 276 274 270 264 265 273 280 285 288 290 291 292 293 294 294 293 292 291 288 286 287 289 292 293 295 297 298 300 300 300 299 298 294 293 289 285 278 269 259 252 253 258 265 271 278 283 286 290 292 294 295 297 298 299 299 298 297 297 301 302 302 301 300 297 291 283
325 325 325 325 324 323 321 321 319 319 318 318 318 317 317 316 316 316 315 315 314 313 312 311 309 307 304 303 301 300 299 297 295 293 291 288 284 281 281 284 288 292 296 300 302 303 304 304 304 304 303 302 303 305 308 310 313 314 315 315 315 313 311 309 306 305 306 308 308 308 306 304 301 297 290 286 281 277 273 269 266 271 281 288 292 295 295 295 293 291 284 282 293 302 306 308 309 310 311 310 309 307 306 305 300 293 305 311 316 321 324 326 328 329 329 329 328 327 325 321 316 320 324 327 329 330 332 333 334 334 335 334 331 326 321 318 316 314 311 307 303 301 305 312 317 322 326 330 335 341 346 351 355 357 359 360 360 359 355 346 344 353 359 363 366 368 369 370 370 370 368 367 369 375 379 383 385 387 388 388 388 388 387 386 385 384 383 383 383 382 379 373 365 356 348 340 337 337 337 335 332 328 324 327 333 338 341 342 343 346 350 358 369 378 383 386 387 387 386 384 383 380 379 376 375 375 376 375 374 373 372 369 367 364 361 357 354 352 350 348 346 347 348 349 351 355 358 359 359 357 355 356 358 361 363 366 367 368 368 367 365 361 357 353 353 352 352 353 354 353 352 350 346 342 338 334 330 324 319 317 316 315 313 312 310 309 308 306 306 305 302 302 303 302 302 300 296 291 284 279 274 270 266 260 256 255 262 271 276 279 280 279 279 278 276 274 271 267 261 257 259 259 259 261 262 263 266 269 272 275 277 279 280 280 279 277 272 266 264 272 280 284 289 291 292 293 294 295 295 295 294 292 290 288 288 291 293 295 297 298 300 301 301 301 300 297 294 291 287 283 277 267 259 254 255 260 266 272 278 284 288 291 294 296 298 299 301 302 302 301 301 301 303 305 303 302 299 294 286 278
325 325 325 325 323 322 321 320 319 318 318 317 317 316 316 316 315 315 314 314 313 313 312 311 310 309 307 305 304 303 301 300 298 296 293 289 283 280 286 288 286 288 293 298 301 303 304 305 306 306 305 304 303 306 308 311 313 315 315 316 316 314 312 309 307 306 308 309 309 309 307 304 301 296 294 291 286 278 272 269 267 271 281 289 294 297 298 299 298 296 292 285 288 300 305 308 311 312 312 313 311 311 310 309 306 297 300 307 314 319 323 326 328 329 330 330 330 329 326 321 317 321 326 329 331 333 333 335 336 336 337 337 334 330 325 323 321 319 317 315 311 306 302 306 313 318 322 325 330 336 343 349 353 356 359 360 361 360 357 351 345 354 360 364 368 370 371 372 373 373 374 374 372 376 379 383 385 387 388 389 389 389 388 387 386 385 384 382 385 382 377 370 361 351 342 335 330 330 332 330 326 323 317 319 327 333 335 336 338 340 343 347 355 368 377 382 385 386 385 383 379 376 373 370 368 367 365 365 364 362 361 359 356 352 348 343 339 334 331 329 327 327 327 330 332 338 342 345 347 346 345 346 348 351 356 360 364 366 367 366 363 358 352 347 345 345 345 347 349 350 349 349 347 344 340 335 332 328 325 322 319 316 314 311 310 308 306 305 304 304 303 303 304 303 301 298 294 289 282 277 273 269 263 258 256 256 264 274 278 281 281 282 281 279 277 275 271 265 259 259 262 264 266 267 267 269 271 273 276 278 280 281 282 282 281 278 274 267 266 272 279 284 288 291 292 293 295 296 296 296 295 294 292 290 290 292 295 297 298 300 301 302 302 301 299 297 295 292 288 283 273 265 259 253 254 260 267 272 279 284 289 292 296 298 300 301 303 304 305 304 304 304 305 306 305 303 297 288 278 269
324 324 324 323 321 319 318 317 316 315 315 315 314 314 313 313 312 312 311 311 312 312 312 311 311 310 308 307 306 305 304 302 300 297 294 288 282 281 289 293 292 289 290 294 299 302 304 305 306 307 307 306 305 306 308 311 313 315 316 317 316 315 313 310 309 309 309 310 310 310 307 305 302 300 296 293 283 278 272 268 267 271 281 289 295 299 300 302 301 300 297 293 285 293 303 308 311 312 314 314 314 314 313 312 310 305 298 308 314 319 324 327 329 330 331 331 331 330 327 323 317 320 325 329 332 334 335 336 337 338 338 339 336 332 330 328 326 324 322 320 318 311 304 303 308 314 318 322 326 332 339 346 351 355 359 360 361 361 359 354 347 353 359 363 367 370 373 373 375 376 376 377 376 377 380 383 385 387 388 389 389 389 389 388 387 386 385 385 384 380 376 368 359 348 340 334 326 321 322 322 320 317 313 313 316 322 328 329 334 335 339 341 346 353 365 375 381 384 383 381 378 372 367 361 354 352 350 348 347 345 346 346 341 336 331 327 323 319 316 314 313 313 312 313 315 319 323 328 331 331 328 329 332 338 345 352 358 362 364 365 363 358 354 343 337 333 334 337 342 345 347 347 346 344 341 338 334 330 325 321 318 315 312 310 307 306 304 302 301 301 301 301 301 301 299 296 292 285 278 273 268 263 259 257 255 259 267 276 280 282 283 283 282 280 277 273 267 261 259 262 266 269 270 271 272 273 275 277 279 281 283 284 284 284 282 279 273 268 267 273 278 282 287 290 292 293 296 297 297 297 297 296 294 293 293 294 296 298 300 302 302 303 303 302 300 298 296 293 289 283 276 267 259 254 255 260 266 272 278 283 288 292 296 298 300 301 303 305 306 306 307 307 307 307 305 302 294 283 271 266
322 322 320 318 316 314 313 312 312 311 311 311 311 310 310 309 308 308 307 308 308 309 310 311 310 310 309 309 308 307 305 304 301 298 292 286 282 283 292 296 296 295 292 291 295 299 303 305 307 308 309 308 307 307 309 311 313 315 317 317 317 316 314 313 312 311 310 311 312 311 309 307 304 301 296 291 283 276 272 269 267 270 279 288 295 299 302 303 303 303 302 298 293 288 299 306 311 313 315 315 316 316 315 315 313 309 298 309 314 320 324 328 330 332 333 332 332 331 328 322 321 324 324 328 332 334 336 338 339 340 340 340 338 337 336 333 331 329 327 324 322 316 307 303 306 310 315 320 324 329 334 341 348 353 358 360 361 362 361 358 352 351 358 362 367 370 374 374 375 377 378 378 379 379 380 383 385 387 388 389 389 389 389 387 385 384 382 380 379 377 373 366 357 347 340 335 329 322 318 316 313 312 313 312 309 314 317 322 325 331 334 337 341 344 353 365 374 379 382 381 376 370 363 352 341 336 332 330 329 329 330 333 330 326 320 315 311 308 306 303 302 301 299 302 304 306 308 311 311 311 310 311 315 322 329 339 350 357 361 363 362 359 355 350 342 332 326 326 331 339 342 344 344 343 340 337 333 329 324 320 316 313 309 306 303 301 300 298 298 297 297 297 297 297 296 292 287 280 273 267 261 258 256 255 258 264 271 277 281 283 283 283 281 279 275 269 263 261 263 265 268 272 274 275 276 278 279 281 282 284 285 285 285 285 283 279 273 268 268 273 278 282 286 289 292 294 296 297 298 299 299 298 296 296 296 297 298 300 302 303 304 304 303 302 300 299 296 293 289 284 278 270 263 255 254 258 263 268 273 280 285 291 294 298 300 302 304 305 306 308 310 309 309 309 306 301 291 279 269 264
322 320 316 314 313 311 308 307 308 306 305 305 306 306 306 305 304 304 303 302 303 305 307 309 310 310 310 310 309 308 307 305 302 297 291 285 281 287 294 298 299 299 297 294 293 296 300 304 306 309 309 310 310 309 309 311 313 316 318 318 318 317 317 315 314 313 313 313 313 312 311 309 305 301 295 289 282 274 271 270 267 268 275 287 295 300 303 304 305 306 305 303 300 293 292 304 310 313 316 317 318 318 317 317 315 312 301 308 314 320 325 329 331 333 333 334 333 332 328 322 326 328 327 327 331 335 338 339 340 342 342 342 341 340 340 339 336 334 331 328 324 317 308 303 307 310 314 318 323 328 333 339 346 352 357 359 361 362 362 361 357 353 355 361 366 371 373 374 376 377 378 379 380 381 382 384 385 387 388 389 388 387 386 384 380 377 374 369 367 367 367 363 353 347 340 334 328 323 318 316 313 320 322 319 315 309 311 315 318 323 328 332 335 338 344 354 364 372 376 377 374 368 361 351 336 331 323 319 318 318 320 321 321 317 309 305 302 301 299 297 296 295 292 293 294 296 297 299 299 297 295 298 304 309 315 324 339 349 357 360 361 359 356 352 347 340 333 326 321 329 336 340 341 341 339 335 331 327 322 318 314 309 305 300 298 296 295 294 293 293 292 291 292 291 291 287 282 275 267 261 257 257 256 258 263 269 276 280 282 283 283 282 280 277 271 266 264 265 269 269 270 274 277 279 280 282 282 284 285 286 287 287 286 285 283 278 272 269 269 273 277 281 285 289 292 295 297 298 299 299 300 300 299 299 299 300 300 302 303 304 305 304 303 302 300 298 295 292 287 281 276 269 262 256 255 259 261 263 267 273 280 288 293 299 302 304 305 306 308 311 312 312 312 310 307 299 289 275 269 264
320 318 315 311 309 308 306 304 305 304 300 300 300 301 301 301 300 300 299 298 299 299 301 304 307 308 309 309 309 308 307 305 302 297 291 284 282 290 296 301 303 302 302 299 297 295 298 302 305 308 309 310 311 311 311 312 314 316 318 319 319 319 319 318 317 315 315 314 314 313 312 309 306 302 297 290 282 275 272 269 267 267 276 285 293 299 304 306 307 308 307 307 305 303 295 297 308 313 316 318 319 319 319 319 318 314 303 312 315 321 326 330 332 334 334 335 335 333 329 324 330 332 332 331 331 335 338 340 342 343 344 344 344 344 343 343 340 338 334 331 326 316 308 304 308 313 315 319 323 328 334 339 345 351 356 359 361 362 363 362 361 358 355 359 364 368 372 373 375 377 379 380 381 382 383 384 385 386 387 387 386 384 381 377 372 364 355 349 344 347 354 356 352 347 341 336 332 327 321 316 318 329 329 326 320 313 307 310 313 317 319 323 328 333 337 343 354 364 370 371 370 365 360 349 333 329 325 317 311 310 310 311 312 311 306 301 298 297 295 293 291 289 288 287 287 286 287 288 288 288 289 290 294 298 304 314 327 340 350 356 359 359 357 353 348 343 337 330 320 319 329 334 337 337 335 332 328 324 319 316 310 306 302 296 293 292 290 289 289 288 288 287 287 286 284 281 276 269 261 257 257 257 259 263 268 274 279 280 282 283 282 281 278 274 268 264 268 271 274 274 274 275 279 282 283 284 285 286 287 288 288 288 287 285 282 276 271 271 272 272 277 281 285 288 292 294 297 298 300 301 301 302 302 302 302 302 303 304 305 305 305 304 302 300 298 296 293 288 282 277 272 267 260 254 257 263 267 268 267 269 275 283 292 299 303 305 307 308 311 314 314 314 313 311 307 299 287 274 269 265
319 318 315 312 309 306 302 302 303 302 301 300 300 297 296 297 296 296 295 294 294 294 295 297 300 303 306 308 308 308 307 305 302 296 290 283 282 291 298 303 306 306 306 304 302 300 297 298 302 306 309 310 311 312 313 314 316 317 319 320 321 321 320 320 319 318 317 316 315 314 311 308 304 300 296 289 282 274 271 270 268 267 271 282 291 299 304 306 308 309 310 310 309 307 304 296 302 311 316 319 320 321 321 320 319 316 307 315 319 322 326 330 333 335 336 336 335 334 329 327 332 334 336 336 334 334 339 340 343 344 345 346 346 346 346 345 344 341 337 332 327 316 308 304 311 317 320 322 324 328 333 339 344 350 355 358 361 362 363 363 363 362 359 358 362 366 370 372 375 377 378 380 381 382 383 384 384 384 385 383 381 378 373 366 355 345 337 334 334 335 338 347 349 347 343 340 336 329 323 316 323 335 336 331 324 317 310 306 308 311 313 315 319 324 331 336 345 355 362 365 364 361 357 348 333 329 323 316 309 306 304 304 304 305 303 299 295 294 293 291 288 286 284 283 282 281 281 281 282 284 284 286 288 290 296 306 318 330 344 351 356 357 357 354 350 345 339 331 323 313 319 327 331 332 332 327 323 319 316 312 308 304 300 294 290 287 286 284 285 284 284 284 283 281 279 274 268 261 257 258 258 261 263 268 272 277 281 282 282 282 281 279 277 272 266 267 273 276 278 278 279 279 280 284 285 287 288 289 289 289 289 288 287 284 278 274 275 277 276 274 277 281 285 288 292 295 297 299 301 302 303 304 304 304 304 304 305 305 305 306 304 303 300 298 295 292 287 281 275 270 265 260 255 257 260 268 272 273 275 271 273 280 288 296 302 306 310 312 314 316 315 315 314 312 308 299 287 274 270 267
319 317 315 312 310 307 302 303 304 305 305 305 303 301 298 297 296 296 297 296 295 294 291 291 292 296 299 303 305 306 305 304 302 297 291 283 283 293 300 304 308 309 309 308 306 304 302 300 300 304 307 310 312 313 314 316 317 319 320 321 322 321 321 321 320 319 318 317 316 315 313 309 304 297 293 286 277 274 272 270 268 268 270 277 287 295 302 306 309 311 311 312 312 311 310 307 299 309 315 319 321 322 322 322 321 319 311 314 320 324 327 331 334 336 337 337 336 335 331 329 334 336 338 339 338 336 339 342 344 345 346 347 348 348 347 347 346 343 339 334 327 315 308 305 313 320 325 328 329 331 334 339 345 350 354 358 360 362 363 364 365 363 362 361 360 365 368 371 373 376 377 379 381 382 382 383 383 383 382 379 376 370 362 350 342 335 329 327 327 327 328 331 340 344 344 341 336 328 320 315 327 339 339 335 328 320 314 309 306 305 307 309 312 316 322 330 337 342 350 355 357 355 356 348 334 329 322 314 307 303 301 299 298 299 301 298 295 292 291 289 286 284 284 284 285 284 283 282 281 279 281 282 283 286 290 299 311 322 335 345 351 355 356 354 351 346 340 333 326 320 309 318 325 328 327 322 318 315 313 310 306 302 297 293 289 284 282 280 281 280 280 281 280 277 274 269 262 258 258 260 263 266 270 273 275 279 281 282 282 281 279 276 274 270 268 272 277 280 281 282 283 283 283 285 287 289 290 290 290 290 290 289 286 281 277 279 281 281 280 277 277 281 285 289 293 295 297 300 301 303 304 305 306 306 306 306 307 306 306 305 303 300 297 293 290 284 278 270 264 259 256 257 258 259 265 272 275 279 280 278 275 279 287 295 301 306 310 313 315 317 317 317 316 313 309 300 289 275 268 267
318 317 315 312 309 305 303 305 307 308 309 308 307 305 303 301 298 300 301 302 301 298 296 294 292 290 292 295 299 301 302 302 301 297 290 283 284 294 301 306 310 311 311 310 310 309 306 304 302 301 304 308 310 313 314 316 317 319 321 321 322 322 322 321 321 320 319 318 317 316 314 311 306 300 294 285 280 275 274 271 269 268 267 274 282 292 299 305 308 311 312 314 314 314 313 312 307 306 314 319 321 323 323 324 323 321 316 312 321 324 328 331 334 337 338 338 338 336 332 332 336 339 340 341 341 340 341 344 345 346 347 348 348 349 349 349 347 345 341 335 327 316 307 306 313 322 327 330 333 335 337 341 345 350 354 357 359 361 362 363 364 365 364 364 362 364 367 369 372 374 376 378 379 380 381 382 382 382 379 375 367 360 351 342 336 330 332 336 335 332 328 325 327 336 342 339 334 324 317 321 335 343 343 338 330 322 318 314 311 308 305 304 306 310 315 320 327 333 337 343 347 348 350 343 334 329 323 317 312 307 303 300 297 295 295 296 294 291 289 287 284 286 287 287 288 288 286 285 283 281 279 278 279 281 285 293 306 317 327 339 347 351 353 351 349 345 340 333 330 324 317 308 314 317 318 316 314 313 310 307 304 300 295 291 288 284 279 277 277 277 275 276 277 274 270 265 260 258 259 264 268 272 274 276 278 280 282 282 282 282 280 278 276 272 269 274 279 283 284 285 285 286 287 287 289 290 291 292 291 291 291 288 284 279 282 284 285 285 284 281 280 282 285 290 294 296 298 300 302 303 305 306 307 308 308 308 308 308 307 305 304 301 297 292 285 276 269 263 257 256 258 259 261 265 270 275 279 282 282 280 277 278 286 294 300 305 310 314 316 318 318 318 317 314 310 301 291 279 269 268
316 316 314 312 309 303 305 307 309 311 312 311 310 308 306 304 300 302 305 306 304 303 301 298 295 293 289 289 291 294 295 297 298 296 290 283 284 295 302 306 310 311 313 313 313 312 311 309 307 306 304 305 309 311 314 316 318 320 321 322 322 322 322 322 321 320 320 319 318 317 315 312 307 303 296 290 281 277 273 272 270 268 268 271 277 286 295 302 307 311 313 315 315 316 316 316 313 306 313 319 322 324 325 325 325 324 320 312 318 324 328 331 335 337 339 339 339 338 334 334 338 341 342 344 344 344 344 345 346 347 348 349 349 350 350 350 349 347 343 337 327 316 307 307 313 320 326 330 333 336 339 342 346 350 353 357 359 361 362 363 363 364 365 366 365 364 366 369 371 373 375 377 378 379 379 380 380 379 377 372 364 356 350 344 338 330 340 343 343 339 334 330 325 324 328 334 326 320 317 327 343 347 346 339 331 326 324 319 316 314 310 306 303 304 308 312 317 322 327 333 337 340 340 339 334 333 328 322 318 313 309 305 300 296 293 292 292 290 287 285 288 290 292 292 292 291 289 288 286 283 281 279 278 277 281 289 302 313 322 333 341 345 348 346 344 341 337 332 329 326 321 315 305 307 308 310 311 311 309 306 302 298 294 289 285 282 279 275 273 272 271 272 271 271 268 262 258 258 261 267 272 274 276 278 280 281 282 283 283 283 282 281 279 275 271 273 280 284 286 286 287 289 289 290 291 291 292 293 292 292 290 287 282 282 286 288 289 288 287 286 284 286 288 291 294 297 299 301 302 304 306 307 308 309 309 310 309 308 307 305 304 300 294 285 276 268 262 259 257 259 261 264 266 270 274 279 283 285 285 283 281 277 285 291 298 304 309 313 318 319 320 320 319 316 310 302 292 280 271 269
314 311 310 310 307 305 307 310 312 314 314 313 312 311 309 306 302 304 307 309 308 306 304 301 299 296 294 292 289 287 288 289 291 291 287 283 283 295 302 306 310 312 313 314 315 314 314 313 312 310 308 307 307 310 313 316 318 321 322 323 322 322 321 321 320 319 319 319 318 317 315 312 309 304 299 293 282 277 273 271 270 269 268 268 274 280 290 298 305 311 314 316 317 318 318 318 317 314 312 319 323 325 326 326 326 326 323 317 318 322 327 331 335 338 339 340 340 339 336 335 340 342 344 345 346 347 347 347 347 348 349 350 350 350 351 350 350 347 344 339 328 315 307 307 311 316 322 326 331 334 338 341 345 348 352 354 357 359 360 362 363 364 365 366 366 367 366 369 371 373 374 376 377 377 378 378 377 375 373 369 363 357 352 347 338 332 346 348 347 343 339 334 328 325 321 321 320 319 325 338 348 351 348 343 341 335 331 326 326 323 317 311 306 303 302 305 309 312 316 322 327 331 333 334 330 328 325 323 319 316 311 306 301 296 293 291 289 287 285 288 293 297 297 297 295 294 293 291 289 287 285 283 281 278 277 284 297 309 318 328 335 339 340 339 338 335 332 329 326 322 319 316 311 304 298 299 302 304 306 304 302 298 294 290 286 281 278 276 274 273 271 268 266 265 264 261 258 260 262 268 272 275 276 278 280 282 283 284 284 285 285 285 283 279 275 272 277 284 286 288 289 291 291 292 292 293 293 294 293 292 290 286 283 286 289 290 291 291 290 289 288 288 291 294 295 296 299 301 303 305 307 308 309 310 311 311 310 309 308 305 302 294 283 274 266 261 257 258 258 262 264 267 270 274 278 282 286 290 290 288 285 282 285 291 298 304 308 314 319 320 321 321 320 317 310 302 292 281 273 269
316 314 310 307 305 307 310 312 314 316 316 316 315 313 311 308 303 305 308 311 311 309 307 305 302 300 297 296 293 290 289 286 286 285 284 283 283 294 299 305 308 312 314 315 316 316 316 316 315 314 312 310 309 310 313 316 319 321 322 322 322 321 319 316 315 315 317 316 316 315 314 312 310 306 301 293 285 278 274 272 270 269 268 268 272 277 283 292 301 308 313 316 318 319 320 321 320 319 313 318 323 326 327 327 328 327 326 322 319 325 328 332 336 339 340 341 341 340 337 336 340 343 345 347 348 348 348 349 349 349 350 350 350 350 350 350 349 348 343 337 325 315 307 307 310 312 316 320 325 330 334 337 341 344 347 351 354 357 358 358 360 362 365 366 367 368 369 370 371 373 374 375 375 376 376 375 374 371 368 363 358 352 348 344 334 339 350 352 350 347 342 336 331 327 326 324 323 326 335 349 354 355 353 351 348 343 336 335 334 330 323 316 310 306 303 301 303 306 309 312 317 322 324 323 320 320 320 319 316 313 310 305 300 296 293 290 288 286 290 294 303 307 306 302 299 297 296 294 293 292 291 288 284 280 277 280 293 306 313 322 328 330 331 330 328 326 325 323 321 318 316 314 312 309 304 298 293 296 301 302 300 298 295 291 287 284 282 279 277 276 275 272 269 265 262 261 259 260 262 266 270 273 275 277 280 282 284 286 287 288 287 287 285 281 280 276 273 281 284 288 291 292 293 293 294 294 295 295 294 293 291 287 284 288 291 292 293 294 293 292 291 290 293 295 297 299 300 301 304 306 308 309 310 311 312 311 310 309 308 304 298 284 273 264 260 258 258 260 264 266 269 271 274 278 282 287 290 293 294 293 288 285 287 293 299 305 309 315 320 322 322 322 322 318 311 303 293 283 274 269
316 315 311 308 307 309 313 315 317 318 318 318 317 315 313 310 305 306 309 313 313 312 311 308 306 303 301 299 295 295 295 292 289 288 285 284 285 286 295 301 306 310 312 315 317 318 318 318 318 317 316 314 313 311 315 318 320 322 322 323 321 320 316 310 308 308 311 312 312 311 310 308 306 304 300 293 284 278 274 272 271 272 269 269 271 274 278 286 296 303 311 315 318 320 321 322 322 322 320 315 322 326 328 329 329 329 328 325 320 327 330 333 337 340 341 342 342 341 339 337 341 344 346 348 349 350 350 350 350 350 350 350 349 349 348 348 349 345 341 334 324 315 308 309 312 313 313 313 317 321 327 332 336 339 342 346 349 353 354 354 356 361 364 366 367 369 371 371 372 372 373 374 374 374 372 371 370 367 362 356 351 345 342 337 335 347 355 357 353 350 345 338 333 332 332 332 334 340 351 355 361 362 359 358 355 347 343 342 341 336 329 320 313 308 304 302 300 301 303 305 308 310 313 312 309 308 309 309 307 307 305 302 298 295 292 289 287 292 297 308 317 319 315 310 304 303 302 301 300 299 297 293 288 282 277 277 289 301 309 315 319 321 321 319 318 317 316 315 314 313 311 310 308 306 304 301 296 288 292 297 299 298 295 292 289 286 283 281 280 279 277 275 272 267 262 260 259 260 261 263 267 270 272 276 280 284 286 288 289 290 289 288 287 285 283 281 278 276 282 287 290 293 294 295 295 295 296 296 296 294 293 290 286 289 293 294 295 296 296 295 294 292 294 297 299 300 302 303 305 307 309 310 311 312 312 312 311 309 306 299 291 276 265 260 258 259 262 265 269 272 274 276 276 281 286 290 294 297 299 298 291 288 289 295 301 306 310 316 322 323 323 323 323 319 313 305 295 285 276 272
317 314 311 307 309 311 314 317 318 320 320 320 319 317 314 311 307 306 310 314 315 315 313 311 309 307 304 300 297 300 299 297 294 293 294 291 287 285 287 294 300 306 310 314 316 319 319 320 320 320 319 318 317 314 316 319 321 322 322 322 321 318 313 306 301 300 302 303 303 302 301 299 298 297 295 291 285 278 275 272 271 271 269 269 271 273 276 281 288 299 307 314 318 321 323 324 324 324 324 321 320 326 328 330 330 331 330 328 322 328 332 335 338 341 342 343 343 342 341 339 342 345 347 349 350 350 351 351 350 350 349 348 347 345 344 344 343 341 338 332 323 315 310 311 316 320 321 319 317 316 320 325 330 333 335 339 343 347 348 349 354 359 363 366 368 369 371 371 373 373 373 373 372 370 369 367 365 362 356 350 344 339 335 336 345 355 359 360 358 352 347 341 339 340 341 345 351 355 361 364 367 367 366 365 359 354 350 349 346 342 334 324 316 310 307 304 301 299 299 301 302 303 304 302 300 299 298 298 297 297 297 295 294 292 290 288 292 299 308 321 329 329 324 318 313 313 311 309 308 307 303 299 292 285 277 275 285 296 302 305 308 309 307 305 304 302 305 305 306 307 306 305 305 304 302 301 298 291 285 289 293 296 295 292 289 287 284 283 281 280 278 276 273 267 262 260 260 261 262 262 263 266 271 275 280 285 288 290 291 291 291 290 289 288 287 285 283 279 278 284 288 292 294 297 297 296 297 297 297 296 295 292 288 289 294 296 297 298 298 297 297 295 296 299 300 302 303 305 307 308 309 311 312 312 313 312 311 308 302 293 281 267 261 259 260 263 266 269 274 277 279 282 281 284 290 294 297 301 302 301 296 292 290 298 305 310 314 318 323 324 324 325 323 319 315 310 300 285 278 273
317 313 312 308 312 314 314 318 319 321 321 321 320 318 315 312 309 307 312 315 317 317 315 314 312 309 306 302 301 304 303 300 298 296 298 296 292 287 285 289 294 299 306 311 316 319 320 321 322 322 321 321 320 318 317 320 322 323 324 323 322 318 313 307 301 295 293 292 292 291 289 289 288 288 288 286 283 278 275 273 272 271 270 267 269 271 275 278 281 292 303 311 317 321 323 325 326 326 326 325 323 324 328 330 332 332 332 331 326 329 333 336 339 341 343 343 344 343 341 341 344 347 349 350 351 351 351 351 350 349 347 345 342 339 337 336 335 333 330 326 319 311 309 313 322 327 328 327 325 322 319 319 323 327 330 334 337 341 342 348 353 358 362 365 367 369 371 372 373 373 373 371 368 366 365 363 360 357 352 347 340 337 342 347 357 361 365 364 361 356 352 347 347 348 351 358 364 368 370 372 373 373 372 370 366 361 358 355 351 346 340 329 320 314 310 307 304 301 298 297 298 299 298 297 295 294 294 293 292 292 291 290 290 289 289 294 302 310 321 335 337 336 331 327 324 322 320 317 315 313 309 302 295 285 279 275 279 290 296 296 296 295 294 294 295 297 299 301 302 302 302 301 300 299 299 298 297 294 288 282 286 290 292 292 290 287 285 284 282 280 278 276 272 266 261 260 260 263 264 264 263 264 270 275 280 285 288 290 292 292 292 292 291 291 290 288 287 285 281 280 286 291 294 297 298 299 298 298 298 297 296 294 290 290 294 297 298 299 300 300 299 298 298 300 302 303 305 307 308 310 311 311 312 313 313 312 310 305 297 285 269 262 260 261 264 267 269 274 278 282 286 289 289 289 293 298 302 304 307 307 304 298 295 302 308 313 317 321 324 325 326 326 323 320 316 311 302 290 280 274
319 315 312 308 314 317 316 318 321 322 323 322 322 319 316 314 313 310 312 316 318 318 318 316 314 312 308 303 306 307 306 304 301 299 301 300 297 293 288 285 288 294 301 307 313 317 321 322 323 324 323 323 323 322 319 321 323 325 324 324 321 318 313 308 303 300 297 292 289 286 285 283 282 281 282 281 280 277 276 276 274 271 269 268 270 272 273 276 280 288 298 307 315 321 323 326 327 328 328 328 327 326 327 331 332 333 334 333 331 327 333 337 340 342 344 344 345 344 342 344 345 348 350 351 351 352 351 351 349 347 344 340 335 331 327 325 325 322 321 317 313 309 310 319 326 332 334 333 332 329 324 321 324 324 324 330 332 335 340 346 351 356 360 363 366 368 370 372 373 372 372 370 368 363 360 359 357 353 349 342 341 347 353 360 365 368 369 368 366 361 358 356 356 357 364 368 373 377 378 380 379 379 378 376 372 369 365 361 357 351 342 333 327 320 316 314 311 306 302 299 297 296 296 295 295 295 296 297 297 297 297 296 295 296 299 304 312 323 339 346 346 344 339 335 331 329 326 323 320 316 310 303 294 286 279 275 275 283 290 290 289 289 288 289 291 293 295 297 298 298 298 297 297 296 295 295 294 293 290 283 279 282 286 288 288 287 285 283 282 280 278 274 270 265 261 260 261 265 267 268 266 264 266 273 279 284 288 290 292 293 293 293 293 293 292 292 291 289 286 283 283 289 294 296 298 301 301 301 299 298 298 296 291 291 295 298 300 301 302 302 301 300 300 302 304 305 307 308 310 311 312 312 312 313 313 311 307 300 291 278 263 260 261 264 268 271 275 276 281 287 292 296 296 296 298 301 305 308 310 311 309 303 298 304 310 316 320 322 325 326 327 327 325 321 317 312 304 295 283 276
319 316 312 309 317 319 319 319 322 324 324 324 323 321 318 317 316 312 313 317 319 320 319 319 317 314 310 305 310 311 309 306 302 302 304 304 301 298 293 288 286 289 296 302 308 315 320 323 324 325 325 325 325 325 324 323 325 326 326 325 323 320 316 311 308 306 303 299 295 292 288 286 283 280 279 279 279 277 277 276 274 272 270 267 272 273 275 275 277 283 292 302 312 319 324 327 329 330 331 331 331 330 329 331 333 335 335 335 334 331 331 336 339 342 344 345 346 345 344 346 348 349 351 351 352 352 351 350 347 344 339 333 327 323 321 319 317 315 312 310 309 311 316 323 331 335 337 338 337 334 329 323 331 332 330 328 331 337 343 346 350 354 358 361 363 367 370 372 372 372 371 369 368 363 358 353 353 349 343 340 348 355 360 366 370 373 374 374 371 369 366 366 367 367 374 377 380 383 385 386 386 385 383 381 378 376 372 367 362 355 347 341 334 327 325 323 319 313 307 303 300 298 298 299 299 300 301 302 303 303 303 302 302 305 308 316 326 340 354 357 356 352 348 343 339 336 332 327 323 317 311 303 294 286 281 277 274 275 281 285 284 284 284 285 286 288 291 293 294 294 293 293 292 291 291 291 291 290 289 285 280 276 278 282 284 284 284 283 281 279 276 272 267 263 261 260 263 267 271 272 270 267 265 269 276 282 286 290 292 294 294 294 294 295 295 294 293 293 291 287 284 288 293 296 298 301 302 302 300 300 299 296 293 291 296 299 301 302 303 303 304 303 303 304 306 307 308 310 311 312 313 313 313 313 312 308 302 293 282 270 261 262 264 268 272 276 279 280 285 291 295 300 302 303 305 308 311 313 314 315 313 309 304 307 313 320 323 324 327 327 328 328 326 323 319 314 307 298 288 279
320 317 312 313 318 322 322 322 323 325 326 326 325 323 321 319 318 314 314 319 321 321 321 320 318 316 312 309 313 314 312 308 305 304 307 307 304 302 299 293 288 287 292 299 305 312 318 323 325 326 326 327 327 327 326 325 326 327 326 326 325 322 319 315 312 310 308 306 302 298 294 290 287 284 281 278 277 277 277 276 274 272 270 269 273 275 277 278 277 280 288 298 309 317 323 327 330 331 332 333 333 333 333 333 334 337 337 337 336 335 333 336 340 342 345 345 347 346 345 347 349 350 351 351 352 352 351 349 345 340 333 326 321 318 315 313 313 312 312 312 311 314 321 327 334 338 339 340 339 338 334 326 332 335 336 335 332 336 340 344 347 352 356 360 364 367 370 371 372 371 371 369 367 364 359 354 348 344 345 345 348 356 363 368 373 376 378 379 377 376 374 374 376 377 380 384 386 389 390 391 390 389 388 386 384 381 377 372 366 359 353 347 340 336 334 331 326 320 314 307 303 300 300 303 305 306 307 307 309 309 308 309 310 314 320 329 342 358 366 367 365 361 357 352 348 342 338 332 326 318 311 303 294 288 283 280 276 273 274 277 279 280 281 281 283 285 288 290 290 289 289 289 287 287 287 287 287 287 286 285 282 276 273 275 277 279 280 280 278 276 273 269 264 261 261 262 266 271 274 275 274 271 267 265 271 277 284 289 292 294 295 296 296 296 296 296 296 295 294 291 287 289 292 296 298 300 302 302 302 301 300 297 294 292 297 299 301 303 304 305 305 306 306 307 308 309 310 311 312 313 314 314 314 313 310 305 297 283 269 263 261 264 268 273 276 278 280 285 287 293 300 304 305 308 310 313 314 315 317 319 318 315 310 308 315 323 325 326 328 329 329 329 327 325 320 315 309 300 290 280
319 316 311 315 320 323 325 325 326 327 328 328 327 326 323 321 318 315 314 319 322 322 322 322 320 318 314 313 316 316 314 312 309 306 309 309 309 305 302 297 290 287 289 296 303 308 316 321 325 327 328 328 328 328 328 328 327 328 328 327 326 324 322 319 317 315 313 312 309 304 300 295 291 287 282 278 276 276 276 275 274 272 270 268 273 277 278 279 279 280 285 294 305 315 323 327 330 332 333 334 335 335 336 336 336 337 339 339 339 338 337 336 340 343 345 346 348 347 348 348 350 351 352 352 352 351 350 347 342 333 327 322 317 314 314 315 316 317 317 317 315 314 321 328 335 339 341 342 341 340 337 331 331 337 339 339 339 338 338 342 345 351 355 360 363 367 370 372 372 372 371 369 367 363 358 354 347 348 354 351 347 352 360 368 374 378 381 382 382 382 383 384 385 386 387 389 391 393 394 394 393 392 391 390 388 385 382 377 371 364 358 352 348 346 342 337 331 323 317 310 304 301 304 311 315 316 316 315 316 316 317 319 321 325 337 346 359 374 375 375 375 371 365 361 355 350 344 336 328 320 312 304 296 292 288 284 281 277 274 273 274 275 277 278 279 282 285 286 287 287 288 286 284 283 282 284 284 284 283 283 281 278 274 271 270 272 274 274 272 270 268 264 262 261 262 265 270 274 277 278 276 275 271 268 268 274 281 287 291 293 295 296 297 297 298 298 298 297 296 294 290 286 291 296 298 301 303 304 304 303 301 299 296 293 297 300 302 304 305 306 307 307 308 309 309 310 311 313 314 314 315 315 314 311 306 298 286 272 263 262 264 268 272 276 279 280 284 288 291 295 302 307 310 312 314 315 317 319 321 323 323 321 317 315 316 323 326 328 329 330 330 329 328 326 321 316 310 301 289 282
318 314 313 318 321 325 327 328 329 330 330 330 329 327 325 321 319 318 316 319 322 323 324 323 322 320 317 316 318 318 317 315 313 310 313 314 312 310 305 300 292 287 289 297 303 309 315 321 326 328 329 329 330 329 329 329 329 329 329 328 328 327 326 323 321 319 317 316 313 310 305 300 294 289 284 279 277 275 273 274 273 272 271 269 273 277 279 280 280 284 286 291 302 313 322 327 330 333 334 335 336 337 338 338 339 339 340 340 341 341 341 339 340 343 346 347 348 349 349 350 350 351 352 352 352 350 348 344 338 330 323 318 314 316 319 321 323 323 323 322 319 315 319 327 334 340 342 343 343 342 340 336 330 337 341 343 344 345 345 344 346 349 353 358 362 364 369 371 373 373 372 369 367 361 355 349 348 358 359 357 352 349 355 365 373 378 382 384 386 386 387 388 389 391 392 393 395 396 397 396 396 395 394 393 390 388 385 380 375 369 364 358 354 350 345 339 332 324 316 309 304 303 310 321 328 329 328 326 326 327 328 332 335 343 354 364 378 381 382 381 379 375 373 367 362 355 349 341 333 324 315 308 301 296 292 288 284 281 278 275 272 271 273 274 276 278 281 282 282 284 285 284 282 280 279 280 282 281 281 281 280 278 274 270 268 267 268 267 265 264 263 262 262 262 265 269 273 276 279 280 279 278 274 270 267 271 278 284 289 292 294 296 297 297 298 299 299 300 299 296 293 288 292 295 298 302 304 304 304 304 304 302 299 296 296 299 302 304 306 307 308 309 309 310 311 312 314 314 315 315 315 315 313 308 301 287 275 266 261 263 266 269 274 277 279 283 288 290 294 298 301 306 311 315 317 318 320 322 324 325 326 325 323 323 320 322 327 329 331 331 331 330 329 326 323 318 311 303 292 284
315 313 316 320 323 326 329 330 331 331 331 331 329 328 326 323 322 321 320 319 323 324 325 325 324 323 321 319 320 321 320 318 316 314 315 315 314 311 307 302 293 288 289 296 302 309 314 320 325 328 329 330 330 330 330 330 330 330 329 329 328 328 327 326 325 323 321 319 316 314 309 304 297 292 285 279 276 274 272 272 272 273 271 269 273 277 279 281 283 284 286 292 301 310 320 326 331 333 335 336 338 338 339 340 340 341 342 342 342 343 343 342 342 345 347 348 350 350 350 350 351 352 352 352 351 349 346 341 332 326 319 315 316 320 325 330 332 331 330 327 324 319 317 324 332 338 342 344 345 345 343 340 335 335 341 345 348 349 350 351 352 354 356 359 361 363 368 371 372 373 372 370 366 360 352 349 358 362 364 362 359 354 352 359 369 375 381 385 387 389 390 391 393 395 395 396 397 397 397 397 397 396 395 394 392 388 385 381 377 372 366 361 356 351 346 339 330 320 313 307 304 306 317 330 348 350 347 342 341 341 342 348 354 363 371 381 385 385 387 385 383 379 375 373 366 360 353 346 338 328 321 312 306 300 295 292 289 285 282 280 277 272 271 271 272 275 277 278 280 282 282 282 281 279 276 276 277 278 278 277 276 275 271 269 266 266 265 264 264 263 262 262 264 266 269 272 276 279 281 282 282 281 277 273 269 270 275 281 286 290 293 295 296 298 299 300 300 301 300 298 294 289 293 296 299 303 305 304 303 304 305 303 300 298 298 298 301 304 306 308 309 310 311 312 313 315 315 315 315 315 316 315 311 304 293 279 269 262 262 265 267 269 272 276 279 282 289 291 294 296 302 306 312 315 319 322 324 325 326 328 329 328 327 327 325 325 328 330 332 332 332 332 330 328 325 319 314 306 295 285
314 314 318 322 325 328 330 332 332 332 332 331 331 329 328 326 325 324 323 320 324 325 326 326 326 325 323 323 324 323 322 320 319 318 317 316 315 313 309 303 295 288 289 296 302 308 315 321 326 329 330 330 331 331 331 331 330 330 329 329 329 328 327 326 325 323 322 320 319 317 313 306 299 291 283 278 275 273 271 272 272 272 270 270 273 276 278 279 281 283 284 292 298 307 316 324 329 333 335 337 339 340 340 341 342 342 343 343 344 344 345 345 345 346 348 349 351 351 351 352 352 352 352 352 350 347 343 335 328 320 316 317 320 325 331 337 339 339 337 333 329 324 318 321 328 336 341 344 347 347 346 344 340 336 339 345 349 351 353 354 356 359 361 364 365 367 370 372 373 373 371 370 366 359 350 357 363 366 368 367 364 361 356 356 364 373 379 383 386 389 391 393 395 396 396 397 397 397 398 398 397 396 395 394 391 388 384 379 375 371 366 361 356 351 344 334 325 316 310 306 305 311 322 335 356 365 368 365 361 362 364 368 373 378 382 387 389 390 389 387 385 382 379 375 369 363 357 350 342 334 326 317 311 305 301 296 292 290 287 284 281 276 272 270 270 271 272 273 275 277 278 278 277 277 275 273 273 273 274 273 271 269 266 265 265 264 263 263 263 263 264 265 267 270 273 275 279 281 283 284 285 283 280 275 271 268 273 279 283 288 291 294 296 298 300 301 301 301 301 299 295 291 295 298 300 302 305 304 305 305 305 303 299 300 300 300 301 302 306 308 310 311 313 314 315 315 316 317 317 317 316 314 309 300 285 274 265 262 264 268 271 272 272 275 278 280 285 288 291 294 299 304 310 316 320 324 325 327 328 329 330 330 330 330 329 328 330 332 333 334 333 333 331 329 326 321 315 308 298 286
314 318 322 324 327 329 331 333 333 333 333 332 332 331 330 328 328 326 325 323 325 326 327 328 327 327 326 326 325 325 324 323 321 320 319 317 315 312 309 303 294 288 290 297 304 310 315 322 326 329 331 331 331 331 331 331 330 329 329 329 328 328 326 326 324 323 322 321 319 317 312 305 298 289 281 276 275 272 269 271 271 270 268 272 274 279 280 282 283 285 287 290 296 303 310 319 326 331 334 337 339 340 341 342 343 343 344 344 345 345 345 346 347 348 350 350 351 352 352 353 353 353 352 351 349 345 338 331 322 317 319 324 325 329 335 341 343 344 342 339 334 329 324 320 325 333 339 343 347 349 349 348 345 342 340 343 348 352 354 357 359 362 364 367 368 370 372 373 374 373 371 369 363 357 351 362 367 370 371 371 370 366 362 357 362 370 375 380 385 388 391 393 395 396 397 397 397 397 397 397 396 395 394 392 389 385 381 375 369 365 362 359 354 350 343 335 324 315 310 306 309 315 325 339 362 375 379 379 379 381 381 382 385 388 389 390 389 389 388 386 384 381 378 374 370 365 359 353 345 338 330 323 316 309 305 300 296 294 290 286 282 277 274 270 270 270 269 269 270 271 271 272 272 272 271 271 270 269 269 268 267 265 265 264 264 265 266 266 266 267 268 269 271 274 276 279 282 284 286 286 286 284 281 277 272 270 272 277 281 285 289 293 295 298 299 301 302 302 301 300 295 292 296 300 303 305 307 306 306 306 306 304 301 302 303 303 303 304 304 307 309 311 313 314 315 316 317 318 318 317 316 312 306 295 280 270 263 264 266 269 273 277 278 278 278 279 280 284 286 289 294 300 307 312 320 324 326 328 329 331 332 333 333 333 332 331 331 333 334 335 335 334 332 330 327 322 317 309 298 286
317 321 324 326 328 330 332 334 334 334 334 333 333 333 332 331 330 328 327 325 326 327 329 329 329 328 328 328 327 326 326 324 323 321 319 316 312 309 304 298 292 288 291 298 305 311 317 322 327 330 331 331 331 331 331 330 329 328 327 326 325 324 323 322 322 321 320 320 318 315 310 302 294 285 279 274 272 270 270 269 269 271 270 273 275 280 281 283 284 285 287 286 292 297 304 312 320 327 332 336 339 340 341 342 343 343 344 345 345 346 346 347 348 349 350 351 352 352 353 353 353 353 353 351 348 341 333 326 319 318 324 331 333 332 339 344 346 347 346 344 340 334 329 324 323 329 336 341 346 349 351 351 350 348 346 344 345 351 354 357 360 363 366 368 371 373 374 374 375 374 372 368 362 354 355 365 370 373 374 374 373 371 367 362 360 366 373 378 382 386 390 392 394 396 397 397 397 396 393 395 394 393 391 389 385 381 375 369 363 359 356 353 350 346 341 335 326 318 310 308 311 319 329 344 367 381 386 387 388 389 390 391 392 392 391 388 388 387 386 384 382 379 376 372 367 363 358 352 346 340 334 327 320 314 308 305 300 296 291 284 281 274 272 271 271 272 271 270 269 268 269 268 268 268 268 268 267 268 267 266 265 265 265 267 269 270 270 269 269 271 272 273 275 277 280 282 284 286 287 287 286 285 281 276 272 270 273 276 280 284 287 291 294 297 299 301 303 303 302 300 295 293 298 302 305 307 308 308 308 308 308 305 303 304 305 305 306 307 307 308 309 311 313 314 316 317 318 318 318 318 314 309 303 291 278 268 263 265 267 269 272 277 280 283 285 286 287 290 292 294 294 294 302 310 317 323 326 329 332 334 334 335 335 335 335 334 334 335 335 336 336 335 334 332 328 323 317 309 297 285
318 322 325 327 329 331 333 334 334 334 335 335 334 334 334 333 332 331 330 327 328 328 329 330 330 330 329 329 328 327 326 325 324 321 318 313 307 302 297 292 289 288 294 301 307 314 319 324 327 330 331 331 330 329 329 327 325 324 323 323 320 319 317 316 316 316 316 315 315 311 306 300 292 282 276 271 269 271 271 272 271 272 271 273 275 278 282 284 284 285 286 286 287 289 293 301 311 321 329 335 338 341 341 342 342 342 343 344 344 346 346 347 348 349 350 351 352 353 354 354 354 354 353 352 348 341 332 326 319 320 329 336 339 338 341 347 349 349 349 347 344 338 335 329 326 324 331 338 343 348 351 352 353 353 352 350 349 348 351 356 359 363 366 369 372 374 375 376 376 374 372 369 363 356 359 367 372 375 377 376 376 375 371 368 361 365 372 375 379 383 388 391 393 395 396 396 396 395 393 390 389 388 387 384 380 376 370 364 358 351 346 344 340 337 335 332 326 320 313 309 313 324 334 349 372 385 391 393 393 393 393 393 392 391 390 388 387 386 384 381 379 375 373 370 365 360 355 351 344 339 335 328 323 318 313 308 302 295 289 283 277 272 272 274 276 276 274 272 271 269 269 268 268 268 267 267 266 266 266 266 266 267 267 269 272 274 274 273 272 273 275 277 278 281 283 285 287 288 289 288 287 284 280 274 272 271 273 276 279 282 286 290 293 296 299 301 302 303 302 299 295 295 300 303 306 308 309 310 310 310 309 307 305 306 307 308 308 309 310 311 312 313 314 315 316 317 318 319 319 318 315 309 301 287 275 265 264 266 270 272 273 274 278 284 287 290 293 296 299 301 302 300 299 307 315 321 326 329 333 334 336 336 337 337 337 336 336 336 337 337 337 336 335 333 329 324 318 308 295 285
322 322 326 328 329 332 334 335 335 335 335 335 335 334 335 335 334 332 331 330 330 330 331 330 330 330 330 330 329 328 327 326 324 321 316 310 304 296 292 289 289 292 297 304 310 316 321 326 329 330 331 330 329 328 324 322 320 319 317 314 311 308 305 304 304 306 307 309 308 305 301 296 288 280 274 271 271 272 273 273 273 272 272 273 275 276 277 280 281 280 281 282 284 284 287 291 302 316 325 333 337 339 341 340 340 340 341 341 342 344 345 346 347 349 350 351 352 353 354 355 355 355 354 352 350 344 337 328 320 322 332 339 344 344 344 349 350 351 350 349 346 344 340 335 333 329 327 334 341 347 351 353 355 355 355 355 355 354 355 355 358 362 366 369 373 376 377 377 377 376 374 371 366 358 360 368 373 376 378 378 378 377 374 370 364 364 369 373 379 382 386 390 393 394 395 396 395 393 389 385 381 380 378 374 371 368 363 357 350 341 336 331 328 325 323 321 320 317 312 310 318 329 340 359 378 387 393 393 393 393 392 392 391 390 388 387 386 384 382 379 375 373 371 367 362 356 352 347 342 337 333 331 326 321 316 309 303 296 288 282 275 272 275 278 280 280 278 275 273 272 273 272 272 272 271 269 269 269 268 269 270 270 269 269 274 277 277 276 274 276 278 280 281 283 286 288 290 290 290 289 287 283 278 273 272 273 274 275 278 281 285 288 292 295 298 301 302 303 303 301 296 296 301 304 307 309 310 311 312 312 311 309 306 308 309 310 311 312 312 313 314 315 316 316 317 318 319 320 320 318 315 307 298 284 271 262 265 268 272 275 278 279 279 280 286 291 295 300 304 307 308 308 304 302 312 318 324 329 333 335 337 338 338 338 338 338 338 338 338 338 338 337 336 334 330 325 319 309 298 286
326 324 325 329 330 332 334 335 336 336 336 336 336 335 335 335 334 333 332 331 331 331 331 331 331 331 330 330 329 328 327 325 323 321 316 309 300 293 289 290 293 297 302 307 313 318 323 327 330 330 330 328 326 322 319 313 309 306 304 301 297 294 291 290 290 291 293 296 298 298 296 291 284 279 275 272 271 272 274 274 273 273 273 273 274 274 275 277 277 279 282 284 287 288 287 289 295 309 320 329 335 337 337 337 336 334 334 336 337 339 341 342 345 347 349 351 352 354 355 355 356 355 355 353 351 347 340 332 321 321 332 340 346 347 347 351 352 353 353 352 350 347 343 341 340 335 328 331 339 345 350 354 356 357 358 359 359 359 360 360 360 364 368 371 374 377 378 378 378 377 375 372 368 360 359 367 373 376 379 380 380 379 377 373 369 365 367 373 377 381 385 388 391 394 395 396 395 394 392 387 383 374 370 367 360 356 352 346 341 334 331 327 325 323 321 319 317 315 313 317 325 336 351 368 384 390 392 391 391 391 390 390 389 389 386 387 384 381 379 375 372 369 368 365 360 354 349 344 339 335 332 330 327 323 316 311 304 296 288 280 275 272 277 281 283 282 280 277 274 274 276 276 276 276 275 273 272 272 272 273 274 274 272 270 272 278 279 279 277 278 281 283 284 286 288 291 291 291 291 289 287 281 275 273 275 277 276 276 278 280 283 287 290 294 297 300 302 303 303 301 297 297 302 305 308 310 311 312 313 314 313 312 309 310 311 312 313 314 315 316 316 317 318 319 319 320 320 321 320 318 313 305 294 279 267 265 267 271 275 279 283 284 285 285 283 289 296 302 306 310 312 314 313 311 309 312 321 328 332 335 337 338 340 340 340 340 340 340 339 339 339 338 336 334 331 326 320 310 298 285
329 327 325 329 331 333 335 336 336 337 337 337 337 336 336 335 335 334 333 332 332 331 331 331 331 331 330 329 328 327 326 324 322 320 316 309 300 292 289 293 297 300 306 310 315 320 325 328 330 330 329 325 320 317 313 306 299 293 290 289 288 286 286 285 284 285 286 288 290 291 291 288 282 277 274 272 271 272 274 275 274 273 273 273 274 274 275 276 278 281 284 288 289 291 292 290 293 303 314 324 330 332 332 330 327 327 326 326 328 330 332 335 339 343 347 349 351 353 355 356 356 356 356 354 352 348 341 332 323 321 331 340 347 349 350 352 354 355 355 355 353 351 348 346 344 339 336 329 336 343 348 353 356 358 360 361 362 363 364 365 365 367 370 373 376 377 379 379 380 379 377 374 369 364 359 365 372 376 379 381 381 381 379 377 375 371 368 371 375 379 383 386 391 393 395 396 396 395 394 390 386 382 377 373 367 357 349 342 338 337 336 334 332 330 328 325 323 322 323 327 336 348 364 379 386 389 389 389 388 388 387 387 386 385 383 382 381 379 375 372 368 364 363 360 357 351 347 341 336 332 330 328 325 322 318 311 304 295 287 280 275 273 278 283 285 284 282 279 275 276 278 279 279 279 278 277 277 276 276 277 278 278 276 272 272 278 281 281 280 280 282 285 287 289 291 292 293 292 291 289 285 279 274 275 278 280 279 278 278 281 283 286 289 293 296 299 301 303 303 302 298 298 302 306 309 310 312 313 315 314 314 313 311 311 313 314 315 316 317 318 319 319 320 320 321 321 322 322 321 317 313 302 290 274 265 266 270 274 278 282 287 290 292 292 290 286 294 301 307 312 315 318 319 319 318 316 316 324 331 334 337 339 340 341 341 341 341 340 339 339 339 338 337 334 331 326 319 312 298 286
332 330 328 329 332 334 336 336 337 337 337 338 338 337 336 336 335 334 333 332 332 331 331 330 330 330 329 328 326 324 322 320 319 317 313 305 297 292 290 296 303 305 308 312 317 322 327 329 330 330 328 323 315 309 306 300 294 290 289 288 286 286 284 284 282 282 282 283 285 287 288 286 280 276 274 273 271 272 274 276 276 275 274 274 274 275 276 278 282 285 287 289 291 293 295 294 293 299 310 317 322 324 321 320 316 312 309 308 309 309 312 317 325 335 341 347 350 352 354 355 356 357 356 355 353 350 344 335 325 321 330 339 347 350 352 354 355 357 357 357 357 355 353 351 347 345 342 335 333 341 347 352 355 358 360 362 364 366 367 368 370 371 373 376 378 379 380 381 381 380 378 375 371 367 362 362 369 375 379 381 382 382 382 380 378 376 373 370 373 377 381 385 390 393 395 396 396 396 395 393 389 385 385 383 379 371 364 358 354 352 351 351 350 347 344 341 338 337 338 342 351 364 377 383 386 386 385 384 384 383 382 381 380 379 378 376 374 374 371 366 363 359 358 356 352 348 344 340 335 329 327 326 323 320 316 308 301 294 287 280 275 273 279 285 287 286 283 280 277 280 281 282 282 282 281 280 280 280 280 281 282 281 280 275 272 277 282 284 282 281 283 286 289 291 292 293 293 293 291 288 284 277 274 277 281 282 281 280 278 281 283 286 289 292 295 298 301 302 303 302 299 299 303 307 309 311 313 314 315 316 316 315 313 313 315 316 317 318 319 320 321 321 321 322 323 323 323 323 321 317 312 300 286 272 264 267 272 276 281 286 290 294 296 298 298 296 290 299 307 314 319 323 325 325 326 324 324 323 329 332 336 339 340 341 342 342 342 341 338 339 339 338 336 333 329 324 318 310 298 289
334 333 331 329 331 333 335 336 337 337 338 338 337 337 336 335 334 333 332 331 330 329 328 328 327 327 326 324 322 319 315 313 311 308 305 301 295 291 291 298 305 310 311 315 319 324 328 330 331 330 326 320 313 305 300 296 293 292 291 290 289 288 286 285 283 282 281 281 283 286 287 285 281 278 275 274 272 271 274 276 277 276 276 276 276 277 279 282 286 289 290 291 292 294 296 297 297 297 304 311 314 314 316 311 304 299 296 295 294 294 295 299 305 316 332 340 347 350 353 355 356 357 357 355 354 351 346 338 327 321 329 337 344 349 353 355 357 358 358 359 359 358 357 355 351 348 345 339 334 338 344 349 353 357 360 362 364 366 368 371 372 374 376 378 380 382 382 382 382 382 380 378 373 370 367 363 366 373 378 381 383 384 384 383 381 380 376 373 377 380 384 387 391 393 395 396 396 396 395 394 392 391 390 388 385 382 379 374 371 369 368 369 367 364 362 360 358 357 355 359 366 374 379 381 381 380 380 379 377 376 376 375 373 373 371 370 368 368 367 363 358 354 353 350 348 346 344 340 333 327 323 320 319 316 312 304 298 292 287 280 276 273 280 286 288 287 282 280 280 284 284 285 284 285 284 284 283 284 284 285 285 284 282 278 274 275 282 285 285 284 285 288 290 292 293 293 294 293 291 287 283 276 276 279 282 284 284 282 280 280 283 285 288 291 294 296 300 302 303 302 301 299 303 307 309 312 314 315 316 316 317 316 315 314 316 318 319 320 321 322 323 323 323 324 324 324 324 323 321 318 311 297 283 271 265 269 274 278 283 288 293 297 299 302 303 304 302 296 305 313 321 324 327 329 331 332 332 331 329 331 334 337 339 340 341 342 342 341 340 338 337 336 334 330 324 319 312 306 298 291
335 335 333 331 331 333 335 336 337 337 338 338 337 336 335 334 332 330 328 327 325 324 323 323 322 321 321 318 315 311 306 303 301 299 297 294 291 291 293 297 304 311 314 318 322 326 330 331 331 330 325 319 314 308 303 299 295 295 294 292 291 289 288 286 285 283 281 281 282 283 286 284 281 278 276 274 273 271 273 275 278 279 278 278 279 280 282 285 289 291 293 294 294 296 297 299 299 300 300 304 307 308 307 302 298 295 291 290 289 290 292 293 295 301 314 331 341 347 351 355 356 356 357 356 354 352 347 338 328 321 328 335 342 348 352 355 357 359 360 360 360 361 360 358 355 352 348 344 339 335 341 345 349 354 357 360 363 366 368 371 374 376 378 380 382 383 383 384 384 383 381 379 376 373 370 366 364 370 376 380 383 385 386 385 384 383 378 376 379 383 386 389 391 393 395 396 396 396 395 395 394 394 392 391 389 388 385 383 381 378 376 374 371 369 367 365 363 363 364 366 370 372 374 374 374 374 374 374 372 371 369 367 367 366 365 364 363 361 361 358 352 350 348 345 343 341 339 337 332 326 322 316 314 313 309 304 296 291 286 281 276 273 280 286 289 287 281 281 285 287 287 287 287 288 288 287 287 288 288 288 288 287 285 281 275 276 282 286 288 288 288 289 291 293 294 294 293 292 290 287 281 277 277 281 285 286 286 285 284 282 282 284 287 290 293 296 299 301 303 303 302 299 302 306 309 312 314 315 316 317 318 317 317 316 318 320 321 322 323 324 324 325 325 325 325 325 325 323 322 316 309 297 282 270 266 269 276 281 285 290 295 299 303 305 308 310 309 305 300 311 320 324 328 331 332 334 337 337 336 334 333 336 338 340 341 342 342 342 340 338 334 332 331 324 315 307 301 298 295 290
337 336 336 334 333 335 336 337 337 337 337 336 336 334 333 330 327 324 322 320 318 315 315 314 314 314 313 312 309 304 300 296 294 292 291 290 291 295 302 304 302 311 316 320 325 329 331 333 332 331 328 324 319 313 307 302 299 298 296 294 292 291 290 287 285 283 281 280 279 280 281 281 279 277 276 274 273 271 273 275 277 280 281 281 281 283 286 289 291 293 295 296 298 298 298 300 300 300 300 300 302 302 300 297 294 297 293 289 290 294 296 296 295 295 302 319 333 343 349 353 355 356 357 355 354 351 343 336 328 323 326 333 340 347 350 355 357 359 360 361 362 362 362 361 359 356 352 348 344 341 338 341 345 346 351 353 358 362 366 371 374 377 380 382 383 384 384 384 384 384 382 381 378 375 373 368 365 370 376 381 384 386 387 387 386 385 381 379 382 385 388 390 392 394 395 396 396 396 395 395 394 394 393 392 390 388 386 385 383 382 379 377 374 371 368 364 362 360 360 362 364 365 365 367 367 367 367 368 368 366 363 361 360 359 360 360 358 356 354 352 350 349 344 339 337 336 335 334 331 327 322 317 311 308 305 300 294 289 285 280 276 274 279 287 289 287 282 285 289 290 290 290 290 291 291 291 291 291 292 292 291 290 287 282 277 276 283 288 290 291 290 291 293 294 294 293 292 291 288 284 280 277 279 283 287 288 288 288 287 286 285 286 287 289 292 295 298 301 303 303 303 302 301 305 308 311 314 315 317 318 319 319 318 318 320 321 323 324 325 325 326 326 326 326 326 326 325 323 321 314 305 293 279 271 267 269 276 281 287 292 296 301 305 309 312 315 315 312 310 309 317 324 328 334 336 338 339 339 340 339 337 338 339 340 341 343 343 342 340 337 332 330 324 316 307 300 296 294 290 288
338 338 337 337 336 336 337 337 337 337 336 335 333 331 328 325 321 318 313 310 307 305 304 304 304 304 305 304 302 299 295 292 292 292 294 296 299 304 308 311 309 309 318 323 327 331 334 335 334 333 331 328 323 316 310 305 303 301 299 297 294 292 290 289 286 284 281 279 278 279 279 279 278 277 276 274 273 272 272 274 277 280 283 284 285 288 291 293 294 295 297 298 299 299 299 299 299 299 297 296 296 296 295 292 290 292 291 288 292 297 300 302 301 298 297 308 326 340 347 352 354 356 356 355 354 351 343 340 335 328 324 330 337 343 348 353 356 359 361 362 363 363 364 363 362 360 357 353 349 347 344 345 348 351 356 359 360 362 367 371 375 378 381 383 384 385 385 385 385 385 383 382 379 376 374 366 367 372 377 382 385 388 389 388 388 386 383 383 386 387 390 391 393 394 395 395 395 395 394 393 392 392 391 390 388 387 386 385 383 381 379 377 374 370 366 361 357 354 353 354 355 356 358 358 359 360 361 361 362 362 359 355 354 354 354 354 353 351 350 349 346 343 339 335 333 331 331 330 326 324 322 317 311 305 301 297 292 289 287 280 276 274 279 287 290 287 285 288 292 293 293 293 293 294 294 295 295 295 295 295 294 292 289 284 277 278 285 290 292 293 293 294 294 294 293 292 290 287 284 281 279 278 280 285 288 290 291 291 290 289 288 289 290 290 291 294 297 300 302 304 304 304 301 304 307 311 313 315 317 319 319 320 321 320 322 323 324 325 326 327 326 326 326 326 325 325 324 321 318 310 301 290 278 272 266 268 276 282 288 293 298 302 307 312 318 321 322 320 316 312 314 322 328 334 339 340 340 340 341 342 341 341 342 342 343 343 343 342 340 335 332 323 315 309 303 299 297 296 293 290
339 339 339 338 338 338 338 337 336 335 334 332 329 326 322 319 314 308 304 301 299 298 296 297 297 297 297 297 298 295 292 292 296 300 304 305 308 311 315 317 316 310 318 325 329 333 335 336 336 335 333 330 325 319 313 309 307 305 302 298 296 294 292 289 287 284 281 279 277 278 278 278 277 277 276 274 273 273 272 274 277 280 284 288 290 293 294 295 296 296 297 298 299 299 298 299 299 298 296 293 292 290 289 288 287 287 287 289 293 298 302 304 304 304 298 306 322 338 346 351 354 355 356 356 354 351 348 344 339 332 326 327 334 340 346 351 355 358 360 363 363 364 365 366 365 364 362 358 355 353 348 346 353 356 359 363 365 368 369 371 375 379 382 384 385 386 386 386 386 385 383 381 379 377 372 367 371 374 379 383 386 389 390 390 389 388 386 386 388 389 390 391 393 394 394 394 394 393 392 390 389 389 388 385 384 383 382 382 381 380 378 376 372 368 363 357 351 347 346 344 344 345 348 349 349 351 354 357 359 360 359 355 350 346 345 343 346 346 345 343 341 338 336 334 331 328 325 324 321 319 318 315 311 307 301 295 292 289 286 280 276 274 280 288 291 289 285 290 294 296 296 297 296 297 297 298 298 299 299 298 296 294 290 285 278 280 286 291 294 296 296 296 296 295 293 291 286 283 282 280 280 279 281 285 289 292 292 293 293 292 291 292 293 293 293 295 297 300 303 305 306 305 303 303 307 310 313 315 317 319 320 321 322 322 324 325 326 327 327 327 326 325 325 325 324 322 319 317 313 306 297 288 279 273 267 268 276 282 289 294 299 304 309 315 321 325 326 325 324 322 318 318 328 331 338 340 341 342 343 345 345 343 344 344 344 344 344 342 338 333 326 313 308 306 305 305 305 303 298 294
340 340 340 340 339 338 338 336 335 332 328 328 325 320 314 311 308 302 298 296 296 298 298 297 296 295 294 294 295 293 294 297 303 308 313 314 314 317 319 321 321 318 317 324 330 334 336 338 338 337 335 332 329 323 319 315 312 309 305 301 298 295 293 290 288 285 281 279 277 277 277 277 277 276 276 274 273 273 272 274 277 280 283 288 293 295 296 296 297 297 298 297 299 298 298 297 297 296 294 291 289 287 287 287 285 285 287 292 296 299 301 304 306 306 302 304 319 334 343 350 353 355 355 355 355 353 350 347 342 336 330 326 331 337 344 349 354 357 360 362 364 365 367 368 368 367 366 364 360 357 352 348 354 359 362 367 370 372 374 376 377 380 382 384 386 386 387 387 386 385 382 378 376 373 369 373 376 378 382 385 388 390 391 391 391 389 388 388 388 389 390 391 392 392 393 392 391 390 388 386 384 383 382 380 377 377 377 377 377 377 376 374 371 366 361 355 349 343 340 339 338 337 337 338 339 341 345 351 356 358 358 355 352 347 340 336 339 341 339 336 335 333 331 329 328 326 323 319 316 314 312 311 310 306 301 297 292 288 285 280 276 275 283 290 293 292 288 291 296 298 299 299 299 300 300 301 302 301 301 300 298 295 290 283 278 282 289 293 296 297 297 297 296 294 292 287 283 283 284 284 283 281 281 284 289 292 294 295 295 295 295 295 296 297 297 298 300 302 304 306 306 306 304 303 306 309 312 314 317 319 320 322 323 324 325 326 327 328 329 328 327 326 326 326 323 320 318 313 307 301 294 285 280 274 269 268 275 282 289 295 301 306 312 318 324 327 330 332 331 330 327 325 324 332 339 341 343 344 346 345 345 346 346 346 346 346 344 341 336 328 318 313 314 317 316 315 311 307 302 297
341 341 341 341 340 339 337 335 331 328 323 323 320 313 307 303 300 297 297 301 303 304 304 303 302 301 300 298 296 295 296 298 305 312 316 319 320 321 323 325 325 323 319 324 330 335 338 339 339 339 338 336 333 329 325 321 317 313 308 304 300 297 294 292 289 285 282 279 278 277 276 276 276 276 275 273 272 272 272 274 277 279 281 285 291 294 296 297 297 297 297 296 296 296 295 294 293 292 291 290 288 286 285 285 286 287 289 294 299 301 303 305 306 308 306 303 314 330 341 348 352 354 355 355 355 353 351 348 344 337 331 326 330 336 343 348 352 356 358 360 363 366 368 370 371 371 370 368 366 362 358 352 354 360 366 370 374 377 379 380 382 383 384 385 386 387 387 387 386 384 382 380 375 371 374 377 380 382 385 388 390 392 392 392 391 390 389 389 389 389 389 389 390 389 390 388 387 385 383 381 377 376 375 372 369 369 369 370 372 373 374 372 369 364 359 353 347 341 336 334 332 331 330 331 331 334 338 346 352 355 356 354 352 348 344 335 332 335 334 330 328 328 326 324 323 323 321 317 313 309 308 307 306 304 302 300 294 289 286 278 276 278 287 293 295 294 291 291 297 300 301 302 303 303 304 304 304 304 303 302 300 296 291 283 279 284 291 295 298 299 299 298 297 294 289 285 284 287 288 288 287 284 282 283 288 292 294 296 297 298 298 297 299 300 301 301 303 304 305 307 307 307 305 303 305 308 311 313 316 318 320 322 324 325 326 328 329 329 330 330 329 329 328 326 325 323 320 315 307 299 294 287 280 274 269 268 275 282 288 295 302 307 314 320 327 332 335 336 336 336 334 333 333 331 338 342 344 346 347 347 347 348 348 348 347 346 344 339 333 322 322 325 327 327 325 321 317 311 305 299
341 342 342 341 340 339 337 334 328 322 317 315 313 307 302 298 297 301 306 310 311 312 312 311 309 307 305 303 299 295 299 300 304 311 318 321 323 326 327 329 328 327 324 324 331 335 339 340 341 341 340 339 337 335 332 328 322 317 312 307 303 299 296 293 289 286 283 280 278 277 276 275 275 274 273 272 272 272 273 274 277 277 280 283 286 290 293 294 294 294 294 292 291 290 290 289 288 288 287 287 287 286 285 284 285 286 288 294 299 302 304 305 307 308 309 306 312 323 337 345 350 352 354 355 355 354 352 350 344 339 336 330 327 335 341 346 350 353 355 357 362 366 369 371 373 373 373 372 370 367 363 357 358 363 368 373 377 380 383 384 385 385 386 386 387 387 386 386 385 383 381 379 372 375 378 380 383 386 388 390 392 392 393 393 392 391 390 389 388 388 387 387 387 386 385 384 381 379 378 375 372 367 367 364 360 360 360 362 364 367 369 369 367 363 357 351 346 341 335 331 328 325 324 325 326 328 334 341 347 352 353 353 352 349 344 338 330 326 326 324 321 321 318 316 318 318 317 314 311 308 305 304 303 301 299 297 295 290 285 279 276 282 290 296 297 296 293 292 297 302 303 304 305 305 306 306 306 306 305 303 300 296 290 282 281 287 293 298 300 301 300 299 297 293 287 286 289 291 291 291 289 287 285 283 286 290 294 297 298 299 300 300 302 303 303 305 306 307 307 308 308 307 306 304 304 307 310 312 315 317 320 322 324 326 327 329 330 331 331 332 331 331 330 328 327 325 322 318 313 304 296 288 281 274 269 269 274 281 288 295 302 308 315 322 329 335 337 340 341 340 340 339 339 337 337 342 345 347 349 349 349 349 349 349 348 347 343 335 329 330 332 334 335 334 331 326 320 313 306 299
342 342 342 342 340 339 337 332 326 319 313 308 305 301 299 300 305 311 315 317 318 319 319 318 317 315 312 308 303 295 303 305 304 309 316 322 325 328 330 331 331 331 329 328 330 336 340 341 342 345 342 341 340 338 336 333 328 321 315 310 304 301 296 293 290 286 283 281 279 277 276 275 274 273 272 273 273 273 273 274 276 276 278 280 282 285 287 288 289 289 288 288 287 286 286 286 286 285 285 285 285 285 284 284 284 285 286 291 296 300 303 305 307 309 310 308 311 320 334 343 348 351 353 354 355 355 353 351 348 345 340 334 328 331 338 344 347 348 349 353 359 365 369 373 374 375 376 375 374 371 367 363 363 367 371 375 380 383 385 387 387 387 387 387 386 385 384 383 381 379 378 375 377 380 382 383 386 388 390 391 393 394 394 393 392 391 390 389 387 385 384 383 382 381 379 377 375 373 371 368 367 362 358 357 354 351 351 355 358 360 363 366 364 361 355 349 344 340 337 334 333 330 325 321 320 324 330 337 343 348 351 352 351 349 345 340 333 325 318 314 312 312 310 312 314 313 314 313 312 309 305 302 298 297 295 293 290 287 282 277 278 286 294 299 300 299 295 292 298 303 305 306 307 308 308 308 307 307 306 304 300 295 289 281 284 291 295 300 302 302 302 301 297 292 287 289 293 294 294 293 291 290 287 285 284 288 292 296 298 300 301 303 304 305 306 307 308 309 309 309 309 308 307 305 305 307 309 311 314 316 319 321 323 326 327 329 331 332 333 333 333 332 332 330 329 327 325 321 316 309 300 288 280 274 269 269 275 280 286 294 302 308 315 322 329 334 339 342 345 345 344 344 343 343 341 342 345 348 350 350 351 351 351 350 349 347 341 333 336 335 338 340 341 339 334 327 320 312 304 295
342 343 342 342 341 339 336 332 327 323 318 311 303 299 303 305 311 317 322 323 323 324 324 323 322 320 316 311 304 295 304 312 313 309 313 321 326 329 331 333 334 334 334 332 333 337 340 342 343 343 343 342 341 339 338 335 330 324 318 312 306 302 297 293 289 286 283 281 280 278 276 275 273 273 274 274 274 274 274 274 275 275 276 278 279 281 282 284 284 284 284 284 283 283 283 283 283 283 283 283 283 283 283 284 284 285 285 286 290 296 300 303 305 308 310 312 312 318 329 339 346 350 353 354 355 355 354 353 351 348 344 340 334 327 334 341 343 343 344 347 355 363 369 372 375 376 378 378 377 375 372 370 367 373 376 379 383 386 388 390 389 389 388 387 387 383 382 380 379 379 378 377 381 383 385 386 388 390 391 392 393 393 393 393 392 391 388 386 384 382 379 377 376 373 371 369 368 365 365 363 362 358 351 348 344 340 341 347 352 357 361 362 362 358 355 350 346 343 340 338 336 333 329 324 317 320 326 332 339 344 348 349 349 348 345 342 337 330 325 320 316 310 305 305 309 309 311 312 312 310 306 302 297 292 291 289 286 282 280 277 283 292 298 301 302 301 298 294 299 304 306 308 308 309 310 309 309 308 307 304 300 294 287 282 288 294 298 302 304 304 304 302 298 292 288 292 295 296 296 295 294 292 290 287 285 286 290 294 297 300 302 304 305 306 307 309 310 310 310 310 310 309 307 306 306 306 308 310 312 315 317 320 322 325 327 329 331 332 333 334 333 333 333 332 331 329 327 323 318 311 302 289 281 275 270 270 274 279 285 292 300 307 315 322 328 334 339 344 347 347 347 347 347 347 346 345 347 349 351 352 353 352 352 352 350 347 339 339 342 342 343 346 345 340 334 327 320 310 300 290
343 343 343 342 341 338 334 330 327 323 318 312 303 299 311 313 312 320 325 327 327 328 327 327 325 323 318 313 304 296 305 316 319 316 311 318 325 329 332 334 336 336 337 336 336 339 341 343 343 344 344 343 342 340 338 335 330 325 319 313 307 302 297 293 289 285 283 281 279 278 277 275 273 274 274 275 275 275 275 276 275 275 275 276 278 278 279 280 280 281 281 281 282 281 281 282 282 282 282 282 282 283 285 286 287 287 287 286 286 289 294 299 302 305 308 312 314 317 323 333 343 349 352 353 355 355 355 355 353 351 349 345 340 332 330 336 338 339 340 342 350 359 367 372 376 378 379 380 381 380 377 375 374 378 381 384 387 389 391 391 391 390 388 386 386 385 384 383 383 382 381 380 383 386 387 388 390 391 392 393 393 393 394 393 392 389 387 383 378 377 373 368 368 366 363 361 360 357 358 356 358 353 346 338 336 331 331 336 345 351 355 358 359 357 355 351 349 346 343 340 338 335 331 326 318 316 322 329 335 341 345 347 347 346 344 341 338 334 329 326 323 318 312 306 301 300 303 306 308 308 307 302 297 291 289 286 283 280 277 281 290 297 301 304 305 303 300 295 300 305 307 309 310 310 311 311 310 308 306 303 299 293 287 284 291 296 301 304 306 306 305 303 299 292 289 294 297 299 299 297 296 294 292 290 288 287 287 290 294 298 301 304 305 307 308 310 311 312 312 312 311 309 308 307 307 307 307 308 311 314 316 319 321 324 326 329 331 332 333 334 334 333 333 332 331 330 328 324 319 313 305 292 282 275 270 270 274 279 284 290 298 306 313 320 327 333 339 344 347 348 349 349 349 349 349 349 349 351 353 353 354 354 354 353 351 347 340 343 347 348 349 350 348 341 333 325 318 305 297 287
344 344 343 342 340 336 330 327 324 321 316 309 302 302 316 319 317 321 327 330 331 331 330 330 327 324 319 312 302 296 307 318 323 322 318 315 320 326 331 334 336 337 338 339 339 340 342 343 343 343 343 342 341 339 338 334 329 323 317 312 306 302 297 293 289 285 282 281 279 278 276 275 273 274 275 276 276 275 275 275 276 276 276 276 276 276 277 278 278 279 279 279 280 280 280 281 281 281 281 281 283 285 286 288 290 291 291 290 288 287 288 293 297 301 305 309 313 318 325 335 343 349 351 353 354 355 355 355 355 353 351 348 343 337 330 332 335 336 337 339 344 355 364 371 375 379 381 384 384 384 383 382 381 383 386 389 391 392 393 393 392 390 389 387 387 388 387 386 385 384 382 381 385 387 389 390 391 392 392 392 392 393 393 392 390 388 385 379 373 368 366 360 357 356 351 351 349 345 347 347 351 350 346 339 332 327 325 331 339 346 351 354 356 356 354 352 350 347 344 342 339 336 332 327 321 314 318 325 332 338 341 344 345 343 342 339 337 334 331 329 326 322 317 312 307 297 295 299 302 303 302 300 295 291 287 283 281 277 282 288 296 301 304 306 307 306 302 297 300 304 308 310 311 312 312 312 310 309 305 302 297 292 289 286 292 298 303 306 308 308 307 304 300 294 291 296 300 301 301 300 298 296 294 292 291 290 290 290 290 294 298 302 304 307 309 311 312 314 313 313 312 311 310 309 309 310 310 310 311 312 315 317 320 323 326 328 330 331 332 332 332 332 332 331 329 328 326 323 319 313 305 294 282 276 271 270 274 279 283 289 296 304 311 318 325 331 338 344 346 349 350 351 351 351 352 352 352 353 354 355 356 355 355 354 352 348 343 347 350 351 352 354 350 342 333 325 314 300 294 286
344 344 343 342 338 334 328 322 319 315 312 307 302 306 318 324 324 320 328 331 333 333 332 331 329 324 318 311 300 298 310 321 326 326 325 322 319 323 329 334 337 338 340 341 341 342 343 343 343 343 342 341 340 337 334 329 324 318 313 308 304 301 298 294 289 284 282 280 279 277 276 275 274 274 275 276 276 275 275 275 276 276 277 276 277 276 276 276 277 277 278 278 279 279 280 280 280 280 281 283 284 285 287 290 294 297 297 295 292 290 288 288 289 295 300 304 308 314 322 331 341 347 350 352 354 355 356 356 356 355 353 349 345 339 333 331 332 334 334 337 340 349 359 368 375 379 382 384 387 387 388 388 388 389 391 392 393 395 395 394 393 391 390 387 389 389 388 388 387 386 383 383 386 388 390 390 391 391 392 392 393 392 392 391 389 385 381 373 366 356 352 347 342 341 336 334 333 332 334 337 343 346 345 341 335 328 323 326 334 341 345 349 353 354 353 351 349 347 344 342 339 335 331 326 321 314 315 322 328 334 338 340 340 339 338 336 335 334 333 331 327 322 319 314 308 299 291 292 295 296 296 294 290 287 283 280 278 282 288 295 300 304 307 308 308 307 304 299 301 305 308 311 312 313 313 312 310 307 303 300 297 294 290 287 292 299 304 307 309 309 308 306 302 296 292 296 300 302 303 302 301 299 297 295 294 294 294 292 291 291 294 298 303 306 309 312 313 314 315 314 313 312 311 310 311 312 312 312 313 313 314 316 319 322 325 327 329 330 330 330 328 327 324 322 322 322 321 320 316 311 304 294 283 276 272 270 274 278 283 288 293 300 308 316 323 329 335 340 344 348 351 352 353 354 354 355 355 356 356 357 357 357 356 356 354 350 346 350 352 352 355 355 350 341 333 323 309 298 293 287
345 344 343 342 338 333 328 326 322 318 312 306 302 308 320 326 327 326 328 333 334 334 334 333 329 324 317 309 298 302 314 323 328 329 329 326 323 322 327 333 337 339 340 341 342 342 342 342 342 341 340 339 337 333 329 323 317 311 306 303 300 298 296 292 286 283 281 280 279 277 276 275 274 274 275 277 276 276 275 275 276 276 277 277 278 278 277 277 277 277 277 278 278 280 279 280 280 281 282 284 285 286 288 293 299 300 300 299 296 295 294 293 292 290 292 298 303 309 315 323 335 342 347 351 352 354 355 357 356 355 353 349 346 340 335 332 331 334 336 337 339 344 355 365 372 377 382 385 388 390 390 392 392 393 394 395 396 397 396 395 394 392 391 391 391 390 389 388 388 387 385 384 387 389 390 390 391 391 391 391 391 391 390 389 387 385 379 373 363 349 340 335 332 330 327 326 325 325 324 327 334 339 343 341 337 330 324 320 329 334 339 344 349 350 351 350 349 346 343 341 338 335 330 324 319 314 311 316 324 329 333 335 335 334 333 332 331 332 330 327 322 319 316 312 305 298 291 286 287 287 287 286 283 281 279 280 284 290 296 302 305 308 309 310 310 308 306 302 300 305 309 311 313 313 313 312 309 306 304 302 300 297 292 288 292 300 305 309 310 310 310 308 304 299 294 296 301 304 305 304 303 302 300 298 297 296 295 294 295 294 294 294 299 304 308 312 314 315 316 316 315 314 313 313 313 314 314 315 315 316 316 317 320 322 325 327 328 329 328 326 323 318 315 312 310 311 310 311 309 306 300 292 283 277 272 270 274 278 282 286 291 297 305 313 319 327 333 337 342 347 351 353 354 355 356 356 357 357 358 358 358 359 358 357 355 352 349 352 354 354 357 356 350 343 336 329 310 301 295 290
345 344 343 341 338 335 332 329 326 322 315 306 300 311 321 329 330 330 329 333 336 336 335 333 330 324 316 307 299 304 315 323 328 331 331 328 327 327 327 333 337 339 340 340 341 341 340 340 340 339 338 335 332 327 322 315 309 303 298 295 293 291 290 288 284 283 280 279 278 277 276 275 274 274 275 276 277 277 276 276 276 276 277 278 279 279 278 278 278 278 278 279 279 280 280 281 281 282 283 285 287 288 290 295 300 302 302 301 300 300 300 299 297 294 292 292 294 298 302 312 321 330 338 345 348 351 353 355 355 354 351 348 343 339 336 332 332 334 336 338 340 343 350 361 370 377 381 386 389 391 393 394 395 396 397 398 399 398 398 396 394 393 392 393 393 393 391 390 389 387 385 386 387 388 389 389 390 390 390 390 389 389 389 388 386 383 379 374 369 360 347 338 331 327 325 322 321 321 320 320 323 331 337 339 337 332 326 320 319 327 335 340 344 347 348 347 347 345 343 340 336 332 327 324 321 317 309 311 318 325 328 328 329 329 328 328 327 327 323 321 317 314 311 307 301 294 288 284 283 281 281 280 281 280 282 286 292 297 302 306 309 310 311 311 311 310 307 303 301 306 310 312 314 314 313 313 310 308 306 305 303 299 295 289 293 300 306 310 312 312 311 310 306 302 296 296 301 304 306 307 307 305 304 302 301 299 297 297 298 299 298 295 297 301 306 311 314 316 317 318 317 316 316 315 315 315 316 317 317 318 319 319 320 322 325 327 328 327 326 322 317 313 308 302 301 300 299 299 299 297 294 289 283 277 273 270 274 278 282 286 290 295 301 309 316 322 329 335 340 345 350 353 355 356 357 358 359 359 359 360 360 360 360 359 357 355 352 355 356 356 358 356 350 345 340 332 318 306 298 294
346 344 343 341 338 335 332 330 327 321 314 305 302 314 324 331 333 333 332 335 337 337 336 334 330 323 316 307 299 303 311 320 326 330 333 332 331 330 331 334 337 339 339 339 339 339 338 337 336 334 332 329 325 319 312 305 299 294 291 289 289 287 287 285 283 281 280 278 277 276 276 275 274 275 275 276 277 277 277 277 277 278 279 279 280 280 280 280 279 279 279 280 281 281 281 282 283 284 285 286 288 290 292 296 300 303 303 303 303 303 303 300 297 295 293 292 292 292 294 297 307 316 326 334 339 346 348 351 353 353 351 349 344 340 338 335 333 333 336 338 341 343 348 358 368 375 381 385 389 393 395 396 397 398 399 399 400 400 399 397 396 395 394 394 393 393 392 391 390 388 387 387 388 388 388 388 388 387 387 387 386 386 385 384 384 382 380 376 371 366 359 350 340 334 329 326 324 321 319 318 316 319 328 334 336 334 328 322 317 322 327 332 338 341 343 343 343 342 340 337 335 332 329 327 323 319 312 307 312 319 321 322 323 324 324 323 323 323 319 316 314 311 307 301 294 289 284 282 283 284 283 282 282 287 291 294 297 300 306 309 311 312 312 312 312 311 309 304 303 306 310 313 314 314 315 314 312 310 308 306 304 301 296 289 293 300 307 310 313 314 313 312 309 304 300 296 300 304 308 308 309 308 307 305 304 303 300 300 302 302 301 299 296 298 304 309 313 316 319 320 320 319 318 317 317 318 319 319 320 320 321 321 321 323 325 327 327 326 325 321 316 310 304 299 296 295 293 292 290 288 288 286 281 277 272 271 274 279 283 287 292 297 302 308 313 318 324 331 337 343 348 352 355 357 358 359 360 360 360 361 361 362 362 361 359 357 355 357 358 358 357 356 352 348 341 334 322 312 304 298
346 344 341 338 335 333 330 328 324 319 311 304 303 317 326 333 336 336 336 337 338 339 337 333 328 322 314 307 299 303 312 320 328 333 335 335 334 332 332 335 336 337 337 336 335 333 332 330 329 326 324 321 316 310 303 297 293 290 288 287 286 285 284 283 282 280 279 279 278 277 276 275 274 275 275 276 277 278 278 278 279 280 280 281 281 281 280 280 280 280 280 281 281 282 283 284 284 285 287 288 290 294 297 299 301 303 305 306 306 306 305 302 299 297 295 294 293 292 293 294 297 301 310 317 326 337 343 348 352 353 352 350 346 343 340 338 335 333 335 337 340 343 348 357 366 371 378 384 389 393 395 397 398 399 401 401 401 401 399 398 397 396 396 396 395 395 393 393 391 390 389 388 388 387 387 386 385 384 383 382 381 381 381 380 379 378 377 375 373 369 365 359 352 347 341 337 333 329 326 323 319 315 316 325 332 332 330 324 317 316 322 328 333 336 338 338 339 340 338 335 335 333 331 328 326 321 316 308 306 310 315 316 315 318 319 319 319 319 316 313 310 307 301 294 287 283 283 286 288 290 288 285 284 290 295 300 305 305 308 310 313 314 314 314 313 312 309 306 304 307 311 313 315 316 316 315 314 312 311 309 306 303 298 291 293 301 306 311 314 315 315 314 311 307 302 298 299 304 309 310 311 311 310 308 307 305 304 303 305 305 305 303 300 298 302 307 313 317 319 321 322 321 321 320 320 320 321 322 322 323 323 323 323 324 325 326 327 326 325 321 316 311 304 299 296 292 289 287 286 284 283 281 279 276 272 271 275 279 283 287 291 296 301 305 309 314 320 327 333 340 346 350 354 357 358 361 361 361 362 362 363 363 363 362 361 358 357 359 359 359 358 356 353 348 342 335 327 318 309 303
346 344 340 333 328 326 323 322 319 314 309 305 304 315 326 334 339 341 340 341 341 340 337 332 325 318 311 305 301 304 311 320 328 335 339 339 337 334 332 332 333 333 332 330 329 326 321 317 314 313 312 310 306 302 298 295 291 288 287 286 285 284 283 282 281 281 280 279 278 277 277 276 275 275 275 275 276 277 278 278 279 280 280 280 280 281 280 281 280 280 280 281 282 282 283 285 286 287 289 291 294 298 301 303 304 306 308 309 310 309 306 303 301 299 298 296 295 294 294 294 294 297 299 305 316 329 341 347 352 354 354 352 349 345 342 339 337 335 335 337 340 342 347 352 360 369 377 383 388 392 395 397 399 400 402 402 402 401 400 399 398 397 397 397 397 396 395 394 392 391 389 388 387 385 384 383 381 379 377 375 374 375 375 375 373 372 372 371 370 369 367 365 361 356 353 349 345 340 335 330 325 319 315 315 324 328 329 327 321 314 317 324 328 331 333 333 333 336 335 333 333 332 331 329 327 324 319 313 306 303 306 307 310 312 314 315 315 314 312 309 304 301 295 289 284 284 288 292 294 294 292 287 283 290 297 304 309 309 312 313 314 315 315 315 314 313 311 308 305 308 312 314 316 317 317 317 316 315 313 310 307 303 299 293 293 301 307 311 315 316 317 316 314 310 306 301 299 304 309 312 313 314 313 311 310 308 307 306 308 308 308 306 303 300 301 306 311 317 320 322 324 324 323 322 323 323 324 324 324 325 325 325 325 325 325 326 326 326 325 321 317 311 307 302 298 295 291 288 285 282 280 279 277 275 271 272 275 279 282 285 288 291 295 299 303 309 316 322 329 335 341 348 353 356 358 361 361 362 363 363 364 365 364 363 362 359 358 360 361 361 359 357 354 349 344 337 329 321 312 306
347 343 337 329 322 319 317 316 314 311 308 305 306 315 326 335 341 343 344 344 344 342 337 331 325 318 311 305 302 303 309 319 327 334 340 341 338 334 331 328 326 325 322 318 315 309 306 302 300 297 297 296 297 295 293 292 291 288 286 285 284 283 283 282 281 280 280 279 278 277 276 275 275 275 275 275 275 276 277 277 279 279 279 279 280 280 280 280 281 281 281 281 282 283 284 286 288 290 293 296 299 302 305 306 308 309 310 312 312 311 309 306 304 303 301 299 298 297 296 295 295 295 297 301 307 321 337 346 352 355 356 354 351 348 344 341 339 336 335 338 340 343 346 354 363 371 378 383 388 393 395 397 399 401 402 403 402 401 400 399 398 398 398 397 397 397 396 394 393 391 389 387 385 382 380 378 375 372 370 367 365 366 367 367 365 364 365 366 366 366 366 364 363 361 358 355 352 347 342 337 332 324 319 314 314 321 325 325 322 315 313 320 324 327 327 326 327 329 328 328 330 330 330 329 327 325 322 316 310 304 300 300 304 307 309 311 311 310 308 305 300 296 290 286 283 288 294 297 298 298 295 289 283 289 298 306 308 311 315 316 317 316 317 317 316 315 313 310 306 309 312 315 317 318 319 319 318 317 315 312 308 305 301 296 294 300 306 311 316 317 318 318 316 313 309 305 300 303 309 313 315 316 315 315 313 311 310 310 311 311 310 309 306 302 301 305 310 316 320 324 325 327 326 325 325 326 326 326 326 327 327 326 326 325 326 326 326 326 325 322 318 314 310 305 301 297 294 291 287 284 281 278 276 274 271 273 277 280 282 285 288 292 295 298 301 305 311 319 326 332 338 344 350 355 357 360 361 363 364 364 365 365 365 364 361 359 360 361 362 361 360 357 354 349 343 336 328 320 313 307
346 342 337 331 326 319 314 312 310 309 307 304 307 314 325 336 343 345 346 346 345 343 338 333 326 318 312 306 303 302 307 315 324 330 337 340 338 334 329 324 317 314 310 305 299 294 293 293 292 291 291 291 290 288 289 289 288 287 285 285 284 284 282 281 281 280 279 279 278 277 276 275 275 276 275 275 275 276 276 277 278 278 278 279 279 279 279 280 281 281 281 282 282 283 285 287 290 295 300 303 304 306 308 310 311 312 313 315 316 316 313 310 308 306 304 302 301 299 298 297 296 296 297 298 301 310 331 344 352 357 358 356 353 350 346 343 340 337 335 337 339 342 345 351 360 369 376 382 388 392 395 397 399 401 401 402 402 401 400 399 399 399 398 398 398 397 396 395 393 391 388 385 382 376 375 373 369 365 361 356 352 354 356 355 353 353 355 357 359 360 361 362 361 361 359 357 354 351 347 343 337 331 324 317 313 312 318 321 321 315 309 316 319 321 321 320 318 320 319 322 324 326 328 328 327 326 323 319 313 308 303 299 298 300 303 306 307 306 304 301 296 292 287 284 287 293 299 302 303 300 297 291 285 288 297 308 309 313 316 317 317 317 317 318 317 316 315 312 308 309 313 315 317 319 320 320 319 319 316 314 310 307 304 299 294 299 306 312 316 318 319 320 318 316 312 308 302 303 309 315 316 318 318 317 316 315 314 314 314 314 312 311 308 304 302 306 311 317 322 325 327 328 328 328 328 328 328 328 328 329 327 327 327 325 326 325 325 324 323 322 319 316 312 308 304 300 297 293 288 283 281 278 276 273 273 276 276 280 283 287 291 295 298 302 305 307 311 317 323 330 336 342 347 352 356 359 361 363 364 365 366 366 365 363 361 361 361 362 362 361 360 357 354 348 340 332 324 316 310 306
348 345 341 336 330 324 319 314 311 309 308 306 306 313 325 336 344 347 348 348 346 344 339 333 326 319 312 307 304 303 303 309 320 328 334 338 336 333 329 322 316 308 301 296 294 292 291 290 289 289 289 289 288 287 288 288 287 285 284 284 284 283 281 281 280 279 279 278 278 277 276 276 276 276 276 275 275 275 276 277 277 277 278 279 279 279 279 280 281 281 281 282 283 283 285 288 291 298 304 305 307 308 311 312 313 315 317 319 320 321 320 317 314 311 308 306 304 303 301 300 299 299 298 298 299 306 324 344 352 358 361 359 355 352 348 344 341 339 336 337 339 341 344 349 354 365 375 382 387 391 394 397 398 399 400 401 401 400 400 400 399 399 399 398 398 398 396 395 393 390 387 383 377 371 363 366 360 355 348 344 339 339 343 342 340 340 342 344 348 350 352 356 358 358 358 357 355 352 349 346 341 336 330 324 318 312 311 312 312 310 308 309 311 314 315 313 311 311 312 314 317 321 324 326 327 326 323 320 315 311 307 302 299 296 297 300 303 303 301 298 292 287 285 285 292 297 304 308 307 303 299 293 286 287 299 307 311 314 316 318 319 319 319 319 320 318 316 314 309 310 314 316 318 320 321 321 321 320 317 315 312 309 306 302 296 299 306 312 317 320 321 321 320 318 314 311 306 303 307 313 318 319 320 320 319 318 318 317 317 316 314 312 309 304 303 308 312 317 322 327 329 330 331 331 331 330 330 330 330 329 327 326 325 324 323 322 321 320 319 318 318 316 313 310 306 301 297 292 286 282 279 277 274 273 276 279 279 279 281 285 290 294 298 302 306 308 312 317 322 327 332 338 345 350 354 358 360 363 364 366 366 366 365 363 362 363 363 363 362 361 359 356 351 345 335 325 317 310 304 300
347 345 341 336 330 325 320 316 314 312 310 306 306 313 324 336 344 348 349 349 348 344 339 333 325 318 312 308 306 303 303 305 313 324 331 335 335 332 328 322 315 309 303 298 294 292 291 289 288 287 287 287 287 286 286 286 285 284 283 282 283 282 281 280 279 279 279 278 277 276 276 276 276 276 276 276 275 275 277 277 277 279 279 279 278 279 279 280 281 281 281 281 282 283 284 287 290 298 304 306 309 310 312 312 313 314 320 322 322 323 323 323 321 318 314 311 308 307 305 304 303 302 302 301 300 303 320 342 351 359 362 360 357 353 349 345 343 339 337 338 340 341 344 348 356 366 375 381 386 390 393 395 396 397 398 398 399 399 399 399 398 398 398 398 398 397 396 394 392 389 386 383 378 371 358 351 350 346 338 334 329 328 330 330 329 334 332 332 334 337 343 347 352 355 355 355 354 352 350 347 343 339 334 329 324 319 314 311 310 311 310 308 306 306 307 306 305 305 305 307 310 314 319 323 325 325 323 320 317 312 308 304 302 298 295 295 298 299 297 293 288 285 285 290 296 303 308 311 308 305 300 294 287 287 298 306 312 315 316 318 319 320 320 320 320 319 317 315 311 311 314 317 319 320 321 322 322 321 319 316 313 311 307 303 297 299 307 312 317 320 322 322 322 320 317 313 308 303 307 313 318 321 322 323 322 321 321 320 320 318 316 313 309 305 306 309 313 318 324 328 331 333 333 333 333 333 333 332 330 328 326 325 322 320 318 317 315 313 313 313 313 313 312 310 305 300 294 289 284 281 278 276 273 275 279 282 283 282 281 282 287 291 296 300 303 307 311 315 319 324 328 334 340 347 353 357 360 363 365 366 367 366 365 364 364 365 364 363 361 359 358 352 346 338 327 316 308 301 295 291
345 341 337 333 327 322 318 315 313 311 309 306 307 313 324 336 344 349 350 350 348 345 339 334 327 319 314 310 307 305 305 304 307 315 326 332 334 332 327 321 315 309 303 298 295 293 291 290 288 287 286 286 286 285 285 284 284 283 282 282 282 281 281 280 280 279 278 278 277 276 276 276 277 277 277 276 276 276 276 276 276 277 278 279 278 278 278 279 280 280 280 281 281 282 283 285 289 297 303 306 308 311 312 311 312 312 314 318 322 323 324 324 324 323 320 317 314 311 309 308 307 306 306 305 303 301 319 341 351 357 361 361 358 354 350 346 343 340 338 337 339 341 343 346 356 368 376 382 385 388 390 391 392 393 394 394 394 395 396 396 396 397 397 397 397 396 395 393 390 387 384 381 378 372 364 350 338 335 330 326 323 323 324 323 330 332 331 328 325 325 330 337 344 348 351 352 352 350 348 346 343 340 336 333 329 326 323 320 319 319 317 314 311 308 305 304 303 302 301 300 302 306 312 317 321 323 321 320 316 313 309 305 303 301 296 291 293 293 292 288 286 285 290 295 301 306 311 311 309 307 302 296 288 287 297 305 312 316 318 319 319 320 320 320 320 320 319 316 313 312 315 317 320 321 322 323 323 322 320 318 314 311 308 303 298 301 307 312 318 321 322 323 324 322 319 316 311 305 309 313 318 322 324 325 325 324 324 323 322 320 317 312 308 306 307 311 315 320 325 330 333 335 336 336 335 335 334 333 331 329 329 328 326 322 319 315 312 310 307 306 307 309 309 306 302 296 290 286 284 283 279 274 273 278 282 286 288 287 286 285 283 288 292 295 300 305 309 312 315 319 322 328 336 344 351 356 359 362 365 367 367 367 366 366 366 366 364 363 362 359 353 347 339 332 318 308 300 294 290 289
339 335 331 326 322 318 315 313 311 309 308 308 307 313 323 335 345 350 351 351 350 346 341 334 327 320 314 310 307 307 307 305 305 309 318 329 332 330 326 321 315 309 303 297 294 292 291 289 288 287 285 285 285 284 284 284 284 282 281 281 281 281 281 281 280 280 279 278 277 276 276 277 278 278 278 278 277 277 276 276 276 277 278 278 278 278 278 278 279 279 279 280 280 281 282 284 287 293 300 303 306 309 309 308 308 307 309 312 316 320 322 322 323 324 324 323 321 318 317 314 312 311 310 309 307 304 319 339 349 355 359 360 358 354 351 347 343 341 339 337 338 340 342 347 355 366 375 380 383 384 385 387 386 386 387 387 387 389 391 391 393 393 394 395 395 394 392 390 387 385 381 377 374 370 363 355 345 336 329 326 322 319 320 329 331 331 329 328 325 322 322 326 333 342 347 350 350 348 346 344 342 338 335 333 331 328 326 324 323 322 322 320 318 315 313 311 309 307 305 303 300 299 303 309 316 318 318 315 312 309 308 304 303 300 297 293 290 289 287 286 286 290 295 300 305 309 313 313 311 308 304 298 290 286 295 305 312 316 318 320 320 321 321 322 322 321 320 317 315 313 316 318 320 322 323 323 323 322 320 317 314 311 307 302 299 304 309 314 318 321 323 324 324 323 320 316 311 306 310 314 319 323 325 326 327 327 326 325 323 321 317 311 309 310 310 312 316 321 326 331 334 337 338 338 338 337 336 334 333 332 332 332 330 327 324 321 317 314 309 306 303 302 302 299 295 291 290 290 287 282 277 274 277 282 286 289 292 292 291 289 286 285 287 293 297 302 305 308 309 312 317 325 333 341 347 354 359 362 364 366 368 368 368 368 368 367 365 363 362 355 348 341 331 323 310 303 297 292 290 293
328 324 321 319 316 314 312 311 311 312 312 310 307 313 323 334 345 350 352 352 351 347 342 336 328 321 314 310 308 310 309 308 305 306 313 324 330 329 326 321 316 310 303 298 294 291 290 289 287 286 286 284 284 283 283 283 283 282 281 280 281 281 281 280 280 280 279 278 277 276 276 278 279 280 280 279 278 278 277 278 276 276 276 277 278 278 278 278 278 279 279 279 280 281 282 283 285 289 294 299 300 302 302 302 302 303 303 306 310 313 314 316 317 318 319 320 322 324 323 321 318 317 315 314 311 306 323 338 347 354 357 358 357 354 351 347 344 341 339 338 338 340 342 346 352 361 370 377 379 380 380 380 379 379 380 379 375 381 384 386 387 389 391 392 392 391 389 386 384 380 377 372 365 362 357 351 345 339 335 332 329 321 316 327 329 329 327 327 327 323 320 321 326 333 341 345 347 346 343 341 338 335 333 331 329 327 326 326 324 324 324 324 323 321 320 317 315 314 312 309 306 301 297 301 307 311 313 309 306 304 301 299 298 296 294 291 289 288 286 288 291 296 300 304 308 312 314 314 313 310 305 298 292 287 293 305 312 316 318 320 321 322 323 323 323 322 320 319 317 315 317 320 322 323 324 324 324 323 320 317 314 311 307 304 303 306 310 315 319 323 324 325 325 324 321 317 311 308 311 316 321 324 326 328 329 328 328 327 324 321 315 311 311 314 314 315 319 322 327 332 336 338 340 340 339 338 337 336 336 335 335 335 334 331 329 326 321 318 314 311 307 303 299 296 296 296 296 292 286 279 274 276 280 285 289 293 295 296 295 293 292 289 287 289 295 298 301 302 304 309 314 321 329 337 345 351 356 362 364 366 368 369 369 370 369 368 366 364 361 358 348 337 324 316 307 302 298 293 291 297
319 318 316 316 315 316 316 316 316 315 314 311 307 313 322 333 344 351 353 353 351 347 343 335 327 320 314 310 311 312 311 309 308 307 309 319 327 328 325 322 317 311 304 298 294 292 290 288 287 286 285 284 283 283 283 282 282 281 280 280 280 280 279 279 279 279 278 278 276 276 278 279 281 283 282 282 280 279 278 278 276 276 277 277 277 277 277 278 278 278 279 279 280 281 281 283 284 286 288 290 291 293 295 296 298 298 298 300 302 303 305 306 308 309 312 313 316 319 323 327 325 324 321 319 316 308 325 336 345 351 355 356 355 352 350 347 344 341 340 338 338 340 342 345 348 354 362 370 374 373 370 364 368 368 370 367 350 366 373 378 380 382 384 386 387 385 384 381 378 374 370 364 357 349 347 341 338 333 332 332 331 326 318 322 326 327 325 325 326 323 319 320 323 329 336 341 344 343 340 337 334 331 329 327 325 325 325 324 322 322 323 324 323 324 322 320 319 317 316 313 310 306 300 296 299 305 306 304 303 300 296 293 291 291 289 288 287 288 290 292 296 300 304 307 311 314 315 315 314 311 306 300 293 288 292 302 312 315 318 320 322 323 324 324 324 323 322 320 318 316 318 321 323 324 325 325 325 323 321 318 316 313 309 307 310 311 314 317 321 324 326 327 327 325 321 316 311 311 314 318 322 325 328 329 330 330 329 328 325 320 314 313 316 318 319 319 322 326 329 333 337 340 342 342 341 341 340 339 339 339 338 338 337 335 333 328 326 322 319 316 313 309 307 305 303 301 296 291 282 276 275 280 285 289 293 297 299 300 299 298 296 294 292 289 290 293 295 298 301 305 310 315 322 331 340 348 355 359 364 366 368 369 370 370 370 369 367 364 362 358 347 333 322 314 309 304 299 294 291 297
327 328 326 324 322 321 320 319 318 317 314 311 309 314 321 333 344 352 354 354 352 347 342 334 326 319 314 312 313 314 313 311 310 308 307 316 325 327 326 322 318 312 305 299 295 292 290 288 286 285 284 283 283 282 282 282 281 281 280 279 279 279 278 278 278 278 277 277 277 277 279 281 283 285 285 284 282 281 279 279 277 276 277 277 277 278 278 278 278 278 279 279 279 280 281 282 283 284 286 287 288 289 289 291 291 291 292 293 294 295 296 297 299 301 303 305 308 312 316 321 326 329 327 324 318 312 326 336 343 348 352 353 353 351 348 346 343 342 340 339 338 340 342 344 346 349 355 361 365 365 359 346 350 346 355 352 334 350 357 363 368 372 376 379 380 379 377 375 371 366 359 351 342 333 332 330 328 326 329 331 330 327 324 315 321 324 322 324 324 322 318 321 323 327 334 338 340 339 337 334 331 327 325 323 321 320 320 319 318 319 320 321 322 323 322 321 320 319 318 315 313 309 305 299 295 298 301 301 299 296 291 290 289 289 289 289 288 290 294 296 299 302 306 310 313 315 317 316 315 312 307 301 294 287 292 302 311 314 318 321 322 324 324 325 325 325 323 321 320 317 319 322 324 325 326 326 326 324 322 320 317 314 310 310 313 314 318 319 323 324 327 327 327 326 322 315 312 316 317 320 324 327 330 331 332 332 330 328 324 318 315 315 318 321 322 323 326 330 333 336 339 342 344 344 342 343 342 341 340 340 341 340 339 338 335 332 329 326 323 320 317 314 311 308 306 301 295 288 280 275 276 284 289 293 297 300 302 303 303 302 300 298 296 294 292 293 293 295 298 301 305 309 313 321 333 343 351 358 363 366 368 370 370 370 370 369 367 365 362 356 343 331 320 312 307 303 298 295 292 294
335 334 332 329 327 324 322 321 319 316 312 310 313 316 323 333 345 352 355 355 353 348 343 335 326 319 315 315 315 315 314 313 312 309 308 314 324 327 326 323 318 314 307 301 295 292 290 288 286 285 284 283 283 283 282 281 281 280 280 279 279 278 278 278 278 278 277 277 277 278 279 282 285 287 288 287 284 283 281 280 278 277 277 277 277 277 278 278 278 279 279 280 280 281 282 282 282 283 284 286 286 286 287 287 287 288 289 289 290 291 292 292 293 295 297 299 302 305 310 315 321 328 329 325 319 319 327 335 342 346 349 351 350 349 347 345 344 342 340 339 339 340 342 343 344 344 347 353 356 354 351 341 333 328 336 338 323 331 336 341 346 351 364 368 369 369 368 366 361 354 346 335 329 321 317 316 319 322 328 329 328 327 326 322 313 321 319 322 323 319 318 322 324 327 330 334 336 335 332 331 327 324 321 319 318 316 315 314 314 315 316 317 319 321 321 321 320 320 319 317 314 312 308 303 298 295 295 297 296 292 290 291 293 293 293 291 289 291 296 300 302 305 308 312 315 316 317 317 315 312 307 301 293 288 292 300 309 313 317 320 322 324 325 325 326 326 325 322 321 319 320 323 325 326 327 327 327 325 323 321 318 314 308 310 315 317 321 323 325 327 328 328 328 326 321 315 316 320 323 324 327 329 331 332 333 333 331 328 323 318 319 319 322 324 327 328 330 334 337 340 342 344 345 345 344 343 343 342 341 341 341 341 341 339 336 333 331 328 325 323 320 317 314 310 305 299 293 286 279 275 279 287 291 295 298 301 304 306 307 307 305 303 301 298 297 298 297 296 297 298 301 304 309 314 322 334 345 355 361 366 368 369 370 371 370 369 367 365 360 354 343 330 317 309 304 301 298 295 293 293
340 338 336 332 329 326 324 322 318 313 310 315 318 320 327 336 346 353 356 356 353 349 343 335 326 320 318 318 318 316 315 314 313 310 308 313 324 327 327 324 320 315 309 302 297 293 290 288 287 286 285 284 283 282 283 282 281 281 280 279 279 278 278 278 279 279 278 278 278 278 280 282 285 289 290 289 287 284 282 281 279 278 278 278 277 278 278 278 278 279 279 280 281 282 283 283 283 284 285 285 285 285 285 285 286 287 287 288 288 289 289 289 290 291 293 295 297 300 303 309 316 323 330 326 323 321 327 334 340 344 347 349 348 348 347 345 344 342 341 340 340 341 342 343 343 341 341 344 344 346 343 338 321 313 314 314 313 313 317 321 323 330 341 350 353 352 352 352 349 342 332 325 314 306 306 308 314 322 326 326 325 325 325 323 319 311 316 321 321 318 316 320 322 324 327 330 332 331 328 327 325 322 318 316 315 313 311 310 311 310 309 312 314 316 319 320 320 320 319 318 316 313 310 306 301 297 294 293 292 291 291 295 297 297 297 294 291 292 297 301 305 307 310 313 315 317 318 318 315 313 307 300 293 288 294 301 308 312 315 319 321 323 325 326 326 327 326 324 322 321 323 324 326 327 328 328 328 327 326 322 318 312 307 311 317 320 323 326 328 329 330 330 329 326 321 315 318 323 326 327 329 332 334 335 335 335 332 327 322 321 323 323 324 327 330 333 335 338 340 343 345 346 347 346 345 344 343 342 341 340 340 340 339 337 334 332 330 327 325 323 320 317 314 309 303 297 292 285 279 276 279 286 291 294 298 301 304 306 308 309 309 307 305 303 301 301 301 301 302 303 302 302 306 312 320 330 341 353 361 366 368 370 370 370 369 369 367 365 359 354 343 331 319 311 309 306 302 297 294 293
344 340 337 334 330 327 324 321 316 311 315 320 323 324 330 340 348 355 357 357 354 350 344 336 328 323 321 321 320 318 317 316 314 311 309 312 321 326 327 325 321 317 311 304 298 295 291 289 288 286 285 284 283 282 282 282 281 280 280 279 279 278 279 279 280 280 280 279 279 279 280 282 285 288 291 290 289 286 284 283 281 280 279 279 279 279 279 278 278 279 280 280 282 282 283 284 284 284 284 284 284 284 284 284 285 286 286 286 287 287 288 288 289 290 291 292 294 297 300 304 310 319 327 331 329 328 326 333 338 343 345 346 347 347 346 346 345 344 342 342 342 342 342 343 343 342 339 339 339 339 336 331 324 313 306 306 309 308 308 310 310 312 319 326 328 330 331 336 334 329 323 314 306 303 302 304 311 320 324 322 323 321 323 323 321 315 307 320 320 317 315 318 319 321 324 327 329 328 325 323 323 321 317 315 312 311 310 310 310 308 307 307 309 312 315 317 319 319 319 318 316 314 311 308 304 301 297 294 292 291 294 298 300 300 299 297 292 291 297 302 306 309 312 314 317 318 319 318 316 313 308 301 295 290 296 304 310 314 317 319 321 323 324 326 327 327 327 325 323 323 325 326 328 329 329 329 328 327 325 322 317 311 310 314 319 323 326 328 329 330 331 331 329 326 321 318 320 325 329 331 332 334 336 337 338 336 333 329 324 327 328 328 328 330 333 336 338 341 343 346 347 348 348 346 345 344 341 340 338 337 335 333 331 329 328 326 324 322 321 321 318 315 312 307 301 296 290 285 279 276 278 280 285 291 295 299 303 306 309 311 312 311 309 306 305 305 305 305 306 307 307 306 307 314 321 334 345 355 362 367 369 369 369 369 368 367 366 364 361 354 344 333 323 318 315 312 307 300 296 294
343 339 336 332 329 326 322 317 313 315 319 323 327 331 335 344 352 357 358 358 355 351 345 338 331 326 324 323 321 320 318 317 314 312 310 311 318 326 327 326 323 319 313 307 301 296 293 290 288 287 285 285 284 282 282 281 281 280 279 279 278 279 279 280 281 282 282 280 280 280 281 282 284 287 289 290 289 287 285 284 282 281 281 280 280 280 281 280 279 278 279 280 281 281 282 283 283 283 283 283 283 283 283 284 284 284 285 286 286 287 288 288 290 291 292 292 293 296 298 301 307 314 323 333 335 335 333 333 336 340 343 345 346 347 347 346 345 344 343 343 343 343 343 343 343 342 340 337 332 332 331 326 319 311 305 304 306 306 305 307 307 305 305 307 308 310 311 317 319 317 314 308 304 301 300 302 313 321 322 320 318 319 320 319 320 318 310 316 320 317 313 315 317 318 320 324 326 325 323 321 319 318 315 312 312 313 313 313 313 311 309 307 306 307 310 313 316 317 318 317 314 313 311 309 306 303 299 296 293 292 296 301 301 302 301 298 294 291 297 302 306 310 313 316 318 319 320 319 316 313 307 301 296 290 296 305 313 316 319 321 323 324 325 326 327 328 328 326 324 325 327 328 329 330 330 329 329 327 325 321 315 310 313 317 322 326 328 330 331 332 332 332 329 325 320 319 322 326 330 333 335 337 338 339 340 338 334 330 327 331 332 333 333 334 336 339 342 345 346 348 349 349 348 346 344 342 337 334 331 327 322 317 314 311 309 308 310 311 313 313 313 311 308 304 298 293 289 283 278 277 282 283 282 284 289 295 300 304 307 311 313 314 313 312 310 309 309 309 309 311 311 309 310 315 322 335 347 357 364 368 369 369 368 366 365 364 364 360 357 355 346 337 329 325 321 316 310 303 297 295
340 336 332 328 325 322 319 315 313 317 321 325 330 335 341 348 355 359 360 359 358 354 350 342 336 331 328 326 323 322 320 318 316 315 313 310 315 325 327 327 325 321 316 310 304 298 294 292 289 287 286 285 284 283 282 282 281 280 279 279 279 279 279 280 282 282 283 283 282 281 281 282 283 285 287 288 288 288 286 285 283 283 282 282 282 282 282 281 280 279 280 280 279 280 281 281 282 282 282 283 283 283 284 284 285 285 285 286 286 287 289 290 291 293 293 293 294 295 297 300 305 311 319 331 336 338 338 339 339 340 342 344 346 346 347 346 345 344 343 344 344 344 343 343 343 341 341 338 332 324 323 320 315 308 304 304 305 303 303 303 304 302 301 301 301 303 305 306 306 305 304 303 301 300 299 303 312 322 321 317 314 315 316 317 316 316 307 316 319 318 314 313 316 316 318 323 324 323 322 319 316 314 313 313 315 316 317 317 316 314 312 309 307 304 306 308 312 314 315 315 314 312 311 309 307 304 300 297 294 293 299 302 304 304 302 300 296 292 295 301 305 309 313 316 319 320 321 319 317 314 309 302 296 291 295 305 313 317 321 323 325 325 326 326 327 328 328 327 325 327 329 330 331 331 331 330 329 327 323 318 313 312 316 321 324 327 330 332 333 334 334 332 329 324 320 322 325 327 331 334 337 339 340 341 341 340 337 333 331 334 336 337 338 339 340 342 345 347 349 350 350 350 348 345 341 336 331 325 319 310 304 300 298 297 296 295 295 296 299 302 304 305 304 301 297 292 286 281 277 278 288 291 289 286 284 289 294 300 304 308 312 315 317 317 315 315 314 313 314 314 314 313 316 321 324 337 349 359 366 369 370 369 367 363 360 359 358 357 352 352 348 341 333 329 324 320 312 307 301 296
336 331 327 324 321 319 316 314 313 317 322 326 331 337 344 352 359 361 361 361 360 358 353 347 341 336 332 329 326 324 322 320 318 317 316 314 312 319 327 328 326 323 318 313 307 300 295 293 290 288 287 285 284 283 283 282 281 280 279 279 279 280 279 280 281 283 283 284 283 283 282 282 283 284 285 286 287 287 287 286 284 285 284 283 283 283 283 282 281 279 280 280 280 280 281 281 281 281 282 282 284 284 285 285 285 286 286 286 286 287 289 290 292 293 294 295 295 296 297 299 303 308 315 326 335 339 341 342 342 342 343 344 345 347 347 346 345 345 345 345 345 344 344 343 341 339 339 337 333 327 321 315 311 307 304 303 302 301 300 301 302 301 299 299 300 302 303 303 303 301 300 299 299 298 299 303 311 321 320 318 313 312 312 313 312 310 304 316 317 318 315 310 313 316 318 320 321 321 319 317 315 314 315 316 318 320 320 320 319 318 315 312 309 306 304 304 307 310 312 312 312 311 309 308 306 302 299 295 293 295 300 304 306 306 304 302 297 293 294 300 305 309 313 316 319 321 321 320 318 315 310 304 297 292 296 304 314 318 322 325 326 327 327 328 329 328 328 327 327 329 330 331 332 332 332 331 329 325 320 315 312 315 319 323 326 329 331 333 335 335 335 334 330 325 322 326 328 330 333 336 339 341 343 344 344 342 339 335 335 337 339 341 342 343 344 346 348 350 351 351 351 350 346 342 336 330 321 313 304 296 293 291 290 290 290 290 290 289 289 289 291 296 298 298 295 291 284 278 278 283 292 295 295 292 289 286 289 294 301 305 310 315 318 321 321 320 319 319 318 319 319 317 322 326 329 342 353 361 367 371 371 370 367 362 355 353 351 348 344 346 346 340 334 329 325 321 314 308 302 297
338 333 329 325 321 317 315 318 316 316 318 325 331 338 347 356 361 362 362 362 362 360 356 352 346 341 335 332 329 326 324 322 321 320 318 316 313 316 326 328 327 325 321 316 309 303 297 293 291 289 287 286 285 284 283 282 281 280 279 279 279 280 280 280 281 282 283 284 284 284 283 283 283 284 285 285 286 287 287 287 287 286 285 285 284 284 284 283 281 281 281 282 282 281 281 281 281 282 283 283 285 286 286 286 287 287 287 287 287 287 288 290 291 292 294 295 296 296 297 299 301 306 312 321 333 339 342 343 344 345 345 346 346 347 347 347 347 347 346 346 345 344 343 341 338 335 331 331 327 325 322 318 314 310 306 304 301 300 299 299 299 299 297 297 299 300 301 301 300 300 299 297 297 297 299 304 310 317 319 318 313 311 308 308 308 305 308 312 314 315 313 310 315 316 317 318 320 318 316 315 315 317 319 320 322 323 323 322 320 319 318 315 312 308 305 302 303 306 308 309 310 309 307 307 304 300 297 295 294 299 303 306 307 308 305 303 299 294 293 300 305 309 313 317 320 321 322 321 319 316 312 305 298 292 295 304 313 319 323 325 327 328 329 329 330 330 329 328 328 330 332 333 334 334 333 331 329 323 318 315 315 317 322 325 328 330 333 335 336 337 336 335 331 327 324 328 331 333 335 338 341 343 345 346 346 344 341 338 338 341 342 344 345 346 347 349 350 352 352 352 351 347 342 336 329 321 310 299 292 289 290 289 288 288 287 286 286 286 285 284 284 286 290 292 291 286 281 278 280 291 297 299 299 298 294 290 287 290 296 303 307 313 318 322 324 325 325 324 323 323 323 322 328 332 335 347 356 363 368 372 372 371 368 364 356 347 340 335 333 337 337 335 332 328 324 319 314 308 303 298
342 337 333 328 324 319 317 320 321 319 319 322 328 337 347 356 362 363 363 363 363 362 360 355 350 345 339 334 331 328 327 325 323 321 319 316 314 314 322 328 328 326 324 319 312 305 299 295 292 289 288 286 285 284 283 282 281 280 280 280 281 280 281 282 281 282 283 284 284 284 285 284 284 285 285 285 286 286 286 286 286 286 285 285 285 284 283 282 281 282 284 284 284 282 282 282 282 282 283 284 285 287 288 289 289 289 289 289 289 288 288 289 290 291 293 295 296 298 298 300 302 305 310 317 330 338 341 344 346 347 347 347 348 348 348 348 348 347 347 346 345 343 341 338 333 327 325 323 322 321 319 316 313 310 308 304 302 300 298 297 297 296 296 296 297 298 299 299 299 299 298 297 296 296 298 302 307 310 314 317 316 313 310 306 304 302 306 308 309 310 308 312 316 317 317 317 317 316 316 317 319 321 322 324 325 325 324 324 323 321 319 318 314 311 308 305 302 302 305 306 307 306 304 303 301 296 295 295 298 301 305 308 309 308 307 304 300 295 294 300 305 310 314 318 321 321 322 322 320 318 313 306 299 293 296 305 314 320 324 326 328 329 330 331 331 331 330 330 330 332 333 334 335 335 334 332 329 323 318 318 319 318 323 326 329 332 335 337 338 338 338 336 334 329 326 329 333 336 338 340 343 345 347 348 348 347 344 342 342 344 345 347 348 349 350 352 353 353 353 352 350 345 338 330 321 311 299 294 291 291 292 292 291 290 289 288 287 285 286 285 284 282 282 285 285 282 279 279 286 296 301 303 304 303 300 295 291 289 292 299 306 311 317 322 327 329 330 330 329 329 329 328 332 337 343 352 360 366 371 373 373 372 369 366 360 352 344 337 330 325 328 329 328 325 321 316 312 308 302 298
343 338 334 330 325 320 318 322 324 323 321 322 323 332 345 356 362 365 365 365 365 364 362 357 352 347 341 336 332 329 328 326 324 321 318 316 314 315 320 327 329 328 325 321 314 308 302 297 294 290 288 287 285 284 283 282 281 280 280 280 281 281 282 282 282 282 283 284 284 285 285 285 286 286 286 286 287 286 285 285 285 284 284 284 283 283 282 282 282 284 286 286 285 284 283 282 282 282 283 284 285 288 289 291 292 292 292 291 290 290 289 289 289 290 292 295 296 298 298 301 302 305 309 315 325 335 341 344 346 348 348 349 349 349 349 349 349 348 347 346 344 342 339 334 329 320 318 315 314 313 312 312 310 309 308 305 303 301 300 298 296 295 295 296 296 297 298 298 298 298 297 296 295 294 296 299 302 305 309 311 314 314 310 310 306 301 302 303 304 304 307 312 316 317 318 318 318 318 319 320 322 324 325 326 326 327 326 325 324 322 321 319 317 314 309 305 303 300 301 302 303 302 301 299 296 295 295 298 301 305 308 309 310 309 308 304 299 295 295 300 306 311 316 319 321 322 323 322 321 318 313 306 298 293 297 307 314 320 324 327 328 330 331 332 332 332 332 332 333 334 335 336 336 336 335 332 328 322 320 323 323 321 322 326 330 333 335 339 339 340 340 338 335 330 327 331 335 338 340 343 345 347 348 350 350 349 347 346 345 347 348 349 350 351 352 353 354 354 354 352 348 342 333 324 310 302 296 292 292 293 295 295 295 293 293 292 292 290 290 290 289 286 282 281 281 279 279 284 293 299 305 307 308 307 304 300 295 290 291 297 303 309 314 321 326 332 335 335 335 335 335 336 338 345 351 358 364 369 373 374 374 373 371 368 363 356 347 340 332 325 320 323 323 321 316 313 310 306 301 298
343 338 334 330 325 320 318 323 326 327 328 327 326 326 341 355 363 366 366 366 366 364 361 357 351 346 341 335 331 329 327 325 322 319 318 318 318 318 319 325 328 328 326 323 318 310 304 299 295 291 289 287 285 284 282 282 280 280 280 281 282 282 283 283 283 283 283 283 284 285 286 286 286 287 287 288 287 286 286 284 283 282 282 282 282 282 282 283 284 286 287 287 287 286 285 283 282 282 283 284 286 288 290 293 294 294 294 294 293 292 291 290 289 290 291 294 296 298 299 300 302 304 307 313 320 331 339 343 347 348 349 350 350 350 350 350 350 349 347 346 342 340 335 330 324 318 313 310 309 308 308 308 307 306 306 305 304 302 301 299 297 295 294 294 295 296 297 298 298 297 297 295 294 294 294 296 298 301 304 308 311 310 308 308 307 301 299 304 305 306 309 312 314 317 319 320 320 320 322 323 324 326 328 328 328 328 328 326 324 323 322 319 317 316 311 306 304 302 300 299 299 298 298 296 297 297 299 302 305 307 310 311 311 310 308 304 298 295 296 301 306 311 316 320 322 323 323 322 321 318 314 306 298 294 298 306 314 319 323 327 328 330 332 333 334 334 334 333 335 336 337 337 337 337 335 333 328 322 324 328 327 325 323 326 330 333 336 339 341 342 342 340 337 333 329 332 336 340 343 345 346 348 350 351 352 351 350 349 349 349 350 350 351 352 353 353 354 354 353 350 345 338 331 321 310 301 295 292 294 298 300 300 299 298 297 297 297 298 298 296 293 288 283 280 281 282 285 293 299 304 308 310 310 310 308 303 298 293 292 296 301 307 313 318 327 334 338 340 341 342 343 345 347 352 358 363 368 372 375 375 375 374 372 369 365 359 352 343 334 326 318 315 315 313 311 310 307 303 300 299
340 336 333 330 326 321 318 323 327 330 331 333 333 331 337 354 363 367 367 367 367 365 360 356 349 343 337 333 329 327 325 324 321 322 323 322 322 322 322 324 327 327 325 323 319 314 306 299 296 292 290 287 285 283 282 281 280 281 281 282 282 283 284 284 284 284 283 283 284 285 286 287 287 288 288 288 288 287 286 285 284 282 285 282 283 285 285 285 286 288 288 289 289 288 286 285 283 282 283 284 286 288 291 295 295 295 295 296 296 295 293 292 291 290 291 292 294 296 297 299 301 303 306 311 317 326 337 343 347 349 350 351 351 351 351 350 350 348 346 343 338 334 329 326 321 315 309 307 305 305 304 304 304 304 305 305 305 303 301 300 299 297 295 293 293 295 296 298 297 297 297 295 294 293 293 293 295 297 300 304 308 308 306 305 304 299 301 307 309 311 313 315 318 320 322 322 322 323 325 326 327 328 330 330 330 329 329 328 325 324 323 319 317 314 313 309 305 303 301 300 298 297 297 298 299 301 304 306 308 309 311 312 311 310 307 302 297 295 299 304 308 312 317 320 322 323 323 322 320 317 313 306 299 295 298 306 313 318 323 326 329 331 333 334 335 335 335 335 336 338 338 338 338 337 336 332 326 324 328 331 329 329 327 326 329 333 337 340 342 343 344 342 340 336 331 334 338 341 344 347 348 350 352 353 354 353 353 352 352 351 350 350 350 350 351 351 348 348 347 345 341 334 329 321 310 300 296 293 297 302 304 304 303 302 302 303 303 303 302 300 295 288 282 281 286 291 295 300 304 308 312 314 315 314 312 307 301 294 294 299 302 305 311 317 326 335 341 345 348 350 352 353 356 360 364 369 372 375 376 376 376 375 372 370 366 359 353 346 336 327 319 312 310 309 307 306 303 301 299 303
335 332 330 328 325 322 319 322 327 331 334 336 338 339 337 352 362 367 368 368 367 365 359 354 346 339 333 329 326 325 324 325 325 325 325 325 324 323 323 324 325 325 323 320 317 313 306 299 296 293 289 286 284 283 281 281 282 283 283 283 284 285 286 285 284 284 284 284 284 285 286 287 288 289 289 289 289 288 287 286 285 283 282 285 286 287 287 287 288 289 289 290 290 288 287 285 284 283 283 284 286 289 291 295 296 296 298 298 298 297 296 294 293 292 292 293 294 295 297 299 301 303 305 309 315 322 332 342 346 349 351 351 352 352 351 351 350 348 346 341 334 327 321 319 316 313 308 304 303 302 302 302 301 302 303 304 303 303 302 301 300 298 296 294 293 295 296 297 298 297 297 295 294 293 292 292 292 294 297 301 304 306 304 300 298 297 304 306 308 313 317 320 323 324 324 324 324 325 327 329 329 330 331 331 331 330 330 328 326 324 323 320 318 314 313 311 308 305 303 301 300 299 298 300 303 305 308 309 310 312 312 312 312 310 306 302 297 296 302 307 311 315 319 321 322 323 322 321 318 316 312 307 300 295 298 305 312 317 321 325 329 331 333 335 336 337 337 337 338 339 339 340 340 338 336 331 326 327 332 332 332 333 332 330 330 333 337 341 343 344 344 345 343 339 334 335 340 343 346 348 350 352 354 354 355 355 355 354 353 351 350 348 347 344 341 339 336 337 338 339 335 329 326 318 309 301 296 294 300 306 308 307 307 306 307 308 307 307 305 300 294 287 282 284 293 299 302 305 308 312 316 318 318 317 315 310 304 296 297 305 308 309 312 320 328 336 344 350 354 357 359 362 365 368 370 373 375 376 377 377 375 374 372 370 367 361 356 348 337 327 318 311 309 307 305 303 301 300 302 309
330 328 326 325 324 321 319 321 326 330 334 337 342 344 345 351 362 367 369 369 367 363 358 352 343 337 332 329 328 326 326 327 328 328 327 326 324 324 319 317 316 315 316 313 310 307 301 296 292 291 288 286 284 282 282 281 282 283 284 284 285 286 286 285 285 284 284 285 285 286 286 288 289 290 290 290 290 290 289 288 287 285 282 286 288 288 289 289 289 290 291 291 290 288 287 285 284 283 283 284 286 288 291 294 297 298 299 300 300 299 298 296 295 293 293 293 294 295 296 299 301 303 305 308 313 319 328 339 345 349 351 352 352 352 352 351 350 348 345 340 335 327 319 314 310 309 306 303 301 301 300 300 299 300 301 302 302 302 302 301 300 299 296 294 291 294 296 297 297 297 297 296 294 293 292 291 291 292 294 297 300 302 299 297 297 305 304 305 309 315 321 325 327 327 327 327 326 326 328 329 331 331 332 332 331 331 330 329 326 324 323 320 318 314 312 311 308 306 306 304 302 300 299 301 305 307 311 313 315 313 313 313 312 310 306 301 297 299 305 310 313 317 320 321 322 322 320 317 314 312 310 306 300 295 298 305 311 316 320 324 328 330 333 335 337 338 339 339 340 341 341 341 341 339 337 331 328 330 335 335 336 336 335 335 333 334 338 342 344 346 347 347 345 342 338 336 341 344 348 350 352 354 355 356 356 357 356 355 353 353 349 343 338 331 327 323 320 318 319 324 327 323 320 315 307 300 296 295 304 310 314 314 312 313 313 312 310 309 306 300 293 287 282 285 296 302 306 308 312 316 319 321 322 320 318 314 306 297 299 308 313 316 318 323 330 338 346 353 359 364 367 371 373 375 376 377 378 377 377 376 375 373 371 369 365 360 356 346 336 324 316 311 307 305 303 302 301 303 307 318
326 325 323 322 321 321 320 321 324 328 333 338 342 347 349 352 362 368 369 369 368 363 358 350 343 337 333 332 330 328 328 329 330 329 328 326 322 318 313 309 306 305 304 301 297 295 294 293 291 289 288 286 284 283 281 281 283 285 286 286 286 287 286 286 286 285 284 285 286 286 287 288 289 290 290 291 291 291 291 290 288 287 283 285 289 290 290 290 290 291 292 291 290 288 287 286 285 284 283 284 285 287 290 292 296 298 299 300 301 301 300 298 297 295 294 294 294 295 296 298 300 302 305 307 311 317 326 336 344 348 350 352 353 353 352 352 351 349 346 341 335 327 321 315 309 307 305 303 300 300 299 298 298 298 299 300 300 301 301 300 300 299 296 294 291 292 295 297 297 297 297 296 294 293 292 291 290 291 293 295 297 298 296 296 305 307 307 308 313 319 324 329 330 330 330 330 329 329 330 331 332 332 331 332 332 331 329 327 326 324 322 319 318 315 312 311 310 308 307 305 304 302 300 304 306 309 312 314 315 314 314 313 312 311 305 301 297 301 307 312 316 319 321 322 322 321 318 315 311 308 306 303 300 296 296 304 309 314 318 322 326 329 333 335 337 339 340 341 342 343 343 343 343 340 337 333 330 332 336 337 338 339 338 339 338 338 340 344 347 348 350 349 348 345 341 339 341 345 349 351 354 355 356 357 358 357 357 355 354 348 341 334 326 319 314 311 309 309 308 309 312 312 312 309 303 298 295 297 307 314 319 319 318 318 318 316 312 311 307 301 294 288 283 285 295 303 308 312 316 320 323 325 325 323 321 316 309 301 298 307 314 320 323 327 332 339 347 356 363 368 374 377 378 380 380 379 379 377 375 373 371 369 369 366 362 360 355 345 333 321 314 310 306 303 302 303 305 310 319 330
324 324 324 323 322 323 324 323 323 326 331 336 340 346 351 355 363 368 370 370 368 364 358 351 344 339 336 334 331 330 331 331 331 330 328 323 316 310 306 302 297 294 292 290 290 290 290 289 288 287 286 286 284 283 281 283 285 287 287 288 287 288 288 288 288 287 286 286 286 287 287 289 290 291 291 291 292 292 292 291 290 288 284 284 287 291 292 292 291 291 292 291 289 288 287 286 285 284 284 284 284 286 288 291 294 298 300 301 302 302 302 301 300 298 296 295 295 295 297 300 302 304 306 308 311 316 322 330 343 347 350 352 352 352 352 352 351 349 346 342 337 327 323 317 313 310 306 304 302 301 300 299 297 297 296 296 296 296 297 297 297 296 294 293 291 290 293 295 297 297 297 296 294 293 292 290 289 290 291 293 294 295 294 297 303 305 306 311 318 325 329 332 333 334 333 333 332 332 331 332 333 333 333 333 331 329 327 326 325 323 322 319 318 316 314 312 311 309 308 306 305 302 302 305 307 310 313 315 315 315 315 314 313 310 305 299 298 302 307 312 316 320 322 323 322 320 318 315 314 312 310 308 304 299 296 301 308 312 316 320 324 328 331 334 337 339 341 342 343 344 345 345 344 342 339 335 332 333 337 339 341 342 342 342 343 343 343 346 349 351 352 352 350 348 345 343 343 345 348 352 355 357 358 359 359 358 356 354 353 342 334 325 319 312 308 305 303 302 301 302 301 301 303 302 299 296 295 301 309 318 323 324 323 323 321 318 314 311 307 301 294 288 284 286 295 303 309 314 318 322 326 328 327 326 323 318 310 306 300 302 311 318 323 328 333 340 349 357 365 372 377 380 382 384 382 381 379 376 373 369 366 366 366 364 361 358 352 343 329 318 313 309 305 305 307 311 318 325 335 346
326 326 325 326 326 326 326 326 325 325 329 333 338 345 352 359 366 369 371 371 370 365 360 355 349 343 338 336 333 333 333 334 333 330 327 320 312 305 301 297 294 291 289 288 287 287 287 286 285 285 286 285 284 282 283 282 285 288 289 288 288 289 289 290 290 289 288 288 288 287 288 289 290 291 291 291 291 292 293 292 291 289 285 283 288 291 292 291 291 291 292 291 290 289 288 288 286 285 284 284 284 285 287 289 292 295 299 301 302 303 304 303 302 300 298 296 295 296 298 301 303 304 307 310 313 317 321 327 341 346 349 351 352 352 352 351 351 349 347 344 339 331 322 318 316 311 308 307 305 304 303 302 300 298 297 295 294 293 293 293 293 293 293 292 291 289 291 293 295 296 295 295 294 292 291 290 289 289 291 292 292 293 295 298 300 302 307 314 322 329 333 335 336 337 336 336 335 334 334 334 334 334 333 332 330 327 326 324 323 321 320 318 317 316 314 313 312 310 309 308 305 302 304 307 310 313 315 315 315 315 315 314 312 309 304 299 299 303 307 312 316 320 322 323 323 322 320 319 317 315 313 311 307 302 297 298 303 308 312 316 321 325 329 332 336 339 341 343 344 345 346 346 346 344 342 338 335 334 338 341 342 344 345 345 346 347 347 349 351 353 354 354 353 350 349 348 348 348 350 353 356 358 359 360 359 358 355 355 349 338 327 318 312 308 305 304 303 303 303 301 300 299 298 297 297 298 301 305 313 321 326 327 327 326 324 320 315 311 306 300 294 288 284 288 296 304 310 315 318 323 328 330 330 329 326 322 314 313 308 303 303 310 318 325 331 338 348 357 365 373 379 383 385 385 384 382 380 374 368 361 359 359 358 357 355 352 347 338 324 317 312 309 306 306 314 324 335 343 350 355
328 328 328 328 329 329 329 329 327 327 327 331 336 343 350 360 367 371 372 372 371 368 363 358 353 346 341 338 336 336 335 335 333 330 326 319 312 306 300 297 294 292 290 288 287 286 285 285 284 284 284 284 283 283 283 282 285 288 289 289 289 290 292 292 291 290 290 290 290 289 288 289 290 291 291 292 292 293 293 293 291 289 286 282 286 288 292 291 291 291 292 292 291 291 290 289 288 286 285 284 285 284 285 287 290 292 297 299 302 303 304 305 304 303 301 300 298 298 300 302 303 305 308 312 315 321 328 332 339 347 348 350 350 350 350 350 350 349 348 345 340 334 328 320 317 315 310 310 308 307 306 304 303 301 299 297 295 294 293 292 291 291 291 290 290 289 289 290 292 293 294 294 293 291 290 288 289 289 290 291 292 294 298 306 306 304 308 319 326 333 337 338 339 339 339 338 337 336 336 335 335 334 333 331 328 325 323 322 321 319 318 316 315 314 313 313 312 311 309 307 304 303 307 309 311 314 316 316 316 315 315 313 311 307 302 300 301 305 309 312 316 320 323 324 324 323 322 321 320 318 316 313 309 303 298 298 299 304 308 312 316 321 325 330 334 338 341 343 345 346 347 348 348 347 344 342 338 335 338 342 344 346 347 348 348 351 352 352 354 355 356 356 355 354 353 352 352 353 353 355 356 359 360 360 359 357 354 353 343 332 321 314 309 306 306 308 309 309 308 307 305 303 303 302 301 303 306 310 318 324 329 331 330 329 326 321 315 311 305 299 293 288 284 289 298 307 312 316 319 324 329 332 332 332 329 325 322 320 318 314 308 305 308 316 326 334 344 354 365 374 380 385 387 386 385 384 381 375 369 362 354 348 347 347 345 340 338 332 322 317 314 311 308 306 317 332 346 353 358 362
331 331 331 332 332 332 331 331 331 329 328 329 333 340 348 358 366 371 373 373 373 371 366 361 356 351 345 342 339 338 337 336 333 330 326 319 312 306 301 297 295 292 290 289 287 286 285 285 285 285 285 285 284 284 283 282 284 287 289 289 290 291 292 293 292 292 292 291 291 291 290 290 290 292 292 292 293 294 294 293 291 289 286 283 284 287 290 289 290 291 292 293 292 293 292 290 289 288 287 285 285 285 285 286 288 290 293 297 300 303 304 305 306 305 304 302 300 299 300 303 305 306 308 311 315 320 328 334 341 346 347 348 348 348 347 346 347 348 347 344 339 335 331 325 321 318 312 311 309 308 308 307 306 305 303 301 298 296 294 293 292 290 290 289 289 288 288 289 290 291 291 291 291 290 289 288 288 289 290 291 292 295 300 307 309 307 310 321 328 336 339 341 342 342 341 340 339 338 337 335 335 334 332 330 328 325 322 319 318 317 316 314 313 312 312 312 312 311 308 305 303 306 309 311 313 315 316 316 316 316 315 312 309 304 300 300 303 307 310 314 318 321 323 324 324 324 324 322 321 319 317 314 310 303 299 299 299 300 304 308 312 316 322 327 332 337 340 343 345 347 348 349 349 349 347 345 342 339 338 343 345 347 349 350 351 353 356 355 356 357 358 359 358 357 356 356 356 356 356 357 359 360 360 360 359 357 352 347 337 326 314 311 307 306 308 311 312 315 313 311 309 309 308 307 304 306 310 315 322 328 333 335 334 332 327 320 315 310 305 298 292 288 285 292 302 309 311 316 320 325 329 333 335 334 333 330 328 327 326 325 321 319 313 310 317 329 338 350 364 373 381 386 388 388 387 385 382 377 373 366 360 353 346 339 334 332 330 327 322 319 317 314 309 306 315 332 347 357 363 368
333 333 334 334 335 334 334 334 333 332 331 330 332 338 346 355 363 370 374 374 374 373 370 364 360 355 349 345 342 340 339 337 334 330 326 320 313 307 302 298 295 293 291 289 288 287 286 285 285 286 286 286 286 286 284 283 282 286 289 290 293 293 293 293 292 293 293 293 293 293 293 292 291 292 293 294 294 294 293 292 291 288 286 283 284 285 287 288 289 291 293 294 294 294 294 293 292 290 288 286 285 285 285 286 287 288 291 294 297 300 304 305 307 307 306 304 304 302 301 302 305 307 308 310 313 318 325 331 336 340 342 344 343 342 341 341 342 343 342 340 337 334 331 328 324 319 315 313 310 309 309 309 308 308 306 304 301 299 296 295 293 291 290 290 288 288 288 288 288 289 289 289 289 288 288 288 289 290 291 292 293 295 301 306 309 310 313 323 332 338 341 343 344 344 343 342 341 339 338 336 334 333 331 329 327 324 322 319 316 314 313 314 312 311 310 310 309 308 306 304 307 310 311 313 315 316 316 316 316 316 314 310 306 302 300 302 306 309 312 315 318 321 324 325 325 325 324 323 322 319 317 314 309 304 300 304 302 303 302 305 310 314 318 324 330 336 339 342 345 347 348 350 350 350 350 348 345 343 340 342 346 349 351 352 353 355 358 357 358 359 360 360 360 360 359 359 359 359 359 360 360 361 361 360 358 355 349 343 331 319 311 307 307 311 314 316 318 318 318 316 315 315 313 311 308 308 313 319 325 331 336 339 337 334 328 321 315 310 304 298 293 288 285 293 303 311 312 316 321 325 330 334 336 336 335 334 333 332 331 330 329 328 326 320 314 323 335 347 361 374 381 387 389 389 389 387 384 380 376 370 363 357 352 346 339 330 326 324 322 320 318 314 310 307 311 327 343 356 365 370
336 337 337 337 337 337 336 336 336 335 334 333 332 336 343 351 359 367 373 375 375 375 373 369 364 360 355 349 345 342 340 337 334 330 325 320 313 307 302 298 295 293 291 289 289 287 286 286 287 288 288 289 288 287 286 284 283 284 288 291 293 293 294 295 295 294 295 295 295 295 294 294 293 293 293 294 294 294 293 292 290 288 285 283 283 284 284 286 288 290 292 294 296 296 296 295 293 292 289 288 286 286 285 285 286 287 289 291 294 298 301 305 307 307 308 307 306 304 303 303 305 307 308 309 312 314 319 325 330 332 334 336 336 335 331 332 333 335 335 333 332 329 328 325 322 319 314 313 313 312 310 310 309 309 308 307 305 302 299 297 295 293 291 290 288 288 287 287 287 287 288 287 287 287 288 290 290 291 292 293 295 299 303 304 307 310 317 326 335 339 344 345 346 346 345 344 342 340 338 336 333 329 328 327 325 324 321 318 315 314 313 315 314 313 310 309 308 307 306 308 310 312 314 315 317 317 317 317 316 315 313 308 304 301 302 304 306 310 313 315 319 322 324 325 326 325 325 324 322 319 316 313 308 302 302 307 309 308 305 303 306 310 316 322 328 334 338 341 345 347 349 350 351 352 351 350 348 346 343 343 346 349 352 354 355 357 359 360 360 361 362 362 362 362 362 362 362 362 362 362 362 362 361 360 357 351 345 339 327 314 310 309 311 315 320 322 324 325 324 323 321 320 317 315 312 309 315 322 329 335 340 342 340 336 329 322 315 310 304 297 293 288 286 295 305 312 316 319 323 327 330 334 336 337 337 337 336 336 336 336 335 334 333 329 319 323 336 346 360 375 382 387 390 390 390 388 386 383 378 373 367 360 355 350 343 335 327 322 320 319 317 314 310 308 311 321 337 352 364 371
338 339 340 339 339 338 338 338 337 336 335 335 334 335 340 347 355 364 371 375 376 376 375 373 367 363 358 353 348 344 340 337 334 330 324 319 312 307 302 298 295 293 291 290 290 288 287 288 289 290 290 291 290 288 287 285 284 283 285 289 293 293 294 295 296 297 296 297 297 297 297 297 295 294 294 295 294 293 292 291 289 287 284 283 283 283 284 285 287 289 292 294 297 298 298 297 295 293 291 289 288 286 285 285 285 286 287 289 291 295 299 303 306 308 309 308 307 306 305 305 305 306 307 308 309 310 313 318 321 321 323 324 324 324 320 322 323 324 326 326 325 323 322 321 318 316 314 313 311 311 310 309 309 309 309 308 307 304 302 299 297 294 292 291 289 288 287 287 286 287 287 286 286 287 289 291 291 292 292 294 297 302 310 310 309 311 318 328 337 341 346 347 347 347 346 345 343 341 338 336 332 329 326 324 323 321 319 317 315 315 317 316 316 314 312 311 309 310 310 312 313 314 316 317 318 318 318 317 316 314 311 307 303 302 305 308 307 309 312 315 319 323 325 326 326 326 325 323 320 317 314 310 305 303 305 311 312 312 310 306 303 309 314 320 325 331 336 340 344 347 349 351 352 353 353 353 352 349 347 346 348 350 353 355 357 358 360 362 362 363 364 364 364 364 364 364 364 364 364 364 364 363 362 359 354 348 341 335 323 315 309 311 314 319 324 329 331 330 329 328 326 324 322 319 316 313 316 324 332 338 342 345 342 338 330 322 317 310 303 298 294 290 286 295 304 311 317 321 324 326 329 332 334 335 337 338 339 340 340 341 340 340 339 336 327 322 335 347 360 376 383 388 391 392 392 390 388 385 381 375 369 362 357 350 343 335 327 321 318 316 315 313 311 309 312 317 329 346 361 371
338 341 341 341 341 340 340 338 337 336 335 336 335 336 339 344 352 359 367 373 376 376 375 373 369 364 360 355 349 345 341 337 333 329 324 317 312 306 302 298 295 293 291 291 291 289 287 289 290 292 293 292 291 289 288 286 285 282 284 287 290 293 293 295 296 297 297 297 297 298 298 298 296 295 296 296 295 293 292 291 288 286 284 283 283 284 284 284 287 288 291 294 297 299 300 299 297 295 293 291 289 287 286 285 285 285 286 287 289 292 296 300 305 307 309 309 309 308 307 307 306 306 307 306 305 307 308 311 313 313 313 312 312 314 312 315 316 314 315 316 316 316 314 314 313 311 311 309 308 307 307 307 308 308 308 309 308 307 304 301 298 296 294 292 290 289 288 287 285 285 285 285 286 288 289 291 292 292 293 295 298 305 311 313 313 314 323 330 339 344 347 348 349 348 347 346 344 341 338 335 332 328 325 323 321 319 317 316 316 318 319 319 318 316 315 314 312 312 314 314 315 317 318 318 319 318 318 317 315 313 309 305 303 304 307 310 311 311 313 316 319 323 325 326 326 326 324 322 317 313 310 306 303 305 310 313 315 314 313 309 304 308 312 318 323 329 334 339 343 346 350 351 353 354 355 355 354 353 351 349 350 352 355 357 359 360 362 363 364 365 365 366 366 366 366 366 366 366 366 366 365 364 361 358 352 346 339 332 323 313 312 317 321 329 330 332 333 334 333 332 330 329 327 324 321 317 318 326 334 341 346 348 345 339 330 322 317 311 304 299 295 291 288 292 302 309 314 316 320 322 324 326 328 330 333 336 339 341 343 344 346 345 345 342 337 325 336 348 359 374 383 388 392 393 393 392 389 386 382 376 370 363 356 349 341 335 329 323 320 317 314 312 310 312 314 317 325 339 357 371
343 344 344 344 343 342 341 339 336 334 332 333 334 335 335 339 348 355 362 369 373 373 373 370 367 363 359 354 349 344 339 335 331 326 320 315 309 305 300 297 294 293 292 291 289 288 287 290 292 294 294 294 293 292 289 287 285 284 283 284 286 290 292 294 296 297 297 296 296 298 299 298 297 296 297 296 294 293 292 290 288 286 285 284 283 283 283 284 285 287 290 293 296 298 301 300 299 297 295 293 291 289 287 286 286 286 286 287 288 290 294 298 302 306 308 310 310 309 309 308 308 307 305 304 302 302 303 305 306 306 305 304 304 305 304 307 308 307 308 309 310 310 309 309 308 308 307 305 303 302 301 301 302 303 305 307 307 307 305 302 300 297 295 293 291 290 288 287 286 285 285 285 286 287 288 290 291 292 292 295 297 302 308 310 311 316 325 334 341 346 348 350 350 349 348 347 344 342 338 334 331 328 324 322 320 319 319 320 319 319 321 321 320 318 317 316 314 314 316 317 318 319 319 319 316 318 318 316 314 311 307 304 304 306 308 311 313 314 315 317 320 324 326 326 326 325 323 319 315 310 305 304 306 311 314 316 317 316 314 309 305 309 312 317 322 327 331 337 341 346 349 352 353 355 356 357 357 356 354 353 353 355 357 359 360 362 363 365 366 366 367 367 367 367 367 367 367 367 367 367 366 364 360 356 350 343 336 328 319 313 318 323 328 332 333 334 336 337 338 337 336 335 333 330 326 321 320 327 336 344 349 350 347 341 331 322 317 310 304 298 294 290 289 292 299 304 308 310 310 310 313 313 315 320 326 331 335 340 343 347 349 350 349 348 344 329 337 350 361 375 382 389 394 395 395 393 391 387 382 376 368 361 354 346 339 334 331 327 323 319 316 313 311 314 318 320 325 336 355 372
344 345 346 345 344 343 340 337 333 328 322 321 328 330 328 333 343 350 358 363 367 368 368 366 363 360 356 351 347 342 337 332 327 322 316 312 307 303 299 296 294 293 292 291 290 289 288 291 293 295 295 295 295 293 290 288 286 285 283 282 284 286 289 292 295 296 296 296 297 299 299 299 298 297 297 295 294 292 291 290 288 286 285 284 283 283 283 284 285 287 288 291 294 297 300 301 301 299 297 295 293 291 289 288 286 286 286 286 287 289 292 296 300 304 308 310 311 310 311 310 308 307 304 302 300 299 299 299 299 300 299 297 297 297 298 300 301 301 302 302 303 304 304 303 305 303 302 300 299 297 296 295 296 298 300 301 303 304 304 303 300 298 296 294 292 290 289 287 286 285 285 285 286 286 288 289 290 291 292 293 295 299 302 304 308 314 325 335 343 347 350 351 351 351 349 347 344 341 337 333 330 327 325 323 321 321 323 322 322 321 323 323 322 321 320 319 316 316 318 319 320 321 320 320 320 319 317 315 312 309 306 304 307 310 310 311 314 316 318 320 322 324 326 326 325 324 322 317 312 307 306 310 312 315 318 319 319 317 314 309 307 310 314 318 322 327 332 336 340 344 348 351 354 356 357 358 358 358 358 357 357 358 360 361 362 364 365 366 367 368 368 368 367 367 367 368 368 368 368 367 366 365 362 356 350 342 333 324 315 314 320 326 331 336 338 340 341 343 344 343 342 341 339 335 332 326 323 329 339 348 352 353 349 342 331 323 316 310 303 298 293 290 289 288 291 295 299 300 300 301 303 302 305 309 315 322 327 335 342 347 352 354 354 353 349 335 340 352 362 375 382 390 394 396 396 394 391 388 381 373 365 357 349 341 336 332 330 327 324 320 314 313 313 319 323 325 327 337 352 372
346 346 347 346 345 343 340 335 322 313 313 306 318 322 316 324 339 346 352 357 360 362 362 360 359 355 351 347 343 337 332 326 320 314 311 307 304 302 298 296 295 294 294 293 291 291 290 292 294 296 296 296 297 292 291 289 287 285 282 283 283 284 286 289 291 293 296 297 297 298 298 299 298 297 296 295 294 292 291 289 289 286 285 285 284 283 283 284 285 286 288 289 292 296 300 302 302 301 299 297 295 292 290 289 287 287 286 286 287 288 290 294 298 302 307 309 311 311 311 310 308 306 304 301 298 295 296 295 294 294 294 293 292 292 294 295 295 296 296 297 298 299 299 301 302 300 298 297 296 294 293 291 291 292 295 296 298 299 300 300 300 298 296 294 292 291 289 287 286 285 285 284 285 286 287 288 289 290 291 292 294 296 298 303 309 319 328 338 345 349 351 352 352 351 350 347 343 340 336 334 331 329 327 325 323 324 325 325 324 323 324 324 324 323 322 321 318 318 320 321 322 322 322 321 319 317 315 312 309 307 306 305 308 311 312 313 314 317 320 322 324 325 326 326 325 324 320 316 310 307 311 315 317 320 321 321 321 318 313 308 308 309 313 318 323 327 331 335 339 343 348 349 353 356 358 359 360 361 360 360 360 360 362 363 365 366 367 368 368 369 369 368 367 366 366 367 368 368 368 368 367 365 360 355 348 340 330 321 311 317 321 326 333 339 342 344 347 349 350 350 350 347 344 341 337 332 328 333 344 350 354 354 350 342 332 323 316 308 300 295 291 289 288 289 290 291 293 294 295 296 298 299 300 302 303 309 318 327 336 345 351 357 358 357 353 342 344 354 365 375 384 391 395 397 397 395 392 387 379 370 361 352 343 337 332 329 325 323 320 316 315 314 319 327 333 334 332 338 353 373
345 347 346 345 344 342 340 337 325 314 301 297 305 311 306 318 334 340 345 350 352 355 355 354 351 349 345 341 335 330 323 316 312 307 304 302 301 301 299 297 296 296 295 295 293 292 292 293 296 297 297 297 297 293 291 289 287 285 284 283 283 283 283 286 287 290 292 294 296 297 297 297 297 297 296 295 293 292 290 290 289 287 286 285 284 284 284 284 285 285 287 289 291 294 298 301 303 303 301 298 296 294 292 290 288 287 287 287 287 288 289 292 296 300 305 309 310 311 311 309 308 305 303 300 296 294 293 292 291 290 290 289 288 288 289 290 292 292 293 294 294 295 296 298 300 298 297 295 293 292 291 290 289 289 290 292 293 294 295 296 297 297 296 295 293 291 289 288 286 285 285 284 285 286 286 287 288 289 290 292 293 296 299 304 311 323 333 342 347 350 353 353 354 352 350 348 344 340 338 337 335 332 330 328 324 326 327 327 326 325 326 326 326 325 323 321 319 320 321 322 323 323 322 320 318 315 312 309 308 308 308 307 307 312 315 315 315 318 321 323 325 326 326 326 325 323 320 315 310 309 315 319 321 323 324 323 322 319 314 309 311 312 312 316 321 326 329 333 337 341 346 350 353 356 358 360 361 362 363 363 363 363 364 365 366 367 368 369 369 369 369 368 367 366 365 366 367 368 367 367 365 362 356 353 346 338 328 319 312 319 319 326 334 339 344 347 352 354 356 357 357 355 352 347 343 340 336 337 348 353 356 355 350 341 332 322 314 305 297 292 289 289 290 291 292 292 292 294 295 297 298 300 302 304 305 306 308 315 331 342 350 357 361 361 358 349 349 357 367 376 385 392 397 398 398 396 393 386 378 368 356 347 340 334 329 326 323 321 318 316 315 319 330 342 349 347 342 341 355 374
344 344 344 343 342 341 338 336 327 316 301 291 296 300 301 314 326 333 337 340 344 347 347 346 344 341 338 333 327 321 314 308 305 302 301 300 299 299 299 298 297 297 297 296 294 293 293 294 296 297 297 297 296 293 291 289 287 285 285 284 283 282 282 284 285 286 288 290 291 293 294 296 297 297 297 296 294 293 291 290 289 288 287 286 285 284 284 284 285 286 286 289 290 293 296 300 303 304 303 301 298 296 294 292 290 288 288 287 287 288 288 291 294 298 303 308 310 311 310 309 307 304 301 299 295 292 291 290 288 287 287 286 286 286 286 287 289 290 290 291 292 292 293 296 297 297 297 295 293 292 291 289 288 287 288 289 289 290 291 292 293 294 295 294 293 290 289 287 286 285 284 283 285 285 285 286 288 290 290 291 293 295 299 306 313 325 337 345 349 352 354 354 354 353 352 349 346 344 342 339 337 335 332 329 328 328 329 329 329 328 327 327 327 326 325 323 321 322 323 324 324 324 321 319 316 312 310 309 311 312 311 309 307 311 315 318 319 319 321 324 326 326 326 326 324 323 319 314 309 312 318 322 324 325 325 325 323 319 313 310 315 317 316 316 317 321 325 330 334 339 344 348 352 356 358 361 363 364 364 365 365 365 366 367 367 368 369 369 369 369 369 368 367 366 363 365 365 364 361 361 359 355 352 348 342 336 326 319 313 319 320 325 333 338 344 350 356 360 362 363 363 360 357 354 350 346 343 342 352 356 358 356 349 341 331 320 310 301 295 291 292 293 294 294 295 294 295 295 296 299 301 302 305 308 310 310 309 310 324 339 349 358 363 365 362 356 352 362 371 379 387 394 398 399 399 397 393 387 378 370 360 352 344 336 330 326 322 319 317 316 322 334 345 359 367 360 351 346 359 378
340 339 337 337 335 334 330 328 322 310 302 287 289 292 300 305 314 319 320 318 329 337 337 337 335 332 325 319 315 311 307 304 302 300 299 299 298 298 298 299 298 298 297 295 294 294 293 293 295 296 296 295 294 292 290 289 287 286 285 284 283 283 282 283 284 285 286 287 288 289 291 293 295 297 297 296 295 294 292 290 289 288 287 286 285 285 284 285 285 285 286 287 289 291 295 299 302 304 305 303 301 298 296 294 292 290 289 288 288 288 288 290 293 297 301 305 308 310 309 308 305 303 300 298 294 291 290 288 287 286 285 285 285 284 285 286 287 288 288 288 289 290 292 293 294 292 294 294 293 292 291 289 287 287 287 287 287 288 289 290 291 292 293 293 291 289 288 287 286 285 284 283 283 284 285 286 288 290 291 291 293 295 299 305 316 329 339 347 351 354 355 356 355 354 353 350 348 347 344 342 339 337 334 331 329 331 331 331 331 330 329 329 329 327 326 324 323 324 324 325 325 323 320 317 314 311 312 313 314 315 314 312 308 311 316 319 321 322 322 325 326 326 326 325 324 321 317 312 309 315 320 324 326 327 327 326 324 320 314 311 317 321 323 322 320 320 321 325 330 336 340 345 350 354 358 361 363 365 366 366 367 367 367 368 368 368 368 368 368 368 368 367 365 363 360 359 359 357 353 350 348 344 341 340 338 333 326 320 315 321 324 324 331 336 342 349 357 362 366 369 368 365 362 359 357 352 346 348 356 360 361 356 348 339 328 317 307 300 294 291 294 299 300 300 300 299 298 299 299 302 304 306 311 315 316 316 314 311 317 336 348 357 364 368 368 364 356 365 375 383 389 395 398 400 399 397 394 388 380 372 363 354 345 337 331 326 322 318 320 328 340 351 363 376 380 374 363 355 368 385
326 324 319 317 318 317 314 312 313 304 302 285 284 290 294 299 302 302 301 301 307 315 321 321 319 316 314 312 309 307 304 302 300 299 298 297 297 297 297 297 297 297 296 295 294 293 292 293 294 294 294 294 293 291 290 288 287 285 285 284 284 283 283 283 283 284 284 285 286 288 289 291 294 296 298 298 296 294 293 291 290 289 288 286 286 285 285 285 284 285 285 287 289 290 293 297 301 304 305 305 303 301 298 296 294 292 290 289 289 288 289 289 291 295 298 303 306 307 306 305 303 301 299 296 294 291 288 287 286 285 285 284 283 283 284 285 285 286 286 286 287 288 289 290 290 290 291 291 292 291 291 289 287 286 286 286 286 287 287 288 289 290 290 291 290 288 288 287 286 285 284 283 283 284 285 285 287 290 290 291 292 294 298 306 318 331 342 348 352 355 356 356 356 355 354 352 351 349 347 344 341 338 335 332 332 333 334 333 332 331 331 331 330 328 328 327 326 325 326 325 325 323 320 316 312 314 316 317 317 317 317 314 309 311 316 319 322 324 325 326 327 326 325 324 321 318 315 310 312 317 322 326 328 328 328 328 325 320 314 312 319 324 327 328 327 327 327 325 326 331 337 342 347 352 357 361 364 366 367 368 368 369 368 367 367 367 366 365 365 365 363 362 361 359 356 352 350 348 343 338 334 331 329 330 332 330 325 319 316 326 330 325 329 335 343 351 358 365 370 373 373 370 366 364 362 360 353 354 360 362 362 355 348 337 326 314 306 300 294 292 297 303 306 307 306 306 304 304 305 309 313 315 321 327 327 324 320 316 315 333 348 358 366 372 374 372 368 363 377 385 393 397 400 401 400 398 394 388 381 372 363 354 345 337 330 326 322 319 327 339 353 368 379 387 390 387 376 371 382 392
309 308 306 302 298 298 298 299 297 299 299 288 281 285 288 292 294 292 288 287 292 300 304 306 306 306 309 308 306 304 302 300 299 299 298 297 297 296 296 295 295 295 294 294 293 292 291 291 292 292 293 293 292 290 289 288 287 285 285 284 284 283 284 283 282 282 284 285 285 286 287 289 292 295 296 298 297 296 294 292 290 290 289 287 286 285 285 284 285 284 285 287 288 289 292 295 300 303 306 306 306 303 301 298 296 294 292 291 290 289 289 289 291 293 296 300 303 304 303 302 300 299 297 295 292 290 288 287 286 285 284 283 282 282 283 283 284 285 285 285 285 286 286 287 287 287 288 289 290 290 290 288 287 286 286 285 285 285 286 286 287 288 288 289 288 288 288 287 286 284 284 283 283 283 284 285 286 288 289 289 291 293 298 308 319 333 344 350 353 356 357 357 356 356 355 354 353 351 349 345 343 339 337 334 334 336 336 336 335 334 334 333 331 331 329 328 327 327 326 326 324 322 318 314 316 318 319 320 320 320 319 316 310 311 317 321 324 326 326 327 327 326 325 322 319 315 311 312 315 319 323 327 329 330 330 329 326 321 316 312 320 326 331 333 332 333 334 333 333 332 332 337 344 350 354 359 364 366 368 369 369 370 368 368 367 366 365 362 360 359 356 355 353 351 348 345 341 339 336 335 334 333 328 324 325 326 322 318 318 332 336 332 328 337 345 353 359 365 372 374 375 374 372 370 368 365 361 356 364 366 364 355 345 334 323 312 305 300 295 292 297 306 312 315 317 316 315 313 311 319 328 331 330 340 340 335 327 321 316 331 348 359 367 375 378 379 378 375 376 387 395 399 401 402 401 398 394 387 379 370 362 353 343 335 330 325 322 321 330 344 361 377 386 395 398 396 392 390 395 400
301 300 299 296 291 289 290 290 290 291 293 289 280 279 284 287 286 284 283 288 293 288 289 292 300 306 307 305 304 303 302 301 300 300 299 298 298 297 296 294 294 294 293 293 292 291 291 291 291 291 291 291 291 289 289 287 286 286 285 285 284 284 284 284 283 283 283 284 285 286 287 288 290 293 295 297 298 297 295 293 291 290 289 288 286 286 285 285 284 285 286 287 288 290 290 293 297 302 306 307 307 306 303 301 299 296 294 293 291 290 289 289 290 292 295 297 299 301 300 299 297 294 294 292 290 288 287 287 285 284 283 283 282 282 282 283 283 284 284 284 284 284 285 284 285 285 286 287 288 288 288 287 286 286 285 285 284 285 286 286 286 286 287 287 287 288 287 286 285 284 284 283 283 282 283 284 285 286 287 288 290 293 299 310 321 335 345 351 354 356 357 357 357 356 356 355 354 352 350 347 344 343 340 337 337 338 338 338 337 336 336 335 333 332 330 329 328 327 326 325 323 320 316 316 319 321 322 322 322 322 320 317 311 312 317 322 325 327 328 328 328 326 324 320 316 313 313 315 317 321 325 328 330 332 332 331 326 325 320 313 321 328 333 336 337 338 339 340 340 339 339 338 339 346 353 358 363 367 369 370 370 371 370 369 368 368 365 365 365 363 360 357 356 354 352 351 349 347 345 343 342 338 333 326 321 321 320 316 324 337 340 337 329 336 344 351 357 366 373 376 376 377 375 374 373 371 368 360 368 367 365 355 343 333 322 312 304 300 296 293 295 305 314 320 326 327 328 325 319 323 338 343 345 348 349 345 335 325 318 328 346 359 369 376 383 385 386 385 381 390 397 400 403 403 401 398 392 385 376 367 357 348 342 335 331 327 322 322 330 343 360 376 390 399 405 406 403 403 404 406
295 295 293 291 288 285 284 285 284 285 287 285 281 278 278 282 280 278 282 289 286 283 297 302 304 305 305 305 304 303 302 302 302 302 301 300 299 297 296 295 294 294 293 292 292 291 290 290 290 290 290 290 290 288 288 287 286 286 284 285 285 284 284 284 283 283 283 284 285 285 286 287 288 290 293 296 297 297 296 294 292 291 289 288 287 286 285 285 286 285 286 286 288 289 290 292 295 300 305 307 308 307 306 304 301 299 296 294 292 291 290 290 290 291 293 294 297 297 297 296 294 291 290 289 288 287 286 285 284 284 283 282 282 281 282 282 283 283 283 283 284 284 283 283 283 284 284 284 285 286 287 286 286 285 285 284 285 285 286 285 286 286 286 286 286 286 286 286 285 284 283 283 282 282 282 283 284 284 285 287 290 294 301 312 323 337 346 352 355 357 358 358 357 357 356 356 355 353 351 349 346 344 341 339 340 340 340 339 338 338 337 335 334 332 331 329 327 327 325 322 320 318 317 320 323 324 325 325 324 323 320 316 312 313 318 323 326 328 329 329 328 326 323 319 316 314 318 320 319 322 326 330 331 333 333 332 330 327 322 316 321 328 335 338 341 343 344 345 345 346 346 344 343 343 350 357 362 367 370 371 372 372 371 370 370 369 367 368 368 368 366 365 364 362 361 360 358 356 353 350 346 340 334 326 320 319 322 323 333 342 347 345 338 332 340 348 354 364 373 376 378 380 379 379 378 376 373 367 371 370 366 357 344 333 322 312 305 301 298 295 294 302 313 323 332 337 339 338 335 330 344 351 354 355 356 352 343 331 321 326 343 357 369 379 386 390 393 393 392 396 400 403 404 404 402 398 390 383 373 362 350 343 340 337 333 329 323 323 330 338 357 377 392 403 409 411 411 411 410 410
290 291 290 288 285 283 281 280 279 280 282 281 279 276 276 278 276 276 280 282 280 291 298 301 303 305 305 305 304 304 304 303 304 303 302 302 301 299 297 296 295 294 293 292 292 291 290 290 290 289 289 289 289 288 287 287 287 286 285 285 285 285 284 285 283 283 284 284 285 285 286 286 287 289 292 294 296 297 296 294 293 291 290 288 287 286 286 286 286 285 286 286 287 289 290 291 293 298 303 307 308 308 307 305 303 301 298 296 294 293 292 291 290 291 291 293 293 294 295 293 291 289 288 287 286 285 285 284 283 283 282 282 281 281 281 282 282 282 283 283 283 283 282 282 281 281 282 283 283 284 285 285 285 285 284 285 286 286 286 286 285 285 285 286 286 286 286 285 284 284 283 283 282 281 282 283 283 284 286 288 290 295 303 313 324 338 347 353 355 357 356 356 356 356 355 355 354 353 351 349 347 345 343 342 342 342 341 340 339 338 337 336 334 332 330 328 326 324 322 320 319 320 322 323 326 327 327 326 325 323 320 315 312 316 319 323 327 329 330 330 329 326 324 321 316 316 320 323 323 324 327 331 334 334 334 334 332 328 322 316 322 329 336 340 343 346 347 351 351 351 351 350 349 347 348 357 363 367 370 372 373 373 373 372 372 371 369 370 371 371 370 370 369 368 368 364 365 362 359 354 349 342 333 325 320 323 330 334 342 348 353 352 345 338 336 344 352 362 373 377 380 382 382 382 381 379 376 372 374 372 367 358 345 333 322 312 306 303 299 296 295 298 309 323 335 342 345 346 347 348 352 356 360 361 361 359 352 338 327 325 335 353 366 378 388 394 398 400 400 401 404 405 406 405 403 397 389 378 366 354 342 340 339 337 334 329 324 325 331 339 354 377 395 406 412 414 414 414 413 412
287 288 287 286 284 282 280 278 276 276 276 276 275 273 273 274 273 273 275 276 281 284 291 296 300 304 305 305 306 306 306 305 305 304 303 303 302 300 298 297 296 295 295 293 292 292 291 290 290 289 289 288 288 287 286 286 286 286 285 285 285 285 285 285 284 284 284 284 284 285 285 286 287 288 290 292 294 296 296 293 293 291 290 289 288 287 287 286 285 285 286 285 286 288 289 290 292 295 300 305 307 308 307 306 305 302 300 297 295 294 292 291 291 291 291 292 292 293 292 291 290 288 287 286 285 285 285 284 283 282 282 281 281 280 281 282 282 282 282 282 282 282 281 281 281 281 281 283 281 283 283 284 284 284 284 285 286 286 287 286 286 285 285 286 286 286 285 284 284 284 282 282 282 281 281 283 283 285 286 288 291 295 305 314 325 338 348 353 355 355 355 355 355 355 355 355 353 353 352 351 348 347 345 344 344 343 342 341 340 339 337 335 334 332 329 326 324 323 322 322 324 324 325 327 328 329 328 327 326 323 319 313 314 318 320 324 328 329 330 330 330 328 325 322 318 317 322 326 326 326 329 333 336 337 336 336 333 328 322 317 322 329 336 341 345 348 351 355 357 357 356 356 354 354 351 358 364 368 371 373 374 374 374 374 373 372 371 372 375 375 375 374 373 372 372 370 368 366 362 356 351 344 333 325 321 330 340 347 353 357 360 358 351 342 344 342 351 359 371 378 381 383 384 384 384 382 379 377 378 375 369 362 347 334 322 313 307 304 300 297 295 297 305 320 334 343 349 352 354 356 358 361 365 367 368 366 361 349 337 327 331 342 361 377 389 397 402 405 405 405 407 408 408 407 403 396 386 372 357 344 337 336 336 335 332 328 325 328 334 341 354 377 397 409 415 416 416 415 415 413
285 286 286 285 283 281 278 276 274 273 272 272 272 271 271 270 270 271 272 274 277 278 285 290 295 302 306 306 307 307 307 307 306 306 305 303 302 301 299 298 297 297 296 294 293 292 292 291 290 289 289 288 287 287 286 287 286 286 286 286 286 285 285 285 285 285 284 284 284 285 285 286 286 287 288 291 293 295 296 294 294 293 291 290 288 288 287 287 286 287 287 286 286 287 288 290 290 293 296 300 303 303 305 305 304 302 301 298 296 294 293 292 292 291 291 291 291 291 291 290 289 288 287 286 285 285 285 284 283 283 282 282 281 280 282 282 283 283 282 283 282 282 281 281 280 281 281 282 281 281 282 282 283 283 284 285 286 287 287 287 287 286 285 285 285 286 285 285 283 283 283 282 281 281 281 283 284 286 288 289 292 298 308 316 327 336 348 351 354 353 353 353 353 353 354 354 353 353 352 351 349 348 347 345 344 343 343 341 340 339 337 335 332 329 327 326 325 324 325 325 327 328 329 329 330 331 330 328 325 321 316 314 318 320 322 325 328 330 332 332 331 329 326 322 318 317 323 327 329 330 332 335 337 338 338 337 333 328 324 319 322 329 336 341 345 349 353 357 358 360 359 359 359 358 357 359 365 369 372 374 375 376 376 376 375 374 372 374 375 376 376 376 376 375 374 373 371 368 364 357 351 344 333 325 322 333 345 355 362 365 365 361 353 350 353 349 347 356 367 377 382 384 386 387 386 385 383 381 381 378 371 364 350 334 320 312 307 304 301 296 295 298 303 316 331 342 350 355 357 360 363 367 371 373 375 374 371 362 350 340 333 338 352 374 388 399 405 408 409 409 410 410 410 407 403 394 381 363 346 338 333 331 330 329 327 325 326 331 338 347 359 379 399 412 416 418 417 417 416 415
280 284 284 283 281 280 277 275 273 271 270 269 269 269 269 268 268 269 270 271 272 275 280 285 292 299 304 307 308 308 308 308 307 307 306 305 303 302 301 300 299 298 297 296 294 293 293 292 291 290 289 289 288 287 287 287 286 286 286 286 286 286 285 285 285 285 284 284 284 284 285 285 286 286 287 289 291 293 294 294 294 292 291 290 288 288 288 287 286 287 287 287 287 288 288 289 290 291 293 296 298 299 301 299 301 300 300 299 297 295 294 293 292 291 291 290 291 290 291 290 288 288 287 286 286 285 285 285 284 284 283 282 281 280 282 283 282 283 282 282 282 281 281 281 281 280 280 280 281 280 281 281 282 283 284 285 286 287 287 287 287 287 286 285 284 284 285 285 284 283 282 281 281 280 281 283 285 288 291 291 294 299 308 317 326 339 348 352 353 352 352 351 351 351 353 353 352 352 352 351 349 348 347 346 345 343 342 341 340 338 335 332 329 327 327 327 328 329 328 329 331 331 331 332 332 333 331 327 324 320 315 316 319 323 324 327 330 332 333 333 332 330 327 323 319 318 324 328 331 333 335 337 339 340 339 339 336 331 327 321 322 329 335 341 345 348 353 356 360 362 361 362 363 363 362 364 367 370 374 376 377 378 378 378 377 376 374 376 377 378 378 378 378 377 377 375 373 369 362 356 349 340 332 324 324 337 351 360 367 370 368 364 355 356 361 358 353 354 365 375 382 385 388 389 389 388 386 385 384 381 374 366 352 335 320 311 306 303 300 296 296 298 302 312 328 340 349 354 360 363 367 372 376 380 382 382 380 375 366 354 346 340 349 370 388 400 408 411 412 412 412 412 411 408 402 392 376 356 342 335 332 331 330 329 328 329 333 338 345 355 368 388 404 415 418 419 419 418 418 416
