# 400 400
164 164 165 165 165 165 165 165 165 165 165 164 164 164 164 163 163 164 164 164 165 165 165 166 166 166 166 167 167 167 168 168 168 167 167 167 168 168 169 170 165 168 169 168 168 168 168 168 168 168 168 168 168 168 168 168 168 169 168 168 167 167 167 167 168 168 168 167 167 167 167 167 166 163 159 162 163 167 168 167 167 167 167 167 167 167 167 167 166 166 165 165 165 165 165 166 166 166 166 167 168 170 170 168 167 167 169 170 172 174 175 176 177 178 179 182 184 186 188 190 191 193 194 195 195 197 198 199 200 200 199 199 200 200 200 200 201 201 202 202 202 200 199 198 196 195 195 194 193 193 191 189 187 186 186 184 181 183 183 183 185 185 186 186 186 187 187 188 188 188 189 191 193 194 195 196 198 198 200 201 203 203 204 206 207 208 209 212 216 219 222 224 224 224 224 224 223 224 227 230 234 236 239 238 238 240 247 254 267 270 275 281 271 256 245 244 251 248 242 237 232 230 231 231 235 235 241 257 267 274 278 277 279 287 295 300 302 303 301 292 275 258 246 239 238 239 250 266 272 277 281 287 288 281 282 285 287 276 265 262 261 262 265 267 267 253 241 241 242 246 253 267 276 275 278 281 281 285 295 309 322 333 341 351 363 357 341 336 343 351 355 356 354 357 360 361 360 359 358 356 353 350 345 333 312 305 300 293 281 294 309 322 344 348 351 352 352 345 335 303 314 338 346 356 359 360 359 357 352 345 339 316 300 294 299 324 337 339 329 314 338 345 347 346 349 355 359 364 368 368 368 368 367 366 360 360 368 369 370 369 369 369 368 368 367 366 365 364 363 362 361 361 361 359 357 355 353 350 348 345 341 339 336 334 330 327 322 316 313 308 300 301 304 306 310 311 309 308 307 305
164 165 165 165 165 165 165 166 165 165 165 164 164 164 164 164 164 164 164 164 165 165 166 166 166 166 166 166 167 167 168 168 168 167 167 167 167 168 169 165 168 168 168 169 168 168 168 168 168 168 168 168 168 168 168 168 168 167 168 168 168 167 167 167 167 168 168 168 167 167 167 167 166 164 162 162 166 168 168 167 167 167 167 167 167 167 166 167 166 166 166 166 166 165 165 165 166 166 167 167 169 170 170 168 168 168 170 170 171 174 177 178 178 180 180 182 185 188 189 191 193 194 195 196 196 197 199 200 201 200 199 199 199 200 200 201 201 201 202 201 200 199 198 197 197 196 195 195 194 192 190 188 187 186 187 186 184 182 183 184 185 185 185 185 186 187 187 188 188 188 189 191 194 194 195 196 197 198 200 203 204 205 205 207 208 210 211 214 217 220 223 225 226 225 225 224 223 225 229 234 238 241 242 240 240 242 250 257 270 277 279 276 266 250 242 252 254 249 242 237 235 230 231 232 238 244 257 266 272 280 287 288 288 293 300 304 307 308 306 298 283 266 250 239 239 239 251 269 289 297 297 294 287 287 291 293 291 278 264 263 262 262 266 268 259 243 242 241 246 259 264 269 279 283 286 289 291 298 309 322 334 344 351 364 363 351 338 345 357 361 361 360 358 361 363 363 363 362 361 358 354 349 340 321 322 318 310 297 286 303 315 328 350 355 356 356 348 339 310 323 329 342 350 358 361 361 360 356 345 336 317 311 301 305 306 329 341 342 339 313 340 352 358 356 355 355 360 365 369 370 370 370 369 368 363 362 369 370 370 370 370 370 369 369 368 367 366 364 364 363 363 362 361 359 358 355 353 350 347 345 340 339 337 334 331 327 322 320 320 317 311 303 296 290 292 299 304 304 304 302
165 165 165 166 166 166 166 166 165 165 165 164 164 164 164 164 164 164 164 164 165 165 166 166 166 166 166 167 167 167 168 168 168 167 168 168 168 168 168 170 167 167 168 169 168 168 168 168 168 168 168 168 168 168 168 168 168 168 167 167 168 168 167 167 168 168 168 168 168 168 167 166 164 163 162 165 167 168 168 168 168 167 167 167 166 166 167 167 167 166 165 166 166 166 165 165 166 167 166 167 168 170 169 169 168 169 170 171 172 175 178 180 180 182 183 184 184 188 191 192 193 195 196 197 196 197 199 201 201 200 200 201 201 201 201 202 202 202 202 201 200 199 198 198 197 197 196 195 194 192 189 189 188 188 188 187 186 182 183 184 185 185 185 186 187 188 188 188 188 189 190 191 193 194 195 196 197 198 200 202 204 206 207 209 210 212 213 216 218 221 224 226 228 226 224 223 224 229 235 239 244 246 246 244 245 249 254 262 273 282 278 270 261 250 241 250 255 249 242 239 236 232 231 235 245 258 265 272 281 289 297 299 299 302 306 309 311 311 309 302 285 272 256 243 240 240 252 275 296 306 304 292 293 299 300 299 292 279 268 265 264 264 268 265 252 243 242 243 257 271 277 281 286 292 294 298 301 312 321 332 344 356 365 370 365 345 344 361 363 364 365 363 361 363 365 365 364 364 361 358 353 346 334 341 340 331 314 303 294 309 321 337 356 357 358 355 343 324 336 335 334 347 354 361 362 362 360 351 339 336 336 331 313 326 320 335 343 347 344 327 340 353 367 367 367 363 362 365 369 370 371 371 371 370 366 364 369 371 371 371 371 370 370 369 368 367 366 365 364 364 363 362 361 359 357 355 352 350 346 344 342 339 336 333 330 327 326 326 325 323 318 315 310 304 298 289 288 293 297 299
165 164 165 166 166 167 166 166 165 165 164 164 164 164 164 164 164 164 164 165 165 165 166 166 166 166 166 167 167 167 168 168 167 168 168 169 168 168 165 167 166 167 168 169 168 168 168 168 168 168 168 168 168 168 168 168 168 168 168 168 167 168 169 168 168 167 168 169 169 169 168 165 163 163 164 167 168 168 167 168 168 167 166 166 166 166 166 166 167 166 165 166 166 165 165 165 166 166 166 167 169 169 169 168 169 169 170 171 173 176 179 181 183 184 186 187 187 187 191 193 193 195 196 197 196 197 199 201 202 202 203 203 203 203 203 202 202 203 202 202 201 201 200 199 198 198 196 195 193 191 190 189 189 189 188 188 187 186 184 184 185 186 186 186 187 188 188 188 188 189 191 193 192 194 195 196 197 198 199 202 204 206 208 210 212 216 217 217 219 222 223 225 227 226 223 225 229 236 242 245 249 252 251 250 251 254 261 270 280 282 275 264 256 250 242 241 247 244 241 239 235 232 234 237 245 259 266 276 290 298 304 307 308 309 311 313 309 305 304 301 289 274 260 244 240 240 255 278 298 308 303 299 304 306 305 303 293 281 272 266 263 265 269 263 247 243 242 249 265 283 285 286 292 299 304 307 315 325 333 341 353 366 372 369 361 337 356 365 367 368 368 367 364 365 367 366 366 364 361 354 345 344 346 349 349 336 316 307 301 315 329 357 360 360 359 351 340 335 342 341 342 351 359 363 364 363 359 347 341 345 344 339 321 324 329 332 347 353 349 341 340 352 366 368 368 367 367 368 369 371 372 372 372 371 368 365 371 372 372 372 372 371 371 370 369 368 367 366 365 364 363 363 361 359 357 354 352 349 347 344 342 339 336 334 333 331 330 329 326 324 321 318 314 311 308 300 293 284 282 286
165 164 165 166 167 167 166 166 165 165 164 164 164 164 165 164 164 164 164 164 165 165 165 166 166 166 167 167 167 167 167 168 168 168 168 169 169 165 167 166 166 167 168 168 169 168 168 168 168 168 168 168 168 168 168 168 168 168 168 168 167 167 167 169 168 168 168 169 169 169 168 166 163 163 167 168 168 167 167 167 167 167 166 166 167 167 167 167 166 166 166 166 165 166 166 166 166 166 167 167 168 168 168 169 169 169 170 172 174 177 180 183 184 186 187 188 190 189 189 193 195 195 196 196 196 197 200 202 204 204 204 205 204 203 202 202 203 204 204 203 203 202 201 201 200 199 197 195 192 190 190 189 189 189 189 188 187 186 183 184 185 186 186 187 187 188 188 188 189 189 193 193 192 194 194 196 197 198 200 203 206 207 208 211 213 217 220 222 222 221 222 223 223 223 225 230 235 241 248 252 254 258 256 256 254 261 268 277 283 280 275 265 256 249 245 240 246 247 241 236 233 232 236 238 244 256 264 278 294 303 309 312 313 313 310 299 294 290 287 285 279 272 262 244 241 241 257 276 294 303 300 301 309 310 308 304 294 281 273 264 260 264 269 257 244 243 244 256 272 289 293 293 299 309 316 320 328 340 344 354 367 374 372 368 348 361 367 369 370 372 372 370 367 368 369 367 367 364 358 348 351 353 355 356 353 338 319 304 309 322 341 361 362 363 359 349 338 342 348 346 347 355 363 365 366 363 356 347 350 353 351 345 328 331 336 332 350 359 354 345 339 350 365 369 369 368 369 369 371 372 373 374 373 372 371 369 371 373 373 373 373 372 372 371 370 368 367 367 366 365 363 362 360 358 356 354 351 348 348 346 342 341 339 337 335 334 332 329 326 323 321 318 315 312 309 305 300 293 290 279
165 165 165 166 167 167 166 166 165 165 164 164 164 164 164 165 165 165 165 164 164 165 165 166 166 167 167 167 167 167 167 168 167 168 168 169 167 169 166 166 167 167 168 169 169 169 168 168 168 168 168 168 168 168 168 168 168 168 168 168 167 167 167 167 169 168 168 169 168 167 166 164 163 165 168 168 168 167 167 167 167 167 166 167 167 167 167 166 166 166 166 166 166 166 166 167 167 167 166 167 167 168 169 169 169 170 171 173 175 178 181 183 185 187 188 190 191 191 190 193 195 196 195 195 196 198 200 202 203 204 204 204 203 202 201 201 203 204 204 203 202 202 202 201 200 199 197 194 192 190 190 190 189 189 188 187 186 183 185 185 186 187 186 186 187 188 188 189 189 189 192 193 193 194 195 196 198 199 202 205 208 209 211 213 216 220 224 227 225 222 222 224 224 227 233 236 240 244 247 252 258 260 258 253 249 250 256 269 279 277 273 265 256 248 243 241 245 244 240 237 234 232 235 238 240 251 261 275 288 302 308 313 313 306 298 288 283 277 277 274 270 267 258 245 242 243 257 278 289 291 291 301 308 312 310 304 294 282 274 267 259 260 258 247 244 244 252 265 283 297 302 302 308 327 329 332 344 349 350 368 374 375 371 363 368 369 371 372 374 376 375 373 372 372 371 370 367 362 355 355 358 359 362 363 359 337 319 306 321 331 363 365 365 364 358 349 340 346 353 353 351 360 366 367 367 364 354 354 359 361 357 348 330 337 342 333 350 360 359 349 340 347 359 368 370 371 371 372 372 374 374 375 374 373 374 372 372 373 373 374 374 374 373 372 370 369 368 367 367 365 363 361 360 358 356 354 351 348 346 346 345 342 340 340 338 335 332 329 326 323 320 317 315 312 309 305 302 297 294 289
165 165 166 166 166 166 166 166 165 165 164 164 164 165 165 165 165 165 165 164 165 165 165 166 166 167 167 167 167 167 168 167 167 168 168 169 165 168 169 170 169 168 169 170 169 169 168 168 168 168 169 168 168 168 168 168 168 168 168 168 168 168 167 167 167 168 168 168 167 164 163 163 164 167 167 168 168 168 167 167 167 167 167 167 167 166 167 167 166 166 166 166 166 165 166 167 167 167 167 167 167 169 169 169 170 171 172 173 176 179 182 184 186 187 189 191 192 193 192 192 195 195 195 195 196 197 198 201 201 201 202 202 201 201 200 201 203 204 203 202 202 202 202 202 200 199 197 194 192 191 190 190 189 188 187 186 183 185 185 185 187 188 187 187 187 188 189 189 189 190 192 193 193 194 195 197 199 202 205 208 212 214 216 218 219 222 227 228 225 225 227 230 233 235 237 237 242 245 249 253 255 255 250 250 253 249 250 259 270 270 267 262 255 247 242 244 249 247 243 239 234 232 234 237 236 245 254 265 277 287 294 296 299 292 284 280 273 271 271 267 265 259 250 244 242 244 260 267 275 276 282 293 305 315 312 306 295 286 273 260 254 250 246 244 244 247 259 276 293 308 318 322 331 343 348 347 352 356 373 379 379 376 372 373 374 374 375 377 378 379 380 378 376 375 373 371 368 361 356 361 363 366 368 364 357 328 313 317 329 349 367 367 368 364 358 349 344 352 359 360 356 364 368 370 369 365 355 362 364 364 358 347 327 344 348 341 347 360 363 355 348 343 351 362 366 370 373 374 374 375 375 375 375 376 375 374 374 374 374 375 375 374 373 372 371 370 369 368 367 365 363 360 359 357 355 353 351 348 345 343 344 341 340 340 338 334 331 328 324 322 319 316 313 311 308 305 301 299 295 292
165 166 166 167 166 165 165 166 165 165 164 164 165 165 165 165 165 166 165 165 165 165 166 166 167 167 167 167 167 167 167 167 167 168 169 165 168 168 168 169 170 170 170 169 170 168 168 169 169 169 169 168 168 168 168 168 168 168 168 168 168 168 168 168 167 167 168 169 167 164 162 163 162 167 167 168 168 167 167 167 167 167 167 167 167 167 167 167 166 166 166 166 166 165 166 167 167 167 167 168 168 168 168 169 170 172 173 174 177 180 182 185 187 188 189 191 193 194 194 194 194 194 195 196 196 198 199 200 200 201 201 200 200 200 200 201 201 202 201 201 201 201 201 201 200 199 197 194 192 191 190 189 188 187 186 187 184 187 186 186 187 188 188 187 187 188 189 189 189 190 193 194 194 194 196 199 201 206 211 214 216 218 221 223 223 225 226 227 225 228 233 235 236 238 240 240 245 248 250 254 254 250 252 259 272 257 249 253 261 262 260 253 249 244 245 247 247 246 244 238 234 233 233 234 235 236 243 252 262 269 278 279 279 275 270 267 265 262 262 259 256 251 246 245 246 247 250 254 257 261 270 283 295 309 314 306 297 285 271 257 249 246 245 245 245 255 266 280 300 314 325 334 345 352 351 354 359 377 381 379 378 376 372 376 376 376 377 380 382 383 384 383 380 378 375 372 367 360 363 366 368 372 371 364 346 320 318 327 343 370 371 370 370 367 357 346 345 354 365 365 364 368 371 371 369 366 362 367 367 365 357 345 341 351 354 347 346 360 365 362 355 349 347 356 360 364 369 375 376 376 377 377 377 377 376 376 375 375 376 376 376 374 374 373 372 371 370 369 367 365 363 361 358 357 355 354 352 348 344 340 339 337 336 336 335 333 329 326 323 320 318 315 312 310 307 304 301 298 296 294
165 166 167 167 166 166 166 166 165 165 165 165 165 165 165 165 166 165 165 165 165 166 166 167 167 167 167 167 167 167 168 167 167 168 169 169 168 168 168 169 169 169 168 169 169 168 169 169 169 169 169 169 169 169 169 169 168 168 168 168 168 168 168 168 168 168 168 168 169 163 162 163 163 161 165 168 168 167 167 167 167 167 167 167 167 167 167 167 167 166 166 166 166 166 167 167 167 167 167 168 168 168 169 171 172 173 174 176 178 181 183 185 187 188 190 192 194 194 195 196 196 196 197 197 199 199 201 201 202 202 202 201 201 201 200 201 201 200 200 200 200 201 201 201 200 199 196 194 192 191 190 189 188 187 187 187 185 188 187 186 187 188 189 188 188 189 189 189 190 190 193 193 194 195 197 200 204 209 214 217 219 220 223 225 226 228 228 227 224 230 237 239 240 242 243 241 247 250 252 252 249 251 267 273 284 265 251 248 250 251 249 246 246 246 248 247 245 241 239 235 234 234 234 234 235 236 238 240 247 253 260 261 262 264 259 254 256 256 251 251 249 250 250 252 254 253 252 250 249 252 260 272 286 300 314 309 299 288 275 263 248 246 245 246 250 259 271 285 297 302 311 329 352 359 364 369 383 385 382 381 379 376 375 377 378 378 380 382 384 386 386 385 382 378 374 371 364 365 368 369 371 372 370 361 335 320 333 350 368 373 375 374 372 368 358 347 349 360 370 371 372 373 375 373 370 368 368 370 369 364 356 345 348 359 361 351 348 360 366 363 359 356 352 351 356 361 367 374 376 377 378 378 378 377 377 376 376 376 376 377 376 375 374 373 372 371 370 369 367 365 363 361 359 357 356 355 352 348 344 340 335 330 327 327 327 327 325 324 321 318 315 313 310 308 305 303 300 297 294 293
165 166 166 166 166 166 167 166 165 165 165 165 165 165 165 165 165 165 165 165 165 166 166 167 167 166 167 168 168 168 168 167 167 168 165 169 168 168 168 168 169 168 168 168 168 169 169 169 169 169 169 169 169 169 169 169 169 169 168 168 168 168 168 168 168 168 168 168 168 169 163 163 163 161 163 166 168 168 168 168 167 167 167 167 167 167 167 167 167 167 166 166 166 166 166 166 167 167 168 168 168 169 170 172 173 174 175 177 180 182 183 185 187 188 191 193 194 195 196 197 197 197 198 199 199 202 202 203 204 204 204 203 203 203 202 201 201 201 201 201 201 201 201 200 200 198 196 195 193 191 190 189 188 187 187 186 186 188 187 187 187 187 189 189 189 189 189 189 190 191 193 193 194 196 198 201 207 213 217 219 220 220 222 225 227 229 230 226 225 234 241 244 246 249 247 245 248 250 251 250 254 267 278 290 290 281 266 254 250 248 252 252 254 252 249 247 244 239 236 235 235 235 234 235 235 236 237 238 239 242 244 246 247 251 251 249 251 252 250 250 256 257 259 262 261 262 262 257 254 251 251 260 273 290 304 312 303 291 278 260 248 246 246 247 251 267 282 287 293 298 309 331 351 368 387 389 387 388 384 382 380 377 378 380 380 381 382 385 388 389 387 385 381 376 372 367 367 368 370 371 372 372 368 342 325 340 358 371 375 378 380 379 376 371 361 349 354 365 372 375 376 378 377 375 372 369 372 373 371 363 355 345 352 366 366 356 350 363 369 368 363 361 358 355 354 359 367 374 376 378 379 379 379 379 379 378 377 377 378 377 376 375 375 374 373 372 370 369 367 366 364 362 360 359 357 356 353 349 346 341 338 333 329 325 321 317 315 314 312 310 309 309 307 305 303 301 298 295 293 291
165 165 165 165 165 165 166 167 165 165 166 166 166 166 165 165 165 165 165 166 165 166 166 167 167 167 168 168 168 168 167 168 168 165 168 168 168 168 168 168 168 168 168 168 168 169 169 169 169 170 170 169 169 169 169 169 169 168 168 168 168 168 168 168 168 168 167 167 168 167 169 164 163 161 163 164 167 168 168 168 168 167 167 167 167 167 168 167 167 167 167 166 166 166 167 167 167 167 169 169 168 170 171 172 173 174 176 178 181 182 184 185 187 189 191 194 195 196 197 197 197 199 201 202 202 202 203 204 205 205 205 205 204 204 204 203 202 202 202 203 203 202 201 200 199 198 197 196 194 192 191 190 189 188 186 187 187 188 188 188 188 187 189 190 189 189 189 190 190 191 192 193 195 197 200 203 209 214 217 219 218 220 221 224 226 228 230 226 229 242 246 249 252 254 249 248 250 249 249 255 268 286 298 301 297 291 282 271 263 263 264 265 262 258 250 245 242 240 237 236 235 235 236 240 237 237 237 239 239 241 242 244 246 248 248 251 253 254 252 254 259 265 269 268 268 267 267 265 263 257 257 253 261 279 298 311 307 292 272 254 248 247 248 253 251 260 271 274 291 302 315 333 348 359 387 389 389 387 385 384 382 379 378 381 382 383 385 388 390 390 389 385 379 374 373 371 373 372 372 372 373 371 359 330 350 366 375 378 381 382 384 381 378 373 361 348 356 369 376 380 381 381 381 379 376 374 375 376 373 366 354 346 361 369 367 358 351 365 370 371 369 367 364 361 360 359 366 374 376 379 380 380 380 380 380 379 379 378 378 377 377 376 375 374 373 372 371 370 369 367 365 363 361 360 359 356 354 351 347 343 340 336 332 328 325 321 318 314 310 308 304 300 298 299 299 298 295 293 291 289
165 165 165 165 165 166 165 165 165 166 164 167 165 165 165 165 165 166 166 166 166 166 166 167 167 168 168 168 168 168 167 168 167 168 168 168 167 167 167 168 168 168 167 168 168 168 169 169 170 170 170 169 169 169 169 169 169 169 168 168 168 169 168 168 168 168 167 168 167 167 169 168 161 163 163 166 168 168 168 168 168 167 167 167 167 167 168 168 168 167 167 166 166 166 167 167 167 168 169 169 169 171 172 173 174 175 176 179 181 183 184 185 188 189 191 194 195 196 197 197 199 201 204 204 202 201 202 203 204 204 203 204 204 205 204 205 205 204 205 205 204 203 201 200 199 198 197 196 194 193 191 190 190 189 187 187 187 187 188 189 188 188 188 190 190 192 191 191 191 191 193 193 195 197 200 204 210 213 216 217 217 219 221 223 225 228 229 226 234 245 248 251 256 256 254 252 250 249 255 267 287 299 301 303 301 297 290 281 272 270 272 276 273 261 250 242 240 238 236 236 236 236 237 246 246 240 240 242 241 241 242 244 247 249 250 253 255 257 261 263 267 272 276 276 277 278 280 280 277 270 266 263 260 268 291 305 303 284 265 251 247 247 254 266 258 257 264 271 285 297 308 329 345 354 368 390 390 388 386 385 383 382 382 381 383 386 388 390 392 391 387 382 380 379 375 374 376 373 373 374 373 366 342 360 367 375 380 384 385 386 386 384 380 373 360 350 359 374 379 382 383 383 383 382 380 378 379 379 375 368 354 353 367 372 371 360 355 367 373 374 373 372 369 368 367 365 363 371 376 380 380 381 382 381 380 380 379 379 379 378 377 376 375 374 373 372 371 370 370 369 367 364 363 362 359 356 353 351 348 345 341 338 334 331 327 324 321 317 316 313 310 306 300 295 291 288 286 285 284 284
164 165 165 165 165 165 165 165 165 166 166 164 165 165 165 166 166 166 166 166 166 166 166 167 167 168 168 168 168 168 168 166 165 167 167 167 167 167 168 168 169 168 168 169 169 168 168 169 169 169 170 170 169 169 170 170 169 169 168 168 169 169 169 169 168 168 167 168 168 167 165 170 164 164 166 168 168 168 168 168 167 167 167 167 167 167 167 168 168 167 167 167 167 167 167 167 168 168 168 169 170 172 173 173 174 176 177 179 181 184 185 186 188 190 192 193 194 196 197 197 199 201 206 205 203 202 203 202 202 202 202 202 203 203 205 206 207 207 207 206 204 202 201 200 199 198 197 196 194 193 192 191 190 187 187 187 188 188 188 189 189 188 188 190 193 194 193 192 192 192 193 194 195 197 200 205 209 212 214 216 217 219 221 223 226 228 228 230 240 246 251 256 263 261 261 258 249 252 262 278 296 301 303 305 305 302 295 286 280 278 278 282 284 265 252 241 239 238 237 237 238 238 238 244 243 240 243 244 244 245 248 252 253 250 251 254 258 264 267 271 277 283 287 289 290 292 293 294 289 281 275 271 268 266 277 292 289 273 256 249 248 251 263 277 273 263 268 274 284 295 304 320 337 351 362 389 390 389 388 386 385 385 384 382 384 387 390 390 392 391 387 385 383 380 377 379 377 375 373 373 369 362 350 368 376 383 386 388 388 389 388 387 382 373 361 353 363 377 381 385 385 385 385 384 384 383 382 380 376 365 354 356 370 373 372 365 356 370 376 376 376 377 375 374 374 371 365 370 375 381 382 382 383 382 381 380 380 379 379 378 378 376 375 374 373 372 371 370 370 369 369 366 364 361 359 356 353 350 347 345 341 338 335 332 328 325 323 320 317 315 313 310 307 303 299 294 291 289 285 282
164 164 164 164 164 165 165 165 165 165 165 166 166 166 166 166 166 166 166 166 166 166 166 167 167 168 168 168 168 168 168 165 167 167 167 166 167 168 168 168 169 169 168 169 169 168 169 169 169 170 170 170 170 170 170 170 170 169 169 169 169 169 169 169 168 168 168 168 168 166 162 164 170 167 168 168 168 168 168 167 167 167 167 167 167 167 168 167 167 167 167 167 167 167 167 168 168 168 168 169 170 172 173 174 174 176 178 180 182 184 185 186 188 189 191 193 193 195 196 197 198 202 206 206 205 203 203 204 202 202 202 202 203 203 205 206 207 207 206 205 203 203 202 201 199 198 197 196 194 193 191 191 190 187 188 188 188 188 189 190 189 189 189 191 194 195 194 194 194 193 194 194 196 197 200 203 207 210 213 215 217 219 221 224 226 228 226 232 241 247 255 266 267 267 273 263 250 254 265 283 296 301 305 308 313 311 305 295 290 286 284 287 287 269 251 242 239 238 239 241 244 243 243 243 243 243 246 247 250 254 256 257 257 255 255 263 273 276 277 286 291 298 301 302 304 305 307 303 295 287 280 278 274 267 262 268 268 260 252 250 249 258 275 292 285 273 272 276 283 294 304 321 336 352 363 388 390 390 389 388 387 386 386 385 384 387 391 390 391 392 391 389 385 382 382 381 378 375 372 368 366 360 362 372 383 388 390 391 390 390 389 388 383 373 361 356 366 381 385 387 387 387 387 386 385 385 384 380 376 364 355 362 374 375 374 369 358 371 378 379 379 379 380 379 378 374 369 373 378 382 383 383 384 383 382 381 380 380 379 379 378 376 374 374 373 372 371 370 368 367 365 364 363 360 358 355 352 349 347 346 342 339 336 332 330 327 324 321 320 317 314 311 309 305 302 299 295 293 289 285
164 164 164 164 164 165 165 164 164 165 164 165 165 166 166 166 166 166 166 166 166 166 167 167 168 168 168 168 168 166 165 168 168 167 167 167 167 167 168 168 168 168 169 169 169 169 169 169 169 169 170 170 170 170 170 170 170 170 169 169 169 169 169 169 169 168 168 168 167 165 163 163 165 170 168 169 169 168 168 167 167 167 167 167 167 168 168 167 167 166 167 167 167 167 168 168 168 168 168 169 171 173 174 174 175 176 178 181 182 184 185 187 188 189 190 191 192 194 195 195 197 201 204 206 206 205 205 205 204 203 203 204 204 204 204 205 206 206 205 204 203 203 202 200 200 199 197 196 195 193 192 191 189 188 189 189 188 188 190 190 189 190 190 192 195 195 196 197 196 196 194 195 196 197 199 202 205 209 211 213 215 217 220 223 225 227 224 233 241 247 260 265 266 274 276 269 250 253 262 281 290 293 300 308 315 317 313 303 301 297 291 292 289 270 253 243 239 239 240 244 246 250 250 250 249 252 257 255 258 262 264 264 264 265 267 277 290 280 289 301 306 310 313 314 314 315 316 312 304 295 290 285 281 271 262 259 257 254 252 250 258 270 286 297 293 283 271 276 285 299 302 319 334 348 361 379 390 390 390 389 388 388 388 387 385 387 389 391 391 393 394 391 388 386 385 382 379 375 373 371 368 364 365 374 385 390 393 393 392 392 391 389 384 373 362 358 369 383 388 389 389 389 388 387 387 386 384 380 375 364 356 367 376 378 376 372 360 373 380 382 382 383 383 382 381 377 373 376 381 384 385 385 385 384 383 383 382 381 377 376 377 375 373 372 371 370 369 367 364 363 362 361 360 359 357 355 352 348 347 346 342 338 336 333 330 328 325 322 320 317 315 312 309 306 303 300 297 293 290 287
164 164 164 164 164 164 165 164 164 165 165 165 165 166 167 168 166 166 166 167 167 167 167 167 167 168 168 168 168 165 165 168 168 168 168 168 168 168 169 169 169 169 169 169 169 169 169 168 169 170 170 170 170 170 170 170 170 170 170 169 169 169 170 169 169 169 168 168 166 164 163 163 166 168 168 168 168 168 167 167 167 167 167 167 167 167 167 167 167 167 167 167 168 168 168 168 168 168 169 170 171 173 175 175 176 177 179 181 183 185 186 187 189 189 190 191 192 193 193 194 196 200 203 205 206 207 207 206 206 205 205 206 206 205 204 204 205 205 205 204 204 203 202 200 199 198 197 196 195 193 192 191 188 189 189 189 189 189 190 191 190 191 191 193 196 197 197 198 197 197 196 196 197 198 198 201 203 205 208 209 212 215 218 222 225 228 223 233 241 249 262 267 267 273 276 271 257 250 257 268 278 290 297 306 314 317 315 312 309 306 303 301 288 270 253 243 241 240 243 250 251 254 255 257 256 261 268 269 270 271 273 273 276 278 279 292 286 291 298 310 313 318 319 321 323 324 323 321 311 305 300 294 285 275 265 261 259 256 254 263 273 285 299 302 297 288 273 273 282 296 303 318 333 348 361 379 390 391 391 390 389 389 388 388 387 387 389 392 393 394 395 394 391 388 386 382 379 379 376 372 369 366 366 375 387 392 394 395 394 394 392 389 382 369 361 361 373 385 388 391 390 390 390 389 388 387 384 379 371 359 360 371 378 379 378 375 362 375 381 383 384 385 384 383 383 380 378 379 384 386 386 386 386 385 384 384 383 381 376 372 371 369 368 366 367 365 365 363 361 360 358 357 356 355 355 354 352 349 347 344 341 338 334 332 330 327 324 323 320 317 315 312 309 306 303 300 297 294 291 288
164 164 164 164 164 164 164 164 164 165 164 165 165 166 166 167 167 168 167 166 167 167 167 167 167 168 168 168 169 165 168 168 168 168 168 168 168 168 168 168 168 169 169 168 169 169 169 169 169 169 170 169 170 171 170 171 170 170 170 170 169 170 169 169 169 169 169 167 165 164 163 163 164 167 169 168 168 167 167 167 167 167 167 167 167 167 167 167 167 167 167 167 168 169 168 169 169 169 169 170 172 174 175 176 177 177 179 183 184 186 187 188 189 189 190 190 192 193 193 194 195 198 202 205 206 208 207 206 206 207 207 207 207 206 205 204 205 206 206 206 205 204 201 200 198 198 197 196 195 194 192 190 189 189 190 189 189 189 190 192 191 191 193 195 197 197 198 199 198 198 197 198 199 199 200 199 205 207 210 213 215 216 215 216 219 219 223 233 242 252 263 268 268 268 269 266 261 248 254 264 271 284 296 305 315 321 323 320 315 312 311 306 289 274 254 245 242 245 248 251 255 259 261 262 264 268 275 283 282 282 283 285 287 290 290 304 291 299 307 314 323 328 329 330 331 333 330 326 321 315 308 301 291 281 271 264 261 266 271 278 288 298 306 307 300 292 277 271 281 294 302 317 333 347 360 378 389 391 391 391 390 390 389 389 388 387 390 392 393 394 395 395 393 390 388 386 385 383 377 373 371 368 368 377 389 392 394 395 395 395 392 388 380 369 361 364 376 387 390 392 392 391 391 391 389 386 382 374 364 366 365 371 380 381 380 379 366 376 383 386 386 386 386 384 383 381 383 385 386 387 387 387 387 386 385 385 384 382 379 375 371 366 362 357 353 351 352 354 356 356 354 352 352 351 350 350 350 349 346 343 340 336 333 330 327 325 323 322 319 317 314 312 309 306 303 301 297 294 291 288
164 164 164 164 164 164 164 164 164 164 164 164 165 166 166 166 166 167 167 167 168 168 167 167 167 167 168 168 168 168 169 168 168 168 168 168 168 168 168 168 168 169 169 168 169 169 169 169 169 169 169 169 169 171 170 171 171 170 170 170 170 169 169 169 170 169 167 166 164 163 163 163 162 168 168 169 167 167 167 168 168 168 167 167 167 167 167 168 168 168 167 167 169 169 168 169 169 169 169 171 172 173 175 176 176 178 180 182 184 186 187 189 189 189 189 190 191 192 193 193 195 199 201 204 205 205 205 204 204 205 206 207 208 206 205 206 206 208 208 208 206 203 201 199 198 198 197 196 195 193 191 190 190 190 190 190 190 190 192 193 193 193 192 194 197 198 198 199 200 198 198 200 201 201 200 201 207 209 212 214 216 219 222 223 227 226 224 237 246 256 265 268 266 263 261 259 255 248 249 258 270 286 300 307 317 324 327 324 321 319 321 312 295 279 255 248 246 250 254 259 264 267 268 272 276 280 283 289 293 294 295 296 299 302 302 309 298 304 312 323 328 333 339 341 341 344 340 334 330 322 315 307 297 287 276 271 276 281 286 292 301 306 312 309 303 293 281 271 277 289 301 316 331 347 362 377 389 391 392 392 392 391 390 390 390 389 390 391 394 394 395 396 394 391 389 388 387 384 378 373 374 371 370 378 389 391 393 394 394 395 391 387 378 369 362 368 379 389 393 394 393 393 392 391 389 385 377 370 374 376 370 371 380 382 382 381 370 377 385 387 388 388 387 386 385 387 387 388 388 388 388 388 388 387 387 386 385 383 381 379 376 373 371 366 361 356 350 344 341 343 345 346 347 347 346 346 345 345 344 342 339 336 333 330 327 323 320 318 317 315 313 310 308 305 302 300 296 294 291 288
164 164 164 164 164 164 164 164 164 164 164 164 165 166 166 166 167 167 167 167 167 168 167 167 167 167 168 168 165 169 169 169 168 168 168 168 168 168 168 169 169 168 168 168 169 169 169 170 169 169 169 169 169 170 170 171 172 170 170 169 170 169 169 169 169 169 167 167 164 163 163 163 163 167 168 169 168 168 168 168 168 168 167 167 167 167 167 167 168 168 168 169 168 169 168 168 169 169 170 171 172 173 174 174 177 179 181 182 184 186 188 189 190 190 190 190 191 191 192 193 195 198 200 201 203 202 202 202 202 204 207 208 208 206 206 207 208 209 209 208 205 202 200 198 197 198 197 196 195 193 191 190 191 191 191 190 190 192 194 195 195 196 194 194 197 198 199 200 200 199 199 201 202 203 202 205 209 212 215 217 220 223 226 228 229 228 222 237 246 256 263 265 262 258 254 253 252 248 246 254 272 287 302 310 317 325 331 330 327 329 327 309 294 279 260 250 252 257 262 267 274 276 279 283 288 293 294 297 303 305 306 305 307 311 312 315 304 308 321 327 340 347 351 353 356 358 357 350 336 329 321 314 304 294 284 285 290 296 299 304 310 315 315 309 302 294 281 271 276 288 301 315 331 346 362 377 388 392 393 394 393 392 392 392 392 391 391 392 394 394 394 396 395 392 391 389 387 384 377 376 376 373 372 379 390 391 393 393 394 395 390 384 376 368 365 371 383 391 394 395 395 394 394 392 389 383 375 375 380 381 375 371 381 384 384 382 374 379 386 389 390 390 390 388 389 390 390 390 390 390 389 389 389 389 388 387 386 385 383 381 378 376 374 371 369 365 360 353 347 340 333 332 334 337 340 341 340 340 339 341 338 336 333 330 327 324 319 315 313 312 310 309 307 304 301 299 297 294 291 288
165 165 164 164 164 164 164 164 164 164 164 164 165 166 166 166 167 167 167 167 167 168 168 168 168 168 168 165 168 169 169 169 168 168 168 168 168 169 169 169 169 168 169 169 169 169 169 169 169 169 169 169 170 170 170 171 171 170 170 170 170 170 170 170 170 168 168 168 166 164 163 164 164 167 168 168 169 168 169 169 168 168 168 167 167 167 168 168 168 168 169 167 168 169 168 169 169 169 170 172 174 175 176 176 176 178 181 184 185 186 188 190 190 190 190 189 190 190 191 193 195 197 199 200 200 200 199 200 201 203 205 208 209 207 207 208 209 209 208 206 204 202 199 198 197 197 197 196 195 193 191 190 191 191 191 191 191 192 193 195 197 197 197 194 196 198 200 200 200 199 202 203 203 204 204 208 211 215 217 218 220 224 228 230 230 231 224 231 241 251 258 262 259 254 248 245 246 245 247 257 269 283 302 312 323 329 334 334 334 335 325 308 294 280 265 261 260 263 269 275 285 288 291 295 298 307 306 309 313 316 317 316 315 314 319 318 307 315 326 336 346 353 360 368 372 373 374 363 348 336 328 320 309 299 295 296 302 306 307 317 319 319 313 306 300 291 277 271 275 287 299 314 329 345 361 376 388 393 394 394 394 394 394 394 394 394 393 394 396 396 395 395 394 393 392 390 387 384 379 379 379 375 373 379 389 391 392 393 394 395 389 383 375 370 368 374 384 393 396 397 396 396 394 392 387 380 376 380 384 385 379 374 383 386 387 386 379 381 386 390 391 392 392 392 392 392 392 392 391 391 391 391 391 389 389 387 387 385 384 382 379 376 374 373 371 368 365 360 356 349 343 336 329 323 324 328 331 334 335 336 336 334 332 330 327 324 321 317 313 309 306 305 304 303 300 297 295 293 290 287
165 165 164 164 164 164 164 164 164 164 164 165 165 166 166 166 167 167 167 167 167 168 168 168 169 168 169 169 168 169 169 169 168 168 168 168 168 169 169 169 168 168 169 169 169 169 169 170 169 170 170 169 170 169 170 171 171 170 170 170 170 170 169 170 168 167 168 169 166 164 164 164 163 163 167 168 169 169 168 168 168 168 168 168 167 168 168 168 168 169 168 167 168 168 168 169 169 169 171 173 175 176 178 179 179 177 180 184 185 187 189 190 190 190 189 189 189 190 191 193 195 197 198 198 198 198 198 198 200 202 204 208 209 209 208 208 207 207 207 205 203 200 198 198 197 196 196 196 195 192 192 190 191 191 192 193 192 192 193 195 197 198 198 198 195 198 200 201 201 202 203 205 206 206 204 208 212 215 219 219 221 223 227 229 230 235 235 228 230 238 250 258 254 247 242 241 243 246 250 255 264 283 306 323 330 334 339 341 339 334 321 307 293 278 271 269 268 271 276 284 294 300 303 307 310 314 318 321 323 326 328 324 329 330 331 324 314 321 331 344 354 364 373 381 386 387 385 372 358 343 335 326 316 302 306 308 308 311 316 325 322 315 307 301 295 284 273 274 274 284 296 310 328 343 358 372 388 393 394 395 395 395 395 395 396 395 395 396 398 397 397 396 395 394 394 392 389 386 384 383 380 375 375 381 390 391 392 393 395 396 389 382 376 372 370 377 387 394 397 399 398 396 395 393 388 382 381 386 388 388 386 380 386 390 390 388 382 381 386 389 392 394 393 393 393 393 393 392 392 392 392 392 391 390 390 388 387 386 384 382 379 377 374 372 370 367 365 362 359 355 351 345 338 331 324 318 319 321 325 332 332 332 329 327 326 324 321 318 314 311 308 304 300 298 298 296 293 291 289 286
165 164 164 164 164 164 164 164 164 164 164 164 165 165 166 166 167 167 167 167 167 167 168 168 169 170 165 169 169 169 169 169 169 168 168 168 168 169 169 169 169 169 169 169 169 169 169 169 170 170 169 169 169 169 170 170 171 170 170 170 170 170 170 169 168 169 169 168 166 165 165 164 164 164 167 167 169 169 168 167 168 168 168 168 168 168 168 168 169 168 167 168 168 169 169 169 169 170 172 174 176 178 179 180 181 180 178 182 185 187 188 190 190 189 190 190 189 189 190 192 193 194 196 198 199 199 199 198 199 201 204 208 208 209 208 207 206 206 206 204 201 200 198 197 197 197 196 195 193 192 192 191 191 192 193 194 194 193 193 195 196 197 199 199 198 196 200 201 201 202 203 204 205 206 205 208 213 217 221 221 222 223 225 227 227 233 238 237 229 228 235 246 246 240 236 236 242 247 251 256 262 286 310 328 333 339 344 349 344 331 318 305 293 281 278 276 276 278 295 304 313 314 318 322 325 322 330 335 338 338 342 343 342 339 339 328 322 326 334 350 363 378 386 390 393 393 388 376 361 348 338 327 318 310 314 314 318 318 324 327 318 309 301 296 290 279 275 283 276 286 295 307 324 340 354 365 388 392 394 395 395 395 395 396 397 397 398 398 399 398 398 397 396 395 395 393 391 387 387 385 381 375 378 384 391 393 394 395 396 396 389 382 380 376 374 380 388 396 399 400 399 398 397 395 392 387 388 389 391 392 391 387 390 392 391 390 387 384 388 391 393 395 394 395 394 394 394 394 394 393 393 393 392 391 390 389 387 386 384 382 379 375 370 366 365 363 363 361 359 356 352 348 345 340 333 325 318 310 314 320 325 327 327 325 324 322 320 317 314 311 308 305 302 298 294 291 290 289 286 284
164 164 164 164 164 164 164 164 164 164 164 164 164 165 166 167 167 167 167 167 167 167 168 168 169 165 169 169 169 169 169 169 169 169 169 168 168 169 169 169 169 169 169 169 169 169 169 169 170 170 170 169 170 169 169 170 170 170 170 170 170 171 170 169 169 169 168 168 167 166 163 164 164 164 165 166 167 171 168 169 168 168 168 168 167 169 170 170 168 168 167 168 169 169 169 169 170 171 172 175 177 179 180 182 183 183 181 180 184 186 188 189 190 190 190 189 188 188 190 192 194 196 198 199 201 202 201 200 199 201 204 207 209 210 208 207 207 208 208 205 202 199 197 198 197 197 196 195 193 193 192 191 192 194 194 195 195 194 192 195 195 198 199 200 200 198 196 199 202 202 203 204 206 207 205 208 212 218 220 222 224 225 224 224 226 229 234 234 232 228 228 232 233 232 235 240 244 249 251 256 263 287 310 331 336 342 347 353 344 338 325 311 298 287 284 282 280 283 299 319 326 327 328 328 327 331 341 347 349 349 348 348 347 345 360 330 330 336 343 357 379 388 393 397 399 398 393 383 368 352 338 329 320 321 323 323 324 327 333 326 317 309 301 292 283 276 278 284 277 287 297 307 322 336 346 361 383 391 393 395 395 395 395 396 396 398 399 400 400 400 399 398 397 396 395 395 393 391 389 386 379 379 381 387 392 395 397 398 399 396 390 388 385 378 377 386 391 397 400 401 401 400 399 397 396 393 394 394 395 395 394 392 393 394 394 393 390 388 390 393 395 396 395 395 395 395 395 395 394 394 393 393 392 390 390 389 387 385 383 381 377 373 368 362 357 355 353 355 356 354 352 349 346 343 338 334 326 317 309 306 311 316 322 321 321 318 317 315 312 310 307 305 302 299 295 292 287 284 282 281
164 164 164 164 164 164 164 164 164 164 164 164 165 166 166 166 167 167 167 167 167 167 166 166 165 168 168 168 169 169 169 169 169 169 169 169 168 169 169 169 169 169 169 169 169 169 170 170 170 170 169 170 170 169 169 169 170 170 170 170 170 171 170 169 170 169 169 168 168 164 164 163 164 165 165 164 165 169 169 167 168 168 168 167 169 170 169 169 168 168 168 168 168 168 169 169 170 172 174 176 179 180 182 184 184 184 183 181 182 186 189 189 190 190 189 188 187 190 191 193 195 196 198 201 203 204 204 203 202 201 205 207 209 209 207 207 208 210 209 206 202 199 198 197 197 197 196 194 193 194 193 193 194 195 195 196 196 195 194 195 197 200 200 201 201 201 200 198 200 202 203 203 205 206 205 209 212 217 220 222 224 229 227 225 225 228 231 229 229 231 230 230 229 229 233 240 246 249 251 253 261 282 302 321 335 342 351 361 348 342 332 319 307 296 289 286 283 289 300 320 332 335 337 336 337 345 350 352 353 353 356 355 356 368 363 337 341 344 349 372 388 394 398 401 401 400 396 387 370 353 338 329 319 332 336 335 337 340 340 326 319 312 306 297 288 283 278 285 281 287 297 307 317 327 341 360 379 390 392 394 395 395 396 396 396 398 400 401 401 400 399 399 398 397 396 395 394 393 387 382 382 383 385 388 394 396 399 401 400 396 392 390 386 379 383 388 394 398 401 402 402 402 400 399 398 397 398 398 398 398 397 397 397 396 396 395 393 390 392 394 395 396 396 396 397 396 395 395 395 395 394 394 393 390 389 388 386 384 381 377 372 368 363 360 356 353 349 344 344 347 349 348 345 343 340 336 331 325 317 309 300 303 308 314 316 316 314 313 310 308 306 303 301 298 295 293 290 286 282 277
164 164 164 164 164 163 164 164 164 164 164 164 165 166 166 166 166 167 167 167 167 167 166 165 165 169 168 169 169 169 169 169 169 169 169 169 169 169 169 169 169 169 169 170 170 170 170 170 170 170 170 170 171 170 169 169 170 170 171 170 171 171 170 169 170 170 169 168 165 164 165 165 164 165 168 168 167 168 173 166 167 169 169 170 170 170 169 169 168 168 168 169 168 169 169 170 171 174 176 178 180 182 184 184 185 185 184 183 183 184 187 189 190 189 187 186 187 191 192 193 195 196 198 201 203 206 208 207 204 202 206 208 209 208 207 208 209 210 208 205 201 199 198 197 196 196 197 194 195 194 193 193 195 196 196 197 197 196 196 196 198 200 201 201 202 202 202 201 200 200 202 204 207 207 206 209 211 214 217 220 223 227 228 226 225 226 229 227 226 230 233 231 229 228 229 237 244 248 251 255 260 277 296 316 333 344 353 369 351 346 339 327 316 304 294 291 289 293 306 323 338 341 347 351 352 354 358 361 363 365 370 378 383 381 366 340 345 358 367 387 394 399 402 403 405 403 399 386 369 352 335 327 330 338 342 346 350 354 344 328 323 316 312 303 293 288 280 284 287 286 295 303 309 321 339 357 372 383 391 394 394 394 394 394 395 397 399 401 401 401 400 399 399 398 397 396 394 391 386 388 388 387 390 392 396 400 402 403 402 398 395 392 385 381 386 393 396 399 402 403 403 403 401 400 400 400 400 400 400 399 399 398 398 397 397 397 395 392 393 394 395 396 396 397 396 397 396 396 395 395 394 394 392 390 386 384 380 377 373 371 369 370 370 366 365 362 356 350 343 335 336 340 341 340 339 336 332 327 323 317 309 301 294 299 303 309 310 309 308 307 304 301 300 297 294 292 290 287 284 281
163 163 163 163 163 164 164 164 164 164 164 165 166 166 166 166 167 167 167 167 168 168 165 165 169 169 168 169 169 169 169 169 169 169 169 169 169 169 169 169 170 170 170 170 170 170 170 170 170 170 170 170 171 170 170 169 170 171 170 171 171 170 169 170 170 169 169 166 164 165 167 167 167 168 168 169 169 168 174 168 168 168 169 169 170 169 169 169 168 168 168 169 169 169 170 170 173 176 178 180 182 183 185 185 185 186 186 186 186 185 184 184 186 186 187 189 189 187 192 193 194 195 196 199 202 206 209 209 208 205 206 209 210 210 209 209 209 209 207 204 201 198 197 197 197 197 197 196 196 195 193 193 195 197 197 198 198 198 198 196 198 200 200 202 202 203 203 203 202 200 200 202 206 208 207 207 209 213 215 218 221 224 227 226 225 225 226 225 225 227 230 231 230 229 229 236 242 246 251 256 263 276 299 321 334 344 356 375 352 347 340 331 320 309 298 292 291 295 311 330 342 343 355 360 362 373 382 384 383 391 400 399 399 390 372 354 356 378 390 394 399 402 405 407 407 406 402 394 377 360 338 333 342 356 361 364 364 364 355 334 329 319 313 309 295 290 282 285 290 289 292 298 305 315 334 352 362 366 376 392 393 393 393 393 394 395 398 400 401 401 401 400 399 398 398 396 394 391 391 393 392 391 393 395 399 402 402 403 402 400 397 392 387 386 391 394 398 400 402 403 404 403 402 401 402 402 401 401 400 399 399 398 398 398 397 397 396 394 394 395 396 396 396 396 396 396 397 397 396 394 394 393 391 389 386 383 382 382 379 378 377 375 373 370 368 365 361 356 350 344 338 331 328 330 331 333 331 327 324 320 317 310 300 291 292 296 300 304 304 303 301 298 296 293 291 290 289 287 284 282
163 163 163 163 164 164 164 164 164 164 164 165 166 166 166 167 167 167 167 167 168 168 166 169 169 168 168 168 168 169 169 169 169 169 169 169 170 170 170 170 170 170 170 170 170 170 170 170 170 170 170 170 171 170 170 170 170 171 171 171 171 170 169 170 170 169 169 166 164 164 168 168 169 169 169 169 168 168 174 168 168 168 169 170 170 169 169 169 168 168 168 168 169 170 170 171 174 177 180 181 183 184 186 186 186 188 189 189 190 190 190 190 190 191 192 192 192 191 190 191 193 195 195 198 201 204 208 210 210 207 206 209 212 212 212 211 210 209 205 203 200 198 197 197 197 197 197 196 196 194 193 194 196 197 198 198 199 199 199 199 198 198 200 202 203 204 205 204 203 203 201 202 204 206 208 208 207 211 214 216 219 222 224 224 224 225 225 224 223 223 225 229 231 231 229 236 242 248 253 258 268 282 299 318 337 347 360 374 353 347 342 329 317 306 296 292 292 302 314 333 343 345 360 377 391 409 409 408 409 407 404 403 398 395 381 367 365 389 398 401 404 407 409 409 408 407 404 400 386 366 336 347 360 373 380 378 376 373 360 340 331 322 312 305 293 288 291 293 295 297 294 299 302 309 323 341 353 357 363 374 389 391 392 392 392 393 396 399 400 401 401 400 400 399 398 396 396 395 394 395 395 395 395 396 399 402 402 402 401 400 397 392 390 391 394 398 399 400 402 403 404 404 403 402 402 402 401 401 400 400 399 399 398 398 398 397 396 394 394 395 396 395 396 396 395 396 395 395 395 395 393 393 391 389 387 386 384 382 381 379 378 376 374 372 369 366 363 359 355 351 345 339 333 327 320 318 321 323 323 320 318 315 309 300 288 284 287 290 293 295 295 291 286 282 277 275 279 284 280 283
164 163 163 164 164 164 164 164 164 164 165 165 166 166 166 166 166 166 167 167 168 169 165 168 168 168 168 168 168 168 168 168 168 168 169 169 170 169 170 170 169 170 170 170 170 170 170 170 170 169 170 170 170 170 170 170 171 171 170 170 170 169 170 170 171 170 167 165 164 164 168 168 169 169 169 169 169 168 170 174 169 169 170 170 169 169 169 169 168 169 169 169 169 170 170 173 176 179 181 182 184 185 186 187 188 190 191 192 193 194 195 196 196 195 195 195 194 192 189 191 192 194 194 196 199 203 207 211 211 208 204 207 211 212 212 211 210 207 204 201 199 198 198 198 198 197 197 196 196 195 192 194 197 198 198 199 199 200 200 200 200 198 200 202 204 205 205 205 205 204 202 203 203 206 208 209 208 212 215 216 218 220 222 223 223 222 222 222 223 223 225 228 231 233 229 239 244 250 255 259 265 281 303 326 339 348 363 381 362 352 341 328 316 303 292 290 293 307 320 337 345 356 388 408 412 414 414 412 413 412 411 408 405 403 393 376 371 397 402 405 407 410 411 411 409 407 405 403 395 372 344 363 380 387 387 389 383 379 366 343 333 325 314 304 298 296 300 302 304 306 303 303 307 309 315 325 340 351 356 361 367 375 381 389 391 393 394 397 398 400 400 400 400 399 398 397 397 396 396 396 396 396 396 397 399 401 402 401 401 399 396 394 394 393 395 399 401 402 403 403 403 403 403 402 402 401 401 401 400 400 399 399 399 399 398 398 398 398 397 397 396 395 395 395 394 394 394 393 393 393 393 392 391 390 388 387 385 383 381 379 378 376 375 372 370 367 364 361 358 354 350 345 341 335 330 321 315 310 312 314 316 313 309 302 288 284 283 278 279 282 281 278 270 267 269 268 263 265 271 274
163 164 163 164 164 164 163 164 164 165 165 166 165 166 167 167 166 167 167 168 168 165 169 168 168 168 168 168 168 168 168 168 168 168 169 169 169 169 169 169 169 169 170 170 170 170 170 170 170 170 170 170 171 170 170 170 171 171 171 170 170 170 170 171 171 170 167 165 165 165 168 168 168 169 169 169 169 169 168 176 169 169 170 169 169 170 168 169 168 169 169 169 169 170 171 175 178 181 183 184 184 186 187 188 191 193 195 196 197 199 200 200 200 198 197 195 194 192 190 190 191 192 194 195 199 203 209 212 212 208 205 204 206 210 211 211 209 206 202 200 198 199 199 198 198 197 197 197 196 195 193 193 197 198 199 199 200 201 201 201 201 199 201 203 205 206 206 206 206 206 204 204 203 205 207 208 209 212 215 217 219 220 221 221 220 220 220 221 223 225 226 230 235 235 230 241 248 252 256 258 268 282 302 328 341 349 362 384 371 352 339 327 314 302 291 288 295 314 331 342 348 373 406 415 415 416 416 416 415 415 414 412 411 409 405 392 377 400 405 408 410 411 411 411 410 408 405 403 395 368 363 385 395 398 393 391 387 383 371 345 336 327 314 305 303 305 306 308 317 321 314 311 312 316 319 324 332 342 349 352 355 370 387 390 391 391 393 394 397 400 401 401 400 400 399 398 398 397 397 397 397 397 397 398 398 400 399 399 398 397 396 395 395 395 396 399 401 402 402 402 402 402 402 402 401 401 400 400 400 400 400 399 399 400 398 398 397 398 397 397 397 396 395 394 393 392 392 392 392 391 391 391 390 388 387 385 383 382 381 379 378 376 375 373 370 368 365 362 359 356 352 348 344 340 335 331 325 320 313 304 301 302 298 292 294 301 299 293 289 283 280 280 282 285 286 282 276 267 257 259
163 164 164 164 163 164 164 164 164 165 165 165 166 166 166 167 167 167 168 168 168 169 168 168 168 169 168 168 168 169 169 169 169 169 169 168 168 169 169 169 169 169 169 170 170 170 170 171 170 170 171 171 171 170 170 170 171 170 171 171 170 170 170 170 170 170 168 166 164 163 166 168 168 169 169 169 169 169 169 176 169 170 170 170 170 170 170 169 169 168 168 169 170 171 172 175 179 182 184 184 184 186 187 189 191 195 198 199 200 202 203 204 201 199 197 194 192 191 190 190 191 192 194 196 199 203 209 211 211 208 205 204 205 209 210 209 206 203 200 199 199 200 200 199 198 198 198 197 197 196 195 193 196 198 199 200 200 201 201 202 202 200 202 204 205 207 207 208 207 207 206 204 204 204 205 207 210 212 213 214 215 215 217 218 218 219 220 223 226 228 230 234 239 237 230 242 250 255 258 258 271 288 302 319 335 347 356 372 369 348 335 323 311 298 288 287 296 314 331 343 350 372 409 417 417 418 418 418 417 417 416 415 414 413 411 402 382 401 408 409 411 411 412 411 411 410 407 401 389 364 388 398 401 403 399 395 393 387 372 352 339 324 314 309 311 313 318 323 333 339 333 329 328 327 329 331 333 339 345 350 362 381 390 392 391 392 393 395 397 399 401 401 401 400 400 399 399 398 398 398 398 398 398 398 398 399 398 398 397 397 396 396 396 396 396 398 400 401 402 402 401 401 401 400 400 400 400 400 399 399 400 400 398 398 398 397 397 397 397 397 396 396 395 393 390 388 390 390 390 390 390 389 389 387 385 382 381 380 379 378 377 375 374 371 369 367 364 362 359 356 353 350 346 343 339 335 331 326 321 315 310 304 301 303 310 310 309 306 303 300 298 296 296 294 291 288 285 282 273 263
163 163 164 163 163 163 163 164 164 165 166 166 166 166 166 167 167 167 168 169 165 168 167 168 169 169 169 168 169 169 169 169 168 168 168 168 169 169 169 170 170 169 169 170 170 170 170 170 171 170 170 171 170 170 171 171 171 171 171 170 171 170 170 170 169 169 168 164 165 166 166 167 168 169 169 169 169 170 170 175 170 169 170 170 170 170 169 169 168 169 169 170 171 172 174 176 179 182 183 184 185 186 187 189 192 195 198 200 201 202 202 202 200 198 195 193 191 191 190 191 192 192 194 197 199 202 204 207 208 208 207 206 207 209 209 207 204 201 200 199 200 200 200 200 199 199 199 198 197 196 196 195 196 198 200 200 201 202 202 202 202 200 203 204 206 207 208 208 209 209 208 206 205 206 206 208 208 209 211 212 213 214 214 216 217 219 222 226 230 235 238 241 243 239 231 244 252 256 257 259 267 281 297 309 325 342 349 355 361 343 331 319 306 294 283 284 295 314 329 342 350 365 421 420 420 420 420 419 419 419 418 417 416 415 413 405 388 405 408 411 412 412 414 412 411 408 403 387 388 387 397 403 405 405 401 399 398 392 373 351 336 321 314 315 320 326 333 339 351 354 352 348 344 342 341 343 345 348 352 361 374 387 389 392 392 393 393 395 396 398 400 400 401 401 400 400 399 399 399 398 399 399 398 398 398 398 398 398 397 397 398 397 397 396 397 399 400 401 401 400 400 399 399 398 397 397 397 398 398 399 400 398 397 397 397 397 396 397 397 396 396 395 394 393 388 386 386 386 387 388 388 388 388 386 384 381 375 375 376 375 374 374 372 370 368 365 362 359 357 355 353 350 348 344 341 337 334 330 327 323 320 317 315 314 313 311 310 309 307 304 301 299 297 295 292 289 285 282 278 275
164 164 164 163 163 163 163 164 164 165 165 166 166 166 167 166 167 167 168 165 165 165 167 169 169 170 170 170 169 169 169 169 169 169 168 169 169 169 169 169 169 170 169 170 170 170 170 170 170 170 170 171 171 171 171 171 171 171 171 170 170 170 170 169 169 167 166 164 165 166 166 167 168 168 168 168 169 170 170 170 172 169 169 169 170 170 169 169 169 169 169 170 172 173 175 177 179 181 182 184 185 186 188 189 191 194 197 197 197 198 200 199 197 195 193 191 190 190 192 193 193 192 193 196 197 198 200 203 206 207 209 209 209 208 207 205 202 200 199 199 200 200 201 201 200 200 199 198 197 197 197 195 196 198 199 201 201 202 203 203 202 201 201 204 206 207 208 208 210 210 210 209 208 208 209 211 211 211 211 211 213 214 214 216 217 219 222 225 229 233 238 241 245 240 232 243 250 255 257 259 264 273 288 303 316 332 341 347 348 341 326 312 297 285 275 280 290 312 326 338 349 352 377 414 422 421 421 420 420 420 419 419 418 417 415 404 395 406 409 411 413 413 414 411 404 397 396 402 402 396 402 406 408 406 404 402 399 397 380 349 331 319 319 322 329 338 345 354 361 367 364 359 356 356 355 357 358 360 370 377 389 390 391 392 394 394 394 394 396 397 398 399 399 400 400 400 400 400 399 399 399 399 399 398 398 398 398 397 396 397 398 398 398 397 397 399 399 400 400 398 397 397 396 395 395 394 394 395 397 397 397 397 396 396 396 396 396 395 396 396 395 394 393 390 388 384 382 382 383 385 386 387 387 385 383 381 377 371 369 371 370 370 370 368 366 364 360 355 354 352 351 348 346 344 340 338 335 333 330 327 324 321 318 317 314 312 311 309 307 304 302 299 297 294 291 289 286 283 280 277
163 163 164 163 163 163 163 164 164 165 165 166 166 166 166 166 166 167 166 165 167 167 168 169 169 170 170 170 170 170 170 169 170 169 169 168 168 167 169 169 169 170 170 170 170 170 170 170 171 170 170 170 170 172 171 171 170 171 171 171 170 170 170 169 167 165 165 164 165 166 166 166 168 169 169 169 169 170 171 172 177 169 170 170 170 169 169 169 169 169 169 171 172 174 176 177 180 182 184 186 188 189 187 188 190 194 195 194 195 196 196 196 193 192 191 191 191 193 195 196 194 193 193 194 195 196 198 200 204 208 211 211 210 208 205 203 201 200 200 200 200 200 201 201 202 201 199 199 199 198 198 196 195 198 200 201 202 203 203 204 203 202 201 203 205 207 208 208 210 210 209 209 209 210 210 212 212 213 213 214 213 213 215 216 217 218 219 222 226 229 234 238 244 241 232 241 246 253 256 259 258 267 275 288 309 323 334 340 342 337 323 308 294 280 270 276 285 306 320 333 346 352 352 374 408 421 420 420 421 421 420 419 419 418 416 407 401 408 410 412 414 414 414 412 412 410 408 409 407 400 405 409 410 408 406 403 400 397 382 349 329 317 320 330 338 347 356 363 373 380 379 371 369 367 366 365 367 375 387 391 392 393 394 394 394 395 394 395 395 396 397 397 398 397 399 399 400 399 398 398 399 399 399 398 397 397 397 397 395 397 398 398 398 398 397 399 398 398 398 396 396 395 394 393 393 393 393 394 393 394 394 394 394 392 391 392 394 394 394 394 394 393 391 389 386 384 382 376 376 380 381 383 385 384 382 380 378 373 368 362 364 366 366 365 364 363 359 355 351 347 348 346 344 342 339 336 334 331 330 328 325 323 320 318 315 312 309 307 305 303 301 299 296 293 291 288 286 283 280 278
164 163 163 163 163 163 163 164 165 165 166 166 165 166 165 166 167 166 165 168 167 167 168 168 168 169 169 169 169 170 170 170 170 170 170 170 169 168 168 169 169 169 170 170 170 170 170 170 171 171 171 171 171 171 171 171 171 172 171 170 170 170 169 168 165 166 165 164 166 166 167 168 169 169 169 169 169 170 169 171 177 169 170 169 169 169 169 169 169 170 170 171 173 176 177 179 181 183 184 187 189 190 189 189 190 193 194 194 195 197 198 195 193 192 191 192 194 196 197 196 194 193 193 193 194 195 197 199 203 208 211 211 209 206 204 202 201 201 200 200 200 201 201 202 202 201 200 200 199 199 199 197 195 195 198 201 202 203 204 204 204 204 203 203 204 205 205 207 210 209 208 208 209 211 212 212 213 213 215 215 213 213 214 216 217 218 219 221 224 227 231 236 243 243 232 240 245 248 250 252 254 261 267 274 294 314 326 329 331 331 318 303 289 279 268 273 282 297 315 324 333 345 351 355 380 405 420 420 421 421 421 420 420 419 416 407 405 412 414 416 416 416 417 416 415 415 414 412 409 401 409 411 411 410 408 405 402 398 386 355 327 317 321 336 349 357 363 372 384 390 390 389 388 384 386 388 391 391 391 393 394 395 395 396 396 395 396 396 395 395 396 396 396 396 397 397 397 397 397 396 397 397 397 396 396 395 396 395 392 393 397 397 398 398 398 397 397 397 396 396 395 393 392 392 392 391 391 392 392 391 391 390 390 390 388 390 392 391 391 390 390 390 390 387 385 383 382 379 374 372 376 378 379 380 380 379 377 373 370 366 359 356 359 360 361 360 358 356 353 349 345 340 338 338 337 334 332 330 329 327 325 323 320 317 314 311 309 306 303 300 298 297 294 291 290 288 285 283 281 278
163 163 163 163 163 163 164 164 164 163 164 166 165 165 165 165 167 165 167 167 167 168 168 168 168 168 168 169 169 170 171 171 170 170 170 170 170 168 169 169 170 170 171 169 169 170 170 170 171 171 171 171 170 171 171 172 172 171 171 170 170 169 169 168 165 165 165 166 167 168 168 168 169 169 170 169 170 170 170 170 176 170 170 170 169 169 169 169 170 170 170 171 174 176 179 179 182 183 185 188 190 190 189 190 192 195 196 196 199 202 202 199 197 195 195 196 199 199 197 195 194 193 193 193 194 195 197 198 202 206 209 208 207 204 202 202 201 201 201 201 201 202 202 203 203 202 201 201 200 200 199 198 198 197 196 200 202 203 204 204 205 205 205 206 204 203 204 205 209 207 207 208 208 210 212 213 213 214 215 216 214 215 216 216 215 218 219 221 223 225 229 235 241 242 233 236 242 245 246 247 250 255 261 265 277 294 306 308 313 314 310 299 290 281 268 269 276 287 298 308 320 331 340 347 355 372 391 411 421 421 421 421 421 420 417 408 413 417 418 418 418 418 418 419 418 417 416 414 409 410 413 412 413 412 409 406 403 400 385 355 329 318 327 345 359 367 373 380 393 394 395 394 394 394 394 395 394 393 393 394 396 396 397 397 397 397 397 397 397 396 396 396 396 394 394 395 395 395 394 394 395 394 394 394 393 392 393 392 390 392 396 397 397 397 397 396 396 396 396 396 395 393 391 388 387 387 388 390 390 389 388 387 387 387 385 388 389 389 388 387 385 385 386 386 384 383 381 379 376 370 368 371 374 377 377 377 375 373 370 367 363 356 350 350 351 352 352 353 351 349 346 343 338 333 329 327 329 328 327 326 324 322 319 316 313 311 308 305 303 299 296 293 292 290 289 287 284 282 280 278
163 163 163 163 164 163 163 164 163 163 164 165 165 165 165 165 166 167 167 167 168 168 168 168 168 168 168 169 169 170 170 171 170 170 170 170 170 170 170 170 170 170 170 169 169 169 169 170 171 171 171 171 170 171 172 172 171 172 172 171 170 169 169 167 164 165 165 167 168 169 169 169 169 170 170 170 171 170 170 170 175 170 170 170 170 170 169 170 170 171 171 172 174 177 181 182 182 184 186 188 189 190 190 191 194 197 198 200 204 207 205 203 201 200 200 201 200 198 196 194 193 193 193 194 195 195 197 198 202 204 206 205 204 203 202 201 201 202 202 201 201 202 203 203 203 203 202 202 201 200 199 199 199 200 198 198 202 203 204 204 205 206 207 207 207 204 205 207 208 209 208 208 209 209 211 213 214 214 216 216 215 217 218 218 216 218 219 221 222 224 228 235 239 238 231 232 238 240 241 243 247 253 255 258 262 274 285 289 295 298 297 299 298 282 267 265 272 278 286 296 307 320 328 337 342 352 363 384 405 421 421 421 422 420 415 415 417 419 419 420 420 420 420 421 420 420 418 415 412 414 414 414 414 414 410 407 405 402 389 356 330 322 338 360 374 385 393 397 398 398 397 398 397 396 395 395 395 394 393 395 396 397 397 398 398 399 398 398 398 397 396 396 395 394 393 392 393 392 392 391 392 392 391 390 386 389 389 389 387 388 390 392 394 396 395 394 393 394 393 392 390 389 386 384 383 382 386 387 388 388 386 383 382 380 384 387 388 387 386 383 380 381 382 383 384 382 381 379 376 370 364 365 368 372 374 374 373 371 369 367 364 359 353 345 342 342 343 346 348 347 345 343 340 337 333 329 325 321 323 321 322 320 318 315 312 310 308 305 302 300 297 293 289 286 284 283 282 281 280 278
163 163 163 163 163 163 164 163 163 164 165 165 165 165 166 166 165 167 167 167 168 168 168 168 168 168 168 169 169 170 169 170 170 170 170 170 170 170 170 169 170 170 170 170 170 169 170 170 171 170 171 171 171 171 171 172 172 172 172 170 170 170 169 165 165 165 168 168 169 169 169 169 169 170 170 170 170 170 170 171 175 171 170 170 170 170 170 171 171 171 171 172 175 177 178 181 183 186 188 188 189 190 191 193 196 199 201 202 205 207 206 207 206 205 204 202 199 197 195 194 194 195 194 194 195 196 197 198 199 201 203 203 202 202 202 202 202 202 203 202 202 203 204 205 204 204 204 203 202 200 200 200 201 201 202 198 201 204 204 204 205 206 207 208 208 204 205 207 209 209 209 208 209 209 211 212 213 215 216 217 216 216 218 219 217 219 220 221 222 224 226 229 231 231 231 230 230 232 232 234 241 251 254 255 256 256 262 272 279 283 285 287 287 278 264 262 266 273 279 285 295 306 319 328 333 339 348 359 379 408 421 421 421 420 418 418 420 421 421 422 421 421 421 422 422 421 420 414 416 416 415 415 415 414 412 409 406 403 381 352 331 325 340 361 380 395 397 399 400 399 399 398 398 397 395 395 395 394 394 395 397 397 398 398 398 399 399 398 398 397 396 396 395 395 394 393 392 391 391 391 390 389 389 388 385 387 387 387 386 386 387 388 390 390 391 390 389 389 388 388 385 384 382 380 379 381 384 384 385 385 383 381 377 377 382 386 386 386 384 378 375 375 377 380 381 382 380 378 374 370 366 358 359 367 369 371 371 370 368 367 364 362 358 352 344 336 331 331 335 339 341 340 339 338 336 332 329 323 314 313 316 315 314 313 311 308 306 303 300 297 295 292 289 284 275 275 275 276 277 277
163 163 163 163 163 163 163 163 163 165 165 165 165 165 166 165 166 166 167 167 167 168 168 168 168 168 168 169 169 169 169 169 170 170 170 170 170 170 170 170 170 170 170 171 170 170 170 171 170 170 170 170 171 171 171 172 172 172 172 170 170 170 169 165 166 167 169 170 169 169 169 170 170 170 170 170 170 171 170 171 173 171 170 170 170 171 172 172 172 171 171 172 175 176 177 179 185 187 188 188 189 190 192 193 197 200 200 201 202 203 207 208 206 204 203 202 200 198 197 197 197 196 196 196 196 196 198 198 199 200 201 201 201 202 203 203 203 203 203 203 204 204 205 206 206 205 204 203 201 201 201 202 203 204 202 198 199 202 204 205 205 206 207 206 205 205 205 206 208 209 209 210 210 210 211 212 213 215 216 217 216 216 218 219 219 218 220 221 222 223 225 227 228 229 229 230 231 231 233 233 235 241 250 252 253 252 254 257 263 268 274 275 276 268 258 256 259 266 275 280 284 294 306 314 322 329 336 343 359 390 420 421 422 420 420 421 422 423 423 423 423 423 423 423 423 422 419 420 419 417 417 416 415 413 412 409 406 397 376 357 342 336 338 359 378 396 398 400 401 401 400 399 398 397 396 395 394 394 394 395 397 398 397 397 397 397 397 397 397 396 396 396 395 394 394 393 392 391 390 391 391 392 390 389 386 385 383 383 382 382 383 385 386 387 387 386 385 386 385 385 383 382 380 377 377 381 381 381 382 383 382 380 377 375 380 383 385 385 383 380 375 370 372 374 378 380 380 378 374 370 365 361 353 359 362 367 368 368 367 365 364 361 359 356 351 344 336 329 321 323 327 333 334 334 334 332 330 326 320 312 303 307 309 309 308 305 302 299 296 293 290 286 284 281 275 263 261 266 267 271
163 163 163 163 163 163 163 163 163 163 164 164 165 165 165 165 166 166 167 167 167 167 168 168 168 168 168 168 169 169 169 169 170 170 170 170 170 170 170 170 170 170 170 170 170 170 170 170 170 171 171 171 171 171 171 172 173 172 172 171 170 170 166 166 167 169 170 170 169 169 169 170 170 170 170 170 170 170 170 170 172 171 170 171 171 171 171 172 171 171 171 173 175 176 177 179 182 187 189 189 189 190 192 194 197 198 197 197 197 199 205 206 204 203 202 202 201 201 201 200 199 197 197 197 197 197 198 198 199 199 200 202 202 203 203 204 204 204 204 205 205 205 205 207 207 205 204 202 201 201 202 203 205 204 201 199 199 201 202 203 203 203 204 204 206 208 207 206 206 208 210 210 210 210 211 212 214 215 216 216 215 216 218 218 219 220 219 220 221 223 224 225 227 228 229 230 231 232 233 234 235 237 244 246 247 249 252 254 257 259 263 266 265 260 253 252 254 261 271 273 278 284 291 298 306 316 323 333 348 378 413 421 422 421 422 423 425 425 425 425 424 424 424 425 424 423 422 422 420 419 418 416 414 412 410 406 397 396 395 395 366 350 345 355 375 394 398 400 401 400 400 399 398 397 396 395 393 393 394 395 397 398 397 396 396 396 396 396 396 395 393 396 395 393 393 393 393 391 389 392 392 392 391 390 388 387 385 383 380 379 380 382 383 384 385 384 383 384 384 382 382 380 378 374 376 379 379 379 380 380 381 379 376 373 377 380 381 382 381 378 376 371 367 372 374 377 377 377 374 369 365 361 355 348 355 360 364 365 365 364 363 361 359 357 354 350 345 339 331 323 313 316 320 325 328 328 326 326 322 316 308 288 297 301 302 301 298 292 285 282 279 276 272 268 264 256 247 250 254 258
163 163 163 163 163 164 163 163 163 163 163 164 165 165 165 165 166 167 167 167 167 167 168 168 168 169 168 168 168 168 168 169 170 170 170 170 170 170 170 170 170 170 170 170 170 170 170 170 170 170 171 170 171 171 171 172 172 172 171 170 170 169 168 166 168 170 170 170 169 169 170 170 170 170 170 170 170 171 170 171 172 170 170 170 170 171 172 172 171 171 172 173 176 176 178 179 182 188 189 189 190 191 192 194 195 195 196 195 195 197 202 203 202 202 202 202 203 203 203 202 200 199 198 199 199 199 199 199 199 201 201 202 203 204 204 205 205 205 205 206 206 206 206 207 208 207 204 202 202 201 204 205 205 203 199 199 199 200 202 203 204 205 203 204 205 208 209 207 207 208 209 209 210 211 212 212 213 214 215 215 215 216 218 219 219 220 221 220 222 222 224 224 226 227 229 229 230 232 233 234 233 235 239 241 242 244 246 248 252 254 256 258 257 253 250 249 252 257 263 267 271 276 278 282 291 304 312 324 339 359 392 416 423 423 423 424 426 426 426 426 426 426 426 426 425 424 424 423 421 420 418 416 413 408 404 403 402 400 399 399 396 362 357 356 369 389 397 400 400 400 399 398 397 396 395 395 393 393 393 394 396 397 396 395 395 396 396 396 396 396 396 395 396 395 392 391 391 387 391 392 392 392 391 391 389 388 387 386 383 379 377 379 380 383 384 383 382 382 382 381 380 379 376 373 374 377 378 378 378 379 379 378 376 371 375 377 378 378 378 377 375 372 367 367 371 373 373 373 371 367 363 360 356 349 348 354 357 360 361 361 361 360 358 357 355 352 350 346 342 335 325 314 305 308 312 318 320 319 318 317 312 302 285 281 278 287 286 282 272 266 263 261 255 254 249 243 234 231 239 242
162 163 163 163 163 163 163 163 163 164 164 164 165 165 166 166 166 167 167 167 167 167 168 168 169 169 169 169 169 168 168 169 169 170 170 170 170 170 170 170 171 170 170 170 170 171 170 170 170 170 170 171 171 171 171 172 173 170 170 170 169 168 167 167 170 171 169 170 169 170 170 170 170 168 170 171 171 171 172 171 171 171 170 170 170 171 171 171 171 171 174 174 176 178 178 182 185 189 189 190 191 192 192 193 194 195 195 195 196 198 201 202 201 202 203 203 204 204 203 201 200 199 199 199 199 199 199 200 200 201 201 202 204 205 205 205 205 206 207 207 207 206 207 208 209 206 204 203 203 204 205 206 204 201 199 200 200 200 202 204 205 205 204 205 206 207 209 208 208 208 208 210 210 212 212 213 213 214 215 215 215 216 217 218 219 220 221 222 222 222 222 223 224 226 228 229 230 230 231 231 233 235 235 238 239 241 242 244 248 251 253 252 250 249 248 247 248 250 253 261 265 267 269 270 282 293 303 314 332 348 369 396 424 425 424 426 428 428 428 428 428 428 427 427 426 426 425 424 421 419 418 415 410 409 409 409 408 405 403 402 398 380 367 363 363 382 397 400 400 400 399 398 397 396 395 395 393 392 393 394 395 396 396 396 395 395 395 395 395 396 395 395 395 395 393 389 388 386 391 392 392 392 391 390 389 389 388 387 385 382 380 375 375 380 382 382 380 379 380 380 379 378 375 372 372 374 376 376 376 377 377 376 375 370 371 374 375 375 376 375 374 371 367 361 366 368 368 368 368 365 361 359 355 351 343 348 352 354 356 356 358 358 357 356 354 353 350 348 345 341 337 329 319 307 293 299 302 306 310 310 307 304 293 275 259 262 265 264 259 255 251 249 246 242 235 230 221 216 221 225
162 162 162 162 163 163 163 163 163 163 164 165 165 165 165 166 166 167 167 167 167 167 167 168 169 169 169 169 169 169 169 169 169 169 169 169 170 171 171 171 170 170 170 171 171 171 170 170 171 171 171 171 171 171 171 171 172 170 169 169 168 168 167 167 170 170 170 170 170 170 170 170 170 170 170 171 171 172 172 171 171 170 170 170 170 171 171 171 172 172 174 176 178 179 181 183 185 187 191 193 194 194 193 192 193 195 196 197 199 199 201 201 202 202 203 203 203 201 201 200 199 199 200 200 199 199 200 201 202 201 202 203 204 205 205 205 206 207 208 207 206 206 207 208 209 208 206 205 204 205 205 204 202 200 200 200 200 200 200 203 204 205 206 206 207 209 210 210 209 209 209 210 210 211 213 213 214 215 215 215 215 216 217 218 219 220 221 222 222 223 224 225 225 224 226 228 229 229 229 231 236 239 237 237 237 240 242 243 247 249 250 248 247 247 246 246 247 247 250 257 260 263 267 271 276 286 297 309 322 340 361 389 417 427 426 428 429 430 430 429 429 428 428 428 427 426 425 424 422 419 417 414 413 411 413 412 410 408 407 405 402 399 388 378 375 369 394 399 400 399 399 398 398 396 395 395 394 394 392 392 394 395 394 394 394 394 394 394 394 395 395 395 394 394 392 391 387 386 391 392 391 391 391 391 389 388 388 387 385 383 381 378 373 377 381 381 380 377 379 379 379 378 375 373 368 371 373 373 375 376 376 374 373 370 367 370 371 373 373 373 372 371 367 362 361 364 364 365 364 363 360 357 354 350 345 341 345 349 350 351 353 355 355 354 353 352 350 348 345 341 337 334 330 323 307 296 279 284 289 292 294 296 291 281 268 245 247 249 246 242 240 236 228 225 220 213 208 202 205 205
161 162 162 162 163 163 163 163 163 161 165 165 165 165 165 166 166 167 167 167 167 167 168 168 168 169 169 169 169 170 170 170 170 170 169 170 170 170 171 171 170 170 171 171 171 171 171 171 171 171 171 171 171 171 172 171 170 171 170 169 168 167 167 165 168 168 171 170 170 170 171 171 170 170 170 171 171 172 172 172 171 171 170 170 170 171 171 171 172 174 180 180 180 180 181 182 185 189 193 195 196 196 196 196 197 198 199 201 201 201 201 201 201 202 201 201 201 199 199 197 198 199 200 200 200 200 201 202 202 201 202 204 205 206 205 205 206 208 208 207 206 206 207 209 210 210 209 206 205 205 203 201 200 200 200 200 200 201 201 201 202 205 206 206 206 208 210 210 209 210 210 211 210 211 212 214 215 215 215 215 215 217 218 218 219 221 222 222 223 226 227 228 228 228 227 227 227 229 230 231 234 237 240 238 237 240 242 244 246 247 248 247 246 245 245 245 246 247 251 253 256 259 263 269 271 279 290 302 316 331 352 380 408 428 428 428 430 430 430 430 430 430 429 429 429 428 426 424 422 420 418 416 414 415 414 413 412 410 409 407 405 403 402 400 398 393 385 397 399 400 399 399 399 397 396 395 394 394 394 392 389 391 392 392 391 392 392 393 394 394 394 393 393 393 391 390 387 384 390 391 391 391 391 390 390 388 388 387 386 384 381 379 376 371 377 379 379 377 377 378 379 379 377 374 371 368 370 372 375 375 374 373 372 369 365 367 369 371 372 372 372 370 367 363 356 358 359 360 361 359 358 355 352 350 346 339 340 344 346 346 347 350 351 352 351 350 348 346 344 340 337 333 329 327 321 309 295 277 257 268 272 275 274 276 268 257 236 227 231 226 222 217 207 203 198 196 198 197 197 197
161 161 162 162 162 162 163 163 161 161 165 165 165 165 166 166 166 166 167 167 167 168 168 168 168 169 169 169 169 170 170 170 170 170 170 170 170 171 170 170 171 171 171 171 171 171 171 171 172 171 171 171 171 171 172 171 170 168 168 169 169 166 167 168 170 170 170 170 170 170 171 170 170 170 170 171 171 172 171 172 172 171 171 170 172 172 171 171 174 177 181 183 182 181 181 182 185 189 194 195 197 199 199 200 199 199 199 200 199 199 200 200 200 199 199 198 197 197 196 198 198 199 200 200 201 201 202 203 202 202 204 205 206 205 205 206 207 208 208 208 206 206 207 210 212 212 209 207 205 203 202 201 200 200 201 201 201 201 202 201 202 203 204 205 205 207 208 210 212 212 212 212 212 212 212 214 215 215 215 215 216 217 218 219 220 221 223 225 226 226 229 229 229 229 229 229 230 231 231 232 233 237 240 238 238 240 243 244 245 246 246 245 244 244 245 245 246 249 252 252 253 255 259 264 270 276 281 297 312 327 341 368 396 427 428 429 430 431 431 431 431 431 429 431 430 429 427 424 423 421 419 417 416 416 415 414 413 412 410 409 407 406 404 403 401 399 395 395 399 399 400 399 399 398 397 395 395 395 394 392 389 387 389 389 389 390 390 391 391 392 393 392 392 391 390 388 385 381 388 390 389 389 390 389 389 387 387 387 386 384 382 381 378 372 373 378 378 376 375 377 378 378 377 375 372 369 367 372 375 375 374 373 372 371 366 362 366 368 371 372 371 370 367 364 361 355 352 355 357 356 356 353 351 349 346 342 333 339 340 340 342 344 346 347 347 347 345 344 341 339 336 332 329 325 323 320 310 294 274 252 238 251 255 256 249 240 231 217 208 202 198 198 198 198 198 197 197 197 197 196
161 160 162 162 162 162 163 163 164 161 165 165 165 166 166 166 166 167 167 167 167 168 168 168 168 169 169 169 170 170 170 170 170 170 170 170 170 171 170 170 170 171 171 171 171 172 173 172 172 171 171 171 171 171 172 171 169 168 168 168 165 166 168 169 170 171 170 172 171 170 170 170 170 170 171 172 173 173 172 171 172 171 171 171 172 172 172 173 176 180 184 184 184 184 185 186 189 192 194 195 195 196 196 195 195 196 196 197 197 198 199 198 198 197 197 196 194 196 198 199 200 200 200 201 201 202 203 203 203 203 204 206 206 205 206 206 207 209 209 208 206 206 207 210 212 211 210 207 204 202 202 201 201 201 201 201 202 202 202 202 201 202 203 205 205 206 208 210 211 212 213 213 213 213 213 219 217 216 216 216 216 217 219 219 221 222 224 225 226 229 232 233 231 231 231 231 232 232 233 234 235 239 240 239 238 239 241 241 243 243 244 243 243 244 246 246 249 253 255 254 254 255 257 262 269 276 281 293 308 323 339 355 383 417 429 430 431 432 432 432 432 432 432 431 430 430 428 425 424 423 421 419 418 417 416 415 413 412 410 409 407 407 405 403 401 399 395 396 399 399 399 399 399 398 397 396 396 395 393 392 390 387 385 386 387 388 388 389 389 390 390 389 389 388 387 385 382 379 384 386 387 388 388 388 388 386 386 386 385 383 382 380 377 372 368 373 376 374 373 377 377 376 376 374 373 369 364 372 374 374 373 372 372 371 367 361 363 367 370 371 371 370 368 366 363 358 354 348 352 354 353 352 349 348 346 342 337 328 336 335 336 339 340 341 342 341 341 340 339 336 334 331 327 324 321 319 316 310 295 276 253 228 226 233 233 229 217 210 197 198 199 197 197 198 198 197 197 198 197 198
161 161 162 162 162 163 163 163 164 164 165 165 165 165 166 166 167 167 167 167 167 168 168 168 168 169 169 169 170 170 170 171 170 170 170 170 170 170 170 170 171 171 171 173 173 173 173 171 171 171 171 172 171 171 172 169 169 167 168 167 168 169 169 170 171 170 171 171 171 171 171 170 170 171 171 171 172 172 173 179 172 172 171 172 171 172 173 175 178 182 185 187 189 191 192 193 194 194 194 193 192 192 192 192 192 192 193 195 196 197 197 196 196 195 194 193 195 197 199 200 201 201 201 201 202 203 204 204 204 204 206 207 206 206 206 206 207 209 210 208 206 206 208 210 211 211 209 206 203 202 202 202 202 202 202 202 202 202 202 202 202 203 203 204 205 206 209 209 211 212 214 215 215 215 215 217 218 218 218 218 217 217 220 220 221 223 225 227 231 232 235 234 233 233 233 233 234 235 235 237 238 241 243 243 242 242 242 242 242 243 243 244 244 245 248 247 249 254 255 256 256 257 258 263 272 278 284 293 304 317 332 347 374 407 430 431 432 432 433 433 433 433 432 432 431 430 428 427 425 424 422 421 419 418 417 416 414 412 410 409 408 406 404 402 400 399 398 398 400 399 399 398 399 398 397 397 396 395 394 392 391 388 386 384 384 385 386 386 387 387 387 387 386 385 384 383 381 376 379 382 384 386 387 386 385 384 384 384 383 383 381 379 377 371 365 368 372 371 369 375 377 375 374 373 372 369 360 370 373 373 372 371 371 369 367 362 358 363 367 369 370 370 368 366 364 360 356 349 345 350 351 349 348 346 344 343 338 332 324 330 331 334 334 335 335 336 336 336 334 332 330 327 325 322 319 316 314 309 303 287 270 247 222 216 216 211 203 198 199 199 199 198 197 196 197 197 201 208 216 216
160 161 162 162 163 163 163 163 164 165 165 165 165 166 167 167 167 167 167 167 167 168 168 168 169 169 169 169 170 170 171 171 170 170 170 170 170 170 171 171 171 171 171 173 173 173 172 171 171 171 172 171 171 171 172 168 167 167 166 167 169 171 171 170 170 171 171 171 171 171 171 170 170 171 172 172 173 173 172 172 172 178 178 174 172 172 174 176 178 183 187 190 192 194 196 196 195 194 192 191 190 190 190 190 191 191 193 194 195 195 194 193 193 193 193 195 196 197 199 201 202 202 202 201 202 203 204 205 205 206 207 207 207 206 205 206 207 210 210 208 207 207 208 210 210 209 207 204 203 202 202 202 202 202 202 202 203 203 203 203 203 203 204 204 205 207 209 210 212 214 215 215 216 215 215 216 218 219 219 219 218 218 220 222 224 226 229 232 233 235 234 234 235 234 235 235 237 238 239 239 240 241 243 245 244 244 246 245 245 246 245 246 249 250 251 250 250 252 255 256 256 257 259 264 271 279 287 295 306 317 328 339 364 394 423 432 432 433 433 433 434 433 431 432 432 430 428 428 428 426 425 423 421 419 418 416 415 413 411 409 407 406 405 403 402 401 400 400 400 399 399 398 398 398 397 398 396 395 394 393 391 389 387 385 383 383 384 384 385 385 384 384 384 382 381 381 379 373 376 379 381 383 384 384 382 381 381 382 381 380 380 378 375 369 364 363 368 369 367 372 374 374 372 371 370 367 358 367 370 370 369 367 368 367 365 362 354 359 364 367 369 369 367 365 364 361 357 352 345 343 347 347 346 344 342 340 338 333 325 320 325 330 331 329 330 331 332 331 330 329 327 324 321 319 316 313 310 305 291 271 257 242 227 214 206 201 198 198 199 198 198 198 198 198 200 213 227 235 238 235
161 162 162 162 163 163 164 164 164 165 164 165 165 166 167 167 167 167 167 167 167 168 168 169 169 169 170 170 170 170 171 171 171 170 170 170 170 171 171 171 172 172 172 173 174 174 173 172 172 171 172 171 171 171 170 167 167 167 166 170 169 171 172 170 171 172 171 171 171 171 171 171 170 171 172 173 173 172 172 172 172 172 172 172 174 174 175 177 180 184 186 188 191 193 195 195 194 193 191 190 190 190 190 191 191 192 193 192 192 192 192 191 191 192 193 194 196 198 200 201 203 203 202 202 202 203 204 205 206 207 208 208 207 206 206 205 207 209 210 209 208 208 209 210 210 207 205 204 203 203 203 202 202 203 202 203 203 203 203 204 203 204 204 205 205 207 210 212 213 215 215 216 216 215 216 217 218 219 219 219 217 219 221 222 224 226 229 231 233 234 234 235 236 236 238 240 241 242 243 245 244 244 246 246 245 246 247 247 246 247 250 253 255 255 255 254 253 253 252 256 256 256 260 267 274 281 288 297 308 320 331 343 356 388 421 432 432 433 433 433 433 433 432 432 431 431 424 429 429 427 426 424 422 420 418 417 415 414 412 410 409 408 406 404 403 402 402 401 400 400 399 399 398 398 398 397 396 396 395 393 391 390 388 386 384 381 383 383 383 382 382 381 381 380 379 379 378 372 373 376 377 378 380 380 379 377 377 378 378 377 377 375 374 369 364 359 365 367 363 368 370 370 369 369 368 365 358 362 367 368 366 363 364 364 364 361 355 354 360 365 367 366 365 364 362 360 357 352 348 340 340 342 342 341 340 337 334 332 328 318 320 325 327 325 323 325 327 327 327 325 323 321 318 315 312 308 304 290 273 255 244 232 222 214 200 198 198 198 199 199 199 198 198 208 224 241 252 257 255 249
161 162 162 162 162 163 163 164 165 165 164 164 165 165 166 167 166 166 167 167 167 168 169 169 169 170 170 170 170 170 170 171 171 170 170 170 170 170 171 171 172 172 172 173 174 174 174 173 172 172 172 170 171 171 170 167 166 167 167 171 170 171 170 172 171 171 171 171 171 172 171 171 171 172 173 172 172 171 172 172 172 171 172 172 172 174 176 178 179 182 183 186 188 191 192 193 192 191 190 190 190 190 191 191 192 191 191 190 189 189 190 190 192 193 194 195 196 198 200 202 203 204 203 203 202 203 204 205 206 207 209 209 207 205 205 205 207 209 211 210 209 209 209 209 207 205 204 204 203 203 202 203 203 203 203 203 203 203 204 205 205 203 205 206 207 209 212 212 214 215 216 216 216 216 217 217 219 219 220 218 218 220 221 223 225 227 229 232 234 235 235 236 238 239 241 243 245 246 247 247 247 247 247 246 246 248 249 249 250 253 257 259 259 258 256 256 256 255 254 254 254 257 261 267 274 281 289 299 309 322 334 345 359 385 421 432 432 433 433 433 433 432 432 431 432 431 430 429 428 428 427 425 423 421 420 418 416 414 413 412 410 409 407 406 405 404 403 402 401 400 399 399 398 398 397 396 395 395 394 393 391 390 389 387 385 381 381 382 382 381 380 379 378 378 377 377 376 372 370 373 373 375 376 377 374 372 371 373 373 373 372 372 370 368 364 359 362 366 361 361 365 365 366 366 365 363 357 358 364 365 364 361 360 360 360 359 356 348 357 362 364 363 363 361 359 357 355 352 348 343 336 335 336 336 336 334 331 329 327 322 309 319 322 323 319 319 321 322 322 321 320 317 314 310 306 301 289 272 259 246 233 222 215 204 198 199 200 199 199 199 200 202 220 235 249 264 267 265 263 259
161 162 162 162 162 163 163 165 165 163 163 164 164 165 165 166 166 166 167 167 168 168 169 169 169 169 170 170 170 170 170 170 170 171 170 170 170 170 171 171 171 171 171 172 173 175 175 175 173 173 170 170 170 172 169 166 167 167 169 172 171 171 171 172 172 172 171 171 172 173 171 171 171 173 172 172 172 172 171 172 171 172 172 172 172 174 176 179 180 180 181 183 185 186 189 190 190 189 187 190 191 191 192 191 190 189 188 188 188 189 190 191 193 194 194 195 196 198 200 202 204 204 204 203 202 203 204 205 206 208 209 210 207 205 205 205 207 209 210 210 210 209 208 206 205 204 204 203 203 203 203 203 204 203 203 203 204 205 206 206 206 204 206 208 209 211 214 214 215 216 217 217 217 217 217 217 219 220 219 218 219 221 222 223 225 228 230 234 236 237 237 239 240 241 242 245 246 248 249 249 250 249 249 251 253 254 254 255 258 260 261 262 261 260 259 257 257 255 256 257 256 257 260 268 276 281 291 302 313 326 339 350 364 390 425 432 432 433 433 433 433 432 432 432 432 431 431 430 429 428 427 425 423 422 421 419 417 415 414 413 411 409 408 407 406 405 404 403 402 401 399 399 398 397 396 395 394 393 393 392 391 390 388 386 385 381 379 381 379 379 378 377 375 374 374 373 373 371 365 368 369 372 374 373 371 368 367 368 369 368 368 368 368 367 365 359 358 364 361 356 360 361 362 363 362 361 355 355 361 363 361 360 357 357 357 356 354 345 353 358 360 360 360 358 357 355 353 350 348 344 339 333 329 327 327 327 327 326 325 323 317 309 316 317 315 313 314 315 316 316 315 313 309 302 296 290 277 263 251 237 224 214 207 201 199 199 199 199 199 199 208 224 242 255 268 272 271 267 264 262
161 162 162 162 162 163 163 165 163 163 164 164 164 165 165 166 166 166 167 168 168 168 168 169 169 169 170 170 170 170 170 170 170 171 171 171 170 171 171 171 171 171 171 172 173 174 173 173 174 173 170 169 170 170 168 167 167 167 169 172 171 171 172 172 172 171 171 172 172 172 171 171 173 172 173 173 172 171 172 172 172 172 172 173 173 174 176 179 180 179 179 180 182 182 185 186 187 186 188 190 192 191 190 189 188 187 186 186 188 189 190 192 193 194 194 195 197 198 201 203 205 206 205 204 203 202 203 205 206 208 210 211 208 206 205 205 207 208 209 208 208 207 206 205 204 204 203 203 203 203 203 204 204 205 204 204 206 207 207 208 208 204 205 210 211 212 217 218 218 219 218 218 217 217 217 217 219 219 219 219 220 222 223 224 225 228 231 236 238 237 240 242 243 243 244 245 247 248 250 260 265 266 266 265 265 261 262 262 263 263 262 262 263 262 260 258 256 258 260 261 259 263 270 274 281 288 298 311 325 332 344 358 377 402 428 431 432 433 433 432 432 432 431 432 431 432 431 429 429 427 427 427 425 424 422 420 418 416 415 414 412 411 409 408 407 406 404 403 402 401 400 398 397 396 396 395 394 392 391 389 389 388 386 384 383 382 378 379 380 378 376 374 373 372 369 369 369 368 366 364 368 370 371 370 368 366 364 364 365 364 364 364 365 365 364 358 352 360 360 355 355 357 359 360 360 359 353 353 359 360 360 358 356 354 355 354 352 345 349 355 358 358 357 356 355 353 352 349 347 344 341 338 335 331 327 323 314 317 321 320 318 309 309 311 312 309 308 309 310 311 310 307 303 298 289 281 274 255 242 228 217 210 203 201 200 200 200 200 203 218 232 246 261 269 273 272 269 267 265 262
161 162 162 162 162 163 165 164 163 164 164 164 164 164 165 165 166 166 167 168 168 168 168 168 169 169 169 170 170 170 170 170 170 171 171 171 171 171 171 171 172 171 172 172 172 172 173 173 174 173 172 171 172 171 168 167 167 168 170 172 172 173 172 172 171 171 171 172 171 171 171 171 173 173 173 172 172 171 173 172 172 173 174 174 174 174 175 177 177 177 177 178 182 181 181 183 184 184 187 189 190 189 188 187 186 186 186 187 188 190 191 191 193 194 195 196 197 199 202 204 206 207 205 204 203 203 202 203 205 207 210 211 209 207 206 206 206 206 207 206 206 206 206 205 205 204 203 203 203 203 203 204 205 205 206 206 208 209 209 209 209 205 206 208 210 213 215 217 219 219 218 217 217 216 217 217 218 218 218 220 222 223 224 225 227 230 233 236 240 238 242 244 245 246 247 249 250 251 262 275 279 273 267 266 267 266 265 263 263 262 261 260 260 259 259 259 259 261 263 265 268 272 277 280 287 295 306 322 340 342 355 363 387 417 430 431 431 431 431 431 431 431 430 431 430 431 431 429 429 428 427 426 425 424 423 421 419 417 416 415 413 412 410 408 407 406 404 402 401 401 399 398 397 396 395 395 394 393 391 390 388 387 385 383 382 381 379 377 379 379 378 376 374 373 371 369 366 364 362 361 364 368 369 368 366 364 361 361 361 360 360 360 361 361 361 358 350 356 358 355 350 353 355 357 357 356 350 350 357 359 358 357 355 351 352 352 350 345 344 351 354 356 355 353 352 351 350 348 347 344 342 339 337 334 332 328 324 320 315 310 314 312 301 304 307 307 306 303 305 305 304 303 300 294 287 281 265 244 232 220 213 205 202 201 200 201 200 206 223 238 250 263 269 273 273 272 269 267 265 262
161 161 162 162 162 165 163 164 164 164 164 164 164 164 165 165 166 167 168 168 168 168 168 168 168 169 169 169 170 170 170 171 171 171 171 171 171 171 171 172 172 173 173 172 171 171 172 173 173 173 172 172 171 170 166 167 167 167 171 173 172 173 173 171 171 172 172 171 171 171 172 172 172 172 173 172 172 172 173 173 173 174 175 175 176 175 176 177 177 178 179 179 179 179 180 181 181 183 185 186 186 185 185 185 184 184 185 186 188 190 192 193 193 194 195 196 198 200 203 205 207 208 207 204 203 202 203 203 205 207 210 212 212 209 207 206 206 206 206 206 205 205 206 206 205 204 203 203 203 204 204 205 205 206 207 208 209 210 211 210 211 211 204 206 211 215 215 216 217 218 218 217 216 215 216 216 217 217 218 220 223 224 225 226 228 231 235 238 241 239 243 246 250 253 255 254 254 256 263 270 276 270 267 267 270 273 270 263 260 259 258 257 257 257 257 259 259 263 264 267 268 274 282 287 293 304 316 333 348 351 358 372 402 428 431 431 431 431 430 430 430 429 428 428 429 430 430 429 429 428 427 426 425 424 422 419 419 418 416 415 413 411 410 408 407 406 404 402 401 401 399 397 397 395 394 394 394 393 392 391 390 388 386 384 383 379 378 375 379 379 378 377 376 374 373 371 368 365 364 362 359 364 367 367 365 362 359 357 357 357 356 357 358 359 358 356 351 349 355 354 350 349 352 353 354 353 347 348 355 356 356 355 354 351 348 349 348 344 337 347 351 353 353 351 350 349 348 346 345 344 342 339 337 335 333 330 326 323 319 314 300 308 307 297 299 302 303 301 299 301 300 299 296 291 286 278 263 244 228 216 210 203 201 201 200 201 210 227 240 247 259 268 272 274 273 271 269 266 264 262
161 161 162 162 162 163 163 163 163 164 164 164 164 165 165 165 165 167 168 168 168 168 168 168 168 168 169 169 170 170 170 170 171 172 171 171 171 171 171 172 173 173 173 172 172 172 172 173 174 174 173 172 171 169 168 167 167 168 171 173 172 173 173 171 171 172 171 171 171 171 172 172 172 172 172 172 172 173 173 174 174 175 176 177 177 178 177 178 179 180 180 180 180 180 180 179 181 181 183 183 183 183 183 184 184 184 185 186 187 189 191 194 194 195 196 196 199 202 204 207 208 209 208 205 203 202 202 203 204 208 212 213 212 211 209 207 207 206 206 204 204 205 205 205 204 204 203 204 204 205 204 205 206 207 208 209 210 211 213 212 212 212 209 209 207 206 208 208 209 211 211 215 216 216 216 215 216 217 218 220 223 225 226 227 229 233 236 239 240 241 246 252 261 265 267 265 259 262 267 271 271 270 268 269 277 277 266 261 262 263 262 261 261 262 261 262 264 267 270 273 273 282 291 294 302 314 321 335 344 357 368 384 420 431 432 431 430 430 429 428 428 428 427 427 427 428 428 427 428 427 426 425 423 423 422 419 418 417 416 414 413 411 410 408 406 404 403 402 399 399 398 396 395 394 392 393 394 393 392 391 390 388 387 386 384 381 379 374 378 379 378 377 376 375 373 372 369 367 367 364 359 359 364 365 364 361 358 355 354 354 354 355 356 356 356 355 351 344 351 352 349 344 348 350 351 350 344 345 352 354 354 353 352 350 346 344 345 342 332 342 347 349 350 348 346 345 344 345 344 343 341 339 337 335 332 330 328 324 321 316 311 294 297 303 292 289 297 298 295 295 295 294 292 288 284 277 260 243 227 214 207 202 201 201 200 203 229 240 249 258 265 271 275 273 272 270 267 265 263 261
160 162 161 161 165 162 162 162 163 164 164 164 164 165 164 165 165 167 167 168 167 167 167 168 168 168 169 169 170 170 170 170 171 171 171 171 171 171 171 172 173 173 173 173 172 172 172 173 173 174 174 173 171 169 167 167 167 170 171 173 173 172 172 172 171 172 171 171 171 172 173 173 173 172 172 172 173 173 174 175 176 177 178 179 179 179 179 179 180 181 181 181 181 181 181 182 182 182 181 182 182 182 183 183 184 184 186 186 187 189 191 194 195 195 196 197 199 203 205 207 209 210 208 206 203 203 202 202 205 208 212 213 212 211 209 208 208 206 205 204 203 203 204 204 204 204 204 204 205 205 205 206 207 208 209 210 211 212 214 215 215 212 210 214 217 214 211 208 209 209 210 215 212 212 212 215 216 217 218 221 223 225 226 227 230 234 237 239 239 242 251 261 272 274 277 278 265 267 270 272 270 269 269 272 280 269 262 266 272 273 271 270 270 267 260 265 270 274 277 277 282 290 297 305 310 321 332 342 354 365 385 407 428 431 431 431 431 430 429 428 427 426 426 425 425 426 425 425 426 425 425 424 421 421 420 418 416 415 415 413 412 411 409 408 406 404 402 399 397 397 396 394 393 393 391 390 392 392 391 391 390 388 387 386 384 382 380 374 376 379 378 377 377 376 374 372 371 369 367 366 362 358 359 364 362 360 358 355 352 351 352 353 353 354 354 353 350 345 345 350 349 345 343 347 348 347 342 342 349 351 352 351 350 349 347 343 339 339 332 339 343 346 347 346 344 342 341 341 342 341 340 338 336 334 331 329 326 324 321 318 312 305 273 290 295 281 272 287 292 289 290 290 288 285 281 275 258 243 226 213 203 202 202 202 200 218 244 254 260 268 273 276 275 273 271 268 266 264 262 259
161 162 162 165 163 163 163 163 163 164 164 164 164 164 164 165 166 167 167 168 167 167 167 167 168 168 169 169 169 170 170 170 171 171 171 170 171 171 172 172 173 173 173 173 173 173 173 173 174 175 175 174 172 168 167 168 168 170 170 172 172 172 172 172 172 172 172 172 172 174 174 173 173 172 172 173 174 175 176 177 177 178 180 180 180 180 180 180 181 181 182 182 182 183 183 184 184 183 182 181 182 182 183 184 185 185 185 186 188 192 191 192 195 195 196 197 200 203 206 208 210 211 210 207 204 203 203 202 205 208 211 211 210 209 210 210 209 207 205 203 203 203 203 203 203 204 204 206 206 206 206 206 207 207 208 211 213 214 215 216 215 212 212 215 217 218 216 211 210 210 210 211 212 213 213 214 215 216 219 220 223 225 226 228 231 234 237 239 239 243 252 266 274 276 278 278 267 271 271 272 271 271 273 277 276 266 267 274 283 282 277 273 270 265 262 268 273 277 281 283 287 295 300 308 321 337 344 352 362 382 403 427 429 432 431 431 430 429 428 427 426 425 424 424 423 423 423 423 423 423 423 421 420 418 418 416 414 413 413 411 410 409 408 407 406 404 402 399 396 395 394 394 392 392 391 389 390 391 390 389 388 388 386 386 384 382 380 375 374 377 378 377 376 375 373 373 372 370 366 365 364 357 356 362 362 361 359 356 353 351 348 351 352 352 352 352 348 345 340 345 346 345 338 343 345 344 340 338 345 348 349 349 348 347 345 343 341 336 332 331 338 342 344 343 342 339 338 338 338 339 338 337 335 334 331 328 326 323 320 317 313 307 292 254 270 283 264 260 276 286 283 285 283 281 276 271 256 240 225 211 203 202 202 202 202 227 254 264 271 275 277 275 274 272 269 267 265 262 260 258
161 162 163 162 163 163 164 164 164 164 164 164 165 165 165 165 166 167 168 167 167 167 168 167 168 168 169 169 169 169 169 170 170 170 170 171 171 172 172 173 173 173 173 174 173 173 173 174 175 175 175 174 170 168 167 168 169 169 172 172 173 173 173 173 172 171 172 172 174 174 174 173 173 172 173 175 174 178 178 179 179 180 180 181 180 180 180 180 182 182 183 183 184 185 185 185 185 184 183 182 182 183 184 185 186 186 186 188 192 194 194 193 194 195 197 198 201 203 206 207 209 211 211 208 206 205 203 202 204 206 207 208 208 208 209 210 208 207 205 204 203 203 204 204 204 205 206 208 208 207 208 208 208 208 209 212 215 216 216 217 217 213 214 216 217 217 217 218 217 216 215 217 218 217 213 215 216 217 220 221 223 224 225 227 229 233 235 238 237 244 253 264 277 278 279 276 268 270 273 271 272 276 279 278 270 265 272 284 296 289 283 277 270 264 264 269 276 281 284 290 298 300 309 325 341 348 347 364 378 406 428 429 431 432 431 430 428 428 427 426 425 424 423 421 421 421 420 420 419 419 419 418 417 416 414 413 412 412 411 410 408 407 406 405 405 403 400 398 395 393 392 392 392 391 391 389 387 389 389 388 387 386 386 385 383 382 380 377 368 376 378 377 376 375 373 372 371 370 368 366 364 357 353 360 362 360 359 357 355 352 350 346 350 351 351 350 349 345 341 335 343 344 339 338 343 343 337 333 341 344 345 345 345 345 344 343 341 338 334 323 332 338 341 341 340 338 335 335 335 337 337 336 335 333 330 327 325 322 319 316 312 307 301 275 245 255 269 249 256 273 278 273 277 275 270 265 254 236 224 209 202 202 202 202 208 236 257 272 275 277 276 274 272 270 268 265 263 261 258 256
162 163 165 162 163 163 164 164 164 164 164 164 164 165 165 166 166 167 167 167 167 168 168 168 168 168 168 169 169 169 169 170 171 171 170 171 172 172 172 173 173 173 174 174 174 174 174 175 176 176 176 174 169 168 168 167 168 169 171 173 173 174 173 173 171 171 172 174 175 175 174 173 173 173 174 174 179 179 180 180 180 180 180 180 180 181 181 181 182 182 183 184 184 185 186 186 187 186 185 185 185 186 187 187 188 186 188 191 194 195 195 194 194 195 197 199 201 203 205 208 210 212 211 209 206 204 203 203 203 205 205 205 206 207 207 208 207 206 205 204 203 203 204 204 205 206 208 209 209 209 209 208 209 209 210 213 216 218 219 219 217 214 216 218 220 220 221 222 221 220 218 218 219 219 214 216 218 219 221 223 224 225 225 227 229 231 234 234 238 245 250 262 274 281 280 272 270 276 280 282 278 281 282 268 267 270 284 301 304 298 290 282 272 267 269 270 279 289 292 296 306 311 322 337 345 347 362 374 399 421 430 433 433 432 431 430 428 427 426 425 423 422 421 419 420 419 418 416 417 417 417 416 415 414 411 410 410 409 409 408 407 406 405 403 403 401 399 397 393 391 391 390 390 390 390 389 386 386 387 386 385 385 384 383 383 381 380 378 370 372 377 377 376 374 372 372 371 370 368 366 363 356 350 358 361 360 358 356 354 353 351 347 347 349 349 348 348 346 343 337 334 340 338 335 341 341 337 328 337 340 342 342 342 342 342 342 340 338 335 327 329 333 337 339 338 336 333 331 333 334 335 335 334 333 330 327 324 321 319 316 312 308 302 290 265 240 246 256 238 255 269 263 255 263 266 261 255 234 222 204 202 202 202 202 214 243 261 272 276 277 275 273 271 268 266 264 262 259 257 254
163 165 164 163 163 163 164 164 164 164 164 164 165 166 166 165 166 167 167 167 167 168 167 168 169 169 169 169 169 169 170 171 171 171 171 171 172 173 173 173 174 174 174 174 175 175 176 176 176 176 176 172 168 168 168 168 169 169 171 172 173 173 172 172 171 171 173 175 176 174 175 173 173 174 175 177 180 180 180 179 179 179 180 180 180 181 181 181 182 183 184 184 185 186 186 187 187 187 187 187 187 188 189 189 189 188 189 193 194 196 196 196 196 196 197 199 201 202 204 208 211 212 211 210 206 203 203 203 203 203 204 204 204 205 206 207 206 205 204 204 203 204 204 205 206 208 209 210 210 211 210 210 210 211 211 214 217 219 220 220 218 216 217 220 222 222 222 223 223 222 221 221 220 220 213 217 220 221 221 223 225 225 226 227 228 231 232 235 239 246 248 253 265 280 281 271 274 284 283 283 285 281 268 273 277 283 302 315 312 308 299 291 276 275 279 277 286 296 305 308 317 322 335 346 352 359 372 390 416 429 432 433 433 433 431 430 428 426 424 424 422 420 419 417 418 417 416 414 414 414 414 414 413 411 409 408 407 407 407 406 406 405 402 401 401 400 398 396 393 391 389 389 389 389 389 388 386 382 384 384 384 383 383 382 380 380 379 378 373 366 376 376 375 374 372 372 371 370 368 366 363 358 348 357 360 359 358 356 354 352 351 348 342 347 348 347 346 345 343 340 332 332 335 331 339 340 337 329 330 336 339 339 339 339 340 340 339 337 335 329 315 330 334 336 336 334 332 328 330 332 334 333 332 331 329 326 323 320 317 314 311 307 302 296 281 254 231 235 237 234 248 255 241 241 255 257 249 237 214 203 202 202 202 202 218 244 262 273 276 275 274 272 270 267 265 262 260 258 255 252
163 163 163 163 164 164 164 164 165 165 164 165 166 167 166 166 166 167 167 167 167 167 167 168 168 169 169 169 169 170 170 170 170 171 172 172 173 173 174 174 175 175 175 175 176 176 177 177 176 176 176 171 169 169 169 168 171 170 169 171 173 173 172 172 172 172 174 175 176 175 175 174 173 174 175 179 180 181 180 179 179 179 179 180 180 181 181 181 182 183 184 184 185 186 186 188 189 189 190 190 190 190 189 190 190 188 190 194 196 196 196 197 197 198 198 198 200 201 203 207 210 211 211 210 208 205 204 203 204 204 204 205 205 205 206 205 205 204 204 204 204 204 205 205 207 208 210 210 211 212 211 212 212 212 212 215 218 220 221 221 220 216 219 221 224 225 225 224 224 223 223 223 223 220 216 216 220 221 222 223 225 226 226 228 229 231 232 235 239 244 248 251 254 268 281 272 282 286 286 288 279 269 277 287 293 303 321 333 325 318 311 300 286 287 287 289 299 309 313 319 328 335 344 353 361 374 392 416 426 431 433 434 434 433 432 430 428 426 424 422 420 419 417 415 415 415 414 412 412 412 412 412 410 409 407 405 404 405 405 405 404 402 400 399 398 397 397 395 392 390 388 386 387 388 388 387 386 383 380 382 381 381 381 380 379 378 378 377 373 361 372 375 374 372 371 369 370 369 368 366 364 360 346 357 360 359 357 356 354 352 351 347 342 345 347 347 345 344 342 340 336 327 328 327 336 338 337 331 324 332 336 337 336 336 337 338 337 336 334 329 319 327 331 333 334 333 331 327 326 329 330 331 330 329 327 324 321 317 314 312 308 306 300 297 290 271 239 226 234 230 227 233 231 225 238 250 244 231 207 202 201 201 202 202 219 243 262 275 275 274 272 270 268 266 264 261 259 256 253 250
165 163 163 164 164 164 164 164 164 164 164 165 166 166 166 166 167 167 167 166 168 168 169 169 168 169 169 170 170 171 171 171 171 172 172 172 173 174 174 174 176 176 176 176 177 177 177 177 176 176 174 169 169 169 169 170 171 171 172 170 172 172 172 173 172 172 173 176 176 175 174 174 174 175 176 179 181 181 181 180 179 179 179 180 180 181 181 181 182 182 182 183 184 185 186 188 190 191 190 190 190 189 189 190 191 188 192 195 197 197 198 198 198 199 199 199 199 201 203 206 208 209 210 210 209 207 206 205 205 205 205 206 205 205 205 205 205 204 204 205 205 205 205 207 209 209 211 211 212 212 213 213 214 213 213 215 219 221 222 222 221 218 221 224 225 226 226 225 225 225 225 224 223 221 216 218 221 221 222 223 225 226 227 229 229 231 232 235 238 241 245 249 253 264 275 275 276 286 287 287 269 278 293 304 313 318 316 318 319 317 310 300 295 296 296 299 309 321 326 330 339 343 350 358 372 390 417 432 432 432 434 434 433 433 431 429 427 424 423 420 419 417 415 414 412 413 413 412 410 410 409 409 408 408 406 404 403 404 404 403 401 400 398 396 397 396 395 393 392 389 387 384 385 386 386 386 384 382 378 378 378 378 378 378 377 376 376 375 373 363 368 373 372 371 370 368 368 368 367 366 363 360 350 353 359 359 358 356 354 351 350 347 342 341 345 346 345 343 342 340 337 332 322 322 334 337 336 332 324 327 334 335 335 333 334 334 335 334 333 330 321 316 326 329 331 330 328 327 322 325 326 327 327 326 324 321 317 314 311 308 305 303 298 292 280 269 239 222 230 248 230 222 217 216 221 235 237 217 202 201 201 200 202 206 227 247 267 272 272 272 271 268 266 265 262 260 257 255 252 249
163 164 164 164 164 165 165 164 164 164 164 165 166 167 167 167 167 167 167 167 168 169 170 169 169 169 169 170 171 172 172 172 172 172 172 173 174 174 175 175 176 177 177 177 178 178 178 177 176 175 172 169 168 169 169 171 172 172 172 170 171 172 172 172 172 172 173 174 175 175 174 174 175 175 177 179 181 181 181 180 179 179 179 180 181 181 181 181 181 181 181 182 183 184 186 188 190 190 190 189 190 190 185 190 189 191 194 196 197 198 199 199 199 200 201 201 200 200 203 204 206 208 208 210 209 209 208 207 206 206 206 206 206 206 205 205 205 205 205 206 206 206 206 208 210 211 212 213 213 213 214 214 214 214 214 215 218 221 223 223 222 219 222 225 226 227 227 227 227 227 226 226 224 223 217 222 223 223 223 224 225 226 227 228 229 231 232 234 236 240 244 249 252 264 278 280 273 285 284 280 269 287 305 314 306 296 294 293 294 295 298 298 299 301 302 308 315 329 335 342 348 352 356 369 385 416 434 433 433 434 434 433 433 432 431 429 427 425 422 420 417 415 414 412 411 410 410 409 406 408 406 406 406 406 404 401 400 401 402 401 399 397 396 394 394 393 392 391 390 389 387 385 381 383 384 383 382 381 378 374 374 375 376 376 375 374 374 373 371 364 363 370 371 369 368 367 367 366 366 365 363 360 352 344 356 359 357 356 354 352 350 347 342 336 343 345 344 343 342 340 338 334 329 315 329 335 335 331 324 321 330 333 333 331 331 332 333 332 331 327 321 311 321 326 327 328 327 326 322 317 322 323 323 321 320 318 314 311 307 303 298 290 281 281 273 259 234 220 225 246 247 234 226 214 210 207 206 203 201 201 201 201 203 217 240 254 267 272 271 270 268 266 265 263 261 259 256 253 250 247
164 165 164 164 164 164 164 164 164 164 165 165 167 167 166 166 166 166 167 168 169 170 171 171 170 170 170 171 171 172 172 173 173 173 173 173 174 175 175 176 177 177 177 178 178 179 178 177 176 175 171 168 169 170 170 171 171 173 170 170 170 170 171 172 172 172 173 174 174 174 174 174 175 175 177 179 181 181 181 180 180 179 179 180 180 180 180 180 180 180 180 180 182 183 185 186 187 188 188 188 186 189 189 188 190 193 194 197 198 199 199 200 200 201 202 202 201 201 201 202 204 206 207 209 210 209 208 207 207 207 208 207 207 206 205 205 205 205 206 207 207 206 206 209 212 213 213 215 215 216 216 216 215 215 215 217 219 221 223 224 224 221 222 224 227 228 229 229 228 228 228 228 226 223 218 222 224 225 225 224 225 226 227 228 230 231 233 235 238 244 247 249 254 275 284 286 275 281 280 272 276 294 307 303 290 289 289 289 289 290 297 302 304 308 311 318 327 338 347 351 356 361 373 386 404 436 436 435 435 435 435 434 432 432 430 428 426 424 422 419 417 414 412 411 407 405 408 407 400 399 399 400 404 403 399 398 396 399 400 400 399 397 395 393 391 391 390 389 390 389 387 385 383 379 381 381 381 379 377 374 371 372 373 373 373 372 371 371 369 363 358 367 368 368 366 364 365 365 364 364 362 360 355 341 351 356 356 355 353 351 350 348 344 338 337 342 343 342 341 339 338 335 331 320 319 332 333 332 325 312 326 331 332 330 328 330 330 330 329 327 322 314 309 321 324 326 326 325 322 314 313 318 318 317 316 314 311 308 302 294 283 279 274 266 259 246 230 217 214 223 227 223 220 210 206 204 203 201 201 201 202 203 214 230 246 258 270 271 270 269 266 265 263 261 259 257 255 252 249 246
164 165 165 164 164 163 163 164 165 164 165 166 166 166 166 166 166 167 168 169 170 172 172 172 170 170 170 171 171 172 173 173 173 173 173 174 175 175 176 176 177 177 178 178 179 179 179 178 176 173 169 170 169 169 171 172 172 173 173 173 172 172 171 171 172 172 172 173 174 174 173 175 175 176 178 180 180 181 181 180 180 180 180 180 179 179 179 179 178 178 179 179 180 181 183 184 185 186 184 187 188 190 191 190 190 190 190 196 198 199 200 200 201 201 202 203 202 202 202 201 203 205 207 209 210 209 208 207 207 207 208 207 207 206 206 206 205 206 207 208 207 206 207 210 212 213 215 216 216 217 218 217 216 216 216 218 219 221 223 224 224 221 224 225 228 227 228 229 228 229 228 228 226 218 217 222 224 225 225 225 226 226 227 229 231 233 234 237 242 248 250 253 270 284 286 286 274 282 272 270 283 300 305 290 289 289 289 289 289 289 298 305 313 319 322 329 338 348 356 362 367 377 390 409 428 438 438 437 437 436 434 434 432 431 429 428 425 423 420 419 416 414 411 408 406 402 400 398 397 396 394 392 390 387 385 385 388 391 397 399 398 397 395 393 390 388 388 388 389 388 386 385 384 381 377 378 378 376 375 373 371 368 369 370 370 370 369 369 367 361 353 365 365 365 364 362 361 363 362 362 361 359 356 347 341 352 355 353 352 351 350 349 346 341 335 337 340 341 339 338 337 335 331 324 307 326 331 331 326 315 319 328 330 329 326 327 327 327 326 325 322 315 300 313 321 323 324 323 321 315 306 309 314 313 312 310 307 301 292 278 261 256 253 249 240 231 222 213 209 208 206 203 204 203 203 202 202 202 202 203 203 213 227 240 250 264 270 270 269 267 265 263 261 260 258 256 253 250 248 245
165 165 165 165 163 163 164 164 164 165 165 165 165 165 166 166 166 167 169 171 172 173 172 171 171 170 170 171 172 172 173 173 174 173 174 175 176 176 177 177 178 178 178 179 180 180 179 178 176 171 169 169 169 169 171 172 172 173 173 173 172 172 172 172 172 172 172 173 173 175 175 179 175 177 178 179 180 181 181 181 180 180 180 178 177 177 177 177 177 177 179 179 179 179 179 180 182 184 186 187 189 190 192 193 194 195 193 193 198 198 199 200 201 202 203 204 204 203 202 202 203 205 207 209 210 208 207 207 207 208 208 207 207 206 206 206 207 207 209 208 207 207 208 210 213 214 216 217 217 218 218 218 217 217 218 219 220 222 223 224 226 222 225 227 228 228 229 229 227 228 228 227 226 221 218 223 224 225 226 225 226 227 228 229 231 233 236 238 244 249 251 262 283 285 284 277 275 283 282 279 293 305 307 289 289 289 289 289 289 296 306 314 325 333 341 345 353 361 369 371 381 396 415 434 440 440 439 439 437 436 434 433 432 431 429 428 425 421 419 417 415 413 410 405 404 406 402 403 405 404 402 400 399 393 386 383 381 385 392 396 397 397 395 393 388 387 387 388 388 386 384 384 383 381 378 375 373 374 373 371 370 368 365 365 366 365 365 365 364 358 347 361 364 363 362 360 359 360 361 361 360 358 356 351 337 345 351 351 350 350 349 348 347 344 339 331 335 338 338 337 336 334 331 326 310 317 328 330 327 318 312 324 328 328 324 323 325 324 323 323 320 317 306 302 315 320 320 320 320 316 309 300 306 309 308 305 299 286 270 258 247 241 238 234 227 218 211 207 204 203 202 202 203 204 203 202 202 202 204 212 219 226 237 246 262 269 271 270 268 266 264 262 260 258 256 254 251 249 246 244
166 165 165 164 164 164 164 164 164 165 165 166 166 166 166 167 167 169 170 172 173 172 171 171 171 170 171 172 172 173 173 174 174 175 175 176 176 177 178 178 178 179 179 180 180 180 179 178 174 170 169 169 169 169 172 172 172 173 173 173 172 172 172 172 172 172 173 173 173 174 176 175 176 177 178 179 179 180 181 181 180 180 179 177 176 176 176 176 177 177 179 179 178 179 179 181 183 185 186 188 189 191 193 194 196 197 196 191 196 198 198 199 200 202 203 205 205 204 203 203 203 205 207 209 209 208 208 208 208 208 207 207 207 206 206 207 208 209 209 208 208 208 210 212 213 215 216 218 218 218 218 218 217 219 220 221 222 222 224 225 226 225 225 228 230 230 229 228 228 227 228 228 226 224 217 222 224 225 226 226 228 229 230 231 233 235 236 239 245 250 252 267 283 285 283 275 280 285 285 281 291 305 308 289 289 289 289 291 302 312 317 330 342 354 361 362 367 373 380 389 406 424 441 442 442 441 441 440 438 436 435 433 431 429 428 427 424 420 417 415 412 409 411 410 407 405 405 408 408 407 406 404 402 400 397 394 393 384 383 393 395 395 394 392 388 384 386 387 387 385 383 381 381 380 378 376 373 369 370 369 369 368 364 361 361 361 361 361 360 356 343 356 361 362 361 359 356 357 358 359 358 357 354 351 344 332 346 349 348 347 347 348 346 344 341 335 327 332 334 335 335 333 331 326 315 298 323 328 326 320 305 318 324 326 324 320 322 321 321 320 319 316 310 293 302 312 316 317 317 315 310 302 294 302 303 299 289 269 251 243 236 230 226 221 211 204 203 203 203 203 202 203 203 202 202 202 202 209 219 229 235 242 251 261 269 272 271 269 267 265 263 260 258 256 254 252 250 247 245 242
166 165 165 165 165 164 165 164 164 165 166 166 167 167 167 167 168 170 171 174 174 173 172 171 171 171 171 172 173 174 174 175 175 176 176 177 177 178 178 178 179 179 179 180 180 179 178 176 171 170 169 169 169 170 172 172 173 172 173 172 172 172 172 172 172 172 172 173 174 175 175 176 177 177 178 179 179 180 180 180 179 178 177 176 175 175 176 176 176 177 177 177 177 178 180 182 184 185 187 188 190 192 194 195 197 197 198 196 192 197 198 198 200 201 203 205 205 205 204 204 203 204 207 209 209 208 208 208 208 208 207 207 206 206 207 208 208 210 209 209 209 209 212 214 215 215 217 218 219 218 218 219 219 221 224 224 225 225 226 227 228 228 226 228 231 232 231 229 229 228 228 228 227 224 218 221 225 226 227 228 230 231 232 234 236 237 237 240 246 251 255 266 282 283 282 273 282 286 285 282 284 300 311 295 289 289 292 297 314 330 342 349 359 365 363 365 379 394 409 419 433 443 444 444 444 443 442 441 439 437 435 433 431 429 428 427 423 420 416 414 412 412 413 412 411 408 408 410 409 408 406 405 403 401 399 397 394 392 376 381 390 391 392 391 388 383 384 386 386 384 382 381 379 378 377 376 373 371 368 365 366 366 365 361 358 355 356 357 356 353 343 350 357 359 358 356 353 354 355 356 355 354 353 350 346 333 339 345 345 346 346 346 345 344 342 339 332 325 327 331 332 331 329 326 318 285 312 326 325 321 309 306 320 323 323 319 318 319 318 317 317 314 311 305 284 301 312 313 313 313 310 304 290 288 295 290 272 252 241 233 226 220 216 207 205 205 205 204 203 203 203 203 204 204 208 209 218 228 238 245 250 258 264 269 272 273 272 270 267 265 263 260 256 254 252 250 248 245 243 240
166 166 166 165 165 165 165 165 166 167 167 167 168 168 168 169 171 172 174 176 175 173 172 172 172 171 172 173 173 174 175 175 176 177 177 178 178 179 178 178 179 179 179 180 179 179 178 175 171 170 169 169 169 172 172 172 173 173 172 172 172 172 172 172 172 172 172 173 174 174 175 177 178 177 177 178 179 179 179 179 178 177 176 176 175 176 176 176 177 177 177 177 177 179 181 182 184 186 187 189 191 193 195 197 197 198 198 197 193 194 197 198 199 200 202 203 204 205 205 204 204 204 205 206 207 207 208 208 208 208 207 207 207 207 208 208 210 211 211 210 209 210 213 215 216 217 219 220 220 221 222 222 222 225 226 227 229 230 231 232 231 230 229 227 233 235 232 230 230 229 228 229 227 225 219 221 224 228 229 230 232 234 234 236 237 237 238 240 244 250 252 262 275 278 279 274 281 284 284 283 282 293 307 306 293 289 294 301 311 322 339 360 361 365 374 388 404 415 436 445 445 445 445 446 446 445 443 442 441 438 436 433 431 430 428 426 424 420 418 417 415 415 415 414 412 410 410 410 409 408 406 404 403 401 400 397 394 391 384 372 379 388 389 389 388 383 378 383 384 382 381 379 377 376 376 375 373 371 369 365 363 363 363 362 359 355 351 352 352 351 343 342 352 355 355 354 352 346 351 352 353 352 351 350 346 338 327 339 342 343 343 343 343 342 341 339 336 331 324 323 328 329 328 326 318 288 301 322 324 320 312 296 311 318 320 319 315 316 316 315 314 313 310 307 300 264 297 305 309 311 304 302 297 274 279 281 261 243 232 222 216 209 206 205 205 205 204 204 204 204 208 213 217 221 227 231 237 247 256 263 267 272 272 273 274 273 271 270 267 264 262 259 256 252 250 246 242 242 240 238
166 166 165 165 165 165 165 165 166 167 168 168 169 169 170 172 173 175 177 177 175 173 173 172 172 172 173 174 174 175 176 176 177 178 178 179 179 179 179 179 179 179 179 179 179 178 176 173 169 170 169 169 170 173 172 172 172 172 173 173 172 172 172 172 172 172 172 174 173 174 175 177 177 177 177 177 178 178 178 177 176 176 176 175 175 175 176 176 177 177 177 177 178 180 181 183 185 186 188 190 192 195 196 197 198 198 198 197 193 195 197 197 199 199 201 202 204 205 205 205 204 204 204 204 206 207 208 208 208 208 207 207 207 207 208 209 211 212 212 211 210 211 215 217 217 219 221 222 224 225 225 225 226 228 229 231 233 234 234 233 232 232 230 230 230 235 235 232 231 231 229 230 228 225 219 223 226 230 231 232 234 234 235 237 239 239 239 240 242 247 252 255 259 266 271 272 277 281 282 282 282 285 302 316 304 295 297 305 309 318 335 356 378 389 404 417 433 449 446 448 448 448 448 448 448 447 446 444 442 440 437 435 432 430 428 426 424 421 421 419 417 417 417 415 413 412 412 411 410 410 407 405 403 402 400 398 395 392 390 382 365 376 386 387 385 382 375 379 382 381 380 378 376 374 374 373 372 371 368 366 362 358 361 360 358 356 352 347 348 349 344 334 349 351 352 351 350 345 347 348 348 349 349 347 345 340 328 328 338 339 341 341 341 340 339 337 336 333 328 322 317 324 326 325 320 287 291 317 322 320 314 300 300 309 315 316 313 313 314 313 310 310 309 306 301 280 260 288 302 306 306 301 297 281 247 257 247 234 224 206 205 205 205 206 205 204 203 207 218 221 225 229 232 239 245 252 258 266 272 277 278 277 277 276 274 273 270 268 266 263 261 258 255 252 249 242 235 233 233 233
166 165 165 165 165 165 165 165 166 167 168 169 170 170 171 173 175 177 177 176 175 174 173 172 172 173 174 175 175 175 176 177 178 178 179 179 180 180 180 179 180 180 179 179 179 178 175 171 170 170 169 173 172 173 173 173 173 172 172 172 172 172 173 173 172 172 172 174 173 174 175 176 176 176 176 177 177 177 177 176 175 175 175 175 175 175 175 176 176 176 177 177 179 181 182 184 186 187 189 191 193 196 197 198 198 198 198 196 195 198 196 198 198 199 200 201 203 204 205 204 203 203 203 204 205 207 208 208 208 208 207 207 206 207 208 210 212 213 212 212 211 213 216 217 218 221 223 225 227 227 227 228 230 231 232 234 235 236 237 235 233 234 233 234 230 231 233 233 233 234 233 232 230 226 221 225 228 229 231 232 234 234 237 238 238 238 240 241 242 244 248 250 253 260 266 268 272 277 280 281 282 283 294 310 315 304 300 311 312 321 333 350 373 403 442 445 444 448 449 449 450 450 450 450 450 449 448 446 444 441 440 437 435 432 430 428 426 424 423 421 420 419 418 416 415 414 413 412 412 410 409 406 404 401 400 399 396 393 389 383 374 354 368 380 384 380 375 369 377 379 378 377 375 373 372 371 370 369 367 365 363 359 355 357 357 355 352 348 343 345 343 331 342 347 348 349 347 344 342 343 345 346 345 344 342 339 333 319 329 335 338 338 339 338 337 335 335 333 330 326 319 313 321 322 318 287 283 309 321 320 316 306 290 291 305 312 312 308 312 311 308 307 307 304 301 294 264 257 280 298 302 297 296 284 260 232 231 227 215 206 206 206 205 205 205 202 219 232 236 239 243 247 252 258 264 270 277 282 282 282 280 278 276 275 274 271 268 266 264 259 253 249 245 241 238 233 228 225 223 222
166 165 165 165 165 165 166 166 167 168 170 170 170 170 172 174 175 176 176 175 174 173 173 172 172 173 174 175 175 176 177 178 179 179 179 180 180 181 180 180 180 179 179 179 178 177 174 170 170 170 170 173 173 173 173 173 172 172 172 172 172 173 173 173 173 173 174 173 173 173 174 175 175 174 175 176 176 176 175 175 175 175 175 175 175 175 175 175 176 176 177 178 179 181 183 185 187 188 190 192 195 197 198 199 199 198 195 194 197 198 198 198 199 199 199 201 202 203 204 204 203 203 203 204 205 206 207 208 208 208 207 207 207 208 209 210 212 213 213 213 213 214 217 219 221 223 225 228 230 230 230 232 234 236 237 238 238 238 239 238 236 236 235 235 232 231 233 233 236 240 237 233 231 222 222 229 230 230 232 234 237 236 238 237 238 238 239 241 242 244 246 248 251 255 261 265 268 270 275 279 281 281 287 301 309 306 301 309 313 323 337 354 369 389 449 448 447 449 451 451 452 453 453 452 452 450 449 447 446 444 442 439 437 435 432 430 428 426 425 424 423 421 421 419 416 416 415 414 413 411 409 406 405 403 401 398 396 393 389 383 377 364 353 356 368 376 374 357 357 368 374 374 374 373 371 369 369 367 365 364 362 359 355 352 356 355 353 350 345 338 338 321 331 342 345 346 344 342 337 340 342 343 342 340 338 336 333 328 323 330 334 336 336 335 334 333 333 332 330 327 322 315 309 317 316 287 276 302 319 320 317 312 301 284 284 302 307 301 309 309 307 305 304 302 300 297 272 238 257 283 295 295 295 286 269 244 229 219 208 206 206 206 206 206 210 230 247 252 258 259 262 267 271 277 283 283 284 283 283 281 279 277 276 273 272 270 267 265 260 251 244 239 239 234 232 237 237 237 235 232
165 165 165 165 166 166 167 168 169 171 171 172 172 171 173 174 175 175 174 174 173 172 172 172 172 173 175 176 176 177 178 179 179 180 180 181 181 181 180 179 179 179 178 178 178 176 173 168 170 170 171 172 173 174 173 173 173 173 172 172 173 173 173 173 173 174 173 173 173 174 174 174 174 174 175 175 175 175 175 175 175 175 175 175 175 175 175 176 176 177 177 178 180 182 184 186 188 190 192 194 196 198 199 199 198 196 195 197 198 199 199 198 198 198 199 200 202 203 205 205 204 204 204 204 205 206 207 207 208 208 207 208 208 208 210 211 212 213 214 214 216 216 217 221 224 226 228 230 233 233 234 236 238 241 242 242 240 240 240 240 239 238 238 237 234 232 232 233 235 237 236 235 234 224 222 231 232 231 235 236 236 236 237 237 237 238 239 240 241 243 245 249 255 259 263 266 268 270 272 276 278 280 282 288 292 293 299 306 319 331 343 353 368 385 417 450 450 450 453 454 454 454 454 454 453 452 451 449 448 446 444 442 439 437 435 433 431 429 428 427 425 424 423 420 419 419 417 416 415 413 410 408 405 403 402 399 397 395 392 387 386 383 374 359 343 347 352 342 337 342 346 356 367 370 369 369 366 365 364 362 360 358 356 350 352 354 353 350 348 343 337 323 315 330 340 343 343 341 337 336 338 339 338 337 336 335 332 328 319 325 330 333 332 332 331 330 330 330 329 327 325 320 308 301 309 287 268 298 315 320 318 314 308 292 274 284 303 294 306 307 305 302 300 300 298 296 282 253 237 259 279 290 292 283 268 248 231 216 208 206 206 206 206 206 230 254 268 273 277 278 281 285 285 285 285 284 283 282 281 279 277 275 273 272 269 267 264 260 256 246 246 251 252 250 250 250 248 244 241 236
165 165 165 166 166 167 168 169 172 172 173 173 172 172 173 173 174 174 173 173 173 172 172 173 173 174 175 175 176 178 179 179 180 180 181 181 181 180 180 179 179 178 178 177 177 175 172 169 170 170 170 173 174 174 173 173 173 173 172 172 173 173 173 173 173 174 173 173 174 175 175 175 175 175 175 175 174 174 175 175 175 175 175 174 175 175 175 175 176 177 178 179 181 183 185 188 190 192 193 196 197 199 198 198 197 195 196 198 199 199 199 198 198 199 199 200 201 203 205 206 205 205 205 205 205 206 206 207 208 208 208 208 208 209 210 212 213 214 215 216 217 217 217 221 224 227 230 233 237 238 239 241 242 245 244 242 241 241 241 241 240 239 239 240 239 235 233 233 234 235 235 235 235 229 223 221 226 230 234 233 234 235 235 237 237 238 240 240 241 243 247 251 257 260 265 270 274 275 276 277 277 279 280 279 283 290 299 307 315 331 349 355 366 389 419 452 452 452 453 454 456 456 455 455 454 453 451 450 449 447 445 442 441 439 437 435 434 432 431 429 428 426 425 423 422 421 420 418 417 415 412 410 407 404 403 401 398 396 394 391 389 387 383 378 365 355 349 345 344 338 329 329 341 353 365 367 368 366 363 361 358 355 353 349 348 353 353 351 348 345 341 338 322 308 319 330 340 339 335 332 335 336 334 334 334 332 330 327 322 318 326 328 330 329 328 327 327 327 326 325 323 321 318 299 271 276 267 292 312 317 318 315 310 302 284 266 294 284 302 305 304 301 297 296 297 295 293 268 237 235 254 272 279 276 261 247 230 216 206 206 206 206 206 215 246 269 282 284 286 288 289 288 288 287 285 284 282 281 279 277 275 273 271 268 266 262 258 253 251 249 257 259 259 257 255 252 250 247 243 238
165 165 166 167 168 169 170 172 173 174 174 173 172 172 172 173 173 173 173 173 172 172 173 173 173 174 175 176 177 178 179 180 180 181 181 181 181 181 181 180 179 179 178 177 176 173 171 170 170 169 170 173 174 175 174 173 173 173 173 173 173 173 173 173 174 173 174 175 175 176 176 177 176 176 176 175 175 174 174 175 175 174 175 174 175 175 175 175 177 178 180 181 182 184 186 188 191 193 195 198 198 199 198 197 195 195 197 198 199 199 199 198 199 199 199 199 201 203 205 205 206 206 205 205 205 205 206 207 207 208 209 209 209 210 211 213 215 216 217 217 218 218 219 222 226 230 233 238 242 244 244 246 247 246 245 244 243 243 242 242 242 242 241 243 242 238 238 235 236 236 236 235 232 230 230 225 223 225 230 233 234 235 237 238 238 239 240 241 242 245 249 254 258 260 265 272 276 279 280 280 279 278 277 278 283 292 300 311 322 336 353 363 372 403 454 453 453 453 453 454 456 457 456 456 455 453 452 450 449 447 445 443 442 440 439 437 436 434 433 431 430 428 427 425 424 423 422 420 418 416 413 410 408 407 405 402 399 397 395 392 390 388 386 383 378 375 371 367 364 359 348 335 325 326 338 350 363 366 365 363 360 357 354 350 345 348 350 349 347 344 342 339 336 322 307 306 321 335 335 328 332 334 332 331 331 330 328 326 322 312 317 324 326 326 325 324 324 324 323 323 322 321 319 315 296 277 261 278 298 310 315 315 311 304 290 267 272 280 299 303 302 300 297 291 292 292 291 285 258 229 230 247 261 266 252 239 222 207 207 207 206 207 207 231 259 276 286 288 290 292 291 291 288 287 285 283 281 279 277 275 273 271 270 267 266 263 260 260 253 254 259 261 261 259 257 254 251 248 244 243
165 166 167 168 169 171 173 174 175 175 174 173 172 171 172 173 173 173 173 173 173 173 173 173 174 174 176 177 177 178 179 180 181 181 181 182 182 182 181 180 179 179 179 178 177 174 171 170 170 169 171 174 175 175 173 173 173 173 173 173 173 173 173 175 173 174 174 176 177 178 179 179 179 178 177 176 175 175 174 174 174 174 175 175 175 175 176 177 178 180 181 182 184 185 187 190 192 195 197 199 199 199 198 196 195 196 197 198 199 199 199 199 199 199 199 200 201 203 204 205 205 205 205 205 205 205 206 207 208 209 209 210 210 211 213 215 217 218 219 218 219 218 219 226 229 233 236 245 253 252 250 250 250 248 247 248 246 245 244 244 244 242 242 243 244 241 241 239 237 237 237 235 232 232 233 232 224 224 229 234 235 236 236 238 239 239 240 242 244 248 253 257 260 264 267 272 277 279 279 279 278 277 276 279 285 294 304 316 329 342 357 364 382 415 449 454 454 454 454 455 456 457 457 456 455 454 452 451 449 447 446 444 443 442 440 439 437 436 434 433 431 429 428 426 425 424 422 421 418 416 413 411 410 408 406 403 400 399 396 394 391 389 387 384 380 376 373 369 367 366 363 355 344 331 319 325 337 348 357 361 360 358 355 352 347 341 346 347 345 343 341 339 336 332 322 307 299 319 331 325 329 331 330 328 328 328 326 324 321 318 308 318 322 323 323 320 320 320 320 320 320 319 317 316 313 294 269 261 279 295 305 312 311 306 296 278 252 276 296 300 300 298 295 290 285 287 288 288 270 250 226 225 236 241 237 216 207 207 207 207 207 207 217 243 269 287 290 292 292 293 291 290 288 287 285 283 280 279 277 275 274 273 272 271 268 266 264 261 251 260 262 263 262 260 258 255 252 250 248 246
166 167 168 170 171 173 175 177 177 175 174 172 172 171 172 173 172 173 173 173 173 174 174 174 174 175 176 177 178 179 180 180 181 181 181 181 182 181 181 180 179 179 179 179 177 172 170 170 170 170 172 174 175 174 174 173 173 173 173 173 173 173 176 173 173 174 176 178 179 181 182 182 181 180 178 176 176 175 175 175 174 175 175 175 175 176 177 178 180 181 182 183 185 187 189 192 194 196 198 200 200 198 197 195 196 197 198 198 198 199 199 198 199 199 199 199 200 202 203 204 204 204 205 205 205 206 207 207 209 210 210 210 211 212 214 216 218 219 220 219 218 219 225 230 234 236 241 248 255 255 254 252 251 249 250 248 249 247 246 245 244 242 241 243 244 243 243 243 238 236 236 235 234 234 234 234 229 227 227 232 234 234 235 237 238 239 241 242 246 250 257 262 265 266 265 270 276 279 279 279 279 276 276 278 289 298 304 319 336 351 365 379 399 421 448 454 454 454 454 455 456 456 457 456 455 454 453 451 449 448 446 444 443 442 441 440 439 437 435 434 432 430 429 427 426 424 422 422 420 417 415 413 411 409 406 404 402 400 398 395 392 389 387 384 381 378 376 372 370 368 366 363 360 353 339 324 315 323 335 346 358 358 357 354 350 343 338 342 343 341 340 338 335 333 330 322 304 297 318 322 322 326 328 326 325 325 324 323 320 317 310 309 318 320 320 318 316 317 317 317 317 317 316 315 313 309 286 264 257 272 288 300 309 306 299 285 259 262 285 295 297 294 291 288 282 279 284 283 277 266 245 225 216 217 210 207 207 207 207 207 208 209 229 252 274 288 291 293 294 293 292 290 288 287 284 283 281 280 279 278 276 276 274 272 269 267 266 260 256 263 264 264 263 261 259 256 254 252 251 249
167 168 169 171 173 175 177 179 177 175 173 172 172 172 172 172 173 173 173 173 174 174 174 174 175 175 177 177 178 179 180 181 181 182 182 182 182 181 180 180 180 179 179 179 177 171 171 170 171 171 174 175 175 174 174 174 174 174 173 173 173 174 175 173 174 175 177 179 181 183 184 184 183 181 180 178 177 177 176 175 175 175 176 176 176 178 180 181 181 182 183 185 187 189 192 194 197 198 200 200 199 198 196 195 196 197 198 198 199 198 198 198 199 199 199 199 200 201 202 204 204 204 205 205 205 206 207 208 209 210 211 211 213 214 216 218 219 220 219 219 222 227 231 235 239 242 245 250 256 255 253 252 251 251 250 250 251 249 246 245 243 242 242 242 243 243 245 245 243 238 236 235 236 234 234 230 236 237 228 227 233 234 235 236 237 239 241 244 248 256 265 270 272 273 270 271 275 278 279 279 281 277 275 278 291 297 306 323 341 358 372 384 416 438 452 453 454 454 453 455 456 456 456 456 455 454 453 451 450 448 446 445 443 442 441 440 438 437 436 434 433 432 429 428 426 424 423 421 419 418 416 414 412 410 408 405 403 401 399 396 393 390 388 386 383 381 379 376 373 371 369 366 363 360 359 344 327 312 314 321 333 347 356 354 352 348 341 335 337 337 336 334 332 331 329 324 317 295 300 313 309 321 324 324 321 321 320 319 319 316 311 299 311 316 317 316 314 314 314 314 314 314 314 314 313 312 304 283 264 253 268 283 300 304 300 290 265 249 274 289 291 289 286 282 279 269 271 274 270 261 252 237 210 207 208 208 208 208 207 207 209 220 240 261 274 290 293 294 294 292 291 290 288 287 286 284 283 281 280 279 278 277 275 272 270 269 267 258 262 265 266 266 264 262 260 258 256 254 252 250
168 169 171 172 174 177 180 179 177 174 173 172 172 172 172 172 172 172 173 173 174 175 175 176 176 176 177 177 178 180 180 181 182 182 182 183 183 183 182 181 180 180 180 180 176 171 170 170 169 173 174 175 176 176 175 174 174 174 174 174 173 178 173 174 174 175 177 180 182 184 185 185 184 182 181 180 180 179 178 178 178 178 177 178 178 179 181 181 181 183 185 187 189 192 194 196 198 199 200 199 198 196 195 195 196 197 197 198 199 198 198 199 199 199 199 200 200 201 203 204 204 204 205 205 205 207 208 209 210 211 211 213 214 216 217 220 221 221 220 224 227 232 235 240 245 247 250 253 257 255 254 253 252 252 251 252 251 249 246 245 243 243 243 242 242 244 246 247 245 241 237 234 237 235 232 230 235 239 232 228 229 233 235 235 238 240 241 244 250 257 268 274 276 278 277 275 276 277 278 280 283 280 276 278 289 295 309 327 344 362 378 392 420 447 451 452 454 454 453 455 457 457 457 456 455 454 452 451 449 448 447 445 443 442 441 439 438 436 435 434 433 432 430 429 427 424 422 421 419 417 416 414 412 410 408 406 404 401 399 396 395 392 390 388 386 383 381 378 375 374 371 369 366 363 361 358 350 336 323 309 311 325 342 354 352 349 346 341 335 330 326 325 323 322 321 319 317 305 287 289 292 309 319 320 317 316 316 315 315 314 310 297 299 313 315 313 312 311 310 311 311 311 312 312 311 311 309 301 280 259 251 269 284 298 299 291 268 244 262 278 284 282 278 273 269 258 258 261 259 248 231 214 208 208 209 208 208 208 207 211 217 229 249 268 280 291 294 295 294 293 292 290 289 288 286 285 284 283 281 280 278 278 274 272 272 270 265 261 267 268 269 268 266 264 262 260 258 256 254 252
170 171 173 174 177 180 181 179 176 174 173 172 172 172 172 173 173 173 174 174 174 175 176 176 177 177 177 177 179 180 181 181 182 183 183 183 184 184 183 182 181 181 181 180 175 172 170 171 170 173 175 176 176 177 176 175 174 173 174 174 179 174 174 174 175 177 179 180 183 184 185 186 185 184 183 182 182 181 182 181 181 181 181 181 178 180 180 181 182 183 186 188 191 193 195 198 199 201 201 199 198 196 196 196 197 197 197 198 198 198 198 199 199 199 200 200 201 202 203 204 204 204 204 205 206 207 208 209 210 211 213 214 215 217 219 221 221 219 223 229 233 237 242 247 251 252 255 258 257 256 255 254 253 253 254 255 252 248 245 244 243 244 245 245 245 245 246 247 247 245 240 237 238 235 232 232 234 238 234 232 229 231 234 235 237 239 241 245 250 256 267 275 279 282 280 278 278 278 279 282 287 288 279 277 286 295 313 330 348 366 383 399 421 436 448 450 451 452 453 454 455 457 457 457 456 454 453 451 449 448 446 445 444 442 440 439 437 436 434 433 432 431 429 428 427 424 422 420 418 416 415 413 411 409 407 405 403 401 398 395 394 392 390 388 386 384 381 379 377 374 371 369 367 364 361 359 357 353 346 330 314 307 322 339 350 349 346 344 340 337 334 330 326 322 319 310 300 295 289 284 281 283 300 316 314 313 312 312 313 312 309 301 287 307 314 313 312 310 308 308 308 309 310 310 309 309 308 306 296 275 255 252 267 282 292 291 275 251 247 263 273 274 270 261 254 241 239 238 229 216 209 207 207 208 209 208 208 208 208 217 225 238 256 272 287 292 295 295 294 293 292 291 290 288 287 286 284 283 282 280 279 277 276 275 274 269 261 269 270 271 270 269 268 266 264 262 260 258 255 253
172 173 174 176 179 181 180 177 175 174 173 172 172 173 173 172 173 174 174 175 175 176 176 177 177 177 177 178 180 180 181 182 183 183 183 184 184 184 183 183 182 181 180 179 174 172 171 170 171 173 175 176 175 175 174 174 173 173 173 176 177 175 175 175 176 179 180 182 183 184 185 185 186 185 185 184 184 184 185 184 184 184 182 179 177 179 179 181 182 184 187 190 192 194 196 199 200 201 200 199 197 196 196 196 196 197 198 198 197 198 198 198 199 199 200 200 201 202 203 203 203 204 204 205 206 208 209 210 211 213 214 215 217 219 221 223 222 221 226 232 237 244 248 255 259 257 260 260 258 258 257 257 256 255 256 256 252 247 244 243 244 246 247 247 246 244 243 244 245 245 242 235 235 233 233 234 234 236 236 235 231 232 235 235 238 239 241 246 250 254 265 276 279 283 283 283 282 281 281 285 294 296 286 275 283 297 315 333 350 367 385 402 411 423 435 445 449 450 452 453 454 455 456 456 456 454 453 450 450 449 447 445 443 441 439 438 436 434 433 432 430 430 428 427 425 424 421 419 417 415 414 411 409 407 404 402 401 399 396 395 393 391 389 387 386 384 382 380 377 374 371 368 367 364 362 359 355 353 350 346 332 312 302 319 338 346 346 344 342 339 336 333 330 328 324 322 320 315 313 308 293 278 280 295 313 313 312 310 309 309 307 302 282 295 311 311 311 310 307 303 303 306 307 307 308 308 306 305 302 290 270 252 251 263 274 283 283 264 240 244 254 258 253 246 239 232 224 209 208 208 208 208 209 209 209 208 209 209 216 222 231 246 263 274 288 293 296 296 295 294 293 292 290 289 288 286 285 283 282 281 279 278 277 276 273 266 268 272 273 272 272 271 269 267 265 262 261 259 256 253
175 176 177 179 182 181 178 176 175 174 173 173 173 173 172 172 172 173 174 174 175 176 177 177 177 177 177 179 181 181 182 183 184 184 184 184 184 184 183 183 182 182 181 177 173 171 171 171 171 173 175 178 178 177 176 174 172 173 176 180 177 177 176 176 178 180 182 184 183 184 184 185 186 186 186 186 186 187 187 186 186 184 181 177 177 177 179 181 183 186 188 190 192 195 198 199 201 201 200 198 197 196 196 197 197 196 197 197 198 198 198 199 199 200 200 200 201 202 203 202 203 203 204 205 206 208 209 211 212 214 215 216 218 220 222 223 221 223 232 237 244 251 256 264 265 264 265 261 260 261 261 260 259 257 255 254 251 247 245 244 246 249 248 247 245 242 241 240 242 243 239 240 239 236 235 235 236 234 235 237 232 230 231 236 240 242 243 246 250 253 261 274 279 284 288 291 291 285 284 292 301 298 287 273 280 293 309 325 342 359 376 385 396 408 420 432 442 447 449 451 452 453 453 454 455 454 452 449 448 447 447 446 444 443 440 438 436 433 432 431 428 427 426 425 423 422 420 418 416 414 413 411 408 404 402 399 397 396 395 394 392 389 387 387 385 383 381 379 376 374 371 368 365 362 360 357 354 352 349 347 343 327 307 301 316 330 342 341 340 338 336 334 331 329 326 324 321 319 318 314 310 293 276 274 293 311 311 310 308 306 304 300 285 287 308 308 308 308 307 305 298 301 304 306 307 306 305 303 301 297 285 268 248 246 255 264 274 271 252 238 234 237 235 230 229 224 215 210 210 210 210 209 210 209 209 208 210 214 220 226 237 251 267 280 291 294 296 296 295 294 293 292 291 289 288 286 285 284 282 281 280 279 277 275 268 268 272 274 275 273 273 272 270 268 265 263 261 259 255 250
179 180 180 181 181 178 177 175 174 173 173 173 173 172 173 172 172 173 174 174 175 177 178 178 178 177 178 180 181 182 183 184 184 185 185 185 185 184 184 183 182 181 180 177 173 171 171 171 170 172 177 178 178 178 176 173 172 173 181 177 178 179 177 177 179 182 184 185 184 184 185 186 186 186 187 188 189 188 188 186 185 183 180 178 177 177 179 180 183 187 189 191 193 196 199 201 201 200 198 197 196 196 196 197 197 197 197 197 198 198 199 199 200 200 201 200 202 202 202 202 203 204 205 206 206 208 210 211 213 214 216 217 219 221 223 224 221 227 237 245 251 259 264 267 268 268 265 263 263 263 263 267 265 258 255 252 249 246 245 247 248 248 245 244 242 240 240 241 240 238 241 243 242 241 239 239 242 239 238 238 236 233 232 232 234 241 245 247 249 252 262 274 280 285 291 302 301 291 287 297 302 290 281 270 278 289 304 320 336 352 368 374 380 392 404 416 429 441 446 449 451 452 452 452 453 453 452 450 449 447 447 446 445 443 442 439 437 434 431 429 429 427 424 422 421 420 418 416 413 410 410 409 407 403 397 394 392 390 390 388 389 388 387 385 383 381 379 378 376 374 371 368 365 363 359 357 353 350 346 344 340 333 316 301 294 307 320 330 336 336 335 334 332 329 327 325 323 321 318 316 314 309 294 276 273 294 310 309 307 304 302 299 282 282 306 304 304 304 304 303 299 291 301 304 306 307 305 303 301 298 294 284 262 247 239 246 256 268 265 252 240 231 227 225 223 221 216 210 210 210 210 210 210 210 209 210 215 225 228 227 240 259 274 284 292 295 296 296 296 295 294 293 291 289 288 286 285 283 282 281 280 279 276 272 269 273 274 275 275 275 274 272 270 268 265 263 261 256 251 250
182 182 182 180 179 176 175 174 173 173 173 173 173 173 173 173 173 173 174 175 176 177 178 179 179 179 179 180 182 183 184 185 185 186 186 186 186 185 184 183 182 182 179 175 173 171 171 171 171 173 176 178 178 177 175 172 173 181 176 177 178 179 178 178 181 183 186 187 185 185 186 186 187 187 188 189 189 188 187 185 184 181 178 178 177 178 179 181 184 187 190 192 194 198 199 201 202 200 198 197 196 196 196 196 197 197 197 198 198 199 199 199 200 201 202 202 201 202 202 203 203 204 205 206 207 209 211 212 213 215 217 218 220 222 224 223 222 234 244 253 259 264 268 269 268 268 266 264 264 264 264 264 262 258 254 250 247 246 245 245 245 245 244 242 241 240 240 241 241 241 242 244 243 244 245 244 243 243 239 241 242 240 235 235 233 234 237 239 241 247 258 274 280 284 291 303 303 295 287 294 295 282 273 267 277 286 299 315 331 345 359 364 368 376 388 402 415 428 441 446 449 451 451 451 452 453 452 451 449 448 446 445 445 443 441 440 438 435 432 430 426 426 425 423 420 417 414 412 409 407 405 402 399 397 397 396 393 390 387 384 383 382 381 380 381 379 378 377 375 373 371 369 366 364 361 358 354 351 348 344 341 339 335 319 301 291 298 308 316 326 331 331 330 329 327 325 323 321 318 316 314 311 305 288 267 277 298 307 307 304 300 287 273 282 302 301 300 300 300 299 296 281 295 302 305 306 306 303 302 298 296 292 283 270 252 237 239 246 255 259 252 241 233 227 224 222 220 210 211 210 210 210 210 210 210 216 230 241 245 242 234 258 275 284 291 293 295 296 296 295 294 293 291 289 288 286 285 283 281 279 278 277 275 271 275 275 275 275 275 275 274 272 270 268 265 261 257 256 258 257
182 182 181 178 176 174 174 174 173 173 173 173 172 173 173 173 173 173 174 175 176 177 178 179 179 180 181 182 183 184 185 186 186 186 187 187 186 186 185 184 183 181 178 174 174 172 171 171 172 174 176 175 174 173 173 173 180 179 177 177 179 180 179 179 182 184 186 188 187 186 187 188 188 188 188 189 188 187 186 184 182 180 179 178 178 179 180 182 185 188 191 194 196 199 201 203 202 200 198 197 197 196 196 196 197 197 199 200 201 202 202 201 202 203 203 203 203 203 202 203 203 204 205 206 208 210 211 212 214 216 218 220 221 223 225 225 232 242 251 259 265 268 270 271 270 269 267 266 266 264 262 261 259 255 253 249 248 247 246 244 243 243 242 242 240 241 241 243 244 243 243 243 244 246 247 246 243 242 239 241 243 244 240 232 240 237 237 237 238 241 251 270 280 283 288 299 301 296 286 289 289 275 266 263 274 284 294 309 322 334 346 355 359 364 377 390 403 416 430 441 445 448 451 452 453 453 453 451 449 448 446 444 443 443 441 439 437 434 432 429 427 425 423 422 421 419 416 414 412 410 407 402 405 406 403 401 398 396 393 389 385 381 377 375 373 375 375 375 374 373 372 369 367 365 362 359 356 353 350 347 344 342 339 336 320 306 292 288 295 305 317 327 328 327 325 324 322 320 318 316 314 311 308 301 279 265 283 295 305 305 302 295 270 279 288 291 289 285 287 291 290 276 286 298 303 304 304 303 302 300 297 294 289 282 272 259 245 233 234 242 243 238 231 226 223 221 219 209 211 211 210 210 212 211 216 232 247 258 263 259 245 251 273 285 290 293 294 295 295 295 294 292 291 289 288 286 284 282 280 277 276 275 273 273 276 276 275 275 275 275 273 272 269 267 262 260 260 262 262 260
180 179 177 175 174 174 173 173 172 172 172 172 171 172 172 172 173 173 173 174 176 177 178 179 180 181 181 182 183 185 186 187 187 187 188 187 187 186 185 184 183 180 177 174 174 172 171 170 173 175 176 174 174 173 173 177 181 175 176 177 179 180 180 179 182 185 187 189 189 189 189 189 190 189 188 188 187 186 184 183 181 180 179 178 179 180 181 183 186 189 192 196 199 202 204 205 203 200 199 198 197 196 196 197 197 198 200 202 203 203 204 203 203 204 204 204 203 202 203 203 204 205 206 207 208 210 212 214 215 217 219 221 222 223 224 228 240 248 257 264 268 272 274 274 274 272 269 267 265 263 262 260 256 253 251 251 250 249 247 244 244 244 244 242 240 240 242 244 245 246 245 245 246 247 248 247 245 243 240 241 245 246 246 237 242 246 244 243 239 240 246 261 278 281 285 295 294 293 283 282 278 270 262 259 268 278 289 299 310 322 333 343 350 355 366 378 390 406 416 435 442 446 450 450 452 452 452 451 449 448 446 444 441 440 439 438 436 434 431 429 427 423 420 420 420 418 417 415 413 410 406 407 408 407 405 403 400 397 395 391 387 385 381 377 373 369 369 372 373 373 371 369 367 365 362 360 356 353 350 348 345 342 340 337 334 327 315 299 288 284 298 313 324 325 324 322 321 319 317 315 313 310 308 304 290 264 266 277 290 303 303 300 280 266 272 273 267 263 265 273 279 266 279 294 300 302 302 302 300 299 297 294 290 285 278 272 261 244 233 227 227 228 226 223 221 219 218 209 209 211 211 211 211 219 234 252 266 274 276 275 259 248 272 284 289 293 294 295 295 294 294 293 291 290 288 286 284 282 281 280 279 277 276 274 276 277 276 275 274 274 272 270 268 264 262 263 267 267 265 263
176 175 173 173 172 172 172 172 171 171 171 171 171 171 171 172 172 173 174 174 176 177 178 180 180 181 182 183 184 186 187 188 188 188 188 187 187 186 185 184 182 179 176 174 173 172 171 172 173 175 175 174 175 174 174 182 174 175 176 177 179 181 181 180 182 185 187 189 191 191 191 191 190 189 187 186 186 185 184 183 182 181 180 179 180 181 182 184 187 190 194 198 202 204 206 205 202 200 199 198 196 195 196 197 198 200 201 201 203 204 204 205 204 205 205 204 203 203 203 204 204 205 207 209 210 211 213 215 216 218 219 221 223 223 228 243 252 255 262 267 271 275 278 282 279 273 270 267 264 263 260 257 255 255 254 253 252 251 249 246 244 246 245 242 240 241 244 245 246 248 248 249 248 248 248 248 248 244 241 241 247 249 247 240 236 246 245 245 244 239 244 252 269 278 282 284 279 277 273 271 269 263 258 253 262 269 277 285 297 311 323 331 340 347 356 365 377 393 409 423 438 444 448 449 452 452 451 451 449 448 446 444 441 438 436 436 434 432 430 428 425 422 420 417 416 415 415 413 410 408 408 409 408 407 405 403 400 398 395 392 389 386 383 380 376 372 367 366 371 373 371 369 367 364 362 359 357 353 350 347 345 341 338 336 335 332 328 323 311 287 280 294 306 317 321 321 319 318 316 314 313 310 308 305 299 282 265 259 274 293 302 301 298 282 271 267 268 266 261 254 257 255 264 276 288 297 300 299 298 296 294 292 288 284 277 272 267 258 241 229 226 224 222 221 219 217 216 214 212 210 211 211 215 238 260 274 283 285 286 283 274 255 273 286 289 292 294 295 295 294 293 293 291 290 290 288 285 284 284 283 281 280 278 277 278 277 276 275 273 271 269 267 266 264 265 268 269 269 269 268
172 172 171 170 170 170 171 171 171 171 171 170 171 170 170 171 172 173 173 174 176 177 179 180 181 182 183 184 186 187 188 188 189 189 188 187 186 185 185 184 181 178 176 174 173 173 172 173 174 175 175 174 175 174 179 180 174 175 176 178 180 183 183 182 182 185 187 189 191 192 193 192 191 189 188 187 186 186 186 185 184 184 182 181 182 183 184 185 189 193 197 200 204 206 206 204 202 199 197 197 196 195 196 197 198 200 202 202 203 204 204 205 205 205 206 206 205 204 204 205 206 208 209 212 213 214 214 216 218 219 220 221 223 228 244 253 259 262 267 270 274 282 287 287 284 280 272 268 264 262 259 257 258 259 258 256 255 253 251 246 245 247 246 243 241 243 246 246 248 249 251 252 252 250 250 250 249 248 244 243 245 249 248 244 236 247 247 247 247 245 241 245 259 275 276 274 267 261 257 255 254 253 253 250 258 265 273 277 286 302 310 318 327 335 344 353 367 381 398 415 431 441 446 449 449 451 451 450 449 448 446 445 442 441 438 436 433 430 428 425 422 423 422 419 417 415 413 413 412 411 411 409 408 407 405 403 400 398 395 393 390 388 384 381 377 374 370 365 367 372 371 370 367 365 362 360 357 354 351 348 344 341 339 336 333 329 326 322 314 305 288 278 287 297 308 317 317 316 315 314 313 311 309 305 302 298 282 265 258 277 298 301 299 297 295 291 289 287 280 270 258 249 246 254 267 280 290 296 294 292 289 285 279 273 266 258 252 244 234 226 223 222 221 220 218 216 214 212 210 210 211 211 223 254 278 287 290 291 291 289 284 270 271 286 290 291 293 294 294 294 294 293 292 291 290 288 288 288 287 285 283 282 280 278 278 278 278 277 275 273 270 268 267 266 269 271 272 273 272 270
170 169 169 169 169 169 170 170 170 170 170 170 170 170 171 171 172 173 173 174 176 178 179 180 181 182 184 185 188 189 189 189 190 190 189 188 186 185 184 182 180 178 176 173 172 172 173 173 174 176 175 175 174 175 181 173 175 175 176 177 181 184 184 184 183 185 187 190 192 193 194 193 192 190 189 187 187 187 187 187 186 185 182 183 184 184 185 187 191 195 199 202 204 205 205 203 200 196 196 195 195 196 197 198 199 201 202 203 203 204 204 205 205 206 206 206 205 204 205 206 207 209 212 214 215 216 217 218 219 221 222 223 227 229 244 255 261 265 267 270 277 287 293 293 288 281 275 270 266 262 258 259 261 262 262 260 258 254 250 246 247 247 245 241 243 246 248 249 250 251 253 255 255 254 253 253 252 249 248 246 245 248 250 243 244 247 248 249 250 250 244 241 252 270 270 258 252 248 246 245 245 245 246 250 251 264 274 276 282 292 298 306 315 325 335 345 359 375 390 407 425 439 444 448 449 447 451 450 449 447 447 445 443 441 439 437 434 432 431 429 426 421 423 421 418 417 415 414 414 412 411 410 408 406 405 402 400 397 394 393 390 388 386 382 379 375 372 366 362 370 372 370 368 366 362 359 357 354 351 348 345 343 341 338 336 333 330 327 324 321 307 288 277 277 287 299 308 314 314 313 311 310 308 306 303 299 292 272 254 267 291 300 300 300 299 297 295 293 289 285 276 266 258 247 246 261 274 285 289 286 281 268 259 251 242 236 232 228 224 221 221 220 219 218 217 215 213 212 210 210 211 211 230 266 289 290 293 293 293 291 288 282 269 286 289 290 291 292 294 295 294 294 294 293 290 290 291 290 288 286 286 284 281 280 280 280 280 280 278 275 273 271 270 270 273 273 275 275 273 272
168 168 168 168 168 169 169 169 170 169 170 170 170 171 171 172 172 173 174 175 176 178 179 181 182 183 185 186 189 190 190 190 190 190 189 187 186 185 183 181 180 178 175 173 173 173 172 174 175 175 175 174 174 174 177 173 175 176 176 177 182 185 185 186 184 184 187 189 190 191 192 192 192 191 189 188 188 188 188 187 187 185 183 184 185 185 187 189 192 196 199 202 204 205 203 200 196 195 196 195 196 196 197 199 200 201 202 203 204 204 205 205 206 206 206 206 206 205 206 206 208 210 212 216 217 218 219 219 222 224 225 227 232 230 234 255 262 262 266 271 280 289 297 299 294 284 276 271 266 262 259 261 265 266 267 264 259 254 248 247 248 247 243 242 246 247 249 251 253 254 255 256 257 257 256 255 254 251 249 249 247 249 251 248 247 251 251 252 253 252 247 241 243 250 247 244 244 244 258 260 255 245 248 256 255 259 270 274 277 283 289 296 304 315 327 341 354 368 385 402 419 437 443 447 450 449 450 449 448 447 445 444 442 441 439 437 436 433 430 429 427 425 423 421 419 417 415 414 413 412 410 409 407 406 404 401 399 397 394 392 389 387 385 383 380 376 372 368 359 366 371 370 368 366 363 360 356 354 352 349 346 343 341 339 337 334 332 329 326 324 322 312 294 278 272 276 288 297 309 309 310 308 307 305 303 299 293 274 252 261 282 292 298 299 299 298 297 296 294 291 287 282 273 262 248 238 253 266 276 274 265 251 238 232 226 223 222 221 220 219 219 218 215 215 214 214 214 213 213 210 211 211 229 265 293 292 294 293 293 292 290 287 285 282 287 290 291 292 294 296 296 296 295 293 292 293 294 292 290 289 289 286 283 283 283 283 283 283 281 279 276 274 274 273 274 276 276 276 275 273
168 168 168 168 168 168 168 168 169 169 170 169 170 171 172 172 173 173 175 176 177 179 180 181 183 184 186 188 189 191 191 191 190 189 188 187 186 185 182 180 179 179 175 173 173 173 173 175 174 174 174 173 174 181 175 173 175 176 176 177 185 186 187 186 186 185 186 188 188 189 190 190 191 190 190 189 188 188 188 187 186 184 184 185 186 188 190 191 194 197 200 203 203 203 201 198 195 195 195 195 196 196 197 199 200 201 202 203 204 204 205 205 206 206 207 207 207 207 206 206 207 210 212 216 218 220 220 222 224 226 229 232 238 234 238 257 258 260 265 271 281 289 298 300 298 287 277 270 266 262 261 267 270 273 274 267 260 252 248 248 247 244 242 244 248 250 251 253 256 256 257 257 258 258 258 256 254 252 251 251 249 250 252 251 243 253 254 254 254 254 252 246 243 242 242 243 247 264 263 258 251 246 251 259 260 257 266 270 273 278 285 293 300 308 323 336 346 361 378 395 413 434 441 445 448 449 450 449 448 447 445 443 442 440 438 437 435 433 431 429 426 424 423 421 419 418 416 414 412 411 409 408 406 404 403 401 399 395 394 391 388 386 383 381 379 376 373 369 359 363 369 369 367 365 363 360 357 354 352 349 346 344 341 339 337 334 332 330 327 326 323 320 317 304 288 271 268 278 286 294 302 305 304 303 302 299 295 279 256 254 268 280 290 295 296 296 296 295 295 294 292 287 282 275 263 247 235 247 256 255 245 234 226 225 223 223 221 220 220 218 219 219 220 217 216 215 215 214 213 210 211 212 226 256 283 293 294 294 294 293 292 290 289 286 289 292 291 292 294 296 297 296 295 294 294 295 295 295 293 293 292 289 286 286 286 286 286 286 284 282 281 278 276 275 276 277 277 278 276 274
168 168 168 168 168 168 168 168 169 169 170 170 171 172 172 173 173 175 176 178 178 179 180 182 183 184 186 189 191 191 191 191 190 188 187 186 186 184 182 180 179 178 175 173 172 174 172 173 174 173 174 173 179 178 175 176 175 176 177 180 186 187 188 188 188 187 186 187 187 187 188 188 189 189 189 189 189 189 188 187 185 183 185 187 190 191 193 194 195 198 201 203 203 201 198 195 194 195 195 195 196 196 197 198 200 201 202 203 205 204 205 206 207 207 207 208 208 207 206 207 208 209 212 216 219 221 222 224 226 229 232 235 240 239 249 255 256 258 263 270 279 291 301 303 300 288 278 272 268 261 266 271 276 281 276 265 258 251 250 249 246 243 245 248 249 252 254 257 260 260 260 260 259 259 258 256 255 253 252 251 250 251 252 251 241 252 254 255 255 255 255 254 252 248 246 250 263 262 258 252 245 247 255 261 260 260 265 270 273 278 287 297 303 309 318 330 342 358 373 389 407 428 439 444 448 449 450 450 449 447 446 443 441 439 437 435 433 431 430 428 426 424 422 420 419 417 415 414 412 410 408 406 405 403 401 399 397 395 393 390 388 385 382 380 377 373 370 367 360 356 368 368 366 364 362 360 357 354 352 349 346 344 341 339 337 334 332 330 328 325 323 320 317 315 311 296 282 268 267 274 284 299 301 300 299 299 296 289 267 248 251 263 279 287 290 289 288 287 287 288 288 286 284 280 274 260 240 232 234 235 232 226 226 224 223 223 221 223 231 239 241 251 256 249 237 228 221 216 211 211 212 212 213 245 264 281 294 295 294 294 293 293 291 290 291 292 293 294 296 297 298 297 296 296 296 297 297 296 295 296 294 291 289 291 290 289 289 288 287 285 284 282 280 279 278 279 279 278 277 275
167 167 167 168 168 168 168 168 169 169 170 171 171 173 173 174 175 177 179 181 180 180 181 182 183 185 188 190 192 192 191 190 189 188 187 186 185 184 181 181 180 178 174 173 174 173 172 173 173 173 174 174 179 179 178 175 178 180 179 183 186 187 189 189 189 189 188 187 187 187 187 187 188 188 189 189 189 189 188 187 184 185 188 190 193 194 195 195 196 199 202 202 200 198 196 195 195 195 196 196 196 197 197 198 200 202 203 204 205 206 206 207 207 208 208 208 209 208 207 207 208 209 211 215 217 220 222 225 228 230 232 238 241 242 249 253 254 258 261 270 278 294 302 307 302 288 277 274 268 265 270 276 282 280 272 263 257 252 251 250 246 245 247 249 251 254 257 261 265 267 265 263 261 260 259 258 256 254 252 251 250 251 253 250 242 252 255 254 254 254 255 255 254 256 259 264 262 259 252 247 247 254 259 265 264 262 267 271 273 277 286 297 305 314 320 330 341 356 371 386 404 426 439 443 447 450 450 450 449 448 446 444 441 439 437 435 432 429 427 426 424 422 421 418 417 415 414 413 411 409 406 404 402 401 400 398 396 393 391 389 388 386 383 380 377 374 371 367 363 352 361 366 365 363 361 358 356 353 350 348 345 342 340 338 336 334 332 330 328 325 322 319 316 314 312 308 301 279 266 263 268 280 289 294 296 295 295 294 285 266 249 247 258 266 270 269 267 266 266 266 269 271 269 267 264 257 237 230 230 229 228 227 227 231 227 223 224 243 262 270 273 282 287 278 260 242 231 223 213 212 212 212 212 229 253 273 295 296 295 295 294 294 293 292 293 294 295 297 299 299 300 299 298 298 299 299 298 298 298 298 295 293 293 294 294 294 293 291 290 288 287 285 284 283 282 281 280 279 278 275
168 168 168 167 168 168 168 168 169 169 171 171 172 173 175 176 178 180 182 183 182 182 182 183 183 186 190 192 193 192 191 189 188 187 186 185 185 183 181 181 180 178 175 175 173 173 174 174 173 174 174 174 178 176 175 177 182 184 182 183 185 186 188 189 190 190 190 189 188 187 187 187 187 188 188 189 190 190 188 186 186 187 190 193 196 196 196 197 198 200 202 200 198 196 195 194 195 195 196 196 197 197 198 199 201 202 203 204 205 206 207 207 208 209 209 209 209 209 208 209 209 210 212 214 217 219 221 224 227 231 236 238 243 248 251 251 252 256 262 274 284 295 305 306 300 287 278 272 267 271 276 282 286 282 270 264 256 255 254 253 248 249 250 251 253 256 260 266 271 274 269 266 264 262 259 259 257 255 253 251 250 251 252 244 246 252 255 253 253 254 254 255 259 261 264 264 261 255 249 249 253 258 263 268 267 265 271 274 278 279 292 303 319 328 329 335 342 354 370 385 403 426 440 444 448 450 451 450 449 448 447 444 442 440 438 437 433 431 428 425 423 420 418 416 414 412 410 409 409 407 405 403 399 397 397 395 394 392 389 388 386 385 383 380 379 376 374 371 367 358 350 362 364 361 359 357 355 352 349 347 345 342 340 338 336 333 331 329 327 324 321 317 314 312 309 305 288 278 284 268 260 260 269 276 284 288 290 290 288 281 264 245 243 242 241 241 240 240 239 239 241 242 242 240 237 235 231 230 229 229 227 234 248 252 234 223 233 255 279 287 290 294 291 285 275 256 241 231 218 212 212 212 212 212 238 263 289 296 296 297 296 296 295 294 295 296 298 300 301 301 301 300 300 301 301 300 300 299 300 300 297 297 297 298 298 297 296 294 293 291 290 289 287 286 285 284 284 283 280 276
168 168 168 168 168 168 168 168 169 170 171 172 174 175 177 179 181 184 185 186 185 185 185 184 184 187 191 193 193 192 191 189 188 187 186 185 185 183 180 180 179 177 174 173 172 172 173 174 174 174 175 178 176 175 177 179 184 184 183 183 184 185 186 188 189 189 189 189 187 188 188 188 187 188 188 189 190 190 188 189 189 191 193 196 197 198 198 199 201 203 201 198 196 195 194 195 195 196 196 197 197 198 198 199 200 202 203 205 206 207 207 208 209 209 209 210 210 210 209 210 210 211 213 216 216 218 220 223 227 231 233 240 244 246 248 249 253 258 267 277 288 299 307 305 302 291 280 274 275 279 283 292 291 283 271 264 261 260 257 256 255 252 253 254 256 261 267 273 280 279 273 267 266 262 260 259 258 256 254 252 251 252 250 249 246 247 251 253 253 253 254 256 260 262 263 264 261 254 248 252 256 261 264 268 266 268 274 282 287 292 298 313 329 339 340 345 349 359 375 390 407 430 442 445 449 451 451 451 450 449 447 445 443 442 440 438 435 432 430 427 424 421 419 417 414 412 409 408 405 403 402 399 397 393 390 389 388 387 386 385 384 381 380 379 377 376 374 372 368 362 351 352 360 361 359 356 353 351 349 346 344 342 339 337 334 332 331 328 326 322 320 317 313 309 301 295 296 302 301 290 273 260 256 258 263 267 271 271 265 258 247 244 242 242 241 241 240 240 238 237 235 235 235 235 233 233 232 230 236 242 247 257 269 259 235 223 237 260 284 289 294 297 296 290 283 274 256 241 222 212 213 213 212 212 227 253 278 297 298 299 299 298 297 296 298 300 302 303 304 304 303 302 302 303 303 302 302 302 302 301 299 299 300 300 300 299 299 298 296 294 293 291 291 289 288 286 286 285 282 279
168 168 168 168 168 168 168 169 169 170 172 174 175 177 179 182 185 187 188 188 188 189 189 189 187 187 191 193 193 192 190 188 187 186 186 184 183 180 179 178 178 176 174 173 173 172 174 175 175 175 177 178 176 176 177 180 185 185 184 183 183 185 185 186 187 188 187 187 188 188 188 188 188 188 189 189 190 190 189 190 191 194 196 199 200 200 200 201 204 203 200 197 195 194 194 195 195 196 196 197 198 198 199 199 200 202 203 204 205 207 208 209 209 210 210 210 211 210 211 211 211 212 214 216 217 219 221 223 227 231 231 241 246 246 247 249 252 257 269 280 290 301 308 304 300 288 281 283 283 286 295 298 295 283 273 266 264 264 262 259 258 255 256 257 261 268 276 281 288 284 275 269 266 263 260 259 258 257 254 252 252 251 248 252 254 250 250 255 256 256 258 258 260 262 264 266 262 253 248 257 261 263 267 268 267 270 278 280 290 297 306 319 333 344 353 353 357 373 388 397 416 435 443 446 448 450 450 450 450 448 447 444 443 441 440 438 435 433 431 428 425 422 419 417 415 413 411 411 409 407 404 401 399 396 393 390 386 382 379 378 377 375 375 374 374 374 373 371 368 363 356 346 350 357 358 356 354 351 348 346 343 340 338 335 333 331 330 328 326 324 322 319 315 310 306 309 309 308 306 300 293 280 269 257 252 251 249 248 247 246 251 259 263 263 261 252 246 259 254 249 242 238 236 236 236 241 246 253 262 269 273 277 279 259 237 224 238 260 286 292 295 297 298 295 288 282 273 256 234 211 213 212 212 212 215 244 272 295 299 302 303 301 299 299 301 303 305 306 306 306 305 304 304 304 304 304 304 305 303 302 300 302 303 303 302 301 301 300 298 296 295 294 292 291 291 290 289 287 285 281
169 169 169 169 169 169 169 169 170 171 173 175 177 179 181 185 188 189 189 189 190 192 192 191 189 188 190 192 193 193 189 187 186 186 185 182 180 178 178 176 177 175 173 171 173 175 175 175 176 176 179 178 176 176 177 182 186 186 185 184 184 185 185 187 187 187 187 187 188 188 188 189 188 189 189 190 190 189 189 191 194 196 198 201 202 203 203 204 205 203 201 197 195 194 194 195 195 196 197 197 198 198 199 200 201 202 203 204 205 206 208 209 209 210 212 212 212 211 212 213 213 213 214 216 218 220 222 224 226 228 232 244 251 248 248 251 254 258 269 279 290 305 309 306 301 287 290 295 295 297 301 301 297 284 273 270 269 270 266 261 260 260 262 261 267 276 285 293 297 291 277 270 267 264 261 260 258 257 254 252 252 250 251 255 255 255 250 253 259 259 258 258 262 265 267 268 264 253 249 261 267 271 271 270 270 273 285 283 287 296 314 324 334 347 352 357 371 385 399 414 427 439 444 446 449 450 451 451 449 448 447 445 443 441 439 437 435 432 430 428 425 424 422 419 417 414 412 410 409 407 406 403 401 399 396 393 390 387 384 380 377 372 369 367 367 369 369 367 367 365 360 353 345 343 353 356 354 352 350 347 344 341 338 335 333 330 329 327 326 323 321 318 312 312 313 313 313 309 303 293 282 273 264 252 250 250 254 258 263 267 274 281 286 288 282 260 252 277 282 275 268 261 251 256 259 261 268 279 287 290 294 289 283 263 244 226 235 258 279 292 296 297 299 297 291 286 280 265 236 212 213 213 212 212 216 243 266 288 300 303 304 304 303 301 303 305 306 308 309 308 308 306 306 307 307 307 307 307 305 303 304 304 305 305 304 303 302 301 300 298 296 295 294 293 291 291 290 288 285 279
169 169 169 169 170 170 169 170 171 173 175 177 179 181 184 187 189 189 190 191 192 194 195 193 191 189 190 192 194 193 190 188 185 185 183 181 179 177 176 175 174 174 171 173 173 174 175 175 176 175 177 181 182 176 179 183 187 188 186 185 185 185 186 187 187 187 187 187 188 188 188 187 188 188 189 189 189 189 190 192 194 197 200 203 205 207 207 208 207 204 201 197 194 194 194 194 195 196 197 198 198 198 199 200 201 202 203 204 205 207 208 209 210 211 212 213 213 212 213 214 214 214 215 217 219 221 222 225 228 233 238 247 251 251 251 252 255 259 270 282 293 307 309 307 302 293 300 299 301 300 302 301 300 286 277 275 274 274 271 267 267 266 268 267 271 282 294 301 303 291 280 273 268 264 262 261 260 258 255 252 251 251 255 258 258 258 257 251 259 258 260 262 265 268 270 271 268 255 249 262 274 278 276 273 274 278 285 289 293 304 326 333 339 350 352 366 382 394 409 424 436 445 447 448 450 451 451 451 450 448 447 445 443 441 439 437 435 434 432 430 428 426 424 421 419 416 414 411 408 406 404 403 401 400 397 394 392 390 386 383 380 377 373 369 364 360 361 363 364 364 361 358 352 344 336 346 352 351 350 348 346 343 340 338 334 332 329 327 324 322 320 319 318 317 316 313 309 296 282 271 261 256 256 261 264 271 277 282 285 291 296 296 295 293 287 262 259 283 292 293 291 282 263 278 285 288 295 300 302 302 301 296 289 271 250 231 230 251 272 292 297 298 299 298 291 286 280 257 229 211 213 213 214 214 220 237 259 283 300 303 306 305 304 304 305 307 308 310 309 310 309 308 309 310 310 310 309 309 306 306 306 306 306 306 306 305 304 302 301 299 297 296 294 293 291 290 289 284 275 259
169 169 170 170 170 170 170 171 172 174 176 178 180 183 185 188 189 189 190 191 194 196 196 195 193 191 190 193 194 193 190 188 186 182 180 179 178 176 176 177 176 175 173 173 173 174 175 175 175 175 176 176 176 177 180 185 188 188 186 185 185 185 186 187 187 187 187 187 186 186 186 185 186 186 186 187 187 189 191 193 195 199 202 205 208 210 212 212 209 206 203 198 195 194 194 194 195 196 197 198 198 198 199 201 201 202 204 205 206 208 209 209 210 212 213 214 214 214 215 215 215 216 216 218 220 222 224 226 231 237 242 248 252 255 253 253 255 260 271 283 294 308 309 307 302 300 303 302 303 303 304 304 301 289 281 279 279 278 277 275 271 275 274 274 275 286 301 304 303 291 282 276 270 266 263 261 260 258 254 253 252 253 258 259 260 261 261 254 256 260 263 266 268 271 272 273 272 266 255 257 271 279 279 276 277 283 291 297 299 315 335 347 346 352 358 372 389 408 420 433 443 447 450 450 450 451 451 451 450 449 448 446 444 442 440 438 436 435 433 430 429 427 424 422 420 418 416 414 410 408 405 401 399 398 396 394 390 389 386 382 378 374 371 369 363 361 358 354 358 360 360 359 356 349 343 331 338 347 349 348 346 344 341 339 336 334 331 328 326 324 322 321 320 317 314 300 287 274 261 261 264 271 278 284 287 293 298 301 302 301 300 299 298 295 279 259 269 290 295 296 295 293 278 293 296 299 300 302 303 304 303 301 292 280 261 240 228 245 264 288 298 299 299 295 287 277 264 244 214 213 214 213 213 216 222 235 255 279 300 303 305 304 304 304 306 309 310 311 312 312 312 311 311 312 312 312 311 309 310 308 308 308 308 307 307 306 304 303 302 299 297 295 293 291 289 286 283 271 258 243
169 170 170 170 170 171 171 173 174 175 178 180 182 184 185 187 188 189 190 193 195 196 196 196 195 194 193 194 194 192 190 188 186 183 180 178 177 177 177 178 178 174 173 173 172 173 174 174 175 176 176 176 177 178 182 185 187 187 185 184 184 184 185 187 186 186 186 185 184 184 184 184 183 183 184 184 186 188 190 193 196 199 203 206 208 211 213 212 211 208 204 200 195 194 194 194 195 196 197 198 198 199 200 201 202 203 204 206 207 208 209 210 210 212 213 214 215 215 216 216 217 217 218 219 221 222 225 228 232 238 244 249 254 256 254 254 256 262 270 283 296 307 307 304 303 304 308 308 309 309 307 307 301 295 284 281 282 281 286 280 276 278 280 283 280 288 302 305 303 294 285 277 270 267 263 262 260 258 255 253 253 255 259 260 261 261 259 254 258 262 265 269 271 273 276 277 276 275 266 256 264 281 282 282 282 289 299 308 310 323 342 354 356 360 366 382 398 412 429 439 446 449 451 452 452 451 451 451 450 449 447 444 443 441 439 438 436 434 433 431 429 427 425 423 420 419 417 415 412 410 407 404 403 400 396 393 389 388 384 381 379 377 375 371 369 366 363 359 354 351 355 356 356 353 349 340 325 329 341 345 346 345 343 341 338 336 333 330 328 325 323 322 319 316 298 280 266 263 274 279 287 296 301 304 306 305 305 306 305 304 303 301 298 291 267 278 278 295 298 298 298 297 295 296 298 300 302 302 303 304 303 302 298 287 271 246 230 236 262 289 300 300 296 284 269 261 243 222 212 214 214 213 216 218 225 238 255 274 298 304 307 306 305 306 308 309 310 311 312 314 314 314 314 314 314 313 312 312 311 311 310 309 309 308 307 306 304 304 302 299 296 294 292 288 285 281 268 254 240 228
170 170 170 171 172 171 172 173 175 176 179 181 183 184 184 187 188 190 191 192 194 196 196 197 196 196 195 195 192 191 189 187 185 183 180 178 178 178 178 179 178 173 173 174 173 174 173 173 174 175 176 176 176 178 181 184 185 184 183 183 182 183 184 184 185 184 184 184 183 182 182 182 182 182 182 183 185 187 190 192 196 200 203 205 208 212 211 210 209 208 204 200 197 195 194 194 195 196 197 198 198 199 201 202 202 203 205 206 207 208 209 210 211 212 213 215 216 217 217 218 219 219 220 221 222 223 226 229 232 240 247 253 255 254 254 254 256 260 267 278 287 292 303 302 303 305 311 315 316 315 311 309 305 302 287 283 287 285 284 282 278 279 280 284 285 289 302 304 308 305 288 278 272 268 265 261 259 257 256 254 253 256 259 260 261 261 253 260 262 264 268 271 274 277 279 281 281 281 273 259 264 282 287 287 287 291 304 314 319 333 347 356 363 367 378 394 406 421 436 443 447 451 452 452 452 451 451 451 450 448 446 444 441 440 437 435 434 433 432 430 428 427 424 422 420 418 416 414 411 410 409 407 405 402 399 397 394 392 389 386 384 381 379 374 372 370 367 364 360 356 348 350 353 353 351 347 341 328 313 327 342 344 343 341 339 337 335 333 330 327 326 322 318 302 285 268 272 285 293 301 309 311 312 312 311 309 309 308 307 306 304 302 296 278 288 295 292 296 299 300 300 299 297 298 300 301 302 303 303 304 303 302 299 290 274 249 234 245 266 291 298 294 275 261 246 235 220 212 214 214 215 213 218 222 230 242 257 274 296 304 307 307 307 307 308 309 310 311 313 315 316 316 316 316 315 316 315 314 313 312 311 311 310 309 308 307 305 303 301 298 295 292 288 285 280 270 254 238 223 218
170 170 172 172 172 172 173 175 177 178 179 181 182 184 184 186 189 191 191 193 193 195 197 198 197 197 196 194 191 189 188 186 184 180 180 179 179 180 180 179 177 174 174 172 173 175 175 174 174 174 176 175 175 177 180 182 183 182 181 181 181 181 183 183 183 183 184 183 183 182 181 181 181 181 182 182 184 187 189 191 195 198 200 202 204 207 207 208 206 205 202 199 197 196 195 195 196 196 197 197 198 199 200 201 203 204 204 206 206 208 209 210 211 212 213 215 217 218 218 220 221 222 222 223 224 225 228 230 234 242 250 255 255 253 254 254 255 258 262 271 278 283 290 300 298 303 309 316 325 322 318 312 306 304 288 283 295 289 286 285 285 283 282 285 286 292 300 306 312 307 291 280 274 269 265 261 258 257 256 256 254 256 259 261 263 261 256 263 264 265 269 271 274 278 282 284 285 285 277 260 268 284 297 296 296 297 305 316 325 337 350 358 365 376 389 404 414 429 439 445 449 452 453 453 453 452 452 450 449 447 445 443 440 439 436 434 432 431 430 428 428 426 424 421 419 417 415 413 410 409 408 407 405 402 400 398 396 393 390 388 385 383 379 377 374 371 369 366 363 359 355 348 348 352 351 348 345 340 328 306 315 331 341 340 339 337 336 333 331 329 326 317 302 287 271 275 292 306 311 313 315 316 315 314 313 312 311 310 308 306 304 301 288 298 299 299 295 297 300 301 301 300 299 299 300 301 302 303 304 304 303 301 298 287 267 246 235 251 269 289 288 270 250 238 224 213 213 214 213 213 216 216 221 223 233 246 262 279 301 305 306 306 306 307 307 308 310 312 314 315 317 318 318 318 317 317 317 316 315 314 313 312 312 311 309 307 305 302 300 297 293 289 285 281 274 257 240 224 219 229
171 171 172 173 173 174 175 177 179 181 181 181 181 183 185 188 190 192 192 193 193 195 198 198 198 197 195 193 191 188 187 184 184 182 181 181 181 181 181 180 177 175 175 172 174 175 175 175 176 176 176 174 174 175 177 179 181 180 180 180 180 181 182 182 183 184 184 183 182 181 181 181 181 182 182 182 183 186 187 190 193 195 196 197 198 200 202 203 202 200 199 198 196 194 194 195 195 196 196 198 199 199 199 201 202 203 205 206 207 208 210 210 211 212 214 215 217 218 220 221 223 224 224 225 226 226 229 231 237 246 253 257 255 253 253 253 253 256 259 262 268 274 282 290 292 299 306 315 324 327 323 313 308 304 288 286 293 291 289 288 290 288 285 286 288 296 301 309 298 292 287 282 274 268 264 260 259 257 256 257 258 259 261 262 262 257 261 264 265 267 270 270 270 274 280 285 289 290 280 269 275 290 301 310 312 314 318 331 340 345 352 361 366 382 397 410 422 436 441 447 450 453 454 454 454 453 452 451 449 447 445 442 440 438 435 432 431 429 427 426 426 424 423 421 419 416 415 412 409 408 407 406 404 402 399 397 395 392 390 387 385 382 379 377 374 372 369 366 363 360 357 352 342 349 350 349 346 342 337 319 299 308 321 327 333 336 334 332 330 326 316 299 284 270 278 293 309 316 316 316 318 318 317 316 315 314 312 310 309 307 305 301 297 301 301 300 298 300 301 302 302 301 300 300 301 301 302 303 304 304 303 300 291 277 256 240 239 255 272 280 265 247 228 217 214 214 214 214 214 215 217 221 223 226 239 248 270 285 304 305 306 306 306 306 307 308 310 311 313 316 318 320 320 320 319 318 318 318 317 316 314 313 309 311 309 307 304 302 299 296 293 287 282 276 264 247 229 220 230 241
170 171 173 174 174 176 177 179 182 182 182 182 183 186 188 190 192 194 193 192 193 195 197 198 197 196 194 191 189 188 186 186 185 184 184 184 183 182 181 179 176 174 174 172 174 175 176 177 177 177 176 176 176 174 175 177 178 179 179 180 181 181 182 183 184 184 184 183 182 181 181 181 181 181 181 182 183 185 187 189 190 192 192 193 194 195 197 198 198 197 198 197 195 194 194 193 194 196 197 199 200 200 200 201 202 204 205 207 208 209 210 210 212 213 214 216 217 218 221 223 224 226 227 227 227 228 230 231 235 248 255 256 253 252 252 252 252 254 255 257 262 269 274 279 280 292 304 311 319 326 325 314 310 302 290 289 293 292 291 291 292 291 288 288 288 290 294 293 287 283 281 277 272 269 265 263 263 261 259 259 260 261 263 263 258 262 264 265 266 269 270 268 267 267 276 284 291 289 276 278 282 295 308 322 324 325 334 348 354 357 360 368 375 387 403 419 432 442 445 449 451 453 454 454 454 454 452 450 448 446 444 442 440 438 436 434 430 427 425 424 423 422 421 420 418 416 414 411 408 405 405 404 402 400 398 396 394 392 389 386 384 381 378 376 373 371 369 366 363 360 358 354 349 337 347 348 346 343 340 333 305 294 294 299 307 316 322 322 322 311 297 281 271 284 299 312 319 319 318 319 319 319 318 317 315 314 312 311 309 307 305 300 300 302 302 301 300 300 301 301 301 301 300 301 302 303 303 304 304 303 300 290 270 256 239 233 245 258 274 266 248 225 213 215 215 215 214 214 215 214 215 220 226 233 247 263 275 290 304 304 305 305 307 307 307 308 310 311 313 316 319 322 322 321 320 320 319 319 318 317 314 313 312 310 308 305 304 301 298 295 291 285 280 274 257 238 221 224 241 253
171 172 174 175 176 178 179 181 182 183 183 183 186 189 191 192 194 195 194 193 194 195 196 196 195 194 192 190 189 189 188 187 186 186 186 186 184 183 180 177 175 174 174 174 174 175 176 178 178 177 177 177 176 177 176 176 176 177 179 181 181 182 182 183 184 184 184 183 182 181 181 181 181 181 181 182 183 184 187 188 189 189 190 190 192 193 194 195 195 196 197 196 194 193 193 194 194 195 197 199 200 202 202 203 202 203 204 205 207 208 209 211 213 214 214 216 217 220 222 224 225 228 228 228 229 229 230 233 238 248 252 253 252 250 250 251 252 253 253 254 257 262 267 272 276 285 300 307 313 320 322 315 308 302 292 292 297 295 294 293 296 294 292 289 286 287 290 290 285 282 281 280 278 274 269 266 266 264 262 261 262 263 263 259 261 264 266 266 268 269 267 266 265 265 267 281 287 289 277 280 285 300 313 326 349 353 349 358 364 369 368 375 380 398 413 424 441 446 450 452 453 455 455 454 454 453 452 450 448 446 443 441 438 437 436 434 432 430 427 424 421 418 418 418 416 415 413 411 408 405 402 401 400 399 397 394 393 390 388 386 383 381 378 375 373 370 368 366 364 361 359 356 352 347 332 333 331 326 320 304 296 300 301 292 288 291 297 299 298 290 275 280 293 308 320 323 322 321 320 320 321 320 318 317 316 314 311 310 308 306 303 299 302 303 303 302 300 300 301 301 300 300 300 301 301 302 302 303 303 301 291 273 255 240 235 244 257 269 267 251 232 215 214 215 214 214 214 214 215 216 221 226 228 233 243 260 275 274 272 276 285 290 295 306 307 308 310 311 313 317 320 322 323 323 322 321 320 319 319 316 314 313 310 308 306 304 301 298 297 293 290 285 279 272 254 235 222 231 252 266
171 173 174 175 178 180 181 182 183 184 184 187 190 192 194 195 193 195 195 195 196 196 195 194 193 193 192 190 190 190 189 189 188 188 187 186 184 181 178 176 175 175 175 174 174 174 177 178 178 178 178 177 177 177 177 177 176 177 178 180 182 183 183 183 184 184 184 183 182 181 181 181 181 181 182 182 183 184 185 187 187 188 188 189 191 192 192 193 195 195 195 194 193 193 193 194 195 197 199 200 201 203 203 204 204 204 203 205 206 207 209 211 213 215 215 216 218 220 223 224 226 228 229 230 231 231 232 236 243 243 249 249 248 247 248 250 249 250 251 252 253 257 261 266 273 279 285 299 306 313 318 315 308 303 294 294 299 298 297 297 297 294 291 288 288 293 299 297 293 291 289 287 282 276 271 269 267 265 263 263 263 263 262 260 264 265 267 269 270 268 266 265 265 266 266 269 276 273 271 283 290 305 314 335 362 361 358 363 371 374 374 378 389 407 418 433 446 451 453 455 456 456 455 455 454 453 451 449 447 445 442 440 438 436 435 433 431 430 428 425 423 421 418 414 414 414 413 411 409 407 404 401 397 396 394 393 391 389 387 384 382 379 377 374 372 370 367 365 361 360 357 354 348 334 335 333 333 323 317 320 320 328 329 320 306 289 285 279 278 278 291 305 316 327 326 326 325 324 322 321 321 321 319 318 316 313 310 308 306 303 302 304 304 304 304 303 302 302 302 302 301 301 301 301 301 301 301 301 301 296 280 260 241 236 243 258 271 266 252 236 220 214 215 215 215 214 215 215 218 222 230 236 234 233 236 246 254 260 278 287 291 297 301 301 304 306 310 312 314 317 320 323 324 323 323 322 321 321 319 317 315 312 309 305 304 301 299 297 294 291 287 284 278 272 252 233 224 232 255 269
171 173 175 177 179 181 183 183 184 185 186 189 192 195 196 197 196 197 197 198 197 195 193 192 191 191 191 191 191 190 190 190 189 189 188 186 183 179 177 175 175 175 175 174 174 174 176 179 179 179 178 178 178 178 179 178 176 177 177 179 180 182 182 183 184 184 183 182 181 180 181 181 181 182 182 183 183 185 185 186 186 188 188 189 190 191 192 193 194 194 194 193 192 192 193 194 195 197 199 201 202 204 204 205 205 205 205 206 206 208 210 212 214 216 216 217 219 221 223 224 226 227 229 231 232 235 238 239 240 241 243 244 245 245 245 245 246 247 248 250 252 254 256 260 266 272 280 286 303 308 314 315 308 302 299 301 302 302 301 299 298 294 291 288 290 302 308 306 305 298 292 287 282 278 273 270 268 267 265 264 264 264 263 261 265 266 268 270 271 270 266 266 265 266 267 266 267 268 274 282 296 312 321 343 368 367 362 369 375 376 383 392 402 419 427 443 450 454 455 457 458 457 457 456 455 454 452 450 447 445 441 440 437 435 433 431 430 428 426 424 423 421 419 416 411 412 413 411 409 407 404 401 397 395 392 391 390 387 385 384 380 377 375 372 370 368 364 361 356 356 354 350 349 348 347 345 343 340 341 339 337 337 336 334 326 301 306 299 294 302 314 327 328 328 328 327 326 324 323 322 322 321 320 318 315 312 311 309 307 306 306 307 307 306 306 305 304 304 304 303 302 302 302 302 301 300 298 298 296 289 273 253 239 243 254 271 268 253 237 221 216 214 214 215 215 215 215 220 226 230 236 243 245 241 239 243 255 271 288 299 302 304 306 308 309 310 311 312 314 317 320 324 324 325 324 324 323 321 319 317 314 312 308 304 300 296 295 293 291 289 287 283 279 266 249 228 224 226 245 263
171 173 175 178 180 182 184 184 184 185 187 191 194 197 198 198 198 199 199 199 197 194 192 191 191 191 192 192 192 191 191 190 190 189 187 184 181 178 176 175 175 175 175 175 174 175 178 179 179 179 179 179 179 179 179 179 178 176 177 178 179 180 182 183 183 183 182 181 181 181 181 181 182 182 183 184 184 185 186 187 187 187 188 189 190 192 192 194 194 193 193 193 192 192 192 194 195 196 198 201 203 204 205 205 206 207 207 207 206 208 210 212 214 217 218 219 220 221 222 223 225 227 228 230 232 235 238 241 243 245 245 247 247 245 246 246 246 246 247 249 250 251 254 256 260 267 274 281 288 304 308 308 306 304 303 301 302 303 303 300 301 299 296 293 296 308 314 311 306 299 292 287 283 278 274 271 269 268 267 265 265 265 265 262 266 267 269 271 272 271 267 265 265 266 266 267 269 272 280 292 308 322 329 361 372 371 366 372 379 388 396 408 419 428 436 449 453 456 458 458 458 458 457 456 455 454 452 450 447 445 442 440 438 435 433 430 427 425 424 423 422 420 418 414 411 408 409 409 408 407 404 401 399 396 393 389 387 386 384 383 379 377 374 371 368 364 361 361 361 360 358 356 353 351 349 347 346 343 344 342 340 339 337 335 326 327 331 326 323 329 330 330 330 329 328 327 325 325 324 322 321 320 318 317 315 314 313 313 311 310 309 308 309 308 308 307 306 306 305 305 303 304 302 301 299 291 285 281 275 271 261 246 239 249 267 269 255 240 225 216 216 215 214 216 215 219 224 230 235 238 244 254 260 255 248 248 266 285 294 299 303 305 307 309 311 312 312 313 315 317 321 324 326 326 325 325 324 322 320 317 315 312 307 303 299 294 291 289 288 285 279 268 257 244 230 225 227 227 238 260
173 175 176 178 180 183 184 186 185 185 188 191 195 199 201 200 200 200 200 199 196 193 192 192 192 192 193 193 193 192 191 190 190 188 186 182 179 177 176 176 176 175 175 174 174 175 178 180 180 179 180 180 180 179 180 180 179 178 178 177 178 179 181 182 183 182 182 181 180 181 181 181 181 182 182 183 184 186 188 188 187 188 189 189 191 193 194 194 193 193 192 192 192 192 192 192 193 195 198 201 203 204 205 206 207 208 208 209 208 208 211 213 215 217 219 219 220 221 222 222 224 226 226 228 231 234 236 237 241 243 244 247 246 246 246 247 247 246 246 248 249 249 252 254 257 261 268 275 283 291 308 307 304 302 302 300 300 301 301 299 301 302 297 295 301 310 315 313 307 300 294 288 282 277 274 272 270 269 268 268 268 268 267 262 266 269 271 272 273 272 269 266 265 266 269 272 281 284 288 298 312 323 343 369 375 374 369 378 390 400 409 419 428 434 447 453 456 458 459 460 459 458 457 457 455 453 451 449 447 445 442 440 438 435 432 430 427 424 421 421 419 418 415 413 410 406 407 408 407 405 403 401 399 396 393 390 387 384 381 380 378 376 374 371 366 366 363 364 362 360 358 356 353 352 349 348 347 345 344 343 341 339 337 332 328 333 333 332 331 331 330 330 330 329 329 327 326 325 324 323 321 320 319 318 318 317 316 316 315 312 311 311 311 311 310 309 308 308 307 306 305 304 297 286 279 268 259 254 251 251 243 241 247 261 268 257 243 228 217 216 216 215 215 216 217 227 233 238 244 249 256 266 277 276 263 252 263 278 294 300 302 305 308 311 312 313 314 315 317 319 322 326 326 326 326 325 324 323 321 318 316 312 308 303 299 295 293 291 286 260 249 242 231 226 227 233 234 230 241 261
174 176 179 180 182 183 185 186 186 187 190 192 197 200 202 201 201 201 201 198 196 194 193 193 193 193 194 194 193 192 191 190 189 187 183 179 178 176 176 176 176 175 175 174 174 176 179 180 180 179 180 180 181 180 180 180 179 177 178 178 178 178 179 181 181 181 180 180 180 181 181 181 182 182 183 183 184 184 186 188 189 189 189 191 193 194 194 194 193 192 192 192 192 192 193 193 193 196 197 201 203 204 205 206 207 208 209 210 210 209 211 213 215 217 219 219 220 220 219 221 224 225 226 227 229 232 235 233 236 243 238 242 243 243 243 245 245 245 246 248 248 249 251 253 257 260 264 271 279 286 301 308 303 300 300 299 299 299 298 295 297 297 293 297 306 313 317 314 308 302 296 289 283 278 275 272 271 272 272 271 270 269 269 264 268 271 273 274 275 273 271 266 266 270 277 279 281 286 291 298 311 326 348 370 377 374 373 383 397 409 422 431 435 446 456 458 458 459 459 459 459 459 458 456 454 453 451 449 447 445 441 439 436 434 431 428 425 423 419 418 417 416 414 412 409 405 401 405 404 403 402 400 398 395 393 390 388 384 381 378 377 374 372 370 371 369 366 365 363 361 359 357 354 352 350 348 346 345 343 342 340 338 335 333 334 334 333 333 332 332 332 332 331 331 329 328 326 325 324 323 321 320 319 319 318 317 317 316 315 313 312 312 313 312 312 310 310 309 308 303 294 287 276 267 258 249 249 250 248 251 249 252 261 269 260 245 231 218 217 217 217 216 217 220 230 237 244 251 259 269 271 278 287 291 282 274 271 275 287 297 304 308 310 313 314 316 317 318 319 322 325 326 327 327 327 326 325 324 321 319 315 311 307 304 301 297 295 293 290 269 242 228 227 234 246 251 239 230 245 265
176 178 180 183 184 183 184 186 186 188 190 194 199 201 201 201 201 201 199 197 196 195 194 194 193 194 194 194 193 192 190 189 188 185 180 179 178 176 176 176 176 176 175 174 174 178 179 179 180 180 180 181 182 181 181 181 180 177 177 178 178 179 179 179 180 179 180 180 181 181 181 181 181 183 183 183 184 183 184 186 189 191 192 193 195 195 194 194 193 192 192 191 191 192 193 193 194 196 197 199 201 203 204 206 207 209 209 210 211 211 211 211 213 215 218 218 216 219 221 223 226 228 230 231 230 230 233 235 241 247 241 241 240 242 243 244 244 245 246 246 247 249 251 253 257 259 263 269 276 285 299 306 303 297 299 299 300 300 295 291 291 290 293 300 307 315 317 313 307 302 295 289 284 280 277 275 275 277 274 273 273 271 269 268 270 272 274 276 278 280 273 266 267 279 288 290 290 293 297 304 313 327 351 370 379 375 378 387 400 414 428 438 445 458 460 459 459 459 459 458 458 458 456 455 454 453 451 449 447 444 442 439 436 434 431 427 423 421 418 414 415 414 412 410 408 405 399 400 401 400 399 397 396 394 392 389 387 384 382 379 377 375 373 373 372 370 368 365 363 360 359 356 354 351 349 347 345 344 342 340 339 337 337 337 337 336 335 334 334 334 333 332 332 331 330 329 327 326 324 323 321 320 319 318 318 318 318 318 317 314 313 310 312 313 313 311 311 307 297 286 274 266 255 252 256 262 266 270 271 270 268 269 274 265 251 238 224 217 217 217 216 217 225 233 241 251 262 269 278 285 287 289 292 295 296 296 294 296 295 302 306 311 313 315 317 319 320 321 322 324 327 328 328 328 327 327 326 324 322 319 316 312 309 306 303 300 297 294 282 261 238 227 237 252 264 263 242 233 252 270
175 178 179 182 184 184 184 185 187 189 192 196 198 199 199 200 201 200 198 196 196 195 195 195 194 193 192 191 191 191 190 188 185 182 179 178 177 177 176 176 176 175 174 174 175 178 180 180 180 180 180 181 182 181 182 181 179 177 179 179 179 179 179 179 179 180 181 181 182 182 182 182 182 183 184 187 189 189 186 185 188 192 194 194 195 195 194 193 192 192 191 191 191 192 193 194 195 196 197 199 201 202 203 205 206 207 209 210 211 212 213 213 214 216 216 217 219 221 222 224 226 229 231 233 234 235 236 239 246 247 244 243 243 243 244 246 246 246 247 246 247 249 251 253 255 259 264 270 277 284 296 305 301 294 299 300 299 295 291 291 291 291 294 301 311 318 320 313 307 301 296 290 286 283 280 278 277 278 275 272 272 271 269 266 270 272 275 277 281 285 274 267 270 287 294 297 298 300 304 312 325 340 359 366 373 374 380 393 405 418 431 444 460 462 462 461 460 459 458 458 457 457 455 452 451 450 450 448 446 444 441 439 436 434 430 427 424 421 417 415 411 410 409 407 404 402 399 394 395 395 395 395 394 391 389 387 385 384 383 380 378 376 374 373 371 369 367 365 362 360 358 355 353 351 349 347 345 345 343 343 342 341 340 339 339 338 337 336 336 335 334 333 332 332 330 329 327 326 325 323 321 320 319 318 317 317 318 317 317 316 314 313 312 313 313 311 301 290 278 267 255 257 265 272 278 284 290 293 294 291 289 284 273 258 242 229 220 217 216 216 216 222 232 240 249 263 276 287 289 292 293 295 295 300 301 301 301 302 300 305 309 313 316 318 319 321 323 324 325 327 329 329 329 329 328 327 326 325 323 320 317 314 310 308 304 301 298 292 271 250 228 231 251 269 282 267 240 233 254 274
178 180 181 182 182 184 185 187 189 191 194 196 197 197 198 199 199 199 197 197 197 196 195 193 191 190 189 189 189 189 187 184 180 179 178 177 177 176 176 175 175 175 175 175 176 180 180 180 180 180 180 181 181 181 182 180 179 178 180 181 180 179 179 179 179 180 181 182 183 184 184 183 184 183 186 190 193 193 192 186 185 191 195 195 194 194 193 192 191 191 191 191 191 192 193 194 196 197 198 199 201 202 203 204 205 207 208 209 211 212 213 215 216 218 217 219 221 222 223 225 228 230 231 233 237 240 241 242 247 245 246 245 244 243 245 247 248 249 249 248 248 249 251 254 255 257 264 270 277 283 294 302 299 292 299 297 292 291 292 293 292 292 293 298 309 322 320 314 308 305 299 293 287 283 280 278 278 277 274 271 270 270 269 268 269 269 271 274 281 286 273 268 271 288 298 304 306 309 314 323 340 356 369 371 375 379 389 401 414 428 441 457 464 465 464 463 461 459 458 458 457 456 454 451 450 450 449 448 445 443 441 439 436 433 430 427 424 421 418 415 412 409 407 404 401 399 397 395 391 389 388 388 388 386 386 385 384 383 382 381 378 376 374 372 370 368 367 364 362 359 357 355 353 352 350 348 348 346 345 344 344 343 342 341 339 338 338 337 336 335 335 334 333 332 331 329 328 327 325 324 322 320 319 317 315 315 316 316 315 314 314 313 311 309 304 296 285 273 260 259 272 280 287 293 299 305 307 304 301 294 287 278 265 249 234 223 217 217 217 216 218 233 239 247 261 277 289 293 296 297 299 301 300 301 304 305 306 306 306 310 312 317 319 321 323 325 327 328 329 330 330 330 330 329 329 328 327 325 322 320 317 314 311 308 305 302 299 285 258 239 229 242 262 283 285 267 238 234 255 275
181 181 183 184 184 184 185 187 191 192 194 196 196 196 197 198 198 197 196 196 197 195 193 191 189 187 187 187 187 188 184 180 178 179 178 177 177 176 176 175 176 175 175 175 175 180 180 180 180 180 180 181 180 180 180 179 178 179 181 182 180 179 179 179 179 181 182 183 185 186 185 185 183 186 189 194 197 198 196 189 186 187 193 194 194 193 192 191 190 191 192 191 191 192 193 194 196 196 198 198 200 200 202 203 205 206 207 209 210 212 217 220 222 222 221 220 222 223 225 226 227 230 232 235 238 241 243 246 246 246 247 247 246 245 247 249 250 250 249 249 249 250 251 253 255 257 262 270 277 285 296 302 298 291 290 288 291 290 292 292 292 293 297 303 318 323 320 315 310 306 303 298 289 283 281 279 278 275 273 270 269 269 269 267 265 266 268 270 275 284 272 267 272 288 302 317 320 321 325 339 351 367 374 378 383 385 394 403 419 435 450 464 467 466 465 463 461 460 459 457 457 456 453 453 450 449 448 446 444 442 440 437 434 431 429 426 424 420 419 416 413 412 411 408 405 403 401 398 396 391 388 387 384 382 380 380 381 381 381 380 377 374 373 371 368 367 366 364 362 360 357 356 354 353 352 351 349 347 347 345 344 343 342 341 339 338 337 336 335 334 334 334 332 331 330 329 327 326 324 323 320 319 317 315 311 306 300 293 290 288 290 292 289 288 285 278 269 258 266 282 295 303 310 313 313 310 307 303 298 290 278 268 253 242 228 217 217 217 216 218 225 239 250 261 278 288 294 298 300 303 304 305 305 305 308 309 309 310 310 313 316 320 322 325 327 329 331 332 332 331 331 332 331 330 330 329 328 325 323 320 317 314 311 308 305 301 298 278 252 233 230 250 271 293 288 267 239 238 255 275
181 185 185 186 186 186 187 188 191 193 195 195 195 196 197 197 196 196 196 197 196 194 192 190 188 186 185 186 187 185 181 179 179 178 178 178 177 176 175 175 175 175 175 174 179 179 180 180 180 180 179 179 180 179 179 178 178 179 181 182 180 179 179 179 180 182 183 185 186 187 187 186 186 188 192 197 200 199 197 192 186 186 193 193 193 192 191 190 190 191 190 190 191 192 193 194 196 196 197 198 199 200 201 202 204 206 207 209 211 214 220 223 224 224 223 223 223 225 226 228 229 230 232 238 242 243 246 246 247 248 249 249 248 248 250 251 251 250 250 250 249 251 252 253 254 257 259 265 274 283 290 295 295 290 286 288 291 292 292 293 294 301 309 318 325 324 321 317 311 307 302 296 289 285 282 280 277 274 273 270 269 268 267 266 265 266 266 267 270 282 269 269 273 289 305 325 329 334 341 352 362 372 377 382 387 389 396 404 419 435 450 464 467 466 465 463 462 460 459 457 456 456 454 453 451 448 446 445 443 441 439 436 433 430 428 426 423 420 418 416 414 413 412 409 408 404 402 399 395 393 393 391 389 387 386 382 378 374 374 376 375 373 371 369 367 365 364 362 360 359 357 356 354 353 352 351 350 348 346 345 343 341 340 338 337 336 335 333 331 330 325 328 327 326 325 325 324 323 322 320 314 309 305 299 291 282 281 284 282 279 270 269 267 267 265 262 265 278 291 305 314 314 314 313 311 308 304 298 292 280 268 257 246 236 220 217 217 217 216 222 235 248 262 272 286 294 298 303 305 308 310 310 309 310 311 312 313 314 313 317 319 322 325 329 331 333 333 333 333 333 333 332 332 331 330 330 328 326 323 321 317 314 310 307 304 300 295 266 245 231 237 258 278 296 291 269 243 235 255 274
185 187 188 188 188 188 190 191 192 193 194 194 195 195 196 195 195 195 196 196 195 193 191 189 187 185 185 184 184 183 179 179 178 178 177 177 178 176 175 175 175 175 174 175 179 179 179 179 180 179 179 180 180 179 178 178 178 180 182 182 181 181 179 179 180 182 184 186 187 188 189 189 188 190 194 197 200 198 195 191 190 186 189 193 192 190 189 189 189 190 190 190 191 192 193 194 195 195 197 198 199 200 201 202 203 205 207 210 214 217 221 224 225 225 224 224 224 225 227 229 229 230 232 239 246 247 248 248 250 250 250 250 249 249 251 252 251 251 250 250 250 251 252 255 257 258 261 261 268 278 285 289 293 288 287 290 291 293 293 293 298 309 322 327 328 326 322 318 312 308 304 298 291 286 282 280 276 273 271 270 269 267 266 266 266 266 266 267 267 268 268 268 271 286 302 319 332 338 349 365 371 374 381 383 386 389 393 404 418 428 440 457 466 466 465 463 462 460 459 457 454 455 454 452 449 447 444 442 441 439 438 435 432 430 427 425 422 420 418 416 413 411 409 408 406 404 401 399 399 396 396 394 391 389 387 386 383 379 374 369 367 368 367 364 361 359 357 358 355 355 353 351 348 347 348 347 345 343 341 339 338 335 333 332 331 330 328 326 326 325 323 321 319 315 313 310 307 305 303 300 301 302 303 301 299 304 309 312 311 305 294 289 287 281 276 285 294 304 317 317 315 314 312 311 309 304 300 293 281 270 257 246 236 225 218 217 217 217 218 230 240 255 270 283 292 298 303 307 310 312 313 314 314 314 315 316 318 318 317 319 322 325 329 332 333 333 334 334 334 334 334 334 333 332 332 330 328 326 323 320 318 314 311 308 306 302 291 264 244 230 244 264 284 298 293 274 250 235 250 274
187 190 189 188 188 190 191 192 193 194 194 194 194 194 193 194 194 195 196 195 193 192 190 188 187 186 186 185 182 180 179 179 178 178 177 178 178 178 176 175 175 175 174 176 180 180 179 180 179 179 179 179 180 179 179 179 179 181 183 183 182 181 180 180 180 182 184 186 187 189 190 191 192 193 195 198 198 197 193 192 193 188 187 190 188 188 189 189 190 190 190 191 191 192 193 194 195 196 197 198 199 201 202 203 204 205 208 211 215 218 222 224 226 226 225 225 225 226 228 230 230 232 235 242 247 251 251 251 251 251 251 250 250 249 250 251 251 251 251 250 251 252 254 256 259 261 264 267 266 272 279 282 282 284 288 291 292 293 294 295 302 316 325 330 331 331 324 320 315 310 306 302 295 288 283 280 276 273 271 270 269 267 266 266 266 266 267 267 267 267 267 267 268 280 293 305 320 332 347 363 372 376 381 381 382 383 388 397 406 416 432 448 464 465 464 462 461 460 458 456 454 453 452 450 449 446 444 441 439 437 436 434 431 429 427 425 422 420 419 417 414 411 409 407 405 403 402 401 400 398 397 395 393 390 387 386 384 381 378 375 371 367 364 361 361 361 359 357 356 355 354 354 351 351 350 348 347 346 344 341 341 339 337 336 336 335 334 334 333 332 331 329 329 328 326 324 324 324 320 319 321 321 319 318 317 317 318 319 318 318 316 316 316 309 301 314 319 318 318 317 316 314 311 309 304 300 296 281 265 258 247 235 225 217 217 216 217 217 223 238 248 263 283 294 298 303 306 311 314 315 317 317 318 319 319 320 321 321 320 322 324 328 332 334 334 334 334 334 335 335 335 334 334 333 332 330 329 326 323 321 318 314 311 309 306 302 285 263 240 232 250 270 290 299 294 279 258 238 244 273
191 192 191 191 191 193 193 193 194 194 194 194 194 193 193 193 193 195 195 193 192 190 189 188 188 188 187 186 184 180 179 178 178 178 178 178 179 177 176 176 175 175 174 178 180 180 180 179 179 179 179 179 179 179 179 179 180 181 183 183 182 181 179 180 180 182 184 185 186 188 190 192 194 195 196 197 198 194 194 193 194 193 187 188 187 188 189 190 190 191 191 191 192 193 194 194 195 196 197 198 199 201 202 204 205 206 207 209 215 218 221 222 225 226 227 226 226 226 228 230 231 233 238 246 251 254 254 253 252 252 251 251 251 250 250 250 250 252 252 252 253 254 256 259 262 265 266 268 271 268 274 278 278 281 284 289 293 294 295 298 308 321 329 330 330 328 324 320 317 311 307 304 294 289 283 280 277 273 270 270 268 267 266 266 266 266 267 268 267 268 268 268 268 274 283 292 301 319 336 356 370 372 374 376 378 379 382 388 395 406 418 431 443 464 463 461 460 459 457 455 453 452 450 448 446 445 442 440 437 434 432 431 430 428 426 424 422 420 418 416 414 412 410 408 407 405 404 403 402 400 398 396 394 391 388 386 385 383 380 378 374 371 366 367 367 366 364 363 362 361 360 358 356 356 355 354 353 351 349 345 345 344 343 342 340 339 338 338 337 337 335 335 334 333 332 330 329 328 328 326 325 324 324 322 320 320 321 321 321 320 318 319 319 317 313 319 320 320 319 317 316 314 312 309 305 300 296 270 255 244 235 225 219 218 218 217 218 218 230 245 260 281 293 297 302 306 309 313 317 319 320 320 321 322 322 323 323 323 323 324 326 329 333 334 334 334 335 335 335 335 335 335 334 333 332 330 328 325 323 320 317 314 311 309 306 300 278 256 236 237 256 276 294 298 294 286 265 244 244 272
194 194 194 195 195 195 195 194 194 194 194 194 194 193 193 193 194 196 194 192 191 191 190 190 189 189 187 186 183 180 179 178 178 178 178 179 177 176 176 176 175 174 175 178 180 181 181 180 180 179 179 179 179 179 179 180 181 182 182 183 182 181 180 180 180 182 183 184 185 187 189 191 195 196 197 198 197 195 195 196 197 197 194 189 188 188 189 190 190 191 192 192 193 193 193 194 195 196 198 199 201 202 203 205 206 208 209 211 213 213 216 220 224 225 227 227 227 228 229 231 233 236 241 249 256 256 256 255 253 252 251 250 251 251 251 251 251 253 254 255 255 256 259 263 267 271 274 276 274 275 279 284 286 287 290 292 292 295 298 305 315 314 316 319 320 324 322 319 316 312 306 303 297 290 284 280 277 272 270 268 267 266 266 266 266 266 267 268 268 268 268 269 268 269 277 285 294 308 324 345 363 369 369 370 372 372 375 381 386 392 400 412 427 461 462 461 459 458 456 454 452 450 448 446 444 442 440 438 436 432 429 429 428 427 425 423 421 419 417 415 412 411 409 409 408 407 406 404 402 401 399 398 396 393 390 388 386 384 381 379 374 370 371 371 371 369 368 367 366 365 363 361 360 359 358 357 356 354 351 349 349 348 347 346 344 343 341 342 341 340 340 339 337 337 335 334 332 332 331 329 328 327 326 325 324 323 323 324 323 323 321 320 320 319 318 320 320 320 319 318 316 314 312 308 304 300 284 259 247 237 225 219 219 218 217 218 217 227 241 257 277 293 298 301 306 310 313 316 320 321 322 323 324 324 324 325 325 325 325 326 327 330 332 334 334 335 335 335 335 335 334 335 334 332 331 329 326 324 322 319 316 313 311 308 305 292 270 248 234 247 265 283 301 299 295 289 266 242 250 276
197 197 197 197 198 199 197 196 195 194 195 194 194 193 193 194 195 194 192 191 192 192 191 190 190 189 187 185 182 179 179 178 178 178 178 178 176 176 176 175 175 175 176 179 181 181 181 181 180 180 179 179 179 180 179 181 182 183 183 183 182 181 180 180 181 181 182 183 184 186 188 191 194 196 198 200 199 197 197 198 200 198 195 192 191 190 189 190 191 191 193 193 193 193 194 195 195 197 199 201 203 204 205 206 208 209 212 215 220 221 217 215 218 225 226 227 229 231 231 233 235 242 246 252 255 256 256 254 252 251 251 252 252 252 253 254 253 254 256 258 260 262 263 267 273 278 282 281 275 281 288 294 298 294 293 294 294 297 301 299 298 299 299 301 300 300 299 304 302 298 299 296 295 290 284 279 276 273 270 267 266 267 267 267 267 267 267 267 268 268 268 269 270 269 271 279 289 299 314 333 353 363 364 364 364 363 367 372 377 385 394 398 421 450 461 459 458 457 455 453 451 449 448 445 441 439 438 436 434 431 428 427 426 425 424 422 420 419 417 414 412 410 408 408 408 407 406 404 402 401 400 399 397 395 393 390 388 385 382 376 374 375 375 375 374 373 372 370 369 368 365 363 363 362 360 359 357 355 352 352 353 352 351 350 348 346 346 345 344 343 343 342 341 339 338 337 336 335 334 333 332 331 330 328 327 326 326 327 326 325 324 322 321 319 321 322 322 321 320 318 316 314 310 306 303 298 273 251 239 224 218 218 218 217 218 218 222 238 253 272 291 298 302 305 309 313 316 320 322 323 324 325 326 326 326 326 327 327 327 328 328 330 332 333 334 334 335 335 335 335 335 334 332 331 329 327 325 323 320 318 315 312 310 307 302 283 259 241 237 254 274 294 302 299 295 280 257 239 259 281
201 201 201 200 201 201 199 198 196 195 194 194 194 193 193 194 194 193 192 192 193 192 191 190 190 188 186 184 181 179 178 178 178 178 178 177 177 176 175 175 175 175 177 180 181 182 182 182 182 180 179 179 179 180 180 181 182 183 183 183 182 181 180 180 181 182 182 182 183 185 187 190 194 196 199 202 201 200 199 201 202 199 196 194 192 191 190 191 192 192 193 194 194 194 195 195 196 199 201 203 204 206 207 208 208 210 212 215 219 221 223 219 217 220 226 228 230 231 233 236 239 245 247 251 253 254 256 255 252 250 252 253 253 254 255 255 255 255 259 260 264 268 270 271 277 283 286 280 282 292 300 306 299 293 294 295 296 298 293 287 286 286 286 286 286 286 287 287 289 289 289 289 288 286 281 278 277 274 268 267 266 267 267 267 267 268 268 269 268 268 268 269 269 269 269 276 285 294 308 324 342 353 351 353 356 354 359 367 368 374 384 389 410 432 459 457 456 455 453 451 449 448 447 444 442 439 436 434 431 430 427 424 422 424 422 420 419 417 416 415 412 409 407 406 406 406 405 404 402 401 401 400 398 396 395 389 387 383 380 380 380 379 379 378 377 376 374 373 372 368 366 366 364 363 362 361 360 358 355 356 356 355 355 353 351 350 349 349 349 348 347 346 345 344 342 341 340 339 338 336 335 334 332 331 330 330 330 329 328 327 326 324 322 322 323 323 323 321 320 319 316 313 310 306 302 288 262 246 234 219 218 218 218 217 218 228 238 254 266 284 298 302 306 309 312 315 319 322 324 325 326 327 327 327 327 328 328 328 328 328 328 329 331 332 333 333 334 334 334 334 333 332 330 328 327 325 323 321 319 316 314 311 307 304 291 271 248 235 249 265 285 303 301 298 295 270 246 245 269 289
203 203 203 202 202 202 201 199 198 197 196 194 195 194 194 195 193 192 192 193 192 191 191 190 189 187 185 183 180 179 178 177 178 178 178 177 175 175 175 176 175 176 178 180 182 182 183 184 182 180 179 179 180 181 181 182 183 184 183 183 182 182 180 181 181 182 182 183 184 185 187 192 195 197 200 203 205 203 204 203 203 199 196 194 193 192 192 192 192 193 193 194 194 195 195 196 197 199 202 204 205 207 208 209 211 213 215 219 224 224 225 223 219 218 221 227 230 232 234 237 242 246 248 254 255 254 255 255 253 251 251 252 254 255 256 257 257 257 259 262 265 270 273 276 281 285 283 280 290 303 316 306 295 294 297 297 297 290 284 283 283 282 282 281 280 279 279 281 281 282 280 283 282 280 279 278 277 275 270 267 267 267 267 268 269 269 270 270 269 268 268 269 269 270 270 273 281 289 302 315 324 329 329 333 338 346 353 363 371 367 376 381 401 423 455 455 454 453 451 450 448 446 445 443 441 438 435 433 429 427 426 423 420 420 420 419 417 415 414 413 412 410 408 406 406 406 405 403 402 400 399 398 397 396 394 390 387 386 386 385 384 383 382 381 380 379 377 375 373 370 370 369 367 366 365 363 361 360 358 359 358 358 357 356 354 354 353 353 352 352 351 350 348 347 346 344 344 343 342 341 339 337 336 335 334 333 332 331 330 328 327 325 323 324 324 324 323 322 320 318 316 313 309 306 302 276 253 240 224 219 219 218 219 219 229 237 252 268 281 298 302 306 309 311 314 318 322 324 326 327 327 328 328 328 328 328 328 328 329 329 328 329 329 330 331 332 332 333 332 332 331 330 328 326 324 322 320 318 317 315 313 307 297 288 276 259 239 245 265 282 296 303 301 296 281 256 241 256 277 299
202 203 202 201 200 201 201 202 200 199 197 195 195 195 195 194 192 192 192 193 192 191 190 189 188 186 183 181 180 179 178 177 177 177 177 177 176 176 176 176 176 176 178 181 182 184 184 184 182 180 179 180 181 181 182 183 184 184 184 183 183 181 181 181 181 182 182 183 183 185 188 193 197 198 201 205 207 207 207 206 203 199 196 194 193 193 193 192 193 194 194 194 195 195 196 197 198 199 202 204 206 208 209 210 212 214 217 221 225 227 227 227 225 224 224 226 231 233 236 240 242 247 250 254 255 256 255 255 254 253 252 252 254 255 255 255 256 257 259 261 265 272 275 277 282 280 279 285 297 316 319 303 294 299 302 301 293 287 285 286 290 293 294 291 288 286 282 278 276 276 275 274 275 276 276 276 276 275 272 268 268 268 268 269 270 271 271 271 270 269 269 269 270 269 270 271 275 282 296 308 310 311 313 323 333 340 347 355 366 365 370 378 401 424 446 454 453 451 450 448 446 444 442 441 439 437 434 431 428 425 423 421 418 417 418 417 416 415 414 413 411 410 408 406 405 404 404 403 401 398 397 395 393 392 390 389 390 390 389 387 386 386 384 383 382 380 378 377 375 373 372 371 370 368 366 365 362 360 361 361 360 360 359 358 357 356 356 355 355 354 353 352 351 350 349 348 347 346 344 343 342 339 338 337 337 335 334 333 331 330 328 326 326 326 326 325 323 321 319 318 316 313 309 306 301 271 248 233 219 218 219 218 219 229 238 248 259 280 293 302 305 309 311 314 317 320 323 325 326 327 328 328 329 328 328 328 328 328 327 328 328 328 329 329 330 330 331 331 330 330 328 327 326 324 321 319 317 315 314 303 293 282 273 268 258 245 237 253 274 295 303 304 301 292 267 245 251 269 288 305
200 199 198 197 198 198 200 201 202 201 199 197 197 196 195 194 193 192 193 193 192 191 190 188 187 185 183 181 181 180 179 178 178 177 177 176 176 177 176 176 176 176 179 181 183 185 186 184 181 179 179 181 182 182 182 182 184 184 184 184 183 182 181 181 181 182 182 183 183 185 188 195 198 201 203 206 208 208 208 205 201 198 195 194 193 194 194 193 193 194 195 195 195 196 197 197 198 199 202 204 205 206 208 210 213 215 217 221 227 228 229 228 228 229 228 226 229 233 239 243 241 246 250 255 256 255 255 255 254 255 254 255 255 255 255 256 255 256 257 261 265 267 272 277 283 281 285 286 301 321 320 304 297 307 301 292 285 284 288 295 300 304 304 304 302 297 288 283 279 275 274 274 273 273 274 275 274 273 272 269 268 268 268 269 271 271 271 271 271 270 270 270 270 269 270 272 274 276 288 299 300 307 317 324 334 335 341 350 366 363 367 380 405 424 445 451 451 450 448 446 445 443 440 439 438 436 432 429 426 425 423 421 419 417 414 414 414 413 413 413 411 410 408 407 407 404 402 395 395 396 397 397 397 396 395 394 393 392 391 390 389 388 386 385 383 381 380 378 376 375 374 372 371 370 367 365 364 363 363 363 362 362 361 360 359 359 358 358 357 356 355 354 353 352 351 350 349 348 346 345 344 343 341 340 338 337 335 334 332 330 329 327 327 327 326 325 323 321 319 317 315 312 309 306 293 269 246 230 220 218 219 219 226 235 244 261 277 282 298 306 309 311 314 316 319 321 324 326 327 328 329 329 329 329 329 328 328 327 327 327 327 327 328 328 329 329 329 329 328 327 326 326 324 322 321 318 313 304 295 283 271 259 249 247 240 239 244 262 282 299 304 304 301 282 256 247 263 281 299 308
197 196 195 194 195 196 198 201 203 203 201 199 198 196 194 192 192 193 194 193 191 190 189 187 186 184 182 181 180 180 179 178 177 177 176 177 177 177 177 177 176 178 179 182 184 185 185 182 180 179 180 181 181 181 182 183 184 185 185 184 183 182 181 181 182 182 182 183 183 185 188 193 198 202 205 208 209 208 206 202 200 196 195 194 194 195 194 195 194 194 195 195 196 196 197 197 198 200 201 203 205 206 208 210 213 215 217 220 225 229 230 230 230 230 230 230 231 233 232 234 241 245 250 253 255 254 254 254 255 255 255 255 255 255 256 257 257 257 257 259 263 265 269 272 277 286 281 283 296 314 322 306 305 300 292 286 284 288 298 304 308 313 312 310 309 306 298 292 284 277 274 273 273 272 273 273 272 272 271 269 269 269 269 270 272 272 272 271 271 271 272 271 271 270 271 274 276 276 281 288 294 307 313 319 321 330 339 349 362 358 368 388 408 420 442 449 449 448 446 444 443 442 438 436 435 434 431 429 427 424 424 423 421 419 417 413 409 410 411 411 410 408 408 407 407 405 403 401 400 400 400 399 399 398 397 396 395 394 393 391 390 389 387 385 384 382 381 379 377 376 374 373 371 369 368 367 366 366 366 365 364 364 363 362 362 361 361 360 359 358 357 356 355 354 353 352 351 349 348 347 346 345 343 341 340 338 336 335 332 331 330 329 328 327 326 324 322 320 317 315 306 294 287 283 275 261 244 228 219 218 219 219 233 241 254 276 292 300 301 309 311 314 316 318 320 322 324 326 327 328 329 329 329 328 328 328 327 326 326 327 327 327 326 327 327 327 327 327 326 325 324 323 323 321 319 318 315 301 278 265 251 243 242 242 242 243 253 271 292 303 306 303 299 273 247 257 276 295 307 311
195 194 193 193 193 195 197 200 202 203 201 200 197 194 193 192 193 193 193 192 190 189 187 186 184 183 181 180 179 178 178 177 177 176 176 177 177 177 177 177 177 178 180 183 184 184 183 180 179 179 181 181 181 181 182 183 184 185 185 184 183 182 181 182 183 183 183 183 184 185 187 192 197 201 205 207 208 206 203 200 197 196 195 194 194 196 196 196 194 194 195 195 196 196 197 198 199 200 202 203 205 206 208 210 212 214 217 220 227 232 232 231 231 231 232 232 234 237 239 238 241 244 248 252 254 255 255 255 256 256 256 255 256 256 257 258 258 258 258 258 260 263 267 271 274 279 285 286 295 309 321 312 301 290 286 285 290 296 306 311 315 315 312 311 309 308 305 304 290 281 275 273 273 272 272 272 272 271 270 269 269 269 269 270 273 273 273 271 272 273 272 271 271 271 273 276 278 280 286 293 298 303 311 313 316 324 334 343 353 357 369 391 404 417 441 448 447 446 444 442 441 440 437 433 432 431 430 427 426 424 424 423 422 419 417 415 412 408 405 406 406 405 405 405 405 405 404 403 403 403 402 401 400 399 399 397 396 395 393 392 390 389 388 386 384 383 381 380 378 377 375 373 372 371 370 369 367 367 367 366 366 366 365 364 364 363 363 361 360 360 359 358 356 355 354 353 352 350 349 348 347 345 343 341 340 338 337 335 333 332 331 330 328 326 326 324 321 318 315 302 283 271 262 256 255 249 240 229 220 218 218 220 236 244 261 282 296 303 308 312 313 315 317 319 321 323 325 326 327 328 328 329 328 328 328 327 326 326 325 325 325 324 324 325 325 325 324 324 324 324 322 322 321 321 320 318 315 298 274 253 244 249 250 250 253 260 270 284 301 306 306 303 289 264 247 266 287 304 309 311
194 193 193 193 193 195 197 198 200 200 200 197 195 194 193 193 193 194 193 192 190 188 186 184 183 182 181 179 179 178 177 177 177 176 177 177 177 177 177 177 177 179 181 182 183 182 181 180 180 180 180 181 181 182 183 183 184 184 184 184 183 181 182 183 184 184 183 183 184 185 187 190 194 197 200 203 203 202 200 197 195 194 195 195 195 196 196 195 195 195 195 196 196 197 198 198 199 200 202 204 205 207 208 210 214 215 219 221 228 235 234 232 231 232 233 236 238 240 243 239 240 243 246 250 253 254 255 255 256 256 257 256 257 257 258 259 259 260 260 260 260 264 267 270 274 277 284 286 295 306 319 310 299 288 286 290 297 309 317 321 319 316 313 311 310 310 308 305 296 285 277 274 273 273 272 272 272 271 271 269 268 269 269 271 275 275 274 273 273 273 272 272 272 273 275 279 280 282 288 292 295 300 304 308 316 322 330 338 348 356 371 391 399 413 430 446 446 445 442 440 439 438 434 431 429 427 427 427 425 423 423 422 421 419 417 415 413 411 410 407 403 401 396 397 403 404 405 404 404 404 403 402 401 400 399 398 397 395 394 393 391 390 388 387 385 384 382 380 379 377 376 374 373 372 371 370 369 368 368 368 367 367 366 366 366 365 365 363 362 361 360 358 357 356 355 354 353 351 350 348 347 345 343 341 339 338 337 335 333 332 331 330 328 326 324 322 319 316 309 286 263 249 248 247 239 236 233 230 223 220 218 221 236 245 263 284 299 305 310 314 315 316 317 319 321 322 324 325 326 328 328 328 328 328 327 326 326 324 323 323 323 322 322 322 322 322 322 322 321 321 321 320 319 319 319 316 312 291 268 246 252 265 272 271 272 279 287 299 305 307 306 303 285 258 254 277 297 308 311 312
193 193 193 193 193 195 196 196 197 197 195 194 193 193 193 193 195 194 193 191 189 187 185 183 183 182 180 179 178 178 178 177 177 177 177 177 177 177 177 177 178 180 181 182 183 182 180 180 180 181 181 181 182 183 184 184 184 184 184 183 182 181 182 183 184 184 184 184 184 185 187 189 191 194 196 199 199 198 196 194 193 194 195 195 195 195 196 195 196 196 196 196 197 198 198 199 200 201 203 204 206 208 210 213 216 218 220 224 230 237 235 233 233 234 235 237 240 241 243 239 239 241 245 248 251 253 255 256 256 255 257 258 258 258 259 260 261 262 262 261 262 264 267 270 275 278 281 286 294 305 315 309 295 287 290 298 310 321 328 329 323 321 317 312 312 311 310 308 302 291 281 275 273 273 272 272 272 272 270 269 269 269 270 274 276 278 276 274 274 273 272 272 273 277 277 279 280 284 288 292 295 295 301 306 313 318 322 333 343 352 369 387 398 411 436 445 445 444 442 441 440 438 436 434 431 428 425 423 423 422 420 421 420 418 416 415 414 412 411 409 407 406 404 400 390 403 404 404 404 404 403 402 402 401 399 398 396 395 393 392 391 389 388 387 386 385 383 381 380 378 377 375 373 372 371 369 369 369 369 369 369 368 368 368 367 366 365 364 363 361 360 359 358 356 355 354 352 351 349 347 345 344 342 340 339 338 336 335 334 332 331 329 327 326 324 321 318 315 305 276 255 258 263 261 252 244 239 233 223 221 220 220 230 242 256 280 298 306 310 315 316 316 317 318 320 321 323 325 326 327 327 328 328 327 327 326 325 323 322 321 321 320 320 320 320 320 321 321 320 318 313 306 306 309 314 313 303 283 261 247 263 281 293 294 293 297 303 306 308 308 306 303 281 254 261 286 306 310 312 312
194 193 193 193 193 193 194 194 194 193 193 192 192 192 193 196 195 194 192 190 188 185 184 183 183 181 179 178 177 177 177 177 177 177 177 177 177 177 177 177 179 181 181 182 182 181 180 180 181 181 181 182 183 184 185 185 184 184 183 183 182 182 183 183 184 184 184 184 184 185 187 189 190 191 193 194 195 193 192 192 193 193 194 195 195 195 195 196 197 197 197 197 198 198 199 200 201 203 203 205 207 210 213 216 218 221 224 228 232 239 237 236 235 235 237 239 241 243 243 238 238 241 244 248 251 251 253 253 255 255 256 258 259 259 261 262 264 263 263 263 264 265 267 269 272 277 282 286 293 303 308 303 292 288 295 306 321 333 335 328 322 320 316 313 311 311 311 310 305 297 287 277 274 274 273 272 272 271 270 270 270 270 271 274 278 283 284 278 275 275 274 273 274 277 278 278 279 281 286 289 291 293 297 303 307 313 319 332 341 349 363 384 397 412 433 442 444 444 443 442 441 439 437 435 432 429 427 424 421 419 417 418 419 418 416 415 414 413 412 410 409 407 405 401 376 393 401 403 403 403 402 401 400 399 398 397 395 394 392 391 390 389 388 387 386 384 383 381 379 377 376 374 372 371 368 365 361 361 362 364 366 367 368 367 367 366 365 364 362 361 360 358 357 355 354 352 351 349 347 346 344 343 341 340 338 337 336 335 333 331 330 328 325 324 323 321 319 317 310 280 260 279 288 276 266 258 250 242 228 222 221 220 222 236 250 268 290 304 310 315 316 317 317 319 320 321 322 324 325 326 326 327 326 326 325 324 324 323 321 320 319 318 319 320 319 320 319 319 319 298 287 283 281 284 289 290 284 272 252 250 266 287 304 304 304 306 308 309 309 310 308 306 283 251 266 287 307 310 312 312
194 194 194 194 195 194 193 193 192 192 192 192 192 194 195 197 196 193 191 189 187 186 185 184 184 181 180 177 177 177 177 177 177 177 177 177 177 177 177 178 179 181 181 181 181 181 180 181 181 182 181 182 184 185 185 185 184 184 183 183 182 182 182 183 184 184 184 184 185 186 186 187 188 188 190 190 190 190 190 191 193 194 194 195 196 196 197 198 199 199 198 198 198 199 200 201 202 203 204 207 209 212 215 219 222 225 228 232 239 240 239 239 237 237 239 242 243 245 242 240 239 241 243 246 248 250 252 251 253 255 256 257 259 261 263 266 267 266 266 267 266 267 269 270 273 277 281 287 295 301 301 296 290 292 299 315 330 345 333 324 319 315 312 312 311 311 313 311 308 299 291 283 277 275 273 272 272 271 270 271 271 271 272 274 281 290 289 282 279 280 280 274 274 276 277 277 278 280 282 285 286 289 294 300 308 316 325 335 343 350 365 389 397 422 437 443 445 445 444 443 441 439 438 435 433 431 428 425 423 421 420 416 414 417 416 415 414 413 411 410 409 407 405 401 379 370 381 387 394 401 399 399 399 398 396 395 393 392 391 390 389 388 387 386 384 383 382 380 378 376 373 369 366 363 358 358 357 358 361 362 364 365 366 366 363 364 362 361 359 359 358 356 355 354 352 350 349 347 345 344 342 341 340 339 337 336 335 333 332 330 328 326 323 321 317 321 320 317 307 278 272 298 311 295 280 269 261 250 238 226 222 221 220 224 243 256 281 296 311 316 316 317 318 319 320 321 322 324 324 324 325 325 325 325 324 324 323 322 321 320 319 317 315 304 305 311 318 318 298 273 262 259 257 259 262 263 259 251 250 255 274 296 308 308 309 310 311 311 311 311 310 307 285 259 265 286 308 311 312 312
194 195 195 196 196 194 193 192 192 192 192 192 193 195 197 197 195 192 190 187 187 186 186 185 184 181 178 178 177 177 177 178 177 177 177 177 177 178 178 178 180 180 180 180 180 180 181 181 181 182 182 183 185 186 185 185 184 183 183 183 183 182 183 183 183 184 184 184 185 188 188 189 189 188 188 188 189 189 190 191 194 195 194 195 196 198 199 200 200 199 198 199 199 200 201 202 203 204 206 209 211 215 219 224 227 228 230 235 240 240 239 240 240 241 243 244 244 243 243 241 240 240 243 244 245 247 250 253 253 255 258 259 261 264 267 268 267 269 270 271 269 269 270 272 275 278 282 291 298 300 297 290 291 296 303 317 336 343 332 324 318 314 312 311 311 311 312 313 310 302 291 286 281 276 274 273 271 271 270 271 271 272 273 275 280 289 287 281 284 288 283 274 274 274 275 278 279 280 282 285 289 294 301 307 318 326 334 340 347 359 381 394 406 430 440 445 446 445 444 443 441 439 438 435 433 431 429 427 425 422 422 419 415 413 415 415 414 412 411 410 408 407 405 402 392 363 354 359 367 374 385 394 396 395 394 393 392 390 389 388 387 386 385 384 382 380 379 377 373 370 366 359 348 341 337 338 339 341 342 345 350 355 358 357 361 359 358 354 354 352 352 352 352 351 349 348 347 345 343 342 340 339 338 337 336 334 333 332 330 329 326 326 325 324 322 321 302 289 285 275 291 312 312 309 298 278 265 256 246 235 222 222 221 221 230 245 265 284 301 315 316 317 318 319 320 321 322 322 323 323 324 324 324 324 324 323 323 322 322 321 321 320 319 316 310 287 303 304 282 263 270 276 273 267 260 254 253 253 259 271 287 306 310 311 312 312 312 312 312 312 311 308 291 264 265 287 309 313 314 313
196 196 197 198 197 195 193 192 192 192 192 193 195 197 197 195 192 190 187 186 187 187 185 186 184 179 178 178 178 177 177 178 178 177 177 177 178 178 178 179 179 180 180 180 181 180 181 181 181 182 183 184 186 186 185 185 184 185 183 183 183 183 183 183 183 184 184 185 188 190 191 191 191 190 190 190 191 191 192 190 191 194 195 196 197 199 200 201 200 198 199 201 201 202 203 203 204 206 207 211 213 216 221 227 230 232 234 238 239 240 242 244 244 245 247 249 245 244 242 242 241 242 241 244 246 249 252 255 255 257 260 262 265 267 271 269 270 273 274 274 273 272 273 275 278 282 283 293 300 297 290 289 298 305 311 328 343 345 334 327 320 316 314 312 312 312 313 313 312 306 295 295 288 282 275 273 272 271 271 271 272 273 274 274 278 280 281 290 296 295 285 275 274 275 276 279 280 281 284 290 298 304 313 324 334 337 343 346 354 370 388 398 420 434 443 446 446 446 445 443 441 439 438 435 433 432 429 428 426 424 422 420 416 412 411 413 412 411 409 408 407 406 404 402 398 385 364 347 343 345 354 365 374 385 390 390 389 387 386 385 383 382 380 379 377 376 373 371 363 357 346 335 328 324 323 322 322 321 322 325 329 334 342 346 344 342 339 336 335 328 326 325 327 332 336 339 345 344 343 341 340 338 337 335 334 333 332 331 330 329 328 327 326 324 323 322 319 311 305 306 317 316 314 311 307 295 278 261 251 240 229 222 222 221 221 235 249 268 286 309 316 317 318 319 319 320 322 322 323 324 324 324 324 324 324 324 323 323 323 322 322 321 321 319 316 302 277 285 267 274 290 299 294 288 280 266 256 266 278 290 304 309 312 314 314 314 314 314 314 314 312 309 293 268 266 288 311 314 315 314
197 198 198 199 198 196 194 193 193 193 193 195 196 197 195 192 190 187 184 185 186 185 186 186 182 178 177 177 177 178 178 178 178 178 177 177 178 178 178 179 180 180 180 181 181 181 181 181 182 183 184 185 186 185 185 184 184 184 184 183 183 183 183 183 183 184 185 187 190 192 193 193 192 192 192 192 193 194 194 194 192 193 195 197 198 200 200 200 199 199 201 202 203 204 205 205 206 208 210 213 215 219 225 230 233 235 238 241 241 242 244 247 248 250 251 251 247 245 243 244 243 243 243 243 246 249 252 254 255 257 261 264 267 268 270 269 275 278 278 277 278 277 276 277 281 289 291 292 294 287 289 293 305 313 324 337 350 352 340 331 325 321 316 314 312 312 312 311 309 311 312 309 300 287 281 277 274 273 273 273 273 274 274 276 279 284 294 303 310 297 287 277 275 276 278 280 281 282 286 295 304 313 323 334 340 345 352 362 371 384 395 407 430 440 444 447 447 446 445 443 442 440 438 435 433 432 429 428 426 424 422 420 417 414 409 409 410 409 407 405 404 403 401 399 395 391 366 347 342 335 333 342 349 359 369 385 385 385 383 382 380 377 376 373 372 369 366 356 348 338 329 323 317 312 309 307 306 304 306 308 312 317 325 329 330 327 323 318 313 308 306 306 309 311 314 320 332 342 342 342 340 339 338 337 335 334 333 332 331 330 329 328 326 326 324 323 323 321 320 320 318 316 315 313 308 302 292 272 257 245 237 223 221 221 221 225 239 257 276 293 313 318 320 317 317 321 323 323 324 325 325 325 325 325 325 325 324 324 324 323 323 323 322 321 318 313 292 271 271 288 306 311 312 309 290 268 260 280 298 305 310 313 315 316 316 316 317 316 316 315 313 310 297 271 268 289 312 316 316 315
198 198 198 198 197 198 196 195 195 194 195 195 196 195 193 190 187 184 181 178 178 180 179 177 180 178 178 177 177 178 179 178 178 178 177 177 178 178 180 180 180 181 181 181 181 181 181 181 182 183 184 185 185 185 184 184 184 184 184 184 184 184 184 184 184 185 187 190 193 194 194 193 193 193 194 195 195 196 196 196 193 192 195 197 198 199 199 198 199 200 201 204 205 206 207 207 207 210 213 214 217 222 228 233 236 238 244 243 243 243 245 248 251 251 252 252 247 245 245 245 245 245 244 244 244 247 251 255 255 258 263 265 270 273 272 275 281 283 282 282 283 284 283 283 285 286 286 286 287 290 293 300 313 322 336 351 359 357 348 341 336 330 321 317 315 312 311 310 313 317 315 311 305 294 289 286 282 276 277 278 278 276 275 277 284 292 304 324 319 299 288 279 275 276 279 280 281 282 285 293 302 313 325 336 343 350 358 371 381 390 402 418 435 443 446 447 447 446 445 444 442 440 438 435 434 432 429 427 425 423 421 419 417 414 412 409 405 403 401 399 397 394 392 388 385 380 375 368 362 345 339 333 335 346 354 361 375 377 379 378 377 374 371 367 362 358 351 341 331 324 319 313 306 300 295 289 286 285 285 287 292 299 306 311 313 311 307 302 298 295 294 294 294 294 295 299 305 323 335 341 340 339 338 337 336 335 334 332 331 330 330 329 328 327 326 325 324 323 322 321 320 318 317 313 310 303 295 282 267 255 243 231 222 221 222 221 228 246 264 281 301 307 304 305 321 323 324 325 325 326 326 326 326 326 326 325 325 325 324 324 323 322 322 321 318 315 295 272 281 300 310 314 314 311 290 266 270 293 308 310 312 315 317 318 318 318 318 318 317 316 315 312 301 274 268 294 314 317 317 316
198 196 196 197 198 198 198 198 197 196 196 196 195 193 190 188 185 182 180 180 179 179 178 178 178 177 177 177 177 178 178 178 178 178 178 178 178 180 181 181 181 182 182 182 181 181 182 182 183 185 185 185 185 184 184 184 185 185 186 186 186 186 186 185 185 187 189 193 195 196 196 195 195 196 196 197 197 198 197 197 195 192 195 197 198 198 198 199 199 201 203 205 206 208 209 209 210 213 216 217 220 225 231 235 240 243 246 247 245 244 246 249 253 254 255 252 247 246 247 247 248 248 247 245 244 245 249 255 258 261 264 266 270 275 277 282 287 286 291 294 294 292 293 293 288 286 286 288 292 299 305 312 321 334 350 364 370 367 357 349 344 337 331 323 319 315 313 313 318 322 319 313 306 301 295 291 287 282 281 282 282 282 278 278 292 301 320 327 319 304 290 282 277 275 277 280 280 281 282 290 299 308 321 334 344 352 361 375 384 396 412 428 440 446 447 447 447 446 445 444 442 440 437 435 434 432 430 427 425 423 421 418 415 414 412 411 409 407 406 405 403 402 399 397 398 396 394 392 390 371 354 342 331 331 339 346 350 355 358 359 360 360 359 355 347 341 335 328 322 315 307 304 297 288 286 289 289 285 283 284 280 281 287 295 297 295 291 287 283 280 279 277 278 277 278 284 289 292 309 323 336 340 338 338 336 335 334 333 331 331 331 330 329 328 327 327 326 324 323 322 321 319 317 314 310 305 298 288 275 262 250 240 226 222 222 222 223 239 252 263 273 277 294 318 323 325 326 326 326 327 327 327 327 327 327 326 326 326 325 324 322 320 321 320 318 306 283 281 297 304 312 316 316 312 289 263 279 301 312 315 316 317 319 319 320 320 320 319 318 318 316 313 297 272 272 305 316 318 318 317
197 195 195 195 197 198 199 199 198 197 196 195 193 191 189 186 183 181 181 180 179 178 178 178 178 177 177 178 178 178 178 178 178 178 178 178 180 182 182 181 181 182 183 183 182 182 182 182 184 185 185 185 184 184 184 184 185 185 186 187 188 188 187 187 187 189 192 194 197 198 198 198 198 198 198 198 199 199 198 197 196 193 195 196 198 198 198 199 200 202 204 206 208 209 211 212 214 216 221 222 224 230 235 242 243 245 248 251 248 247 248 253 256 256 254 252 248 248 250 249 249 250 248 247 246 245 248 252 258 260 262 265 268 272 278 282 285 289 306 315 313 306 298 289 286 286 290 296 302 312 318 325 337 350 364 379 384 380 369 361 355 343 333 325 320 318 316 317 323 325 321 315 308 303 298 295 291 287 286 287 289 289 285 278 293 309 326 328 319 308 295 286 279 277 276 277 278 279 282 287 295 306 319 335 345 351 363 377 387 398 413 429 441 447 448 448 447 446 444 443 441 439 437 435 433 431 429 427 425 422 420 417 414 412 411 410 409 408 407 407 406 404 403 401 399 398 397 395 392 387 373 352 339 330 325 331 335 338 340 341 343 343 345 340 336 332 328 322 314 306 301 295 288 290 295 299 300 297 295 293 289 281 278 279 282 279 277 274 271 268 268 267 267 267 265 269 274 280 286 300 314 327 337 337 336 334 334 333 332 331 331 330 330 329 329 328 327 325 324 323 322 321 318 315 311 307 301 291 280 268 256 246 239 230 223 222 221 231 236 250 267 288 315 322 325 326 327 327 328 328 328 329 328 328 328 327 327 326 325 324 322 319 317 317 313 296 277 294 306 301 312 316 314 312 287 265 288 311 316 317 319 320 321 321 321 321 320 319 319 318 316 311 288 265 282 314 318 318 318 318
196 194 194 194 196 198 199 199 197 196 195 194 192 191 189 187 184 181 178 179 179 178 178 178 179 178 178 178 178 178 178 178 179 179 179 180 182 182 182 182 181 182 182 183 182 182 182 182 184 185 186 186 185 185 184 185 185 185 186 187 188 189 189 189 191 192 195 198 199 200 200 200 200 199 199 200 199 199 198 197 195 193 193 197 197 197 198 200 202 204 206 208 209 210 212 215 218 221 224 226 230 232 239 242 245 249 251 251 253 254 254 256 256 255 254 252 249 250 252 252 251 251 250 249 248 246 247 249 254 257 261 264 267 269 275 280 286 294 311 324 324 308 292 286 286 293 298 306 314 326 332 340 353 369 383 392 396 392 383 373 361 353 338 329 323 320 320 323 329 329 322 315 308 305 301 297 294 290 288 291 293 293 282 286 299 316 330 334 325 315 303 291 284 278 276 276 277 279 281 286 293 303 316 333 342 350 363 375 385 396 413 428 440 448 448 448 447 445 443 442 440 438 436 434 433 430 428 426 423 421 419 416 413 411 407 407 407 407 406 406 406 405 404 402 401 400 399 396 393 389 385 368 347 336 326 321 323 325 326 328 329 329 329 329 327 325 322 315 306 301 294 288 294 300 307 312 312 310 304 300 296 290 280 277 274 274 275 274 275 279 281 280 279 279 273 268 264 267 277 284 292 306 321 330 334 334 333 332 332 331 331 330 330 329 328 327 326 325 324 323 322 320 318 316 312 308 301 293 283 271 259 248 244 239 232 222 221 222 239 258 274 299 318 324 326 327 328 328 329 329 329 330 329 329 329 328 327 326 325 324 321 318 310 310 305 287 288 306 311 308 312 316 316 313 286 268 294 315 318 320 321 322 322 322 322 322 321 320 319 318 316 300 273 270 298 316 319 319 319 319
195 193 193 193 195 197 198 197 197 196 195 194 192 191 190 188 184 180 180 179 179 179 179 179 180 179 178 178 178 179 178 179 180 181 182 182 182 182 183 182 182 182 182 183 182 182 183 183 184 185 185 185 185 185 185 185 185 185 186 187 188 189 190 190 192 195 198 201 202 201 202 202 201 201 200 200 198 197 196 196 194 194 195 194 195 198 199 202 203 205 207 209 211 212 215 218 221 225 229 232 237 238 241 245 248 251 252 252 256 259 257 256 256 256 253 252 249 251 254 255 253 253 252 251 249 248 247 248 252 257 261 263 266 267 271 279 284 294 312 327 321 301 289 286 292 302 314 320 331 340 349 361 376 392 402 405 407 403 394 380 371 358 345 334 325 324 325 330 335 331 321 314 308 306 303 299 297 294 291 292 294 290 280 293 306 324 339 349 338 325 313 298 288 281 279 277 277 278 281 285 292 301 315 331 339 348 361 372 381 392 407 426 439 448 448 447 446 444 443 441 439 437 435 433 432 429 426 424 422 420 418 415 413 411 408 401 399 396 387 391 399 405 405 403 402 401 399 397 394 391 387 377 356 341 333 326 319 315 314 315 315 315 318 317 315 311 310 305 300 293 292 296 304 312 319 325 328 323 317 312 306 299 293 289 284 282 287 290 292 294 295 295 296 292 285 277 274 266 261 274 284 290 299 315 318 324 329 333 331 331 331 330 329 328 327 326 324 323 322 322 320 319 317 315 312 306 299 290 281 269 254 245 241 238 225 223 222 222 238 259 277 303 317 326 328 329 329 330 330 330 330 331 330 330 329 329 328 327 326 324 320 315 315 312 302 284 297 312 314 313 314 318 317 315 288 272 301 317 321 322 322 323 323 323 323 323 322 321 320 318 309 286 265 286 314 319 320 321 320 320
194 192 192 193 194 197 197 197 197 196 195 194 193 192 190 187 183 180 179 179 179 179 179 180 180 180 180 179 180 179 180 181 181 182 183 183 183 183 183 183 183 183 183 183 183 183 183 183 184 185 186 186 186 185 185 186 185 186 187 188 188 190 190 192 194 197 199 202 202 202 202 202 201 200 199 199 198 197 195 195 195 196 197 196 197 199 201 203 205 206 208 210 213 215 218 221 225 228 232 239 241 243 244 247 249 252 253 255 258 258 257 257 256 255 253 252 251 253 256 257 257 256 255 255 252 250 248 248 251 255 259 261 264 267 271 278 282 293 311 326 317 298 288 288 300 315 325 335 347 354 367 383 404 409 413 415 413 409 403 393 383 369 354 341 335 333 334 338 338 330 319 313 309 307 305 303 301 297 296 296 295 288 286 300 316 331 348 361 351 337 322 309 297 287 281 279 278 278 280 284 290 298 313 327 339 346 357 367 378 388 399 419 433 447 448 447 446 444 442 441 439 436 434 432 430 428 425 423 421 418 417 415 412 409 403 408 408 407 406 397 375 370 388 404 403 401 399 397 394 392 388 383 369 354 344 335 328 321 313 311 310 304 305 305 302 296 295 294 294 296 300 308 315 323 335 347 345 340 335 328 323 315 307 302 300 298 299 304 307 310 309 309 305 299 294 290 286 282 266 261 271 283 292 298 316 317 313 312 322 315 315 320 318 317 313 316 321 321 321 320 317 313 312 306 300 293 285 277 272 261 249 242 234 227 224 223 222 221 236 256 278 301 318 327 329 330 331 332 332 332 332 332 331 330 330 329 328 327 326 322 322 322 320 316 306 289 306 315 317 316 317 319 318 318 296 273 293 319 322 323 323 323 324 324 324 323 323 321 319 317 296 274 276 303 318 321 322 322 322 321
193 193 192 193 194 197 197 196 196 196 195 194 193 191 189 184 181 179 179 179 179 179 179 180 180 182 181 181 183 182 181 182 183 183 183 184 184 184 184 184 184 184 183 183 184 183 183 183 184 185 186 186 186 185 186 186 186 186 186 188 188 190 191 192 195 197 200 201 202 202 202 201 200 199 198 198 197 197 196 196 196 197 198 196 198 200 202 204 205 206 208 210 213 215 218 225 231 234 238 241 244 247 248 249 251 254 258 260 259 258 257 257 257 255 255 254 253 254 257 259 260 260 260 259 255 252 250 249 251 251 255 259 263 266 270 275 282 290 306 323 313 297 289 295 305 320 334 349 365 378 391 410 411 412 416 416 415 414 409 403 393 381 370 356 345 344 345 347 340 329 319 312 309 307 306 304 302 300 299 299 296 283 291 303 323 340 361 365 359 349 335 319 305 295 286 281 278 279 279 282 287 295 308 324 338 345 350 362 373 384 394 409 428 444 447 446 445 444 442 440 438 435 433 431 429 427 425 422 418 415 413 411 409 406 411 410 410 409 407 405 398 372 360 377 398 401 399 397 394 393 389 385 382 370 355 344 336 328 321 313 309 302 300 300 301 300 304 306 307 309 314 319 326 340 353 353 350 348 347 345 341 335 329 318 315 316 319 322 325 327 327 324 318 311 302 296 292 287 276 265 260 267 274 286 291 293 295 298 298 299 299 298 301 304 306 307 308 307 304 304 301 295 292 287 284 276 268 264 259 253 246 238 229 226 225 224 222 222 234 256 278 298 316 326 330 331 332 333 332 333 333 332 331 331 330 330 329 327 325 324 324 323 321 317 299 301 315 319 319 318 320 321 322 319 309 287 283 312 323 325 325 325 325 325 324 324 322 321 319 304 281 270 294 317 322 323 323 323 323 322
194 193 192 193 195 197 196 196 196 196 195 194 192 191 190 188 181 179 179 179 179 179 180 180 182 183 182 181 183 183 182 182 183 183 184 184 184 184 185 185 185 185 184 183 184 184 183 184 185 186 186 187 186 186 186 186 186 186 186 189 189 190 191 193 195 197 199 200 200 201 200 200 199 199 198 198 199 197 197 197 199 199 197 198 199 201 202 203 204 207 209 211 213 215 219 227 236 243 242 245 248 250 251 252 254 257 261 264 260 257 258 258 258 257 257 255 255 256 258 260 260 261 262 261 258 256 253 250 250 252 255 259 262 266 270 273 279 285 300 310 311 297 290 298 309 324 340 357 390 405 412 412 411 413 416 416 415 414 412 409 399 391 382 373 364 360 358 351 339 329 319 313 308 307 306 305 302 301 301 300 293 282 295 308 327 347 364 371 367 356 347 332 313 301 294 288 282 279 280 282 284 292 304 319 334 345 346 353 367 378 389 402 420 436 445 445 443 442 441 439 437 435 433 430 428 426 424 422 420 417 415 411 409 412 413 413 411 410 408 406 403 385 357 357 380 397 398 397 395 393 390 387 383 373 364 354 344 334 326 314 306 303 309 312 316 315 316 320 320 321 327 335 343 355 357 356 355 354 353 352 350 347 344 342 341 342 340 337 337 336 333 330 326 321 315 306 298 294 287 275 266 259 261 266 272 276 280 281 283 286 286 286 286 287 285 285 284 284 286 285 283 275 270 270 267 260 254 250 246 244 239 230 227 226 228 224 223 222 229 253 273 292 312 326 329 332 332 333 333 333 333 333 332 331 331 331 329 327 326 327 326 324 321 313 292 312 320 322 322 321 322 323 325 323 319 299 278 312 324 326 326 326 326 325 325 323 322 320 312 291 269 291 317 323 324 325 325 325 325 323
195 193 193 195 197 197 197 196 196 196 195 194 193 192 192 186 180 178 180 179 180 180 180 181 183 184 182 181 182 183 182 182 182 183 184 184 184 185 186 186 186 186 185 185 184 184 184 184 185 186 187 187 186 186 186 186 186 186 186 188 189 189 191 193 195 197 198 198 199 199 199 199 199 199 199 199 199 199 198 198 200 200 197 198 200 201 202 203 205 207 210 212 214 217 220 228 239 247 247 250 252 254 254 255 257 260 264 264 263 262 261 260 261 260 258 256 257 259 260 261 262 263 264 263 261 259 256 253 251 252 256 259 260 264 267 270 275 282 290 295 298 293 290 297 310 325 340 363 397 410 411 411 411 413 416 415 414 414 412 410 403 395 390 384 377 370 363 346 337 329 319 312 308 307 306 303 301 301 301 298 292 286 300 318 335 354 368 372 369 364 355 340 325 313 303 294 287 282 280 281 283 287 299 313 328 343 343 346 361 371 383 395 413 429 441 443 442 441 440 438 436 434 433 431 428 426 424 422 420 418 415 410 414 415 414 413 412 410 408 406 402 390 359 349 359 377 396 395 394 391 385 379 371 363 354 346 337 328 320 310 307 310 321 325 328 331 329 331 334 340 349 354 360 361 360 360 360 358 358 357 356 354 352 350 348 346 345 344 341 339 337 335 331 329 324 318 308 299 292 282 269 265 256 256 256 257 259 261 261 265 267 268 267 268 268 269 268 267 265 266 265 259 255 254 250 244 241 237 233 231 231 230 230 235 237 230 224 224 230 252 271 291 308 324 328 331 333 334 334 334 334 333 333 332 332 331 330 329 329 329 327 325 322 304 305 320 323 324 324 323 323 325 326 325 321 309 283 312 324 326 326 326 326 325 324 323 321 313 292 272 284 308 322 325 326 326 326 327 326 324
195 192 195 198 198 198 197 197 196 196 195 193 191 192 192 184 180 180 180 180 180 181 181 183 184 184 182 181 182 183 183 183 183 184 184 184 185 185 186 187 187 186 186 185 184 184 185 184 185 187 187 187 186 186 186 186 186 187 187 188 190 191 192 194 195 196 197 197 198 199 200 200 200 200 200 201 200 200 199 201 200 199 198 199 200 201 202 204 207 210 212 214 216 219 223 228 239 249 251 254 256 258 258 259 262 267 268 268 267 266 265 264 263 261 259 259 259 261 262 263 264 265 266 265 264 261 258 254 253 253 254 256 258 262 265 270 275 282 285 287 285 282 290 297 310 324 338 357 379 405 410 410 411 413 415 415 414 413 411 409 406 401 394 390 383 377 361 344 337 326 319 312 309 307 306 303 302 302 302 299 291 292 305 323 344 359 371 372 369 366 361 350 335 321 311 301 293 287 283 281 282 284 293 307 322 335 342 342 354 367 378 391 410 426 439 440 441 440 439 438 436 434 432 431 428 426 424 421 418 416 413 413 416 416 414 413 412 409 407 405 400 379 357 349 342 355 373 385 390 383 378 366 357 351 344 335 327 321 312 308 310 320 332 338 342 344 346 349 353 358 363 364 364 364 364 363 362 361 361 360 358 357 356 354 352 350 348 346 344 342 340 338 336 333 330 323 313 304 294 277 264 256 261 264 263 260 260 257 253 248 247 246 248 248 246 246 246 248 247 248 245 244 240 237 235 233 233 233 234 235 235 236 238 241 239 229 223 223 233 252 269 287 305 322 330 333 334 335 334 335 335 334 333 333 332 332 331 330 330 329 327 325 319 299 317 323 325 326 327 325 325 327 327 326 324 314 287 312 325 326 327 327 326 326 325 323 315 293 272 285 306 322 325 326 328 328 328 328 327 326
195 193 197 200 200 199 198 198 196 195 194 192 192 192 192 182 181 178 180 180 181 183 183 183 184 184 182 181 182 183 184 184 183 183 184 184 185 186 187 188 187 187 186 185 185 185 185 185 185 187 188 187 187 187 187 187 187 187 188 189 191 192 195 195 195 196 196 198 199 200 200 200 201 201 201 201 201 200 201 203 201 198 198 199 200 201 202 206 209 212 214 216 218 222 226 229 239 250 255 258 260 261 262 263 268 271 271 274 275 272 271 269 265 262 261 261 262 263 264 265 266 267 268 266 265 261 257 253 253 254 256 256 257 259 264 267 273 276 280 279 278 281 287 296 308 324 339 353 370 398 409 409 410 412 415 414 413 412 410 408 405 402 398 393 385 374 360 345 336 326 317 311 308 307 306 303 303 303 301 296 285 297 309 327 349 363 372 371 369 366 363 358 344 330 319 309 299 292 287 283 282 282 288 302 314 328 340 341 350 365 376 389 409 423 435 438 440 439 439 438 436 434 433 430 428 426 424 421 418 417 414 416 417 416 414 413 412 410 407 404 398 397 371 350 340 336 350 363 369 366 362 356 350 343 334 324 320 317 315 316 314 324 341 352 358 360 368 367 365 367 367 367 367 366 366 365 365 364 363 361 360 359 357 356 354 353 350 348 346 344 342 340 339 335 330 325 312 296 284 270 260 264 273 278 279 280 278 277 270 269 267 263 260 256 250 250 249 245 243 241 240 239 239 240 242 246 248 249 251 249 247 245 244 243 240 227 223 223 235 254 269 287 305 321 331 334 335 336 335 335 335 335 334 334 333 333 332 332 331 330 328 325 312 311 322 326 328 328 328 328 327 328 328 327 326 313 291 315 326 327 328 327 327 326 324 320 297 275 288 308 322 326 327 329 329 330 330 330 328 327
194 191 199 202 202 200 199 197 196 195 194 192 193 193 191 182 180 180 180 180 182 183 184 184 184 183 182 181 182 183 183 185 184 183 183 184 185 186 187 188 188 187 187 185 185 185 185 186 187 188 189 188 188 187 187 187 187 188 188 190 192 194 197 197 197 197 197 199 200 201 201 201 201 201 201 201 200 201 203 203 200 198 198 199 200 201 203 207 210 214 216 218 221 226 231 231 235 248 257 261 263 264 265 268 274 274 279 283 285 281 279 276 270 266 265 264 265 267 268 267 268 268 269 268 266 261 256 256 258 259 258 257 257 258 262 266 270 273 273 274 278 280 284 291 300 321 336 351 368 388 407 408 409 412 413 413 413 411 410 407 405 402 398 390 384 370 359 343 331 322 314 308 306 305 304 302 301 300 294 288 296 304 317 332 353 365 371 371 369 366 364 360 356 343 332 317 306 299 291 287 283 284 289 297 308 320 336 339 348 359 373 388 408 420 431 437 439 438 438 437 436 434 432 430 429 427 424 422 420 418 417 417 417 416 415 414 412 411 408 404 402 400 387 367 342 331 335 343 347 348 347 343 338 330 323 323 322 324 330 327 319 328 345 364 377 377 375 373 372 372 371 371 370 369 368 366 366 364 363 362 360 359 358 355 349 352 352 350 348 346 344 342 338 332 327 314 298 286 275 263 266 276 285 294 295 292 292 291 284 286 286 282 280 275 271 269 270 268 261 260 260 258 259 258 258 261 264 268 267 263 256 250 247 245 237 228 224 224 234 255 269 287 305 320 330 335 336 337 336 337 336 336 335 335 335 334 333 333 331 330 329 326 304 319 326 328 329 330 330 329 329 330 329 329 327 318 295 317 327 328 329 329 328 326 324 300 277 292 312 314 325 328 330 331 331 331 332 331 329 327
192 194 200 201 201 201 199 198 196 194 193 193 192 192 190 181 181 180 180 181 183 183 184 185 185 183 182 182 181 182 184 185 183 183 183 184 185 186 187 187 187 187 186 186 185 185 185 186 187 188 190 190 189 188 188 188 188 188 189 190 195 196 199 199 200 200 199 198 200 201 201 202 202 202 201 201 200 202 204 202 199 199 199 200 201 202 205 208 211 215 218 221 224 230 236 239 240 247 259 263 266 267 270 273 279 282 289 292 293 292 287 281 274 269 268 268 269 272 274 272 271 270 271 269 265 260 257 260 264 264 262 259 259 258 260 263 264 267 269 271 275 278 284 289 298 315 328 341 363 378 404 408 409 412 412 412 412 410 409 407 404 400 393 386 378 365 355 340 327 317 311 307 306 304 302 301 297 293 290 296 303 311 323 340 356 367 372 371 370 367 364 361 357 352 343 330 318 308 297 291 286 285 287 293 305 319 330 334 344 355 366 381 399 415 426 436 438 438 437 437 435 434 432 430 429 427 425 422 421 417 418 418 418 417 416 415 412 410 408 407 405 401 397 383 348 334 330 330 333 333 334 330 326 323 325 333 336 340 345 341 326 335 358 380 384 383 380 378 376 375 374 373 371 370 368 367 366 364 362 360 358 349 332 323 317 321 329 342 347 345 344 340 332 322 309 299 286 273 264 268 274 293 300 308 311 311 311 308 303 303 301 299 297 293 289 285 284 281 279 279 277 277 277 276 277 278 281 280 277 269 259 252 247 244 236 229 224 223 238 257 272 289 306 321 330 335 336 337 338 337 337 337 337 337 336 335 334 333 332 331 329 322 310 324 327 330 331 331 331 331 331 332 331 331 329 324 299 319 328 329 330 330 329 326 313 285 294 312 320 317 327 330 332 332 333 333 333 332 330 328
189 196 198 198 198 199 199 197 195 193 192 192 192 191 187 181 180 180 180 181 183 183 183 185 184 182 182 181 181 182 183 185 185 183 183 184 185 186 187 187 187 186 186 186 185 186 186 186 188 189 190 191 190 189 189 188 188 189 189 192 195 199 200 201 202 202 201 201 201 201 201 202 202 202 201 201 201 204 204 201 200 200 200 201 202 203 206 209 212 215 219 223 229 237 244 251 253 258 262 266 268 270 273 277 282 288 297 302 302 301 295 287 282 277 276 277 278 281 281 280 276 273 272 269 264 259 260 264 265 267 265 263 263 261 261 264 267 267 269 271 271 274 282 289 296 311 323 337 358 377 402 406 408 411 412 412 411 410 408 405 402 395 386 377 367 356 348 336 323 314 307 306 305 302 297 296 291 290 297 303 310 321 330 346 360 371 372 371 370 367 365 361 357 353 348 342 332 322 306 297 289 286 286 291 302 315 326 331 342 351 364 373 388 407 422 435 435 438 437 436 435 434 432 431 429 427 425 423 420 418 419 419 419 418 416 414 412 411 410 409 406 403 382 362 342 335 335 332 330 327 325 325 327 331 337 346 352 362 365 354 336 345 370 388 388 386 383 381 379 377 376 374 372 370 369 367 365 363 360 357 340 320 321 320 314 303 302 314 323 328 327 327 319 305 292 282 270 272 278 287 292 303 311 318 321 322 320 317 315 316 313 307 304 301 298 295 294 292 291 291 291 293 294 294 295 296 295 291 282 270 258 251 246 241 233 229 224 223 238 258 274 291 308 324 332 335 337 338 339 339 338 338 338 337 337 336 335 334 333 331 328 315 318 326 329 331 332 333 333 333 333 333 333 332 331 327 306 318 329 331 331 330 330 326 298 290 313 325 324 322 328 332 333 334 335 334 334 333 331 329
189 195 195 195 195 196 197 196 195 192 192 192 192 189 186 180 180 180 180 180 184 185 184 186 184 182 181 181 181 181 182 184 185 183 183 184 185 186 187 187 187 186 186 186 186 186 186 187 188 189 191 191 191 190 189 189 189 189 191 194 196 199 201 203 203 203 201 201 201 201 201 202 202 202 202 201 202 205 203 201 200 201 201 203 204 206 208 210 213 216 220 225 232 242 252 256 260 263 266 269 270 273 279 281 286 294 306 307 308 306 299 291 288 286 286 288 288 289 289 287 282 276 273 269 263 260 263 266 269 270 268 267 266 268 267 263 266 267 270 272 274 275 283 289 294 308 323 336 354 374 398 406 408 411 412 411 410 409 406 405 399 392 382 368 362 353 343 332 320 310 304 304 301 298 292 290 290 296 304 311 319 328 337 350 364 371 373 372 370 367 365 362 358 354 349 345 340 332 319 304 294 288 286 287 296 307 318 327 337 349 360 370 382 402 420 432 431 437 437 436 435 434 432 431 429 428 426 424 421 419 420 419 419 417 416 414 414 413 412 411 407 390 363 344 343 350 353 351 346 340 338 339 344 351 362 372 381 387 383 356 339 358 381 391 390 388 386 383 381 379 377 375 373 371 368 365 363 361 345 336 340 347 346 345 340 325 302 292 298 302 302 302 296 287 277 273 274 285 296 301 306 311 319 325 328 330 329 326 325 324 322 318 315 313 310 308 305 304 304 306 308 309 310 310 307 307 304 296 284 269 257 250 244 237 232 228 223 223 240 258 273 292 311 326 332 336 338 339 340 340 340 340 339 338 338 337 336 335 334 332 328 310 325 328 331 333 334 334 334 334 335 335 334 334 333 329 311 316 329 332 332 331 329 319 289 306 324 327 327 325 330 333 334 335 336 336 335 334 332 330
187 193 193 193 193 194 196 195 193 192 193 192 191 189 186 181 178 180 180 180 182 185 184 186 183 181 181 181 181 181 182 183 183 183 184 184 185 187 187 187 186 186 187 186 186 186 187 187 187 189 191 192 192 190 190 190 190 190 192 194 196 200 202 203 204 203 202 200 201 201 201 202 202 202 202 201 203 205 202 200 200 201 202 205 207 209 211 212 214 218 222 228 236 244 254 259 263 266 268 270 273 276 281 285 292 302 311 314 315 310 304 295 292 293 293 294 299 302 301 293 286 278 273 268 263 261 265 268 272 273 271 270 269 271 271 268 265 266 269 273 274 277 281 288 292 307 322 335 353 372 392 405 408 411 411 410 409 408 406 404 399 389 378 365 361 350 338 324 314 306 301 301 297 293 290 292 295 303 310 317 326 335 343 357 369 373 374 373 370 367 364 361 358 354 350 345 340 335 329 317 304 293 287 287 293 302 314 324 335 347 358 368 381 401 418 428 432 437 436 436 435 434 432 431 430 428 426 423 421 421 421 420 419 418 416 416 416 415 414 411 408 377 351 353 363 372 379 378 373 367 363 366 375 383 393 397 398 393 379 356 353 375 393 392 391 389 387 384 382 380 377 376 374 371 368 365 362 354 359 357 357 358 358 357 356 344 322 307 295 289 284 281 278 276 283 295 286 300 312 315 320 323 329 334 337 338 338 338 337 335 331 329 326 326 324 324 322 321 322 322 323 323 322 318 313 310 304 294 280 266 255 249 242 236 232 225 223 224 250 264 276 294 313 327 333 337 339 341 341 341 341 341 340 340 339 338 337 336 334 332 324 317 327 330 333 334 335 336 336 336 336 336 336 335 334 331 319 313 329 333 333 332 329 312 285 317 329 330 330 328 332 334 335 336 336 337 336 335 333 331
191 193 193 193 193 194 195 194 193 192 192 191 189 187 185 181 180 180 181 181 181 184 185 185 183 181 181 180 180 181 182 183 183 184 184 185 186 186 186 187 187 187 187 186 186 186 187 187 187 188 190 191 192 191 190 190 191 191 192 194 197 200 202 204 205 204 202 201 201 201 201 201 202 202 202 202 204 203 202 201 201 203 205 204 209 211 213 214 216 219 224 230 237 247 255 260 264 267 269 272 275 276 279 286 296 307 314 320 324 316 309 302 300 303 303 307 312 318 315 300 289 281 274 269 264 262 266 270 273 277 276 275 272 273 276 273 266 266 268 272 274 277 281 285 292 305 321 333 350 369 388 402 408 411 411 410 410 408 406 404 400 392 381 366 360 349 331 313 305 299 297 296 294 291 294 297 302 309 316 326 333 341 349 363 372 376 377 375 371 367 363 360 357 354 350 345 342 337 332 327 314 300 290 288 292 300 312 323 333 345 354 366 382 400 417 427 431 437 436 436 435 434 433 431 429 428 426 422 422 423 422 421 420 419 418 418 418 417 415 413 402 371 355 373 389 400 407 406 402 396 394 394 402 404 402 400 391 375 363 359 374 392 394 393 391 389 387 385 382 380 378 376 373 371 368 364 359 362 362 359 360 360 360 358 357 354 347 334 320 311 302 292 283 282 300 313 307 317 324 327 332 332 337 339 339 341 342 342 342 341 340 340 338 336 334 333 332 330 329 328 329 328 322 314 311 307 301 289 277 262 253 247 239 234 230 223 224 230 255 267 284 299 317 331 336 339 341 342 342 342 342 342 341 340 340 338 337 335 333 330 315 324 330 332 334 335 336 337 337 337 337 338 337 336 335 333 326 313 330 334 334 333 330 310 289 321 332 333 333 332 333 335 336 337 337 337 337 336 334 331
194 194 194 194 194 196 195 194 193 192 191 190 188 186 183 181 179 181 181 180 181 181 185 184 183 181 180 181 181 181 181 182 184 184 185 186 187 187 187 187 187 187 187 187 187 187 187 188 188 188 189 191 191 191 191 191 191 191 192 195 196 199 203 206 208 206 204 201 202 202 202 202 202 202 202 203 203 203 205 204 203 205 207 205 210 212 214 217 219 222 228 234 242 250 256 260 264 267 270 272 271 274 278 287 298 313 317 326 333 327 320 315 315 319 320 321 324 325 322 302 291 282 276 270 266 264 266 272 275 279 280 279 279 277 276 273 268 266 270 275 278 280 281 286 294 305 322 334 352 368 386 399 409 411 411 411 411 409 407 405 402 397 386 373 363 350 331 312 304 300 297 294 292 294 298 304 310 316 326 331 340 347 357 369 374 379 379 377 373 367 364 360 357 353 349 345 341 337 332 328 320 307 294 289 291 300 312 322 332 343 353 366 382 398 416 425 433 436 436 436 436 434 432 431 429 427 425 425 425 424 423 421 422 421 421 420 420 419 418 416 397 366 371 393 412 412 412 410 410 409 409 407 406 404 397 386 373 372 374 382 393 393 394 392 391 389 387 385 382 380 377 375 372 369 364 363 365 365 363 360 362 363 361 360 358 357 356 355 347 339 327 310 289 293 313 328 321 330 340 339 342 343 344 345 347 346 347 348 347 347 346 345 344 343 343 342 341 338 336 337 330 322 314 310 306 301 292 281 271 259 252 243 236 227 225 225 225 238 261 274 288 305 322 333 338 341 342 344 344 344 343 343 342 341 340 339 337 334 332 320 323 330 332 334 336 337 338 338 339 339 339 339 338 338 336 334 327 317 331 333 333 333 331 308 296 324 334 335 336 335 334 337 337 338 339 338 338 337 335 333
195 196 195 196 197 197 195 194 194 193 191 189 187 183 182 181 179 181 181 181 181 181 184 184 183 182 181 182 182 181 182 182 184 185 186 188 188 187 186 186 186 186 186 187 187 187 188 188 189 189 189 190 190 191 191 191 191 192 192 194 196 199 204 209 209 209 205 203 202 202 202 202 202 203 203 203 204 206 207 207 206 207 208 206 209 213 217 221 224 228 232 237 245 253 256 259 263 267 271 269 266 271 276 285 295 306 316 329 341 341 330 325 327 327 330 332 332 331 320 303 295 286 279 272 269 267 268 273 276 281 285 285 283 281 278 274 272 269 270 277 282 282 282 289 297 310 324 336 351 371 388 402 409 410 410 412 413 412 410 407 403 399 392 381 367 353 331 314 305 299 296 295 294 297 305 312 318 326 331 339 345 355 364 372 377 381 383 380 376 371 366 362 357 353 349 345 341 335 330 326 320 311 298 291 292 304 314 323 333 343 353 364 377 393 412 425 432 435 435 435 435 433 432 430 428 426 425 424 424 424 423 422 423 422 422 422 421 421 419 417 393 364 388 415 415 415 414 413 412 411 410 408 406 402 397 386 388 394 396 395 395 394 393 391 391 389 387 384 382 379 376 371 368 367 368 368 368 366 365 363 364 364 363 362 361 359 358 357 355 354 344 321 294 303 330 338 334 340 345 346 347 349 349 348 350 351 351 352 351 350 350 350 349 348 347 346 344 341 339 334 324 316 310 305 299 290 281 273 264 256 248 239 232 225 225 225 234 251 266 279 293 312 329 335 341 343 344 345 345 345 344 343 343 342 340 338 335 333 322 323 327 333 335 337 337 339 339 340 340 340 341 340 340 339 337 335 326 321 332 334 335 335 333 312 299 322 336 337 337 337 336 338 339 340 340 340 339 338 336 335
196 196 197 198 199 198 196 195 193 191 189 187 186 182 182 181 181 180 180 181 181 181 182 184 185 185 183 183 183 182 182 182 184 185 187 187 187 187 186 186 186 186 186 187 187 188 188 189 189 189 189 190 190 191 192 192 192 193 193 194 197 201 205 212 212 212 208 204 203 203 203 203 202 203 204 204 206 208 209 208 208 208 207 207 211 215 219 224 228 232 236 240 246 251 254 257 262 268 267 266 262 266 274 280 290 300 313 331 343 344 338 334 336 336 339 341 338 336 321 307 300 290 281 277 273 270 268 272 277 284 293 292 289 286 281 278 276 273 270 276 280 283 287 294 301 315 329 342 359 379 394 403 409 409 409 412 416 414 412 410 406 401 396 387 372 356 335 317 306 300 297 296 296 300 310 321 330 334 340 346 351 361 369 374 378 382 384 382 377 372 368 361 356 352 349 345 341 337 331 327 322 313 301 292 293 303 315 324 334 344 356 364 375 388 411 424 432 436 436 435 435 433 431 430 429 428 427 427 426 426 426 425 425 424 424 424 423 422 420 412 386 379 408 417 417 416 415 414 414 413 412 411 408 407 405 403 401 399 397 396 396 394 393 391 390 388 385 382 379 375 372 372 371 372 371 370 369 368 366 365 366 365 365 364 362 362 360 358 357 355 351 324 297 321 343 347 347 345 350 351 351 352 352 353 354 355 355 354 354 353 353 353 353 352 351 349 346 340 333 322 315 308 303 295 287 278 272 267 260 250 241 235 225 225 225 227 245 261 274 285 302 320 332 338 343 345 346 346 346 346 345 344 343 342 340 337 333 324 327 330 333 337 338 339 340 340 340 341 342 342 342 341 341 340 337 334 322 328 334 335 337 336 334 317 298 321 338 339 339 339 338 340 341 342 342 342 341 340 338 337
196 196 198 200 201 198 196 194 192 188 187 185 184 182 182 183 182 181 181 181 180 182 182 182 186 186 186 184 183 182 182 183 185 187 187 187 187 187 186 185 186 186 186 187 188 188 188 188 189 189 190 190 191 191 192 192 193 194 194 195 198 202 208 213 214 215 210 205 204 203 203 203 203 204 205 205 208 210 211 211 210 209 207 208 212 217 222 226 230 235 239 243 246 248 250 253 258 262 260 260 260 263 269 276 285 297 310 326 340 344 345 345 346 347 349 349 344 337 324 310 300 291 284 282 276 274 271 276 284 292 299 296 292 288 285 282 280 276 275 277 280 285 294 301 307 319 330 345 362 388 398 404 409 408 408 409 412 414 412 410 406 402 396 389 376 359 338 319 309 302 298 296 297 304 313 328 336 342 347 352 360 368 374 377 380 383 384 382 380 375 370 363 357 352 347 344 340 337 333 328 322 313 301 293 295 306 313 324 335 345 357 365 376 385 408 422 433 437 436 436 435 434 433 432 431 430 429 429 429 429 428 427 427 426 425 424 423 421 413 394 379 401 418 418 418 418 416 415 415 415 414 412 411 409 407 405 402 401 399 397 396 394 393 391 388 386 382 380 376 377 377 376 375 374 373 372 371 370 368 368 368 367 366 365 364 363 362 360 358 356 351 324 309 340 350 351 352 351 352 353 354 355 356 357 357 358 358 357 357 356 356 356 355 354 351 350 339 329 319 311 304 299 292 282 275 271 266 261 251 240 232 225 225 225 226 241 259 270 281 293 311 328 336 340 344 346 347 347 347 347 345 344 343 341 338 333 324 329 332 335 338 339 340 341 341 341 342 343 343 343 343 342 341 340 338 332 325 333 335 337 338 338 336 324 298 322 340 341 342 341 341 342 343 343 344 343 342 342 340 335
196 196 198 201 201 198 195 193 191 189 186 186 186 184 183 182 181 180 182 182 182 182 182 181 183 186 187 186 185 183 183 184 185 187 187 188 187 186 185 185 185 186 187 188 188 189 189 189 190 190 190 191 191 191 191 193 194 195 196 196 199 203 209 213 215 216 211 207 206 204 203 203 204 205 206 206 210 212 212 212 212 210 208 209 213 219 225 228 232 237 240 242 245 246 246 247 252 256 253 255 258 262 267 275 285 295 305 317 335 347 351 357 361 362 363 358 347 339 327 312 302 295 286 280 277 274 273 279 289 298 307 302 294 289 286 283 280 277 277 278 282 287 298 304 311 321 329 344 364 395 402 405 407 407 406 405 406 408 409 407 405 400 395 388 375 360 340 320 310 303 298 298 298 305 319 331 341 348 355 361 367 374 378 381 383 385 384 384 381 376 371 364 358 353 348 344 341 336 331 326 318 306 296 295 302 310 317 325 335 347 357 367 377 386 410 424 435 438 439 437 436 435 435 434 434 433 432 432 431 430 429 428 427 426 425 424 422 415 392 400 414 418 419 419 420 419 418 417 417 416 415 414 412 409 407 404 402 400 399 398 396 394 391 389 386 383 379 380 381 380 379 377 377 376 375 374 373 372 371 370 369 369 368 366 364 363 362 361 358 356 349 324 328 353 355 354 354 354 355 356 357 358 359 360 360 361 361 360 359 359 359 358 356 355 351 342 328 318 308 299 295 288 279 273 267 261 258 247 236 227 225 225 225 228 243 257 269 280 291 303 319 335 339 343 346 348 348 348 347 347 346 344 343 340 334 327 329 335 338 340 341 341 342 342 343 343 344 344 344 344 343 342 341 339 336 323 330 335 337 339 340 340 338 322 301 323 341 343 344 344 344 345 345 345 345 345 344 343 341 339
196 196 197 199 198 197 195 193 191 188 186 186 187 184 183 183 182 181 181 182 182 182 182 182 182 185 187 187 186 185 184 185 186 187 188 187 187 185 186 186 187 187 188 188 189 189 189 190 191 191 191 192 191 192 192 193 194 195 197 197 199 203 208 213 213 215 211 209 207 205 203 204 205 206 207 208 212 213 214 214 213 211 208 209 214 219 225 227 230 234 238 240 243 243 243 244 245 248 249 255 257 261 267 272 282 292 305 316 333 346 353 360 363 365 366 357 349 341 329 316 306 298 290 282 279 278 277 281 291 303 316 311 299 291 288 284 281 278 278 277 282 289 298 305 313 322 333 348 366 399 405 405 406 405 404 403 403 403 402 401 400 397 393 387 373 359 341 323 310 305 299 299 302 311 321 334 346 355 363 368 374 378 381 383 385 385 385 384 380 376 370 362 357 354 349 345 340 336 330 322 312 301 295 303 311 317 324 329 338 351 361 369 379 390 416 428 438 440 441 439 438 437 437 436 435 435 434 433 432 431 430 429 428 426 425 423 421 401 419 420 420 420 421 420 421 420 420 419 418 417 416 414 412 409 407 404 402 400 399 396 394 392 390 386 384 383 384 384 382 381 380 379 378 377 376 375 374 373 372 371 371 370 368 367 365 364 362 361 358 354 338 352 352 355 356 357 357 357 358 359 360 361 362 362 363 363 363 363 362 362 361 359 358 352 346 333 320 306 295 289 283 277 270 264 261 250 243 235 226 226 227 229 235 246 258 268 280 292 303 317 332 339 342 346 348 349 349 349 348 348 347 345 343 337 331 334 333 337 340 342 343 344 344 345 345 345 345 345 345 345 344 342 341 338 328 333 339 338 340 341 341 341 340 322 302 329 343 345 346 346 346 347 347 347 347 346 346 345 343 341
196 196 198 197 197 196 196 194 191 188 186 188 188 186 184 183 182 181 182 182 180 182 182 182 182 183 187 188 187 186 184 185 186 186 187 186 185 185 186 187 187 188 188 189 190 191 191 192 192 192 193 192 192 193 194 194 195 196 197 197 199 203 207 213 214 215 211 210 209 209 206 204 205 206 208 209 212 214 215 215 215 213 210 210 214 219 223 225 228 232 236 238 241 240 241 243 245 248 253 257 258 261 268 274 280 291 305 319 334 346 354 361 365 369 369 362 349 343 336 324 312 303 295 290 285 282 281 289 298 311 326 325 308 296 291 286 284 281 279 278 284 290 295 303 314 326 334 353 377 403 404 405 405 403 403 401 400 400 399 397 396 394 391 381 367 353 338 322 311 306 301 301 305 313 325 339 351 361 371 376 379 381 384 386 386 385 383 381 380 375 372 370 362 355 348 346 341 337 331 324 307 298 299 311 319 327 333 336 345 356 365 374 383 399 422 433 440 442 443 441 441 439 439 437 437 436 436 434 433 431 430 429 427 426 425 421 412 420 421 421 421 422 422 422 422 422 421 420 419 418 416 413 412 408 406 404 401 398 396 394 392 390 387 386 387 386 386 385 383 382 381 380 379 378 377 376 375 374 374 373 372 370 369 368 366 364 362 359 355 350 354 356 356 357 358 359 360 361 361 362 363 364 364 364 365 365 365 365 364 363 362 358 353 347 335 321 307 293 285 280 274 269 260 254 244 232 226 226 226 227 233 237 247 256 268 280 292 304 316 331 337 342 346 348 350 351 351 350 350 349 347 344 340 331 337 337 336 339 341 344 345 345 346 346 346 346 346 346 346 345 344 343 340 330 333 340 341 341 342 343 343 343 342 323 303 334 345 346 348 348 348 349 349 348 348 348 347 346 344 342
197 197 198 197 197 197 197 195 191 188 190 192 191 190 187 184 183 182 181 181 182 182 182 181 182 183 185 188 188 186 185 185 186 186 186 185 185 186 187 187 188 188 189 190 192 192 192 193 193 193 194 193 193 194 195 196 196 198 198 198 199 200 206 211 214 215 212 211 211 211 209 206 206 207 211 214 214 218 218 216 216 215 211 210 215 218 221 223 226 230 234 237 238 239 242 245 248 253 259 261 262 265 271 278 287 299 312 325 335 347 357 365 369 372 373 368 355 346 340 330 315 305 298 296 291 288 285 294 306 320 328 325 315 300 294 290 287 285 282 280 287 292 296 304 315 328 342 362 384 404 404 405 404 402 401 400 398 397 397 397 394 391 387 373 358 345 331 317 309 304 303 303 309 320 330 342 357 367 375 378 381 383 386 387 387 386 383 381 380 378 375 369 362 356 351 346 341 337 330 322 306 298 304 317 324 339 341 344 350 360 368 378 393 417 431 436 443 445 443 443 442 440 440 438 437 437 436 435 433 430 428 426 425 423 421 419 422 423 423 424 423 423 423 423 423 423 422 421 420 418 415 413 411 409 407 404 402 398 395 393 390 389 389 389 388 388 387 386 385 383 382 381 380 379 378 378 377 376 375 373 372 371 370 368 366 364 362 356 354 357 358 359 359 360 361 362 362 363 363 365 365 366 366 366 367 367 366 366 365 364 363 357 348 335 319 302 289 281 278 272 267 261 254 240 226 226 226 228 232 238 240 243 253 264 277 290 302 314 327 337 342 346 349 351 352 353 352 352 351 349 347 342 333 339 341 340 338 341 343 345 346 347 348 348 348 347 347 347 347 346 345 344 334 333 341 344 343 344 344 345 345 344 341 320 311 336 346 348 349 350 350 351 351 350 350 350 349 348 346 344
197 199 198 198 197 197 198 195 189 189 196 193 194 193 190 187 184 183 181 182 182 182 182 182 183 182 183 188 188 187 185 185 186 187 184 184 185 187 189 190 190 190 191 192 193 193 193 193 194 194 195 194 194 196 197 197 197 199 199 199 198 201 204 210 213 216 214 212 212 212 211 208 207 209 212 216 218 219 219 218 216 215 212 211 214 217 219 222 225 229 233 236 237 237 240 245 252 257 262 264 266 272 278 283 293 305 320 330 338 350 363 369 373 376 376 372 357 347 340 331 317 307 300 297 297 299 295 304 314 326 321 316 309 305 297 291 288 285 284 283 290 293 298 307 318 329 343 362 392 404 403 404 403 401 401 399 397 396 395 394 391 388 375 362 347 333 321 311 308 305 307 307 314 324 333 346 358 370 376 380 383 385 388 388 387 386 386 384 381 379 373 368 363 356 351 346 341 336 329 321 306 298 306 319 328 341 347 348 354 363 372 382 401 425 436 440 445 446 444 444 443 442 440 439 437 437 436 434 431 431 430 430 429 427 425 425 426 426 425 425 425 425 424 424 424 424 422 422 419 417 415 413 411 409 405 403 401 398 396 393 392 392 391 390 389 389 388 387 385 383 382 381 381 381 380 379 378 377 375 374 373 372 370 369 367 364 360 359 359 360 361 361 362 362 363 364 365 365 366 367 367 368 368 369 368 368 368 367 366 364 360 352 337 318 301 290 280 275 270 265 257 255 244 230 226 226 231 237 242 247 251 250 258 269 284 298 311 324 335 341 346 350 352 353 354 354 354 353 351 350 345 337 340 343 344 343 341 343 345 347 347 348 349 349 349 349 349 348 347 346 346 338 333 341 346 346 346 346 346 347 346 345 344 323 310 337 347 349 351 352 352 353 353 352 352 351 351 349 347 346
200 199 198 198 199 199 198 194 189 192 197 196 197 196 194 191 188 184 182 182 183 183 182 182 182 183 183 187 187 186 186 184 184 184 184 184 186 189 191 191 191 192 193 193 193 194 194 194 195 195 195 195 195 196 198 198 198 200 200 200 201 201 203 210 212 215 214 213 213 213 212 210 209 210 214 217 218 218 219 218 217 216 213 211 213 216 219 221 226 230 232 234 235 236 239 245 251 259 262 266 269 276 283 289 298 313 326 335 344 355 368 373 377 379 379 377 361 350 342 336 329 320 311 310 312 313 311 318 324 329 326 321 319 316 302 293 288 286 285 286 292 296 305 312 321 332 344 365 392 403 403 403 402 401 400 398 396 394 394 392 388 382 365 351 337 323 314 311 312 312 310 310 318 327 338 352 363 372 378 380 385 387 389 389 390 391 388 386 383 377 372 367 361 356 352 347 341 335 329 323 307 299 306 317 328 340 344 349 355 366 374 385 405 429 438 443 447 446 445 444 443 442 441 439 437 436 434 434 434 434 434 432 431 430 428 427 428 428 427 427 427 426 426 425 424 424 422 420 418 416 414 412 410 407 405 402 400 397 395 393 394 393 393 392 391 390 389 388 386 384 383 382 381 381 380 380 379 379 378 376 375 374 372 370 368 365 363 363 362 362 363 364 365 365 366 367 367 367 368 369 369 370 370 370 370 370 369 368 367 362 354 346 326 305 292 283 276 271 261 255 249 245 233 226 226 230 239 245 251 255 261 262 262 275 292 304 323 334 341 345 349 353 355 356 357 356 355 353 352 349 341 341 345 345 346 345 343 345 347 350 350 350 351 351 351 351 350 350 348 346 345 334 341 347 348 348 348 348 348 348 348 346 345 336 306 331 349 351 353 353 354 354 354 354 353 353 352 351 349 347
201 200 199 200 201 201 199 194 189 193 194 198 200 200 199 195 191 186 183 182 183 183 182 182 182 183 183 183 184 183 184 184 184 184 184 184 188 191 192 192 192 193 193 194 196 197 196 196 196 196 197 196 196 197 198 199 199 200 201 201 201 202 203 208 210 211 211 213 213 214 213 212 212 213 214 217 217 218 220 220 217 215 214 212 213 215 218 222 226 229 231 232 233 235 239 246 253 257 262 265 270 279 286 292 304 319 331 340 349 359 373 378 381 381 380 380 366 355 348 341 335 331 328 327 327 326 327 329 333 336 336 332 327 318 305 295 289 287 286 288 294 300 309 318 324 336 347 369 394 403 403 403 402 400 399 397 395 393 392 389 386 373 355 344 327 319 317 320 323 326 319 314 325 333 343 358 368 376 380 383 387 389 391 392 393 391 388 386 382 376 371 366 361 356 352 345 337 332 323 312 306 301 307 312 321 327 333 341 352 367 375 387 412 435 442 447 449 447 445 444 442 441 440 439 439 436 435 437 437 437 436 435 433 431 431 430 429 429 429 429 428 428 426 425 425 423 422 420 417 416 413 411 408 406 404 401 399 396 394 395 395 395 394 392 391 390 389 388 387 385 384 383 383 382 382 381 380 379 378 377 376 374 373 371 368 367 365 365 365 365 366 366 367 368 368 369 369 369 370 371 371 371 372 372 371 371 370 369 366 357 347 329 311 294 287 281 276 271 262 248 241 232 227 227 230 239 246 253 259 263 268 273 271 276 297 317 332 340 346 349 353 356 357 358 357 357 356 354 352 348 341 346 348 348 348 347 346 348 350 352 353 353 353 353 353 352 351 351 349 346 336 344 348 349 350 350 350 350 350 349 349 347 347 346 320 323 351 352 354 355 355 355 356 355 355 354 354 352 350 348
202 201 200 202 203 202 200 195 191 191 194 198 201 203 202 198 193 189 185 183 183 184 182 183 183 183 183 184 183 183 183 184 184 183 183 185 189 192 192 192 193 194 194 195 197 198 198 198 198 198 198 197 197 198 199 200 200 201 202 202 202 202 203 207 207 208 209 211 211 213 214 214 215 217 217 216 217 218 219 220 216 214 213 213 213 214 217 222 227 229 229 229 231 236 241 248 257 260 262 269 273 283 290 296 309 324 335 344 356 364 377 381 384 383 382 381 375 363 354 346 339 337 336 336 337 336 337 339 342 348 348 342 332 320 308 298 290 287 287 290 294 300 310 319 327 338 355 374 396 402 402 402 400 399 397 396 394 393 390 387 385 367 353 341 325 325 331 335 337 334 325 319 328 342 352 363 372 378 382 385 388 391 394 396 395 390 387 386 381 375 371 365 360 354 348 339 329 318 310 306 303 309 318 320 326 329 333 342 355 368 381 391 417 440 446 448 448 446 445 444 442 441 441 440 439 437 437 439 439 439 438 436 435 434 433 432 431 431 431 430 429 428 427 425 424 422 421 419 416 414 412 409 408 405 403 400 398 397 397 397 396 396 394 393 391 390 388 387 387 385 384 383 383 383 382 381 380 380 379 377 376 375 373 370 370 369 368 367 367 368 368 369 370 370 370 370 371 372 372 372 373 373 373 373 373 372 371 368 359 350 333 313 296 286 282 278 274 268 258 250 240 230 227 228 238 246 255 260 265 272 279 284 284 283 298 324 339 346 349 353 356 359 357 360 358 357 356 354 352 346 345 350 351 351 351 349 349 352 353 354 355 355 355 354 354 353 352 352 347 338 344 349 351 352 352 352 352 352 352 351 351 349 348 346 329 317 349 353 355 356 356 357 357 357 356 356 355 354 351 348
201 202 202 203 204 203 201 196 191 193 196 199 202 204 203 199 194 189 185 183 182 184 183 183 183 183 183 183 184 185 185 184 184 184 184 186 191 193 192 193 193 194 195 196 198 199 199 200 200 199 199 199 199 199 199 200 201 202 203 203 204 209 203 203 208 210 212 212 213 214 213 214 217 217 216 216 217 218 220 219 216 215 214 214 216 218 220 221 227 228 226 228 232 237 244 250 257 261 262 267 273 283 293 302 311 326 338 349 363 370 379 383 387 387 387 387 384 374 362 353 346 344 342 344 345 347 348 352 356 362 367 351 334 323 312 303 294 288 288 290 296 304 311 318 329 341 361 381 401 401 401 400 399 397 396 393 393 392 389 385 378 363 351 340 331 338 345 347 350 344 336 329 334 347 357 367 377 381 384 386 390 393 397 401 398 390 385 383 379 374 369 363 359 353 344 334 318 306 309 311 314 320 326 331 334 337 342 349 364 375 387 397 421 442 448 448 448 447 445 444 443 443 442 442 440 438 440 441 441 441 440 438 437 436 435 434 433 433 432 430 430 428 426 425 423 420 418 417 415 413 411 409 406 404 402 400 399 399 399 398 397 396 394 392 391 389 389 387 387 386 384 384 383 382 381 380 380 380 378 377 375 374 372 371 371 371 370 370 370 370 371 372 372 372 372 373 373 373 374 374 374 374 374 374 374 372 369 361 352 337 320 301 287 281 277 274 270 264 253 244 234 228 228 234 243 253 259 266 271 280 289 300 307 311 312 336 343 349 352 356 358 358 357 361 359 358 357 354 351 346 349 353 354 354 354 353 352 355 355 357 358 358 358 356 354 353 352 350 342 346 350 353 354 354 354 354 354 354 354 354 353 351 350 347 328 322 350 355 357 357 357 358 359 358 358 357 356 355 352 349
201 202 203 205 205 203 200 195 193 194 197 200 202 203 201 198 195 189 186 186 183 184 183 183 183 184 184 183 185 185 185 185 185 185 185 188 193 193 192 192 193 194 195 196 197 199 200 200 200 200 201 201 201 202 201 201 201 202 203 205 205 206 204 207 208 211 212 214 214 215 214 215 217 218 216 216 217 219 219 217 216 215 215 219 222 224 225 221 223 227 227 231 235 239 247 251 255 260 261 264 270 280 291 301 311 324 338 349 368 372 382 385 389 391 390 391 388 383 374 362 357 354 355 354 357 363 365 366 368 373 373 360 337 325 313 302 294 288 288 292 302 311 320 326 333 347 367 388 401 398 398 397 397 396 394 391 391 390 386 384 370 356 340 339 344 351 360 367 368 355 344 339 342 354 365 374 380 383 386 389 391 394 399 404 396 388 384 380 377 373 367 360 357 350 341 326 312 314 323 325 326 330 335 339 341 346 353 362 373 384 393 408 430 447 449 449 448 447 446 445 445 444 444 443 442 438 441 443 443 443 442 440 439 438 436 435 434 434 432 431 429 427 425 423 420 419 417 415 413 412 410 408 406 404 402 402 402 401 399 398 397 395 393 391 390 388 387 386 386 384 383 382 381 381 381 380 379 378 377 376 375 374 373 373 373 373 372 372 372 373 373 373 373 373 374 374 375 375 375 376 376 376 375 375 373 369 362 352 338 324 307 289 282 277 274 270 264 256 244 236 228 228 232 238 247 259 264 271 276 285 298 314 325 333 332 342 348 351 356 357 359 359 358 362 360 359 357 355 353 348 353 356 358 358 357 356 356 357 358 359 360 360 359 358 355 353 352 345 347 353 354 355 355 357 357 356 356 356 356 355 355 353 351 348 325 331 352 355 358 358 359 359 360 360 359 359 358 356 353 349
201 201 202 206 204 200 195 193 195 197 199 201 202 201 199 196 194 189 191 188 183 182 183 182 184 184 184 184 183 185 186 186 185 186 188 191 193 193 192 192 193 194 195 196 196 198 199 200 201 201 201 202 203 203 202 202 202 202 203 206 207 208 204 209 208 208 211 213 216 217 216 218 219 219 217 217 218 220 218 218 218 217 220 224 226 226 226 226 224 223 226 232 235 239 244 249 253 257 258 261 269 276 287 298 307 320 333 344 354 363 373 384 389 392 392 392 389 386 381 378 376 374 372 373 375 375 374 374 375 376 375 364 342 329 314 303 295 289 289 297 310 319 329 336 344 355 371 393 399 397 397 396 394 391 388 387 387 386 384 380 362 347 354 356 358 369 377 380 377 368 357 348 349 360 370 379 382 384 387 390 393 395 401 401 397 389 384 380 377 370 365 358 352 346 338 322 310 320 329 332 336 340 343 345 352 357 366 375 383 391 402 417 443 449 451 450 449 448 447 446 446 446 445 444 443 440 442 444 445 444 443 442 440 439 437 435 434 433 432 430 428 426 423 421 419 417 416 414 412 411 409 407 406 405 404 404 402 401 399 398 396 394 392 390 388 387 386 384 383 381 381 380 379 379 379 379 378 377 376 376 375 374 374 374 374 374 375 374 374 374 374 374 374 375 375 376 376 377 377 377 377 377 376 373 370 363 355 339 324 310 296 282 278 276 273 264 256 248 238 229 229 228 236 241 252 261 268 274 282 290 307 325 341 348 349 347 353 356 357 359 360 362 364 363 362 360 358 358 357 348 356 359 360 360 360 360 360 360 360 361 361 361 361 360 357 353 346 348 352 355 356 356 358 359 359 359 358 358 358 357 356 354 351 349 324 335 352 356 359 360 360 361 361 361 360 360 359 357 354 350
200 200 203 205 201 197 194 196 198 200 200 200 200 198 196 195 191 193 193 189 183 183 184 183 183 183 184 184 185 186 186 186 185 187 190 193 193 192 192 192 192 193 194 195 196 197 198 199 201 201 201 203 203 204 204 204 204 204 204 206 207 208 209 210 210 208 209 214 217 219 219 220 219 218 217 217 218 220 220 220 222 221 224 227 227 227 227 227 228 223 224 226 233 237 242 246 248 255 256 259 266 272 280 293 304 312 324 334 343 350 358 365 381 390 391 391 389 387 385 384 382 381 381 381 381 381 379 378 377 377 375 372 351 333 318 306 297 290 292 304 316 328 341 351 361 371 382 392 397 398 400 401 398 395 393 390 384 380 381 372 357 364 368 372 377 381 384 386 381 376 366 358 353 366 376 382 384 386 387 391 394 397 399 401 397 390 383 380 375 369 363 358 351 345 335 322 311 324 332 338 343 347 349 355 365 371 379 386 391 398 412 428 450 452 452 451 450 448 448 447 447 446 445 443 442 442 444 445 445 445 443 442 441 439 437 435 434 433 431 429 427 424 422 420 418 416 414 412 411 409 409 408 407 406 405 404 402 401 398 397 395 393 390 387 385 383 381 376 373 371 372 373 375 376 377 376 377 376 376 376 376 375 375 376 376 376 376 376 376 376 376 376 376 377 377 377 378 378 378 378 377 375 373 369 363 356 343 327 312 297 283 276 272 272 269 262 254 244 234 229 229 233 244 251 255 265 272 279 288 297 316 339 349 355 354 356 356 358 360 361 363 364 365 364 363 362 360 362 359 352 360 362 363 363 363 363 363 362 363 363 363 363 362 360 357 349 352 355 356 358 359 360 361 361 361 361 360 360 359 359 358 356 353 352 326 339 353 357 359 361 362 362 363 362 362 361 361 359 356 352
199 201 205 202 197 195 197 199 201 201 200 198 197 195 193 192 193 195 194 189 183 183 184 183 183 184 184 184 185 185 186 186 187 189 191 192 192 191 192 191 192 193 194 195 196 197 198 199 200 200 201 202 203 204 206 205 205 206 206 206 207 209 209 209 211 210 209 214 218 220 221 221 220 218 217 217 218 220 222 222 223 225 227 228 227 227 227 227 227 227 227 225 230 234 238 243 249 251 253 259 263 269 281 290 299 307 313 319 329 339 347 355 364 375 385 390 389 389 388 386 385 384 384 384 382 381 379 377 377 378 376 372 356 337 323 309 297 291 297 310 323 337 355 365 379 389 395 399 399 399 402 403 402 399 397 393 390 385 378 367 367 372 378 382 386 390 391 389 385 379 373 365 358 370 379 384 386 387 390 392 394 394 394 393 392 387 382 377 372 368 362 356 351 345 336 323 313 324 333 342 349 354 359 370 375 382 389 397 399 410 424 445 452 454 453 452 450 449 448 447 447 446 445 443 441 443 444 445 445 445 443 442 440 439 437 435 433 431 429 426 425 422 420 418 417 415 413 411 410 409 409 407 407 406 405 403 401 399 397 395 393 389 387 382 374 366 361 356 353 351 351 354 359 363 370 375 376 376 376 377 377 377 377 378 378 377 377 377 377 378 377 378 378 378 378 379 379 379 379 377 375 372 367 361 355 340 324 311 297 285 278 273 268 259 258 258 253 240 232 229 230 237 250 259 262 267 274 283 293 303 324 346 353 357 359 359 359 361 362 364 366 366 367 366 365 364 362 362 359 357 362 362 366 366 366 366 365 365 365 365 366 364 363 361 353 356 360 360 360 361 361 362 363 363 363 363 362 362 361 360 359 357 354 349 324 342 354 357 360 362 363 364 364 364 363 362 362 360 357 355
199 202 203 199 197 197 200 202 203 201 199 197 194 193 192 192 194 195 193 187 183 184 184 185 184 184 185 185 185 186 186 187 187 190 191 192 192 191 191 191 192 193 193 194 195 197 198 198 199 200 201 202 203 205 206 207 207 207 207 208 208 208 210 207 212 212 210 214 217 220 221 222 220 219 218 218 218 220 223 224 226 227 228 228 228 227 227 227 226 227 227 227 229 233 240 241 247 246 248 253 261 268 281 289 294 299 306 310 316 327 336 342 352 359 365 383 387 389 388 386 384 384 383 381 379 378 376 374 375 374 373 372 362 342 326 310 299 293 302 314 327 352 370 382 393 402 400 400 400 401 402 403 403 401 399 395 391 388 384 374 374 379 383 388 393 394 395 391 387 382 377 371 371 374 380 384 388 390 393 393 392 391 390 389 387 384 380 376 370 365 360 355 350 344 333 320 317 325 332 344 352 362 372 378 385 392 401 405 410 421 444 452 456 455 453 452 450 449 448 447 446 445 445 444 442 442 444 445 445 444 443 442 440 438 436 434 431 429 427 425 422 421 419 417 416 414 412 411 409 392 386 373 369 371 377 387 396 398 395 388 371 378 370 358 350 344 338 333 330 329 329 331 336 341 350 361 373 376 376 377 378 379 379 379 379 379 379 379 379 379 380 380 380 380 380 380 379 378 376 372 369 365 359 350 335 320 305 294 286 281 278 277 272 263 254 247 242 235 230 229 233 242 253 264 269 271 276 285 294 308 330 351 357 360 362 362 363 363 365 367 368 368 368 368 367 366 365 364 358 363 367 367 368 368 368 367 367 368 367 367 367 366 363 357 354 362 363 364 363 363 363 364 365 365 365 365 364 363 362 362 360 358 353 348 323 346 355 358 361 363 364 365 365 365 364 364 363 361 359 356
199 201 198 198 199 201 203 203 202 200 198 195 193 193 192 194 194 194 192 183 184 184 184 185 184 184 185 185 185 186 186 186 188 190 191 191 191 191 191 191 191 192 193 194 195 196 198 199 200 200 201 202 203 205 206 207 208 208 208 208 208 208 210 207 213 213 212 212 215 218 221 221 221 220 219 219 219 220 223 226 228 227 228 228 228 228 228 228 227 228 228 228 229 232 234 237 242 246 250 256 260 265 278 280 286 292 297 301 306 315 323 328 337 345 352 361 374 384 387 386 382 380 378 375 373 371 369 368 366 367 369 370 368 347 329 314 301 294 306 319 336 362 385 395 404 402 400 400 401 404 406 406 403 402 400 396 393 389 385 381 378 382 385 390 396 397 396 392 386 383 380 377 377 381 383 385 388 392 393 393 391 390 388 386 384 381 378 374 368 363 357 353 348 342 332 318 322 333 339 344 352 365 375 385 393 403 409 416 424 439 448 454 456 455 453 452 450 449 448 448 447 446 445 444 443 443 444 444 444 443 442 440 438 436 434 432 429 427 425 422 420 419 417 415 414 412 402 394 384 370 355 345 339 339 344 347 348 351 352 352 354 352 345 339 333 326 322 318 317 316 315 316 319 324 330 343 358 373 377 378 379 380 380 380 380 380 380 380 380 380 381 381 381 381 380 379 378 375 371 366 363 356 341 330 317 302 291 286 282 281 281 277 269 263 256 242 234 230 231 229 238 250 261 269 273 275 279 288 298 313 334 355 360 364 365 365 366 367 368 369 370 370 370 369 369 368 367 365 359 365 369 368 369 370 370 370 370 370 369 369 369 367 363 354 363 366 366 367 366 366 367 367 367 367 367 367 365 364 363 362 361 358 354 347 323 350 357 359 362 364 365 366 366 366 365 365 365 363 361 358
198 198 198 199 202 204 205 203 201 199 196 194 193 193 193 194 194 194 190 184 184 184 184 184 184 185 185 185 186 186 186 186 188 189 191 190 190 191 190 191 191 192 193 194 195 196 197 198 199 200 201 202 203 205 207 207 208 208 208 208 209 209 211 208 214 213 213 213 214 218 220 222 222 221 221 220 220 221 223 226 227 228 229 228 229 229 229 228 228 227 228 229 229 230 234 237 244 246 251 256 256 259 265 272 278 284 291 296 296 302 311 315 321 330 344 349 354 372 382 384 380 373 366 360 354 357 356 357 355 354 352 354 358 353 330 313 302 296 310 326 347 369 392 403 404 400 400 401 404 408 409 410 404 403 400 398 394 391 388 384 381 384 387 391 395 397 395 392 389 385 383 382 383 386 386 387 389 392 393 392 390 388 385 383 381 378 374 370 365 362 357 352 347 337 322 321 330 336 346 352 356 367 378 389 400 410 417 425 437 445 451 454 455 454 453 452 451 450 449 449 448 446 445 444 443 443 443 442 442 441 440 438 436 434 432 430 427 425 423 421 418 415 411 407 406 402 395 379 368 360 356 356 344 338 331 333 335 335 339 338 337 337 331 324 319 316 312 310 308 306 305 305 307 311 318 328 342 361 375 378 380 380 380 381 381 381 381 381 381 382 382 382 381 380 378 376 372 366 363 353 348 336 321 310 298 288 285 283 282 281 277 272 267 261 251 240 230 231 229 229 240 252 264 272 277 281 288 296 305 320 340 358 363 366 367 368 369 370 371 372 372 372 372 372 371 371 370 366 360 367 370 371 369 371 372 372 372 372 371 371 370 368 358 364 367 368 368 369 368 368 369 370 369 369 369 369 367 365 365 363 361 359 355 341 332 352 358 361 363 365 367 367 367 367 367 367 366 364 362 360
198 198 200 203 205 206 205 202 199 197 195 194 194 194 194 195 195 193 188 184 184 184 184 185 185 185 185 185 186 186 186 187 187 189 189 189 190 190 190 191 192 192 193 194 194 195 197 198 199 200 201 202 202 204 205 207 208 207 203 203 207 207 209 209 212 213 214 215 214 217 220 222 222 222 222 223 222 223 225 226 227 228 228 229 229 229 229 229 228 228 228 228 229 232 239 242 243 245 253 257 253 255 260 266 270 281 285 290 291 292 300 307 314 318 330 340 349 356 378 379 375 360 347 344 340 338 339 340 339 335 334 337 337 336 322 310 298 300 316 334 356 377 393 404 403 400 401 403 406 408 409 411 408 404 402 399 397 391 390 388 385 384 387 391 394 394 395 392 391 389 386 386 387 385 386 389 390 392 392 391 390 384 381 378 375 374 371 365 364 359 355 350 344 325 326 328 337 341 347 358 367 375 385 394 406 414 426 438 445 450 454 455 456 455 453 453 452 451 449 449 448 446 445 444 443 443 442 441 440 439 438 437 435 433 431 427 425 422 420 417 415 415 416 416 416 414 412 410 404 395 390 389 373 352 340 335 326 320 324 323 320 318 314 312 310 308 306 305 302 299 299 297 293 294 305 317 329 344 362 376 379 380 381 382 382 383 383 383 383 382 382 381 379 377 372 366 361 354 345 335 325 311 302 291 284 281 283 283 280 273 269 266 260 252 243 234 230 231 231 231 239 251 266 275 281 290 299 314 327 338 351 362 367 370 371 371 372 373 374 374 374 374 374 374 373 374 373 369 361 368 371 372 373 374 374 374 374 374 373 373 371 367 359 368 369 370 371 371 370 371 371 372 372 372 371 370 369 367 366 364 362 359 353 330 341 348 360 362 365 367 368 368 369 369 369 368 368 366 364 361
198 201 204 206 207 206 202 200 197 195 195 194 194 195 195 196 194 191 189 184 184 184 185 185 185 185 185 186 186 186 186 187 186 188 188 189 189 190 189 191 192 191 192 193 194 195 196 197 198 199 200 201 201 201 203 202 199 200 200 201 200 202 205 209 212 213 214 215 215 215 219 221 221 222 222 223 224 225 226 226 226 227 227 228 228 228 229 229 228 228 228 227 229 229 234 238 240 243 254 254 252 254 258 264 269 273 278 283 284 283 293 297 303 313 320 330 343 352 364 374 361 346 340 334 330 327 326 327 322 320 319 322 324 321 314 305 294 305 322 342 361 379 395 403 402 400 402 405 407 408 410 411 409 406 403 400 397 397 394 390 388 387 389 391 394 396 395 394 392 390 389 387 388 386 388 390 391 392 391 390 389 385 379 375 371 368 365 362 361 357 353 349 333 325 325 336 343 349 355 359 372 383 390 399 407 421 436 444 449 453 456 457 456 456 455 454 453 451 450 449 448 447 446 445 444 442 441 440 439 438 436 435 433 430 428 425 423 421 420 421 421 421 420 420 419 417 416 415 413 411 409 409 405 384 363 352 339 331 320 312 303 299 296 295 299 302 301 300 299 297 295 294 294 285 289 303 318 331 348 366 377 380 381 383 384 384 384 384 383 382 380 378 375 369 362 355 349 337 327 316 305 294 285 279 278 282 285 281 272 266 261 256 251 243 235 231 231 231 231 235 243 256 270 279 287 302 317 334 347 354 361 366 370 373 375 376 376 377 376 376 376 376 376 375 374 375 374 372 364 369 372 372 373 376 376 376 376 376 375 375 372 366 363 370 372 372 372 373 373 373 374 374 374 374 373 373 371 368 366 364 363 359 346 338 353 341 361 363 366 368 369 370 370 371 371 370 369 368 365 362
200 204 206 208 206 204 200 198 197 196 196 197 197 197 197 196 193 190 187 184 184 185 185 185 185 185 186 186 186 186 187 187 187 188 188 189 189 190 191 192 192 192 192 193 194 194 195 196 197 197 197 198 199 198 197 200 200 200 200 201 204 202 203 206 211 213 215 215 216 216 217 218 219 220 221 223 223 223 225 224 224 224 225 226 227 227 227 229 229 228 227 228 229 231 233 236 238 242 252 254 251 252 256 266 269 268 270 275 275 276 282 287 295 307 314 320 335 348 360 362 347 340 333 324 320 317 317 318 315 311 309 310 312 309 305 298 293 307 324 343 362 382 394 402 402 400 404 408 408 409 411 412 411 407 405 404 402 399 397 394 393 391 390 395 397 397 397 396 394 393 391 390 391 389 390 392 392 392 391 389 387 384 379 372 367 362 357 354 348 350 341 334 325 325 332 342 348 354 360 368 375 388 395 404 419 432 445 448 452 455 457 458 457 456 455 454 453 452 451 450 449 448 446 444 442 441 440 438 436 435 433 431 429 426 426 426 425 426 425 426 425 424 423 422 421 419 418 417 415 413 412 411 408 405 403 394 375 354 338 328 315 307 302 296 288 292 298 298 297 296 295 293 292 280 275 290 305 318 332 352 367 376 381 383 385 385 384 384 382 378 373 372 367 361 352 343 332 320 309 299 289 282 277 271 275 279 275 269 266 260 253 248 242 234 231 230 231 231 231 238 247 261 274 284 299 318 334 348 358 361 366 370 374 376 377 378 379 379 378 378 378 378 378 377 376 375 374 373 367 370 372 374 377 377 378 378 378 377 377 375 373 366 367 373 374 374 374 375 375 375 376 376 376 375 374 374 371 368 367 365 362 357 340 352 359 349 361 364 368 370 371 371 372 372 372 372 371 369 366 364
202 205 207 207 204 201 199 197 197 198 199 199 199 200 198 195 193 190 187 183 184 184 185 184 185 185 186 186 186 187 187 187 188 188 188 189 190 190 191 192 192 192 193 194 194 194 195 196 196 197 196 197 198 198 199 200 202 203 206 206 207 205 203 205 211 213 214 215 216 217 218 218 219 219 220 220 221 222 223 223 223 224 225 225 226 226 226 227 228 227 227 227 227 231 233 234 236 241 250 252 250 251 253 263 268 266 267 268 268 271 276 281 287 298 307 313 324 342 353 351 340 332 323 313 309 308 310 310 307 303 302 301 299 296 294 290 292 306 324 343 359 374 391 401 401 400 406 410 409 410 412 413 412 408 409 408 404 402 399 399 397 395 394 397 399 401 402 400 398 394 394 394 393 392 393 393 392 389 388 385 383 379 375 368 360 349 340 332 325 325 325 325 325 325 341 347 353 358 366 376 384 392 399 415 431 444 450 452 455 457 458 458 457 457 456 455 454 453 452 450 449 447 444 443 443 442 440 438 437 434 432 432 432 432 431 431 429 429 429 429 428 426 424 423 422 421 419 418 417 416 414 412 409 406 401 395 381 365 351 333 318 308 301 297 287 283 287 294 296 296 296 295 295 286 271 278 293 304 316 334 351 369 374 380 385 384 383 382 376 370 366 361 351 344 333 323 313 304 296 287 280 275 270 263 268 268 266 261 257 252 247 243 235 232 232 231 231 234 238 244 251 262 277 292 310 331 348 359 364 368 372 375 377 378 379 380 381 382 381 380 380 380 379 379 378 377 375 374 369 369 373 377 379 379 380 380 379 378 378 377 374 367 371 375 377 377 377 377 377 377 378 377 377 377 375 374 371 369 367 362 360 348 345 359 361 357 358 365 369 371 372 373 374 374 374 373 372 370 368 366
204 204 206 203 201 200 198 198 198 199 200 201 202 199 198 196 193 190 189 185 184 185 185 185 185 186 186 186 187 187 187 188 188 188 189 189 190 190 191 191 192 192 193 194 194 195 195 197 196 198 198 199 201 202 203 204 206 206 206 207 209 209 203 206 211 204 207 214 215 216 217 218 220 220 220 220 220 221 222 221 222 223 224 225 225 225 225 226 228 227 227 227 227 230 231 233 235 239 247 247 247 248 251 257 264 264 265 265 264 267 272 278 284 290 300 306 316 337 347 343 332 322 310 303 300 299 301 303 299 298 297 295 293 291 291 291 294 306 318 337 353 369 384 398 399 400 406 409 410 411 411 414 415 412 413 412 408 404 403 403 401 399 396 398 403 407 409 406 402 397 397 397 396 395 395 394 393 389 386 384 380 375 370 365 350 343 351 347 345 339 341 340 338 329 342 350 358 363 373 383 392 399 407 426 440 449 453 454 458 459 459 459 458 457 456 455 454 453 451 449 448 446 447 447 446 444 442 441 439 437 437 436 436 435 434 433 432 432 431 430 429 428 426 425 424 423 421 420 419 417 415 412 409 405 400 386 368 349 337 325 314 304 294 285 285 282 279 278 282 286 289 291 289 283 271 267 279 292 305 313 335 360 371 375 379 381 379 374 367 362 355 344 334 323 314 307 300 292 285 279 274 269 265 259 257 259 256 250 247 244 241 235 232 232 232 231 234 238 242 247 255 267 285 300 316 341 359 365 370 373 376 378 379 381 382 383 384 383 383 383 382 381 381 380 380 379 377 374 369 368 372 376 378 381 381 381 380 380 379 378 375 368 374 377 378 379 380 379 379 378 378 377 377 378 376 374 371 368 365 356 346 350 352 361 364 362 354 365 369 371 373 374 375 375 375 374 374 372 370 367
204 204 205 202 201 199 199 199 200 200 202 202 198 198 197 196 193 192 190 186 184 185 185 185 185 186 185 186 186 187 187 188 188 189 189 189 190 190 190 191 192 192 193 194 195 196 198 199 200 201 202 201 200 202 203 204 205 205 206 207 210 210 210 209 213 204 204 204 212 215 217 218 220 221 220 220 220 220 221 221 222 223 224 225 224 225 225 225 227 227 226 227 228 231 230 234 235 237 243 245 245 246 250 253 258 260 261 261 260 264 269 275 279 283 290 299 309 321 342 336 326 311 303 298 294 293 293 294 290 293 294 293 291 289 290 291 293 306 315 326 345 363 379 395 399 399 403 406 408 409 410 411 417 418 418 415 412 407 407 407 405 401 399 402 407 414 415 412 406 402 401 399 398 396 396 394 392 390 387 386 383 376 369 358 344 354 360 360 357 354 352 349 346 342 343 354 359 367 378 389 398 404 418 434 448 453 456 457 459 458 460 459 458 457 457 455 454 452 451 450 449 449 450 449 447 446 444 442 440 440 440 439 439 438 437 436 435 433 432 431 429 428 428 426 424 424 422 421 419 417 415 412 409 404 395 375 354 335 323 314 304 293 291 297 299 295 289 281 276 274 274 274 272 269 266 265 265 275 288 299 312 341 359 370 373 374 371 365 359 348 338 327 316 308 300 294 288 283 278 274 269 265 261 256 250 250 248 243 239 237 233 232 231 231 232 233 240 244 248 254 262 271 289 307 323 351 367 371 374 377 379 381 382 383 384 385 385 386 385 385 385 384 383 382 382 380 379 374 375 376 374 375 379 382 382 383 382 381 380 379 374 369 377 378 379 380 381 381 381 380 380 379 378 377 376 373 368 364 353 359 362 354 357 365 366 365 354 368 371 373 375 376 377 377 377 376 375 374 371 368
204 205 203 203 201 200 200 200 201 202 202 202 198 197 196 194 192 192 191 190 184 184 184 185 185 185 185 186 186 186 186 187 188 189 189 189 190 190 190 191 192 193 193 194 196 198 199 200 201 202 203 204 204 201 202 204 204 205 206 208 210 211 211 212 214 210 205 205 203 216 217 218 219 219 220 220 219 220 220 221 222 222 224 224 223 224 224 224 226 227 227 227 228 231 231 232 233 237 240 243 244 246 248 251 253 255 256 256 258 261 264 268 271 276 285 293 303 312 329 337 316 306 297 292 288 289 285 284 281 286 289 286 286 286 290 290 296 306 314 324 338 358 375 392 399 399 400 403 407 407 408 410 416 423 424 423 420 413 410 410 407 404 403 406 411 418 421 414 409 406 404 402 400 397 396 395 392 391 389 387 383 375 369 356 352 362 365 364 362 359 357 355 350 346 347 358 369 376 384 393 402 413 427 444 453 456 457 459 458 460 460 459 458 457 456 454 453 453 453 452 452 451 451 449 448 447 445 443 442 442 442 442 441 439 439 437 436 435 433 431 430 428 428 427 425 425 423 422 419 417 415 412 408 401 386 364 342 325 314 303 295 299 307 312 312 307 304 298 289 281 274 270 268 266 265 264 262 262 269 281 296 319 341 359 366 367 364 356 344 334 323 314 304 297 291 286 281 277 272 267 264 260 257 254 249 243 241 236 235 233 232 232 232 233 232 235 247 252 255 260 268 276 294 312 330 360 370 374 377 380 382 383 384 385 386 387 387 387 387 387 386 386 385 384 383 382 379 374 378 380 378 376 380 383 384 384 383 382 381 378 373 372 376 379 381 382 383 383 383 382 381 380 378 376 375 369 359 363 366 366 364 354 361 367 368 368 359 368 373 375 376 377 378 378 378 378 377 375 373 369
204 204 203 201 201 201 201 200 201 202 201 199 197 195 194 193 193 192 192 190 184 184 184 185 185 185 185 186 186 186 186 186 187 189 189 189 190 191 191 192 192 193 194 196 198 199 200 201 203 204 204 205 206 204 202 203 204 205 206 208 209 211 212 212 215 215 213 206 205 211 216 217 218 218 219 219 219 219 220 220 220 222 223 223 223 223 223 224 225 226 227 228 229 230 231 232 233 236 238 241 244 246 248 249 250 252 253 252 255 258 259 261 265 274 281 290 297 307 314 324 308 299 292 285 282 284 279 274 273 278 281 278 279 285 288 291 298 307 315 322 336 353 371 389 397 398 399 401 404 406 406 409 413 421 431 432 429 422 417 415 412 410 410 412 416 422 423 416 412 410 406 404 402 397 395 395 393 390 388 386 382 374 367 356 357 366 369 369 366 365 362 359 353 348 350 362 377 387 396 402 409 421 438 451 456 458 459 459 460 460 459 458 457 456 455 455 455 454 454 454 452 452 451 450 449 447 445 444 444 444 444 443 442 441 440 438 437 435 433 430 429 429 427 424 420 420 419 421 418 416 414 410 405 393 373 351 331 316 306 298 308 318 321 325 324 321 317 313 305 295 288 280 274 274 271 269 264 261 263 270 282 302 325 344 354 355 350 341 331 321 311 303 296 290 285 281 276 271 267 263 260 258 255 248 247 241 236 234 234 233 233 233 233 231 233 233 246 256 260 264 272 281 296 315 341 364 373 377 380 382 383 385 386 387 388 389 389 389 389 388 388 388 387 386 385 384 381 376 380 383 382 380 380 383 385 385 385 384 382 378 373 376 377 379 382 383 384 384 384 383 382 381 378 377 367 368 369 370 371 370 366 351 365 370 371 370 364 369 373 377 378 378 379 380 380 379 378 377 374 370
203 203 202 202 202 201 201 201 201 200 199 197 195 194 193 193 193 193 192 191 184 185 185 185 185 185 185 185 185 185 185 186 187 189 189 190 191 192 192 192 192 193 195 197 199 200 202 203 204 205 206 207 208 205 204 203 205 205 207 207 209 209 212 212 216 216 217 215 204 207 214 217 218 218 218 218 218 219 218 219 220 222 223 224 225 225 225 226 226 226 227 227 229 230 231 231 233 235 236 240 241 243 245 245 246 248 249 249 251 253 255 258 265 272 279 287 293 299 307 307 301 294 289 281 277 277 274 270 269 274 274 272 277 280 283 287 296 307 314 324 333 351 368 388 396 397 397 397 399 402 402 405 409 415 424 431 435 432 428 422 421 420 419 419 422 428 426 420 417 411 408 405 402 398 394 394 391 389 386 383 379 372 364 360 367 372 373 372 371 369 368 362 358 353 353 366 380 393 402 408 415 430 448 456 459 461 460 460 461 460 460 459 458 458 457 457 456 456 455 455 454 453 452 451 449 448 447 446 446 446 446 444 443 441 440 438 437 435 432 423 415 405 399 395 392 394 396 399 400 399 397 395 387 374 358 338 322 311 302 313 325 337 341 342 342 336 330 322 315 306 301 296 288 286 283 279 273 268 262 262 270 288 308 320 333 335 333 326 316 309 300 294 290 285 281 276 271 267 265 262 257 252 249 242 239 235 235 234 234 233 234 235 234 234 233 233 241 253 258 264 273 281 294 309 341 365 374 379 382 384 385 386 388 389 391 391 392 391 390 390 389 389 389 388 387 386 383 379 384 386 385 384 381 384 386 387 386 385 383 379 375 380 381 383 384 385 385 385 385 384 383 381 379 368 372 376 375 374 374 371 367 352 368 372 373 372 367 369 375 378 379 380 381 381 381 381 380 378 375 372
202 202 202 202 202 202 201 200 200 198 197 195 194 193 193 193 193 193 193 192 187 185 185 185 186 185 186 185 185 185 186 186 188 190 189 190 191 192 192 193 193 194 196 198 199 201 202 204 205 206 208 210 209 207 206 206 207 207 207 207 209 211 212 213 217 217 218 216 204 206 211 215 218 218 218 217 218 217 216 219 221 222 225 226 227 227 227 228 228 227 228 227 228 230 231 231 232 233 235 238 239 241 242 243 245 246 247 247 248 250 253 258 264 269 274 282 288 293 296 298 295 289 281 275 271 271 271 267 266 268 269 270 274 277 281 287 294 306 315 323 334 349 365 382 388 394 395 394 395 396 399 403 407 411 417 422 429 437 438 434 431 430 430 428 430 434 433 426 420 412 408 401 400 397 395 392 389 386 383 380 375 371 359 363 372 376 377 377 376 374 372 370 366 361 358 364 381 397 406 412 422 440 454 459 461 462 462 462 462 461 461 461 460 460 459 458 458 457 456 455 454 453 452 451 450 449 449 448 448 447 446 444 443 441 440 438 436 428 412 399 387 377 369 364 367 370 373 375 375 375 373 369 361 351 342 328 316 307 317 330 341 356 362 363 359 349 338 329 322 312 306 302 299 298 298 292 282 273 265 259 264 277 295 306 314 315 314 310 303 297 291 287 283 279 277 274 271 266 257 255 249 244 242 235 236 235 234 233 234 236 237 236 236 236 233 234 233 242 251 259 270 281 292 312 337 363 372 380 383 385 387 388 389 391 392 393 394 393 392 392 392 391 391 390 389 388 385 381 386 388 388 387 385 384 387 388 388 387 384 379 380 383 384 384 385 386 387 387 386 385 383 382 373 375 379 378 377 377 375 371 367 360 371 374 375 375 371 369 376 379 381 381 382 382 382 382 382 380 377 374
202 202 203 203 203 202 200 199 199 197 195 194 193 193 193 193 193 193 193 191 189 185 185 186 186 186 185 185 185 186 186 186 187 189 189 190 191 191 192 192 193 195 198 199 200 202 204 205 206 208 210 212 211 209 208 208 209 210 209 209 209 210 213 214 217 217 218 219 204 207 210 215 215 216 216 216 217 216 215 217 219 221 224 226 227 227 228 228 229 227 228 228 228 228 229 230 231 232 234 236 236 239 240 241 243 245 246 246 247 250 254 259 264 267 269 274 279 286 289 289 288 285 277 270 267 267 266 261 261 262 266 270 273 278 281 285 292 306 312 320 329 338 347 358 366 374 380 383 388 390 395 400 406 409 413 416 421 430 439 445 443 442 442 439 442 442 438 429 420 410 403 399 397 395 391 387 383 381 378 374 369 361 357 368 376 380 380 380 382 381 379 377 374 369 365 366 382 399 408 416 431 449 460 462 463 464 464 464 464 463 463 462 462 461 461 460 459 458 456 456 455 454 453 453 452 451 450 449 448 447 446 444 443 441 439 431 414 400 387 373 358 355 350 345 344 346 348 351 352 351 351 346 341 338 331 320 312 312 330 346 355 373 381 382 376 365 353 341 328 319 312 307 304 302 299 294 285 273 265 257 257 266 280 292 297 298 298 294 292 288 285 281 278 275 272 271 266 260 250 245 242 241 236 236 236 235 234 235 238 241 241 240 238 238 235 234 233 238 248 256 266 273 287 306 331 357 370 378 383 386 389 390 391 393 393 395 395 395 394 394 393 393 393 391 390 389 386 384 389 389 390 390 388 386 388 390 389 388 386 380 383 386 387 387 387 388 388 388 387 385 383 375 376 381 381 380 379 377 376 372 366 365 374 376 378 377 375 369 376 380 382 383 384 384 384 383 383 382 379 376
202 203 204 203 203 203 201 199 197 196 195 194 193 193 192 192 193 193 193 192 191 187 185 185 185 186 185 186 186 186 187 186 187 189 189 190 190 191 192 192 195 196 198 199 201 203 205 206 208 211 213 213 212 211 211 213 213 210 212 213 215 212 213 216 218 219 219 219 208 207 208 209 208 209 209 209 210 211 211 215 215 214 220 222 224 225 225 224 225 225 225 226 227 226 227 229 230 232 233 234 236 241 241 241 243 244 245 245 248 251 255 259 262 264 265 268 272 276 279 280 279 276 270 268 265 263 261 257 258 261 264 268 272 276 279 284 291 294 301 308 314 322 329 333 343 351 357 362 369 381 392 397 401 407 410 413 417 422 431 443 452 450 449 446 447 445 437 424 414 406 400 396 393 389 385 381 376 373 371 367 367 367 363 371 379 382 384 386 388 389 387 385 381 376 372 369 387 402 414 423 441 456 463 464 465 465 465 465 465 464 464 464 462 462 461 460 459 457 457 456 455 454 454 453 452 451 450 449 448 447 446 444 443 438 421 404 387 370 359 353 359 364 363 360 353 346 336 332 329 332 333 330 326 321 318 312 315 329 342 352 373 392 391 388 382 375 365 351 339 326 317 311 306 303 299 293 284 272 265 258 253 258 268 279 284 286 287 285 284 283 280 277 275 269 264 260 256 249 244 241 237 237 237 236 236 236 240 248 248 246 244 243 242 241 236 234 234 236 247 255 268 276 281 299 324 346 366 374 383 386 389 392 393 395 395 396 396 396 396 396 395 395 394 393 391 390 387 388 391 392 392 392 391 388 390 391 391 390 387 382 386 388 389 389 390 389 389 389 387 383 377 378 382 383 383 382 380 378 377 374 367 368 376 379 380 379 378 373 375 382 384 384 385 386 386 385 384 383 380 378
203 204 205 206 205 204 202 199 197 195 195 194 193 193 191 191 192 193 192 191 189 186 185 185 185 185 186 186 186 187 188 187 187 188 190 190 190 191 192 193 195 197 198 201 203 204 206 208 210 212 214 213 213 213 213 216 216 215 216 218 219 218 214 218 220 220 220 220 208 209 208 208 208 214 212 211 213 211 212 212 213 213 217 219 220 220 221 220 222 222 223 224 224 227 228 231 233 233 234 235 237 241 242 241 242 243 245 246 248 252 256 258 260 261 262 264 267 270 270 270 268 266 265 264 262 259 258 256 256 259 261 266 270 275 279 287 293 295 294 301 306 309 314 318 322 327 330 335 348 362 376 394 399 404 406 410 414 418 425 435 449 453 452 451 450 446 430 418 410 404 397 394 388 382 381 382 380 380 377 376 374 372 367 374 380 385 389 394 398 400 397 391 389 384 378 377 390 405 417 433 451 463 465 466 466 467 467 467 466 466 465 465 463 462 461 460 459 458 457 457 456 455 454 453 451 451 449 448 447 446 445 442 423 407 392 378 365 366 371 377 381 379 377 371 366 364 356 347 337 328 325 321 320 320 322 331 336 346 363 381 397 397 395 391 385 378 368 357 345 333 321 314 309 304 300 294 284 272 265 259 252 252 260 267 274 277 279 278 279 277 275 273 270 264 256 250 247 242 238 236 237 237 237 238 241 244 250 254 253 251 248 246 244 244 239 235 234 236 245 259 266 275 279 294 315 334 355 367 377 383 389 392 394 396 396 397 398 398 398 397 397 397 396 394 393 392 389 391 393 394 394 394 393 390 392 393 393 391 388 383 388 391 391 392 391 390 390 389 384 380 384 386 387 387 386 384 382 380 378 374 369 371 378 381 382 382 380 376 376 383 384 385 386 387 387 387 386 384 382 379
205 205 206 205 204 204 201 199 197 196 195 194 194 193 191 190 190 191 189 187 186 186 185 185 185 185 186 186 185 187 188 188 187 187 188 188 189 190 192 194 196 198 199 202 204 207 208 210 212 214 215 215 215 216 218 219 220 220 221 222 222 222 219 218 221 220 221 221 209 217 222 221 222 222 220 219 217 218 218 216 215 215 214 215 218 217 219 219 219 221 222 222 224 226 228 229 232 233 233 235 237 240 242 242 242 244 245 247 249 252 256 257 258 260 260 262 264 266 265 264 263 263 263 262 260 257 255 254 255 257 260 265 271 276 279 283 289 301 302 299 299 303 305 307 309 313 316 322 334 347 360 378 395 398 403 406 410 416 420 429 442 453 454 452 451 444 426 416 409 402 396 390 385 386 388 388 386 385 383 382 379 376 369 372 381 386 391 400 408 413 414 405 398 393 386 380 391 409 420 439 457 466 468 469 468 468 468 468 467 467 466 465 464 463 461 460 460 459 458 457 456 454 453 452 451 450 449 447 446 444 432 413 395 381 374 378 383 394 402 408 415 414 409 402 390 381 370 363 356 348 344 342 343 345 346 352 365 377 394 402 402 400 397 392 386 378 368 356 345 334 324 315 310 305 301 295 288 276 267 261 254 249 250 255 261 267 271 274 273 272 268 265 263 258 249 242 238 238 237 237 237 239 240 245 249 253 256 258 258 256 252 249 247 245 241 237 235 235 244 258 261 269 278 289 305 322 338 356 363 378 385 392 394 397 399 399 399 399 399 399 399 398 397 396 395 393 391 394 395 396 396 395 394 392 394 394 394 393 390 385 391 392 394 393 393 392 391 388 382 387 388 389 389 389 387 386 384 382 379 376 372 372 380 383 384 383 382 379 377 384 386 387 388 389 389 389 388 386 383 381
205 204 204 204 204 203 201 199 198 196 196 195 194 193 192 192 191 189 189 189 186 188 185 185 185 185 186 186 186 186 188 188 187 187 188 188 188 190 192 194 197 198 200 203 205 208 210 212 213 215 216 216 217 219 221 223 224 226 228 226 225 224 222 218 220 221 222 219 212 211 214 223 223 225 224 221 219 219 219 219 219 220 216 218 222 223 223 222 221 221 221 222 223 225 226 227 230 232 234 236 239 241 245 243 242 245 246 248 249 251 253 256 258 257 257 259 261 261 261 261 261 262 262 261 258 255 253 253 254 255 259 264 269 274 276 279 286 291 310 310 307 306 306 305 305 305 309 311 319 330 343 363 383 397 400 405 408 413 417 426 437 452 455 454 452 441 424 415 408 400 394 388 389 392 393 393 392 389 388 387 383 378 372 375 382 387 394 404 417 427 425 423 421 412 401 387 395 414 426 445 463 469 470 470 470 470 470 469 469 468 467 466 465 464 462 461 461 460 458 457 456 455 453 451 449 448 447 446 444 436 412 390 393 402 407 411 416 424 430 436 437 435 432 428 421 410 398 387 382 374 367 368 368 374 377 387 396 404 407 407 404 400 397 391 385 374 364 354 343 333 322 315 309 305 301 297 292 282 271 264 257 251 246 249 254 260 264 264 263 262 260 256 252 247 239 238 239 238 239 239 241 245 249 253 257 261 264 265 264 261 257 253 249 245 241 238 235 234 242 251 258 262 274 284 297 308 320 335 353 369 378 387 393 396 399 400 400 400 401 400 400 400 400 398 397 395 394 396 397 398 397 397 396 394 395 396 396 395 391 388 393 394 395 395 394 394 391 386 388 391 391 392 391 390 389 387 385 383 382 379 373 371 382 385 386 385 384 381 380 385 388 389 390 391 391 390 389 387 385 382
203 202 202 202 202 202 202 200 198 197 197 196 195 195 194 193 192 191 190 189 189 189 187 185 185 186 186 186 186 186 187 188 188 187 188 188 188 189 192 195 197 198 201 204 206 209 210 213 215 216 217 219 221 222 227 229 228 231 229 230 228 226 224 220 221 220 223 223 221 217 211 222 225 227 228 223 222 222 221 221 221 219 216 220 225 229 229 228 226 227 225 224 225 225 225 226 229 232 233 237 242 246 246 244 243 244 245 247 249 251 252 254 255 253 257 257 256 257 258 260 260 260 260 259 256 253 252 252 253 254 258 262 266 269 272 276 281 287 298 310 308 307 306 307 308 308 306 307 309 317 330 350 369 391 397 401 407 411 417 423 434 449 456 456 454 441 424 414 409 401 393 393 394 394 397 397 398 396 392 390 385 381 377 376 384 389 397 411 424 429 429 430 428 426 419 405 397 414 426 446 466 471 471 471 472 472 471 470 469 468 467 466 465 464 463 462 461 460 458 457 456 454 453 453 451 449 449 448 446 443 421 401 426 436 440 441 443 443 441 440 439 437 435 431 430 428 426 418 416 407 402 402 402 403 405 412 413 412 410 408 404 400 395 388 378 366 359 349 338 328 319 312 307 304 300 296 292 283 271 264 258 252 248 244 250 253 255 255 254 253 251 247 241 240 239 240 239 240 241 245 249 253 257 262 267 272 275 273 269 264 260 256 250 246 243 242 235 234 236 245 251 259 270 280 290 298 307 318 335 349 364 379 389 395 398 400 400 401 402 402 402 401 400 399 397 394 397 398 399 400 399 399 398 396 398 398 397 396 393 391 395 396 396 396 395 395 390 387 391 393 394 394 393 392 391 389 387 385 384 382 374 376 383 386 387 387 386 382 382 387 389 391 391 392 392 391 390 389 387 384
201 200 200 201 202 203 202 201 200 199 198 197 195 195 195 194 192 191 190 189 190 189 189 185 185 186 186 186 186 186 186 188 188 188 188 188 188 189 192 195 197 199 201 204 207 210 213 214 216 218 219 221 224 228 230 232 233 236 235 235 230 226 224 221 220 223 225 226 225 222 210 224 227 227 227 226 226 227 224 223 222 218 217 221 226 232 232 232 231 230 230 230 230 230 230 228 228 230 232 239 244 247 246 244 243 243 245 246 248 250 252 252 251 250 252 253 254 256 256 258 258 257 257 257 254 252 251 252 252 254 258 262 265 266 270 275 279 284 288 294 295 294 297 299 308 323 312 307 304 309 321 333 354 376 399 403 407 411 416 421 430 445 457 457 454 439 423 416 410 400 393 397 399 400 402 401 401 399 395 392 388 385 381 380 386 393 402 417 427 435 435 438 437 434 427 417 409 412 429 448 468 472 472 473 473 472 471 470 469 468 467 466 465 464 463 461 461 460 459 458 456 455 455 453 452 452 450 449 447 433 402 425 445 446 446 445 445 444 443 441 440 438 436 434 433 431 429 427 425 423 422 422 421 420 419 418 416 413 411 407 403 396 387 378 369 360 353 344 333 322 315 309 304 300 297 291 280 274 266 260 254 247 244 244 243 243 247 248 248 246 243 240 239 239 240 241 241 242 246 250 255 260 266 271 276 280 286 280 273 267 262 258 252 252 250 246 238 235 235 241 248 257 267 276 285 291 297 303 319 333 345 363 379 391 396 399 399 402 402 403 403 402 401 400 398 398 399 400 401 401 401 400 399 399 400 399 399 398 395 392 397 398 398 398 397 396 392 389 394 395 395 395 395 394 393 391 389 387 385 382 373 379 385 387 389 388 386 383 386 388 390 392 392 393 394 393 392 390 388 386
199 199 199 200 201 202 203 202 201 200 198 198 197 196 195 194 192 191 190 190 190 190 189 187 185 186 186 186 186 185 186 187 188 188 188 188 188 190 192 194 197 199 202 205 208 210 213 215 217 219 221 224 226 231 234 237 239 238 240 238 232 228 225 223 223 224 227 227 227 220 212 226 229 229 229 227 226 228 227 225 224 218 218 222 226 232 232 233 233 233 234 236 236 237 235 236 234 230 233 240 242 244 245 244 243 243 244 247 248 249 251 252 249 249 250 251 252 254 254 254 255 254 253 252 253 252 251 252 253 256 259 261 262 263 267 272 278 281 284 286 286 286 288 293 303 307 315 310 304 304 313 327 344 366 395 400 406 411 416 420 427 439 453 458 455 434 424 417 410 400 399 401 403 405 407 408 405 404 399 395 392 391 387 384 387 395 408 421 430 438 445 452 455 450 444 434 424 420 425 451 470 474 474 474 474 472 471 470 469 468 467 466 465 464 463 462 461 460 459 458 456 456 455 454 453 452 451 448 442 419 436 447 447 447 447 447 445 444 443 442 440 439 437 436 434 432 430 429 428 427 426 425 423 422 420 417 415 413 409 402 393 386 377 367 359 350 343 334 325 315 309 304 299 293 285 277 271 264 259 254 248 244 243 243 243 242 241 242 241 241 241 241 240 240 242 244 244 246 249 253 258 265 272 279 286 291 291 284 275 268 264 259 259 259 258 252 244 235 235 240 245 254 266 270 275 282 287 293 303 320 332 342 360 379 393 398 402 403 403 404 404 404 402 401 401 401 401 402 403 403 403 402 401 401 402 401 401 399 396 394 399 400 400 399 398 397 393 394 396 397 397 397 396 396 395 393 391 389 386 382 372 382 386 388 390 389 388 387 389 391 392 393 394 395 395 394 393 391 389 388
197 197 199 200 201 202 202 202 201 199 198 198 197 196 196 194 192 191 190 190 190 190 189 188 185 186 186 186 186 186 187 186 187 187 188 189 190 190 193 195 197 199 203 205 208 211 213 215 218 221 223 226 230 231 234 242 243 243 243 241 235 231 226 225 227 227 229 229 228 222 212 225 229 230 230 229 227 227 227 226 225 223 219 220 225 230 233 234 234 235 235 235 235 236 238 241 243 238 233 240 241 242 243 244 244 243 243 244 246 248 250 251 249 248 248 249 251 252 252 252 252 251 251 252 252 251 251 252 253 254 257 260 260 261 263 267 272 276 278 279 279 280 284 291 296 301 305 310 304 304 308 321 335 354 377 400 405 411 415 419 425 435 450 458 456 436 425 416 410 402 403 406 407 412 417 417 415 410 405 400 398 396 393 389 390 403 416 427 436 446 457 471 474 471 461 452 443 438 430 449 472 474 475 475 473 473 472 471 470 469 467 466 465 464 462 462 461 460 459 458 457 456 456 455 453 452 449 439 442 448 448 448 448 448 448 447 445 444 443 442 441 440 438 436 434 433 431 430 430 428 427 425 424 419 418 416 413 407 402 392 384 373 364 354 346 339 331 322 313 309 303 295 287 280 274 269 262 258 252 247 244 244 246 245 245 243 243 243 242 242 241 241 240 241 244 246 247 249 252 256 261 268 276 286 292 294 294 285 276 270 266 264 263 267 265 259 249 238 234 238 244 251 258 262 263 270 282 290 299 308 319 328 342 361 384 395 402 404 404 405 405 404 404 403 404 404 404 404 404 404 404 404 404 404 403 403 403 401 399 396 400 401 401 401 400 398 394 397 398 399 399 399 398 397 396 395 392 390 387 383 373 385 388 390 391 391 389 390 392 393 394 396 396 397 397 396 395 393 391 389
196 196 197 199 200 201 201 200 199 198 198 198 197 197 195 193 191 191 191 191 190 190 189 187 186 186 186 186 186 186 187 186 186 187 187 188 189 190 192 194 197 200 203 206 208 211 213 215 218 222 226 229 232 236 242 247 245 245 247 246 241 234 227 226 230 230 231 230 229 227 213 218 228 230 231 230 229 228 228 227 227 228 223 220 220 225 229 230 227 227 230 230 230 231 233 240 243 241 234 239 238 239 241 244 244 242 241 245 244 248 249 249 250 249 248 249 250 251 251 250 250 249 250 250 250 250 251 252 254 254 256 259 259 260 261 263 265 269 272 274 275 278 282 286 291 296 302 308 306 303 307 317 330 344 368 400 403 409 414 419 424 434 447 457 454 437 425 417 409 403 406 410 414 422 426 426 424 419 412 408 405 403 399 395 395 409 422 432 441 452 470 479 481 478 476 472 463 452 447 452 474 476 476 476 474 474 473 471 470 468 466 465 463 463 462 461 460 460 459 458 457 457 455 453 451 446 445 448 448 448 449 449 449 448 447 447 446 445 444 442 441 439 437 435 434 434 433 431 429 427 425 421 420 417 414 407 398 392 386 377 367 359 350 341 332 326 319 311 303 299 291 284 278 272 266 261 254 247 244 244 245 248 249 247 246 244 243 243 242 242 242 241 241 242 246 248 250 253 257 260 265 270 278 288 296 298 295 286 278 273 272 271 269 271 274 266 255 243 235 235 239 244 248 252 258 268 279 288 297 304 311 317 328 345 369 388 401 402 404 406 406 406 406 405 405 405 406 406 406 406 406 406 406 406 405 405 404 403 400 399 402 403 403 402 401 399 396 399 400 401 401 400 399 398 397 396 393 391 389 381 380 387 390 393 393 393 392 392 393 395 396 397 398 398 398 398 397 395 394 391
194 195 196 197 199 200 199 198 197 196 196 197 197 195 194 193 193 192 192 191 191 191 188 189 186 185 186 186 186 186 186 187 186 187 187 188 188 190 193 196 198 200 202 205 208 211 212 215 218 223 227 231 234 238 246 248 247 247 250 250 247 239 228 228 232 231 232 230 229 228 218 212 215 220 226 231 232 232 231 230 231 231 228 224 223 222 222 223 225 225 225 228 229 230 232 236 241 241 241 237 235 236 240 240 240 240 243 246 245 247 248 248 250 249 248 247 248 248 248 249 249 248 248 249 250 251 251 252 254 255 256 257 257 258 259 261 263 265 266 268 271 275 279 282 287 293 299 308 306 303 308 318 329 340 359 394 403 407 410 416 422 432 445 453 452 439 427 418 408 407 410 414 421 431 443 447 445 432 420 418 416 413 407 403 398 414 427 436 445 461 477 482 482 481 480 479 476 474 468 459 473 476 476 475 475 474 474 472 471 469 468 465 465 463 461 460 460 459 459 458 457 455 452 449 450 451 452 451 451 451 450 449 449 448 447 447 445 444 443 441 440 438 437 435 434 434 432 429 427 424 421 415 407 398 391 382 375 369 367 360 350 343 334 327 318 313 306 300 293 287 282 277 271 266 260 254 246 246 245 247 252 254 254 253 251 248 246 245 246 245 245 244 243 243 247 250 252 256 260 265 269 274 280 289 299 301 297 287 281 280 280 279 276 274 276 276 261 249 238 235 241 243 247 253 259 267 278 285 294 300 305 310 317 328 344 376 392 401 404 406 407 407 407 407 407 407 408 408 409 408 408 408 408 407 407 407 406 405 402 402 404 404 404 404 402 400 400 400 402 403 402 402 401 400 398 396 394 391 386 378 387 390 393 394 395 395 395 395 396 397 398 399 399 400 400 399 399 397 395 393
193 194 195 196 197 197 197 195 195 195 195 197 196 195 195 194 194 194 193 192 192 190 187 188 185 186 186 186 186 185 186 187 187 187 187 187 188 189 193 196 200 202 204 207 209 211 214 217 220 224 226 230 233 239 246 249 248 248 251 252 250 244 235 226 231 232 233 232 231 230 230 228 221 214 219 229 231 233 232 230 230 230 230 228 228 229 232 233 232 230 224 227 231 231 231 234 236 238 241 243 241 239 236 238 241 244 245 246 247 246 245 245 246 248 247 246 247 247 248 248 248 248 248 249 250 250 251 252 253 254 256 256 257 257 258 259 261 263 264 266 269 272 275 279 284 291 296 305 305 302 307 314 326 340 362 395 405 410 415 418 422 432 442 451 456 443 429 420 410 410 414 420 426 439 446 449 448 442 437 438 430 425 418 413 406 418 433 441 452 467 481 485 484 483 482 481 478 477 477 474 472 477 477 477 476 475 474 473 472 470 468 467 465 464 462 460 459 456 455 455 452 454 455 455 455 455 454 454 453 452 451 450 449 448 447 446 445 443 441 439 436 435 434 433 432 431 428 425 419 414 404 393 382 374 365 356 351 349 347 343 333 325 318 313 305 299 293 288 283 278 274 269 265 258 249 247 246 246 249 254 258 260 262 261 259 255 253 253 253 252 250 247 244 244 248 252 254 258 262 268 275 280 284 291 302 304 300 292 287 287 287 286 282 279 277 276 266 251 235 236 239 243 247 252 258 265 274 282 292 297 297 299 307 317 332 358 382 397 403 406 408 408 408 409 409 409 410 410 410 410 410 410 409 409 409 408 407 406 403 404 406 406 406 405 403 401 403 403 404 404 404 403 402 401 399 396 393 386 381 382 388 393 395 396 397 397 397 398 398 399 400 401 402 402 402 401 400 399 397 396
193 194 195 195 195 195 194 193 194 194 194 196 196 196 196 196 195 195 194 193 192 189 191 190 185 186 186 186 185 186 186 186 186 186 187 187 188 191 194 197 200 203 206 208 211 213 215 218 222 226 230 231 234 239 247 250 251 250 252 254 252 247 238 228 231 233 234 234 233 232 232 231 230 216 216 227 229 230 230 231 231 231 230 231 233 232 231 234 234 231 226 225 231 233 233 233 234 236 238 242 245 244 241 241 241 243 246 246 247 247 246 245 246 246 247 247 246 247 247 247 248 248 248 249 250 251 252 253 253 253 254 256 256 257 258 259 260 261 263 265 267 270 273 276 281 289 294 301 304 301 305 313 325 339 364 395 405 410 415 419 424 432 441 452 459 451 433 423 415 413 418 424 434 444 450 452 449 445 447 445 441 442 437 428 416 425 439 445 459 476 484 486 486 485 483 481 480 479 478 477 476 477 478 478 478 476 475 474 473 471 470 468 466 464 463 461 460 459 457 457 457 458 458 458 457 457 456 454 453 452 451 450 449 448 447 445 443 441 438 436 432 418 410 406 406 408 407 402 398 391 379 369 357 349 339 330 327 329 328 324 319 309 301 297 291 286 282 278 275 272 267 264 259 253 247 247 247 250 256 261 265 268 270 270 269 266 261 261 261 257 257 249 246 244 248 252 256 260 265 270 278 287 291 295 305 308 305 298 296 296 294 291 286 283 280 275 266 254 241 235 236 242 245 251 258 262 268 277 287 290 283 290 295 309 323 343 362 387 399 405 409 409 410 410 411 411 412 412 412 412 412 411 411 411 410 410 409 407 406 407 407 408 407 406 405 405 405 406 406 406 406 404 403 402 399 395 388 386 390 390 388 396 397 399 399 400 400 400 401 401 402 403 404 404 404 403 402 401 400 398
192 193 193 194 195 194 192 192 193 193 194 196 197 197 197 196 196 195 194 193 191 190 192 191 187 186 186 186 186 186 187 186 188 187 187 186 188 191 195 198 201 204 207 209 212 215 218 221 224 228 233 237 238 240 246 250 252 252 253 255 254 250 239 228 233 233 235 235 234 234 233 231 230 219 215 217 220 227 228 229 231 231 229 231 236 233 231 232 232 233 232 227 229 231 233 233 234 235 236 238 242 242 242 241 242 243 246 247 247 247 246 245 245 246 246 246 246 247 247 247 247 248 248 249 250 251 253 253 253 254 255 256 256 257 258 259 260 261 263 265 267 269 271 275 281 286 292 299 302 297 306 314 327 340 364 397 405 410 414 419 425 432 441 453 460 458 440 428 420 417 422 426 437 449 454 454 450 449 449 448 447 445 443 439 428 430 442 450 465 481 486 487 487 487 486 484 482 481 480 480 478 479 479 479 478 477 476 475 473 472 470 469 467 465 464 463 462 460 460 460 460 460 460 459 459 458 456 455 453 452 451 450 448 447 446 443 441 439 429 416 401 387 374 371 367 372 378 374 365 362 354 345 337 326 318 319 319 318 312 306 301 294 286 281 278 275 273 270 268 265 259 255 248 248 248 246 252 257 263 267 273 276 278 279 277 273 269 270 268 263 259 250 246 247 250 253 257 262 267 272 281 292 299 302 308 311 311 307 306 302 299 295 290 285 280 272 265 258 247 236 237 238 243 247 254 259 263 268 276 283 274 285 292 301 316 329 347 370 391 402 410 411 412 412 412 413 414 414 414 414 414 413 413 413 413 411 410 408 410 409 409 410 409 408 407 407 407 408 408 407 407 406 405 402 398 393 389 394 396 394 388 398 400 402 403 403 403 403 404 404 405 406 406 407 407 406 405 404 402 400
191 192 193 194 194 193 192 192 192 194 196 197 197 197 197 196 196 195 194 193 191 192 193 192 188 186 186 186 186 187 187 187 188 187 186 186 188 192 195 198 202 205 207 211 214 217 221 224 227 231 237 242 246 244 246 250 253 253 254 256 255 251 241 229 233 235 236 236 236 236 235 233 233 231 224 218 217 224 227 229 232 231 231 234 236 232 231 231 232 233 232 229 227 230 232 233 233 234 235 236 238 240 240 241 242 244 247 248 248 246 246 246 245 245 246 246 246 246 247 247 247 247 248 249 251 252 253 253 255 255 256 257 258 259 260 259 261 262 265 265 266 270 272 274 280 286 291 296 297 294 307 317 329 342 367 396 405 409 414 419 424 430 439 453 459 460 447 433 425 420 425 431 443 452 456 454 452 452 452 452 451 449 447 442 434 435 443 455 470 485 488 489 489 488 487 487 487 485 483 481 479 480 480 480 479 478 477 476 475 472 471 469 468 466 465 464 463 462 462 462 462 462 462 460 460 458 457 455 454 452 451 449 447 445 444 443 442 440 437 431 411 387 366 351 351 352 357 353 346 340 334 327 317 313 317 311 306 299 291 286 281 278 276 273 271 269 266 264 262 259 252 248 249 248 249 254 258 263 268 274 280 283 285 285 283 279 275 277 274 264 259 251 247 247 253 256 259 264 269 275 283 292 302 309 312 315 317 315 312 308 304 299 293 287 283 275 267 259 252 243 237 236 237 243 250 254 256 258 262 269 271 284 285 294 307 321 333 347 370 393 407 412 413 414 414 415 416 416 416 416 416 415 415 415 414 413 411 411 412 412 412 412 411 410 409 409 409 410 410 409 409 407 406 404 401 395 391 399 399 399 394 400 403 405 406 406 406 406 407 408 408 409 409 409 409 409 407 406 404 402
191 191 192 193 193 193 192 192 193 195 196 197 197 197 197 196 195 195 194 193 193 194 194 193 189 185 186 186 187 187 187 188 188 187 186 186 187 192 196 199 202 205 208 212 216 220 223 227 230 235 242 250 250 247 248 251 252 254 255 256 256 253 241 230 233 234 236 237 237 237 237 235 234 233 232 224 218 221 226 230 233 235 238 237 234 233 233 233 234 234 234 232 228 227 232 232 233 233 234 234 236 238 239 241 243 246 249 251 249 247 246 246 246 245 246 246 246 247 246 247 247 248 249 250 251 252 253 255 256 258 258 259 260 261 263 262 263 264 266 268 270 273 274 277 283 289 293 294 292 302 311 323 333 347 372 398 405 409 414 418 424 430 441 455 461 460 453 444 433 425 428 434 446 454 457 456 455 457 458 458 457 453 451 447 438 439 448 459 477 488 489 490 490 490 489 488 487 486 485 482 482 481 482 481 480 478 478 477 475 473 471 470 469 467 466 465 465 464 464 464 464 463 462 461 460 459 457 456 454 453 452 449 448 446 446 446 444 443 441 438 434 412 380 363 347 333 331 334 327 322 318 311 306 307 303 299 294 290 285 280 276 273 270 268 264 261 260 258 255 252 249 248 249 251 255 259 264 269 275 280 286 290 289 289 287 282 283 284 277 267 261 252 247 253 260 265 266 269 272 277 285 296 306 313 316 319 321 322 319 315 310 304 298 292 286 280 272 265 256 250 243 236 237 237 242 245 246 250 253 257 267 275 279 287 299 312 324 336 351 373 395 410 414 415 416 417 417 418 418 418 418 417 417 416 415 414 414 414 415 415 414 414 413 412 412 412 412 412 411 411 411 410 409 407 403 397 399 403 403 403 399 402 406 408 409 409 409 409 410 411 411 412 412 412 412 411 410 408 406 405
191 191 192 192 193 192 192 193 194 196 197 197 198 197 196 196 195 195 194 192 193 194 195 194 191 186 186 187 187 187 187 185 187 187 187 187 188 192 196 199 202 205 209 214 219 222 226 228 231 237 246 255 253 251 251 251 253 255 256 258 257 254 242 231 233 235 236 237 237 237 237 236 233 233 232 227 221 219 222 230 235 237 238 236 235 235 235 238 238 237 235 234 233 229 227 229 230 229 230 234 235 236 238 240 242 245 248 252 252 249 247 247 246 245 245 246 246 246 247 247 248 249 250 250 251 253 254 256 258 260 261 263 264 265 267 268 269 270 271 273 275 276 277 279 287 292 289 292 299 307 317 329 339 353 379 400 406 412 416 420 423 431 443 458 462 461 460 451 440 430 432 440 451 457 460 459 461 464 465 466 465 460 455 450 443 441 449 464 482 489 490 491 491 491 490 489 489 487 486 485 484 483 482 481 481 480 478 477 475 474 473 471 470 468 468 467 466 466 465 465 464 463 463 461 460 459 458 456 455 454 452 451 450 449 448 447 446 445 443 441 436 426 400 377 360 340 325 319 314 310 306 304 307 309 312 311 302 297 291 286 280 279 279 277 270 268 264 259 255 251 249 250 254 256 260 264 269 275 282 286 291 293 295 296 295 289 292 291 276 271 265 254 249 259 271 274 274 272 275 280 288 299 308 318 321 324 327 329 327 321 317 310 305 297 290 283 279 272 262 258 254 248 240 237 237 238 237 242 250 261 273 285 287 291 296 305 315 325 335 353 376 394 411 416 418 419 419 420 420 420 420 419 418 417 417 415 416 417 417 416 417 416 415 414 414 415 414 414 414 414 413 412 411 409 404 397 404 407 407 406 404 406 409 410 412 412 413 413 413 413 414 415 415 415 415 414 413 411 409 408
192 192 193 193 192 192 193 194 196 197 197 198 197 197 196 196 195 194 194 194 194 194 195 193 190 186 187 187 187 187 187 188 187 187 187 187 187 190 194 196 198 204 210 214 219 224 226 228 231 238 247 255 256 255 253 252 253 256 257 258 258 254 244 233 233 236 236 237 237 238 237 235 232 232 232 231 226 220 222 228 233 237 237 239 239 238 239 241 241 241 239 236 236 234 233 230 230 230 230 232 234 236 237 239 240 243 248 250 251 250 248 250 249 247 247 246 247 247 248 248 249 250 251 251 252 254 255 258 259 261 263 267 269 270 274 275 276 276 277 279 280 281 284 286 288 287 294 302 307 314 323 335 346 365 387 405 408 413 417 420 424 431 444 460 462 461 460 456 448 440 435 445 455 461 462 464 467 470 474 478 480 475 468 458 450 440 452 467 485 491 491 493 493 493 492 491 490 488 487 486 485 484 483 482 482 481 480 478 477 475 474 472 471 470 469 468 467 467 466 465 464 463 463 462 461 460 458 457 455 454 453 452 451 450 450 448 447 446 444 442 438 430 414 388 365 345 323 315 312 311 312 314 319 321 320 320 313 306 299 296 291 290 288 286 281 277 272 264 256 251 248 254 260 262 264 269 275 282 288 293 299 303 305 307 303 296 301 288 279 276 265 257 256 265 275 278 281 277 279 285 294 302 311 320 326 331 334 336 339 337 333 322 315 304 298 288 284 279 270 265 260 257 252 248 245 241 239 237 243 253 265 277 292 290 292 295 301 308 326 343 353 373 398 414 420 421 422 423 422 422 421 421 420 419 418 418 419 419 419 419 418 418 417 417 417 417 417 417 416 416 416 415 414 411 405 404 409 410 410 410 408 409 412 414 415 416 416 416 416 417 418 419 419 419 418 418 415 413 411 411
192 193 193 193 193 194 195 196 198 198 198 198 198 198 197 196 195 194 193 194 195 195 194 192 188 188 188 187 187 187 187 188 188 187 187 187 186 188 191 194 200 200 203 212 220 225 226 228 231 239 247 252 255 258 256 253 254 257 258 259 259 255 246 236 233 235 236 237 237 237 236 235 233 230 230 231 226 222 224 227 232 237 238 241 242 242 242 242 241 242 241 239 237 237 236 235 234 234 231 231 234 236 237 238 240 241 245 246 246 247 247 252 254 251 249 248 248 248 249 248 249 250 251 252 253 255 256 259 261 263 267 270 274 276 279 281 284 284 286 287 286 292 293 292 295 299 304 309 314 322 331 343 358 378 395 406 410 414 417 420 423 429 441 457 462 461 460 459 456 447 445 451 458 462 467 471 476 480 486 489 489 488 485 469 457 451 449 469 487 492 493 494 492 493 493 492 491 489 488 487 486 485 484 483 482 481 481 479 478 476 475 473 472 472 471 469 468 467 467 466 465 464 463 462 461 460 459 457 456 454 454 453 452 451 451 449 448 447 446 443 437 427 408 381 361 339 320 320 326 326 329 335 337 336 334 330 326 324 318 311 306 301 299 295 291 283 275 266 256 249 251 262 265 268 271 274 280 287 294 299 308 313 316 317 311 308 308 290 281 279 264 257 256 264 277 281 285 282 283 287 298 306 317 323 329 338 346 355 360 357 351 339 328 314 302 296 289 283 275 272 268 264 260 257 255 250 244 241 238 245 255 267 280 282 284 286 291 305 320 330 340 361 382 406 421 423 424 425 424 424 423 422 421 420 419 420 421 421 421 421 421 421 420 419 420 420 420 419 418 418 418 417 416 414 406 410 413 414 414 414 413 413 417 417 418 419 420 419 420 420 421 422 422 422 421 420 418 416 414 414
192 194 194 194 195 196 197 198 200 199 199 200 199 198 197 196 195 194 194 194 195 195 193 190 188 189 189 188 187 187 187 186 188 188 187 187 186 190 196 199 204 208 207 208 214 223 225 228 231 238 246 251 255 260 258 255 256 257 258 259 260 257 249 239 232 233 235 237 237 237 236 236 233 230 230 231 227 225 226 229 232 237 242 244 244 243 243 243 242 242 240 239 238 240 238 236 236 235 233 230 234 236 237 237 239 240 241 242 243 245 247 251 259 259 252 251 250 249 248 248 249 250 251 252 253 255 258 260 262 265 269 276 282 285 287 289 290 294 295 296 296 297 298 299 302 307 311 316 323 332 341 353 370 389 405 407 409 412 416 418 421 426 434 445 456 459 459 458 456 455 455 460 461 463 468 474 481 490 495 496 497 495 491 489 471 458 452 469 488 492 493 493 494 494 494 493 492 491 490 488 487 486 485 484 484 482 481 480 478 477 476 475 474 473 471 470 469 468 467 466 465 464 463 462 461 460 459 457 456 455 455 454 453 452 452 451 450 449 447 443 437 423 400 374 354 336 324 335 346 348 345 350 350 350 347 342 338 333 329 326 318 310 304 298 293 285 276 266 257 251 255 267 269 274 277 281 286 292 299 305 314 320 325 330 322 316 307 291 286 277 270 258 252 263 276 282 287 286 287 291 302 310 323 326 337 352 365 377 386 382 372 357 342 326 311 303 295 288 282 278 273 270 265 263 262 258 252 246 242 238 245 258 271 276 277 280 287 296 304 315 332 349 373 401 420 425 426 426 427 426 425 424 423 422 422 422 423 423 423 423 423 423 422 422 422 422 422 422 422 421 421 420 419 415 407 415 417 417 417 417 417 418 420 421 421 423 423 423 424 424 424 425 425 425 424 423 421 419 417 418
193 194 194 195 196 197 199 200 200 201 201 200 199 198 197 196 195 194 195 195 195 194 193 189 188 189 190 189 188 187 187 187 188 187 187 187 187 189 196 201 205 209 214 219 221 218 226 229 233 238 246 252 257 260 259 258 258 259 259 260 262 261 252 243 235 232 234 236 237 237 236 236 233 230 226 225 225 224 226 229 234 240 244 246 245 244 244 243 243 243 242 240 239 241 240 238 237 236 236 232 232 235 236 237 238 239 240 241 244 246 247 250 258 263 254 252 251 250 249 249 249 250 251 253 254 255 259 261 264 269 274 282 289 293 296 297 298 301 304 305 305 303 302 306 313 317 321 327 333 342 352 363 386 402 408 408 409 411 413 416 418 421 425 430 435 447 456 457 457 456 459 461 464 467 471 478 487 496 500 501 501 500 496 492 488 471 458 472 490 492 493 493 495 495 495 493 493 491 490 489 487 487 486 486 485 483 481 480 479 478 477 476 475 474 472 471 470 468 466 466 465 464 463 462 461 460 459 458 456 456 456 455 454 453 453 451 450 448 446 441 436 420 393 369 348 332 334 348 357 362 369 371 376 373 367 360 353 353 351 343 332 321 308 299 292 284 275 265 256 251 259 268 274 279 284 289 295 299 305 311 319 326 336 345 336 324 317 295 286 280 275 264 257 259 275 287 290 289 291 294 303 314 330 334 345 368 384 398 405 402 390 372 353 337 326 315 305 297 292 285 278 275 272 267 266 263 256 249 243 239 239 252 264 270 272 276 282 292 301 312 322 344 363 393 418 426 427 428 429 428 427 426 425 423 424 424 425 425 426 426 426 426 426 425 426 425 425 425 425 424 424 423 422 417 413 419 421 421 421 421 421 422 423 424 425 426 427 427 427 428 428 429 429 428 427 426 423 422 421 420
194 194 195 196 197 199 201 201 202 202 202 201 199 199 198 196 195 195 196 196 195 194 192 189 189 190 190 190 190 189 187 188 187 187 187 187 186 187 195 201 206 211 216 222 226 225 225 230 234 241 248 252 257 259 260 260 261 261 260 261 264 264 254 244 235 232 234 236 237 238 239 236 231 225 223 222 222 225 227 230 235 241 244 246 246 245 245 245 245 245 243 242 241 240 241 240 238 237 236 232 232 234 236 237 238 239 241 242 244 246 247 249 256 260 254 252 251 250 249 250 250 250 252 253 255 256 259 262 267 271 279 288 295 301 304 307 312 313 312 314 313 313 319 324 325 328 331 338 344 352 365 382 403 409 409 408 407 408 410 412 414 415 417 420 424 434 444 454 455 455 459 462 465 469 474 482 494 500 502 503 502 501 500 497 493 487 470 479 491 491 493 495 495 495 495 494 493 492 491 490 489 489 488 486 485 484 483 482 481 480 477 476 475 474 473 472 470 469 468 466 465 464 463 462 461 459 458 458 456 456 456 456 455 455 453 452 450 447 444 441 433 414 385 363 345 335 349 359 373 387 398 402 404 401 399 393 387 377 360 347 335 323 308 301 289 283 275 264 255 250 260 270 279 286 294 298 303 308 312 317 325 337 350 361 348 331 317 299 290 286 283 270 259 257 269 281 288 291 293 296 305 320 335 344 357 384 397 409 413 410 402 384 362 345 333 321 313 306 299 290 283 280 273 264 250 241 240 240 240 240 241 246 253 259 266 275 280 289 298 310 324 343 365 387 410 427 429 431 431 430 430 429 427 426 426 427 427 428 429 429 429 428 428 429 429 429 428 428 428 427 427 427 425 421 420 424 425 425 425 426 426 426 427 428 429 430 431 431 432 432 432 432 432 432 430 428 427 425 424 423
193 194 196 198 199 201 202 202 202 203 203 201 200 199 197 196 195 195 196 196 195 194 192 189 189 191 191 190 190 190 189 188 187 187 187 187 187 187 195 204 209 213 220 224 227 226 225 229 235 241 248 252 255 258 259 263 265 265 264 263 266 262 254 243 235 233 235 237 238 239 238 233 228 223 223 226 224 226 228 232 238 243 244 246 247 246 247 247 246 246 245 243 243 242 243 242 239 237 236 233 232 233 236 236 238 239 242 243 245 246 247 248 251 254 252 252 251 251 251 251 252 252 252 253 255 258 260 264 268 274 282 290 298 307 310 315 323 330 331 327 326 328 332 335 338 340 345 353 359 367 381 399 407 409 408 408 406 406 407 409 409 410 409 410 413 417 425 439 452 453 457 461 465 471 477 488 499 502 504 504 503 502 501 499 496 493 487 482 491 492 495 496 495 496 496 494 494 493 492 491 490 489 488 487 486 484 484 482 481 479 478 477 475 474 473 471 470 469 467 466 465 463 462 461 460 459 458 457 457 456 456 455 454 453 451 449 447 444 440 434 423 404 374 355 341 342 358 374 391 407 419 422 422 418 412 404 390 376 361 347 334 323 307 298 288 282 274 264 252 256 264 275 284 291 298 307 312 316 320 325 337 352 367 375 359 338 320 301 294 292 288 273 261 258 267 274 279 288 295 297 305 325 338 347 362 388 403 413 417 415 408 391 369 352 338 325 317 307 297 290 281 272 260 243 240 242 241 242 243 245 250 255 260 265 270 275 281 288 296 307 320 337 357 383 408 428 432 433 433 433 432 431 429 428 429 430 430 431 431 431 431 431 431 432 432 432 432 431 431 431 431 430 428 424 424 427 429 429 430 430 430 430 431 432 433 434 435 435 436 436 436 435 434 433 432 431 429 428 427 426
193 196 197 199 201 202 202 202 203 203 203 201 200 198 197 196 195 196 196 196 195 194 192 189 189 191 192 191 191 190 188 187 188 188 187 187 186 187 196 205 211 215 222 228 228 228 226 229 233 240 245 248 253 257 260 265 269 269 268 266 265 260 251 242 235 233 235 237 238 239 237 232 229 223 225 227 228 230 233 236 242 244 245 246 247 246 247 247 247 247 246 245 244 243 244 243 241 237 235 234 233 234 236 237 238 241 243 243 244 246 246 247 249 251 252 253 253 252 253 253 253 254 254 254 256 258 263 266 270 276 283 291 300 312 316 322 333 343 343 341 340 340 342 346 355 360 363 370 379 388 402 405 409 409 408 406 405 404 404 403 404 404 403 403 406 412 415 423 437 449 457 462 467 473 480 494 501 504 505 505 504 503 502 501 499 496 494 489 491 495 496 496 496 496 496 495 495 494 493 492 491 490 488 487 486 485 483 482 480 479 477 476 474 473 472 470 469 468 466 465 463 462 460 459 458 456 455 454 453 453 453 452 451 450 447 444 439 431 425 416 404 389 364 351 342 351 368 386 405 424 427 427 425 420 411 402 387 372 359 346 333 318 303 293 287 280 272 265 252 259 270 281 289 297 303 316 319 323 328 338 352 368 382 386 368 345 324 304 297 295 289 275 262 264 273 281 285 292 296 297 308 328 340 350 366 391 407 418 421 419 412 396 374 356 341 327 317 305 293 285 274 260 247 241 242 243 245 246 249 252 257 264 268 272 276 280 285 290 297 307 316 334 354 377 403 428 434 435 435 435 434 433 431 430 431 432 433 433 434 434 434 434 434 435 435 435 435 435 434 434 434 433 431 427 427 431 432 433 433 433 434 434 435 436 437 438 438 439 439 440 439 438 437 435 433 432 431 430 429 424
195 198 198 200 202 202 203 203 204 203 203 202 200 198 197 196 196 196 196 196 195 194 192 190 189 189 189 189 189 189 189 188 187 187 187 187 186 187 196 207 213 217 224 229 230 229 229 230 230 235 240 245 249 254 259 264 268 271 270 269 267 258 250 241 236 232 235 236 237 237 237 233 225 224 228 229 231 234 237 240 242 244 245 246 247 246 246 247 248 248 247 246 245 244 244 243 241 239 236 234 234 235 237 238 238 242 244 245 245 246 246 246 248 249 252 254 254 252 253 253 254 255 256 256 256 258 261 266 271 279 288 294 304 315 321 332 348 355 353 351 350 351 355 359 369 376 382 391 399 400 400 401 405 406 406 405 403 402 401 399 397 398 397 396 399 405 413 416 434 447 457 462 467 475 484 498 504 506 506 506 506 505 503 502 501 499 497 496 495 495 497 497 497 497 496 496 496 495 493 492 491 490 488 487 486 485 483 481 480 478 476 475 473 472 471 469 468 466 464 462 461 459 456 454 450 447 443 439 435 437 438 440 440 437 427 419 413 405 399 392 382 370 355 347 344 355 370 392 413 424 426 424 421 417 410 399 384 368 354 343 331 309 300 291 286 278 269 254 253 263 275 283 292 303 312 320 324 330 340 351 368 383 395 396 375 349 326 306 302 299 288 277 261 269 276 288 285 300 300 299 313 334 342 350 370 392 411 421 424 423 415 400 377 358 342 328 316 302 290 280 269 257 247 242 243 247 251 252 254 258 263 269 275 280 284 287 291 295 302 311 319 334 355 373 401 429 436 438 438 437 436 435 433 433 434 435 436 436 436 437 437 437 438 438 438 438 438 438 438 437 437 436 434 429 430 434 435 436 436 437 437 438 439 440 441 441 442 443 443 443 443 442 440 438 435 434 433 432 428 412
197 199 199 200 202 203 203 204 205 204 204 202 200 198 196 196 196 196 195 195 195 194 193 191 189 189 188 188 189 188 188 187 187 187 187 187 187 187 195 209 214 220 227 231 232 232 232 234 238 241 241 244 246 248 253 258 262 265 267 267 263 256 248 241 236 232 234 235 235 236 236 232 223 228 231 231 233 235 238 241 242 243 244 245 246 246 245 246 247 248 248 247 246 245 244 243 242 240 238 234 234 236 237 238 238 242 245 246 247 247 246 246 247 248 252 254 253 252 252 253 254 255 256 258 258 259 262 265 273 281 291 299 308 318 328 338 353 369 368 364 365 365 369 375 382 389 394 400 399 397 397 397 396 394 393 392 391 390 391 394 392 390 388 388 389 398 406 413 423 435 455 462 468 475 487 501 505 507 507 507 506 506 505 504 502 500 499 499 497 497 498 498 498 498 498 497 496 495 494 493 491 490 488 487 486 485 483 481 479 478 476 474 472 471 469 468 466 464 461 458 458 457 457 457 457 456 455 452 449 434 413 402 404 402 397 391 385 380 375 371 363 357 351 344 346 356 372 395 418 417 417 416 414 412 406 396 380 366 353 342 323 308 295 291 285 271 260 254 258 268 279 289 299 309 319 324 329 338 349 365 382 396 402 399 378 352 328 308 305 301 290 279 263 272 278 290 289 300 303 303 312 336 342 354 372 393 415 424 426 425 416 402 379 359 342 327 314 298 289 279 268 257 248 242 241 248 256 259 260 264 270 274 280 288 293 295 298 302 309 318 325 346 357 377 404 432 438 440 440 439 439 437 436 435 436 437 438 439 439 440 440 440 440 441 441 441 441 441 441 441 440 439 437 432 435 438 439 439 440 440 441 441 442 443 444 445 446 446 447 447 447 446 443 440 437 435 434 431 416 396
198 199 200 201 202 203 204 205 206 205 204 202 200 198 196 196 197 197 196 195 195 193 193 192 191 189 189 191 191 191 188 188 187 187 187 187 187 187 197 209 213 222 229 233 233 234 237 238 242 246 246 244 245 246 247 252 255 258 261 262 258 254 248 240 235 232 233 234 233 233 233 229 224 230 232 233 234 238 240 241 242 242 242 243 244 244 245 245 247 248 248 247 246 245 244 243 242 239 237 234 234 236 237 238 239 241 245 247 248 249 248 247 247 247 250 252 251 251 252 254 255 256 257 259 260 261 264 268 275 284 293 302 314 322 332 345 361 379 378 378 379 380 380 386 395 397 397 397 397 393 390 385 379 380 375 375 374 373 380 378 376 375 376 376 384 394 406 415 419 433 454 462 468 476 492 503 506 508 508 509 508 507 506 505 504 503 501 500 499 499 499 499 499 500 499 498 497 495 494 493 492 490 488 487 485 484 482 481 479 478 476 474 471 468 467 465 465 463 463 463 462 462 462 461 460 460 458 457 455 451 441 419 401 385 378 373 367 364 361 358 353 350 346 345 349 356 369 388 400 392 393 396 400 399 397 390 377 363 349 340 319 305 294 290 278 266 258 255 263 274 284 294 304 314 323 328 334 344 358 377 395 402 407 401 379 353 328 309 306 302 292 279 261 275 281 293 295 304 306 306 313 335 346 357 373 395 418 427 429 427 418 403 379 358 341 326 313 298 289 280 270 258 251 246 242 242 242 243 256 265 272 278 283 292 300 301 304 309 315 326 339 349 362 379 405 432 440 442 442 442 441 439 438 437 438 440 441 441 442 442 443 443 443 443 443 443 443 443 444 444 443 442 440 436 438 441 442 443 443 444 444 445 446 447 448 448 449 450 450 450 449 449 446 442 438 435 433 420 400 381
199 199 201 202 203 204 206 206 206 205 203 201 200 198 197 197 197 197 197 196 195 194 193 192 191 189 191 192 192 190 189 188 187 187 187 187 187 187 196 208 213 224 231 234 234 236 239 241 245 249 249 247 245 245 245 249 253 255 257 258 256 252 247 240 235 232 232 232 233 233 231 227 224 229 233 234 237 239 239 240 242 241 240 241 241 241 242 246 248 248 248 248 246 245 244 242 240 239 237 235 234 235 236 238 239 241 243 245 247 248 248 247 247 247 249 250 250 251 253 255 255 256 258 260 263 264 267 272 280 290 297 308 319 327 338 350 371 382 382 383 384 385 387 393 399 398 394 390 385 378 370 363 356 354 354 352 353 354 352 354 356 359 361 371 386 396 407 411 415 430 454 460 468 479 496 505 507 509 509 510 509 509 508 506 505 505 503 502 501 501 501 501 501 501 500 499 498 496 495 492 491 490 488 486 485 483 482 480 479 477 475 473 471 468 467 467 467 466 465 465 464 464 463 463 462 461 460 458 456 453 450 445 431 413 401 390 381 374 367 361 358 354 348 334 340 347 358 367 370 368 369 371 374 376 377 376 367 356 346 332 315 302 290 284 272 263 252 259 269 280 290 299 309 319 325 331 339 349 366 390 404 407 410 400 376 350 324 309 307 302 291 277 265 277 286 296 300 310 312 310 321 338 352 363 376 394 421 430 431 430 419 403 378 357 341 325 311 301 292 282 271 264 256 251 247 244 244 243 242 253 269 279 284 290 296 300 304 310 317 328 341 350 361 378 402 426 440 443 444 444 443 441 440 440 441 442 443 444 444 445 445 446 446 446 446 446 446 446 447 447 446 445 443 439 441 445 446 447 447 448 448 449 449 450 451 452 452 453 453 453 449 445 439 430 423 423 417 402 383 369
200 200 202 203 203 205 206 206 206 204 202 201 199 197 197 197 197 197 197 196 195 194 193 192 190 189 191 191 191 192 189 189 188 187 187 188 187 187 195 206 213 225 232 235 235 236 239 242 246 250 250 249 247 246 246 248 252 254 256 256 254 250 245 238 234 232 232 232 233 233 230 227 224 229 232 234 237 239 238 238 240 239 239 240 239 239 240 243 245 245 246 246 245 244 243 242 241 241 238 237 234 235 236 237 238 240 242 243 245 246 248 248 248 248 249 250 250 251 254 256 255 258 260 262 267 269 273 276 285 295 302 312 324 333 345 356 379 384 384 386 387 389 391 395 396 392 383 375 367 359 354 346 340 338 338 337 337 336 338 338 339 344 351 369 383 396 406 409 418 434 453 460 469 481 499 506 509 509 510 510 510 510 509 508 507 506 505 504 503 503 503 503 502 501 500 499 498 496 495 493 491 489 486 485 483 482 480 478 477 475 473 471 470 470 470 470 468 468 466 465 465 464 463 463 462 460 459 457 455 452 448 445 441 433 422 413 404 394 383 376 362 352 344 332 320 329 337 343 346 348 350 351 353 354 354 353 349 347 341 323 310 297 288 283 270 262 256 263 273 286 293 302 312 322 327 334 343 353 371 398 409 411 411 396 371 344 319 308 307 301 288 268 272 279 288 297 303 313 316 316 328 343 357 368 378 398 423 431 433 432 421 403 377 356 339 325 311 302 295 286 278 271 262 257 252 249 247 245 243 247 260 275 281 285 289 295 301 307 313 322 331 348 361 374 391 415 438 444 446 446 445 444 442 442 444 445 446 446 447 448 448 448 449 449 449 449 449 449 449 450 449 448 446 443 446 448 450 450 451 451 452 452 453 454 454 454 453 452 449 443 435 424 413 401 397 400 396 381 370 361
201 201 202 204 204 206 207 207 206 204 202 200 198 198 198 197 198 198 197 196 195 194 193 192 190 189 190 191 190 189 189 189 188 187 188 188 188 188 193 204 212 220 231 234 234 237 239 243 246 249 251 251 248 247 247 250 252 253 255 254 251 247 242 236 232 232 232 233 234 233 230 226 224 229 232 234 236 237 239 240 240 239 239 239 239 239 241 243 243 243 244 244 244 243 243 241 241 240 238 237 236 235 236 236 237 239 240 242 243 245 247 248 249 250 251 251 252 253 254 255 256 259 262 266 272 277 280 283 289 297 302 312 327 339 352 367 383 385 386 385 389 391 390 392 388 380 369 359 350 343 337 333 330 329 329 330 326 328 328 328 338 348 364 378 387 396 406 411 421 437 454 460 469 485 501 507 509 510 511 511 511 511 510 509 508 508 507 506 505 505 504 503 502 502 501 499 498 497 495 493 491 489 486 484 482 481 479 478 477 476 474 473 474 473 472 471 469 467 466 465 463 462 461 458 455 449 443 443 443 440 439 430 424 417 409 396 383 371 367 359 346 335 328 321 309 314 325 328 330 329 332 334 336 337 337 336 333 328 322 314 305 295 290 278 267 258 257 266 276 285 293 304 314 322 327 337 346 357 376 404 414 414 409 389 366 338 314 309 308 297 278 267 276 283 292 303 307 314 316 317 332 347 363 370 380 404 425 433 436 434 422 403 378 357 338 327 317 306 299 292 283 277 270 262 257 254 252 246 244 248 256 268 275 279 285 291 297 304 312 321 333 348 359 369 380 399 420 441 447 447 447 446 445 445 446 447 448 449 449 450 451 451 451 452 452 452 452 452 452 452 452 451 449 447 450 452 453 454 454 455 455 456 456 456 455 452 447 436 432 422 410 398 394 389 383 379 376 370 363 355
201 201 203 204 205 207 207 208 206 205 202 200 199 198 198 198 198 198 197 197 196 194 193 192 190 189 191 192 191 189 189 189 188 188 188 187 188 188 192 200 209 217 226 228 230 235 239 243 245 249 251 252 250 249 249 251 252 253 252 251 248 244 239 234 233 233 233 233 232 231 228 223 225 230 233 235 237 238 240 241 241 239 238 238 239 240 241 242 242 243 244 243 244 242 242 241 241 242 242 242 240 238 237 236 236 239 240 242 243 245 246 248 249 251 252 253 253 254 255 256 258 260 265 269 275 280 284 288 293 300 302 310 324 343 357 380 384 385 382 388 393 391 387 384 376 365 353 340 337 330 327 325 323 320 320 319 319 320 323 331 343 354 370 384 391 400 408 414 425 437 452 459 468 487 501 507 509 511 511 510 511 511 509 510 510 508 507 507 507 506 505 504 502 502 500 500 499 498 496 494 492 490 487 485 484 483 482 480 479 478 477 476 475 473 472 470 468 466 464 462 456 451 439 429 423 418 416 416 414 413 408 400 392 383 375 367 356 349 343 337 336 333 328 321 313 310 315 315 314 311 316 319 321 321 322 321 318 317 313 308 303 297 287 274 265 254 264 271 280 286 293 305 314 324 329 340 350 361 379 409 417 416 406 383 359 330 311 310 307 288 270 275 280 285 295 307 312 316 318 320 334 352 367 372 380 409 429 435 438 435 424 403 379 359 341 332 323 311 304 298 288 282 278 270 264 260 251 245 245 250 256 262 271 280 288 294 301 307 313 320 331 342 358 364 371 387 405 425 442 449 449 448 447 448 448 450 450 451 451 452 453 453 454 454 454 454 454 455 455 455 455 454 452 452 454 456 456 457 458 458 458 458 456 453 450 440 426 414 406 401 397 392 388 384 378 371 368 363 357 350
201 202 203 204 206 207 207 207 206 204 202 200 199 199 199 198 199 199 198 197 195 194 193 191 189 190 192 193 193 190 188 188 188 188 188 188 188 188 190 200 207 216 221 224 228 234 239 243 245 247 249 250 250 249 249 249 250 250 248 247 244 241 237 232 231 232 233 233 232 229 225 224 224 228 234 236 238 239 241 242 242 240 239 238 239 240 241 242 243 244 243 242 242 242 244 246 246 246 247 247 245 242 241 241 237 237 240 241 243 244 245 247 248 251 253 254 256 255 257 258 259 262 267 271 278 282 288 292 301 307 302 308 318 339 356 365 378 381 378 387 390 390 379 367 358 347 336 329 326 322 319 317 316 314 314 312 315 317 323 335 346 356 375 386 392 401 410 414 424 438 450 457 468 487 501 507 509 510 511 510 511 510 511 511 511 509 509 508 507 506 505 504 503 503 502 501 500 498 497 495 492 490 488 487 486 485 483 482 481 480 478 477 475 473 471 469 466 463 453 441 421 410 406 398 398 395 395 393 391 387 382 377 370 362 355 349 344 336 329 330 332 329 319 313 308 297 300 300 299 301 306 306 306 307 307 305 306 307 306 301 301 294 284 273 264 256 268 276 284 289 296 307 316 326 332 343 352 364 381 413 420 417 400 374 350 322 311 310 306 285 269 277 283 291 301 313 319 322 326 330 342 360 367 372 383 416 433 439 441 438 426 405 380 361 345 337 328 317 309 302 293 287 283 276 268 253 245 245 247 251 256 262 272 280 289 296 302 307 313 318 324 334 345 351 365 377 392 406 423 438 446 448 448 448 450 452 453 453 454 454 455 455 456 456 457 457 457 457 458 458 458 457 456 456 457 459 461 461 460 460 459 456 452 448 430 417 409 403 399 396 392 387 382 378 374 367 361 357 351 345
203 203 204 205 207 207 207 207 205 203 201 200 200 199 199 199 199 199 198 196 195 194 193 191 190 192 193 194 193 191 189 188 188 188 188 188 188 188 188 196 202 213 221 225 229 234 240 244 245 246 246 245 246 246 246 246 246 245 244 243 240 238 233 231 231 231 232 232 231 228 224 224 224 227 233 237 239 240 241 242 244 246 243 240 239 239 240 243 245 246 244 243 243 245 250 250 249 249 249 250 249 246 246 243 237 238 239 241 242 244 246 248 250 253 254 255 255 257 258 260 261 264 269 275 280 284 289 296 309 317 308 304 313 325 343 348 360 363 371 379 385 384 370 354 344 336 327 319 314 311 309 309 310 309 310 312 314 315 322 336 348 359 376 386 392 399 407 410 417 424 445 454 465 486 500 507 508 509 509 509 510 510 511 511 511 510 509 508 508 507 506 504 504 503 502 501 500 499 497 493 493 491 490 488 487 486 484 483 482 480 479 477 475 472 469 466 460 440 423 407 398 389 373 373 376 376 375 372 370 367 364 360 357 353 346 340 329 324 324 321 321 316 307 302 296 291 289 288 290 295 300 303 302 300 300 296 296 297 297 293 293 288 281 273 262 255 268 281 286 293 301 309 320 329 335 345 355 369 385 415 423 414 391 367 340 316 311 309 301 283 271 279 287 294 311 318 324 327 331 338 350 363 368 373 391 424 437 443 443 440 427 404 381 361 347 340 330 320 311 304 297 290 284 274 252 245 245 246 249 253 258 263 269 278 286 294 299 305 310 316 321 328 339 353 366 372 381 392 402 414 422 430 439 445 451 453 453 454 453 453 450 449 451 455 457 459 459 460 461 461 461 460 459 459 460 462 463 463 462 458 454 450 437 423 413 406 403 399 394 390 386 381 376 371 366 363 355 351 346 340
203 204 205 206 207 207 207 206 205 203 202 200 200 200 200 200 200 199 197 196 194 194 193 191 190 192 193 194 194 191 189 189 188 188 188 188 188 188 188 194 202 216 221 225 231 236 241 243 244 244 244 243 244 242 242 242 241 241 240 238 236 235 230 231 229 231 232 231 230 228 224 224 224 224 228 235 240 241 241 240 240 245 246 243 240 239 242 245 246 246 244 243 243 246 252 253 253 255 253 251 251 250 248 243 238 238 239 242 242 243 245 247 249 252 254 255 256 258 259 260 262 265 270 275 281 286 292 298 310 316 310 302 309 317 331 337 342 350 366 373 376 374 357 345 336 330 320 312 302 304 306 307 308 308 309 311 312 315 322 334 348 366 379 386 388 393 397 406 411 423 439 451 462 476 497 505 507 508 508 509 510 511 512 512 511 510 509 508 507 506 505 505 504 503 502 500 500 498 497 496 494 492 491 489 488 487 485 484 482 480 478 476 474 470 465 461 438 412 400 389 374 366 365 365 366 366 363 358 355 352 351 348 346 343 337 333 329 325 322 320 315 307 300 292 297 292 290 288 285 285 288 295 299 298 298 295 291 290 290 288 285 281 277 270 263 254 267 277 288 296 305 312 325 332 336 348 358 372 387 414 422 405 381 357 330 315 311 308 298 283 274 282 289 300 313 323 327 330 333 343 354 365 369 375 397 431 441 446 446 441 426 402 380 361 350 342 331 320 311 305 296 290 281 263 246 246 246 248 253 256 260 266 273 279 284 291 298 304 310 315 321 327 338 350 360 366 375 383 388 392 398 407 417 425 431 434 434 434 429 425 421 419 422 429 437 446 455 460 462 463 463 462 460 460 461 463 463 461 456 451 443 429 417 412 406 403 398 394 389 384 378 373 368 364 360 356 351 346 342 337
203 204 206 207 208 207 207 207 205 204 202 201 201 200 200 200 200 199 198 196 194 194 193 190 191 192 194 194 194 193 189 189 188 188 188 188 188 188 188 192 199 212 222 228 233 239 243 244 243 243 243 242 240 239 238 238 238 237 235 234 232 230 230 232 228 229 229 228 227 225 224 224 224 225 227 231 236 240 239 237 238 242 245 245 242 240 242 244 245 245 245 245 244 246 251 257 260 260 260 257 255 251 248 243 237 238 240 242 243 243 244 246 248 252 254 255 256 257 258 260 262 266 270 274 281 285 290 296 304 305 304 302 305 311 319 324 329 338 351 363 371 366 350 338 329 323 310 306 301 303 305 307 307 307 308 309 312 315 321 333 345 364 375 383 384 386 391 398 407 419 435 448 461 479 498 504 506 507 508 509 511 512 512 512 511 510 509 508 507 506 505 504 503 502 502 501 500 498 497 496 494 493 491 490 489 487 486 484 482 480 478 475 471 466 459 441 417 404 390 374 364 359 358 357 357 355 351 348 345 343 342 339 333 330 328 327 325 322 312 306 302 299 298 301 300 302 299 296 291 285 279 282 287 293 298 296 291 286 284 281 277 273 270 268 264 256 267 276 289 297 306 317 329 334 334 351 362 376 387 420 420 394 367 349 327 316 316 318 311 284 275 284 291 302 315 327 328 331 337 345 356 368 369 377 406 437 445 449 448 442 423 398 378 362 351 340 329 319 311 304 295 285 272 254 246 247 249 252 257 261 266 271 278 286 291 296 300 305 311 317 322 328 333 342 349 357 369 375 380 383 386 391 399 405 409 410 408 406 401 399 396 396 402 407 412 423 432 440 447 459 464 462 458 455 450 457 456 451 441 430 420 414 410 407 404 400 396 390 383 377 372 367 363 358 355 352 347 342 339 335
204 206 207 208 208 208 208 207 205 203 202 201 201 201 200 200 200 198 198 196 194 193 192 191 192 194 195 195 195 193 191 189 188 188 188 188 188 188 188 193 201 212 225 230 234 239 242 244 244 244 244 243 241 238 237 236 235 234 233 231 231 231 231 232 228 226 227 226 224 224 224 224 225 225 228 230 233 236 236 236 237 240 242 242 242 243 244 245 246 248 247 248 247 248 251 256 261 263 264 261 257 251 246 242 239 238 240 242 243 243 244 245 248 251 254 255 256 257 258 260 262 265 269 272 278 283 290 293 298 298 299 300 303 308 313 316 317 323 334 349 359 354 338 329 318 314 306 301 300 301 303 305 306 307 308 311 313 315 319 325 336 350 364 373 378 383 391 399 408 421 436 448 465 490 501 505 507 508 509 510 511 511 511 511 510 509 509 508 507 505 505 504 503 502 501 500 499 498 496 495 494 492 491 490 489 487 486 484 482 480 477 473 468 461 445 421 404 392 376 363 357 352 350 347 346 344 342 343 341 336 334 329 324 321 316 316 316 315 314 310 311 308 310 310 311 313 308 306 301 296 288 280 275 280 289 289 285 280 276 273 268 264 263 266 261 259 270 277 284 297 309 322 333 337 344 354 366 378 391 423 411 380 353 342 330 324 324 324 303 285 280 285 293 303 319 328 329 333 341 350 358 371 369 381 416 441 449 452 448 440 416 395 376 359 346 334 324 316 309 301 293 281 266 248 246 248 253 257 262 267 271 277 284 292 296 300 304 306 310 316 322 327 332 338 343 349 355 363 369 374 377 382 385 388 391 392 391 389 387 386 387 390 395 398 403 410 416 422 428 433 442 444 440 436 431 434 434 429 423 416 410 407 405 402 399 396 392 385 378 371 367 363 359 355 351 348 344 340 337 333
206 207 209 209 208 208 208 206 204 202 202 201 200 201 201 200 199 197 197 196 195 193 192 192 192 194 195 195 195 195 193 190 188 188 188 188 188 188 188 193 200 212 223 229 233 236 239 242 244 245 246 245 243 241 238 236 235 234 233 232 231 232 231 233 229 227 225 225 225 225 226 225 225 226 228 230 233 234 233 233 234 237 236 237 238 240 242 244 247 250 248 249 250 250 251 256 262 264 264 265 256 248 243 240 239 239 238 241 243 244 244 244 247 250 253 254 255 255 257 258 260 263 267 271 275 281 285 289 293 296 298 299 302 304 303 304 309 314 320 333 344 342 328 321 309 304 301 300 299 299 301 303 303 307 310 314 315 318 322 327 331 337 347 363 378 386 395 402 411 424 438 449 474 493 503 506 507 509 509 509 510 510 511 510 509 507 508 507 506 504 503 502 501 500 499 498 498 497 495 495 493 492 490 490 488 487 486 484 482 479 475 470 464 454 432 408 395 378 362 357 352 347 343 341 342 341 339 334 336 334 329 328 330 328 327 324 323 321 320 320 321 320 320 323 324 323 320 315 310 304 297 289 281 276 273 274 272 270 268 266 266 265 263 257 258 264 272 279 286 297 311 326 336 339 346 358 369 381 397 425 404 370 347 338 332 329 329 324 307 283 281 288 296 305 321 330 331 335 344 352 360 372 373 388 422 445 452 454 446 434 409 390 370 355 343 331 322 315 308 300 290 276 264 251 246 248 258 260 267 272 276 282 289 296 301 304 307 310 312 316 321 326 330 334 338 342 347 352 356 361 366 370 373 377 378 380 380 380 381 377 376 386 390 392 394 402 406 410 415 417 419 420 419 419 421 421 419 416 412 407 404 403 400 397 394 391 385 380 374 369 364 359 356 352 348 345 342 338 334 331
207 209 210 210 209 208 208 206 204 203 202 202 202 201 200 200 199 198 197 196 195 193 194 194 193 194 195 196 196 197 194 190 190 189 188 189 189 189 189 190 201 214 222 228 229 233 236 240 244 247 248 248 247 244 240 238 236 235 234 233 232 232 232 234 230 226 226 225 226 227 228 226 228 231 232 229 231 231 231 232 233 235 234 236 238 239 240 243 245 246 247 249 249 250 251 254 258 258 257 256 250 244 241 240 239 238 240 241 242 243 243 244 246 249 251 253 254 254 255 256 259 261 265 269 272 276 279 283 287 292 294 293 298 300 298 299 303 308 311 315 326 324 314 309 304 301 300 297 296 298 300 302 304 309 315 317 321 325 329 335 341 347 357 370 383 392 397 405 418 432 439 454 483 496 504 507 508 508 508 509 510 510 509 509 509 508 507 506 505 504 502 501 499 499 498 497 496 495 494 493 492 491 490 489 488 486 485 483 481 478 474 468 461 448 421 400 383 367 353 352 351 345 348 350 351 350 346 342 337 336 339 342 343 340 338 335 333 330 328 330 332 332 331 335 334 330 327 323 317 310 303 295 287 285 287 284 281 278 277 274 272 272 269 257 260 266 274 281 291 303 317 326 338 341 350 364 373 383 403 424 397 365 346 339 332 329 329 325 305 283 280 290 300 312 322 330 334 337 346 355 365 372 377 390 425 448 454 454 444 424 402 383 366 352 339 327 320 313 306 299 288 277 267 256 248 246 247 258 268 274 279 286 292 298 302 305 310 312 314 318 322 324 328 331 334 337 341 346 350 353 355 358 359 362 363 365 366 367 367 366 374 385 379 391 395 398 399 401 402 405 406 407 409 413 416 415 414 411 407 403 400 398 394 391 388 384 380 377 372 368 364 359 354 349 345 342 340 337 333 330
208 210 210 210 211 210 208 206 204 204 203 203 203 203 202 201 200 199 197 196 195 195 196 194 193 194 195 196 197 196 195 191 190 189 189 189 189 189 189 190 198 215 225 231 233 232 235 239 244 249 251 250 249 247 244 240 239 237 235 233 232 233 234 234 231 225 227 229 228 229 229 230 233 236 237 233 232 232 233 232 233 235 235 237 239 240 242 243 245 246 248 249 250 251 252 253 253 253 252 249 247 245 242 240 240 239 240 240 241 242 242 243 245 246 250 250 251 252 252 255 258 261 264 267 269 273 276 280 282 284 285 288 296 299 299 297 300 305 306 307 309 307 303 302 301 299 297 297 299 299 301 302 304 307 314 319 325 334 346 349 354 361 368 376 385 396 401 408 418 434 445 464 488 500 505 508 508 508 508 509 509 510 509 509 508 507 505 504 503 502 500 499 498 497 495 494 493 492 492 490 490 489 488 487 487 485 484 482 480 476 472 466 456 440 415 396 376 358 350 350 350 353 357 360 362 362 359 355 351 350 351 353 354 354 351 347 345 341 336 338 340 340 340 342 340 336 332 327 322 316 309 301 296 296 300 298 292 287 285 281 279 277 267 256 262 268 276 284 297 309 322 328 338 343 355 371 375 387 411 424 395 364 346 339 330 325 324 322 309 286 283 295 305 319 324 327 334 338 345 356 366 372 382 396 429 450 455 450 433 412 394 378 364 349 336 327 320 314 307 298 289 278 269 260 254 249 247 247 257 271 278 284 290 294 298 303 310 311 313 316 318 321 324 327 330 333 337 341 345 346 348 349 349 351 352 353 353 355 356 356 364 368 373 384 396 394 391 391 395 399 401 405 409 414 416 414 409 407 404 400 395 391 388 385 382 380 377 373 370 367 363 359 355 350 345 340 334 335 333 329
209 210 210 210 211 210 208 206 206 206 205 205 205 204 203 201 200 199 197 196 193 195 195 195 194 194 195 196 196 195 194 194 191 189 189 189 189 189 189 190 197 204 210 218 230 233 236 240 245 249 252 251 251 249 245 242 241 239 235 234 233 235 236 235 230 225 230 231 231 231 231 233 237 239 238 236 234 234 235 234 235 236 237 238 240 241 243 244 245 246 248 250 251 251 251 252 253 252 250 249 249 247 244 241 240 240 241 240 242 242 242 243 245 245 247 248 249 250 252 253 256 258 263 266 269 272 274 276 279 280 280 283 291 299 298 296 298 300 299 300 299 300 301 302 297 293 293 298 299 300 301 302 304 308 314 321 329 345 356 363 369 374 380 384 391 398 409 415 424 439 451 468 493 502 506 508 508 508 508 508 509 509 508 507 506 505 504 503 500 501 498 497 495 494 493 492 489 489 488 487 487 486 486 486 485 484 483 481 478 475 471 463 449 433 411 391 372 355 350 350 357 366 372 374 375 373 371 368 366 365 363 364 363 360 358 355 351 347 343 343 345 347 348 348 344 339 334 330 326 321 314 308 306 306 305 307 302 297 292 288 284 276 262 256 263 271 279 288 300 312 323 329 338 342 357 377 380 392 416 423 393 364 346 340 328 322 318 313 302 285 285 296 308 322 325 328 336 340 344 355 363 368 384 395 428 448 452 438 418 402 387 374 359 345 334 327 322 315 308 298 290 282 272 265 258 253 249 247 250 259 270 276 282 288 293 298 302 304 304 308 311 315 318 322 325 328 333 337 341 342 342 343 343 341 342 342 344 345 347 349 355 361 367 373 380 376 390 397 399 402 404 407 412 415 416 413 408 404 400 395 390 384 381 380 378 376 374 372 369 366 362 358 353 349 345 340 334 328 327 323
210 210 210 210 211 209 208 207 207 207 207 206 206 204 203 201 200 199 197 196 194 195 196 196 196 195 196 197 197 196 196 197 194 190 190 189 189 189 189 191 199 209 228 232 232 229 235 240 244 247 250 250 251 250 247 245 242 239 236 234 235 236 237 235 230 226 232 234 234 233 233 233 236 238 238 237 237 237 237 237 238 238 239 240 241 243 244 245 247 248 250 251 252 252 252 252 254 252 252 251 250 248 245 242 240 241 241 241 242 242 244 243 245 245 246 247 247 248 250 254 258 261 262 266 268 271 272 274 275 276 278 278 282 288 291 292 294 296 296 298 299 301 303 297 291 294 298 299 300 301 302 303 306 310 317 324 337 352 363 378 382 385 388 392 397 402 413 420 429 444 456 484 498 504 507 509 509 508 508 508 508 508 508 507 505 504 503 502 500 499 498 496 492 490 490 488 486 484 482 481 481 482 482 483 483 482 481 479 476 473 467 458 446 430 407 388 370 353 350 359 373 382 387 388 387 386 383 381 379 381 380 376 373 370 368 366 362 360 357 355 355 355 355 354 350 345 339 332 328 323 319 315 317 317 312 313 310 305 299 293 286 277 268 259 264 273 283 292 301 313 323 329 335 340 358 377 385 393 420 422 390 363 349 342 330 320 317 310 298 286 284 299 310 321 328 332 339 343 345 351 361 370 376 391 410 428 434 422 408 393 379 368 354 341 333 327 322 316 308 299 290 284 276 270 264 255 250 248 249 254 263 270 276 281 286 289 290 291 292 298 302 306 310 315 321 326 331 334 336 337 337 337 336 334 334 335 338 340 341 345 351 356 361 365 367 378 390 401 403 406 408 411 415 416 415 411 406 401 396 390 386 380 376 375 373 372 372 371 368 365 362 357 354 350 344 340 334 327 318 315
209 209 209 210 209 209 208 207 208 208 207 207 206 205 204 202 200 198 197 196 195 196 197 198 196 195 197 197 197 197 198 198 197 192 191 190 189 189 190 190 198 216 229 234 237 236 238 240 243 246 249 250 250 251 249 246 243 239 235 235 238 237 238 236 227 229 233 236 235 234 235 234 235 236 237 238 239 240 242 241 242 241 242 242 243 244 245 247 248 249 251 253 254 253 253 253 255 253 253 253 253 248 245 242 241 241 241 242 242 243 244 245 245 245 245 246 247 250 253 256 259 262 264 264 267 269 270 271 273 275 276 274 277 280 282 286 289 290 291 293 296 298 299 297 293 298 299 300 301 302 302 304 308 312 320 329 344 357 371 383 386 390 392 397 402 411 421 427 439 456 475 494 502 506 507 509 508 508 508 508 508 508 506 505 504 502 500 499 499 498 496 494 492 489 485 482 479 477 473 472 470 467 472 477 478 478 477 474 471 466 459 453 442 422 403 386 369 354 356 372 386 396 401 405 402 399 395 395 393 393 391 389 387 385 383 381 379 377 375 373 371 369 365 362 360 354 344 337 332 328 326 324 323 322 320 318 317 312 304 296 286 277 271 262 264 275 286 297 304 311 317 326 332 342 357 376 383 395 425 422 391 363 348 343 334 322 316 310 303 290 281 298 308 320 327 333 338 342 346 353 361 365 376 389 398 408 409 405 398 386 371 361 349 339 333 327 321 316 307 299 291 285 278 273 265 252 255 249 248 252 258 264 271 275 277 277 277 279 283 288 293 297 302 309 315 321 327 330 332 332 331 329 327 323 320 327 329 333 337 342 346 350 353 360 369 375 385 394 403 407 410 414 415 414 412 409 404 398 392 387 382 378 373 369 370 368 369 368 366 363 360 357 354 348 344 340 332 325 316 315
209 208 208 209 209 209 208 209 209 208 208 208 207 204 203 201 199 199 197 196 196 197 199 198 197 196 197 197 197 198 198 198 199 196 193 190 190 190 190 190 199 214 228 234 239 239 238 240 242 245 248 251 251 252 250 247 244 240 238 238 239 238 239 235 225 233 235 236 235 234 233 233 235 236 238 239 241 242 244 245 245 244 244 244 244 245 247 248 250 251 252 253 255 255 254 254 254 254 253 252 251 248 245 242 241 240 242 242 242 244 244 245 245 245 246 247 248 250 253 256 259 262 265 267 268 267 269 270 271 273 273 272 273 275 277 279 280 283 286 289 293 293 294 293 297 298 298 299 301 302 304 305 310 315 322 334 348 363 377 384 388 392 397 402 410 423 428 435 450 469 483 498 505 507 507 508 508 508 507 507 507 507 506 504 503 501 499 498 497 495 495 493 492 489 486 484 482 478 473 467 455 435 447 458 464 465 464 462 459 455 450 443 431 413 397 382 366 354 368 385 399 410 423 427 425 422 419 415 411 409 408 406 404 402 401 400 399 397 395 393 390 389 385 380 374 366 353 344 339 336 333 330 329 329 327 324 321 316 305 295 289 282 274 263 264 275 286 298 306 313 314 324 334 342 355 373 382 396 428 417 393 365 346 341 336 324 316 313 306 291 282 294 308 318 324 330 335 340 345 352 359 362 377 387 393 400 401 396 390 382 366 356 345 338 332 326 320 312 304 296 290 283 278 271 262 262 263 254 248 250 255 260 264 265 263 266 268 272 275 280 284 289 295 302 308 314 320 324 325 325 320 316 313 324 329 333 335 336 337 339 343 348 355 361 368 374 380 388 397 406 411 414 413 410 408 405 400 395 390 385 381 377 372 367 365 364 365 365 363 361 358 354 350 346 342 336 328 321 317 324
208 207 207 208 208 208 209 210 210 209 209 209 207 204 202 200 199 198 198 196 197 198 199 198 196 197 198 198 198 198 198 199 199 197 194 190 190 190 190 191 198 216 229 235 240 240 240 241 243 245 248 251 253 253 251 248 245 241 237 239 239 238 240 233 227 234 236 236 233 234 234 235 236 239 241 241 243 243 244 246 246 247 247 247 247 248 249 250 251 253 254 255 256 256 255 255 254 254 253 252 250 247 243 241 241 241 242 242 243 244 245 245 246 246 247 247 248 250 253 255 258 262 265 268 269 270 270 269 270 271 271 270 271 272 273 274 275 278 281 284 287 288 289 289 294 296 298 300 300 302 303 307 313 321 330 341 352 366 378 385 390 394 401 407 418 427 433 445 465 477 488 499 504 506 507 508 508 507 507 507 506 506 505 504 502 500 498 496 494 494 493 492 490 488 486 484 482 479 475 471 464 435 426 436 443 445 446 445 440 437 432 424 415 404 392 378 362 359 379 394 409 428 441 448 448 446 443 439 433 431 430 427 424 423 421 420 419 418 416 414 410 411 404 395 386 375 362 353 349 345 341 336 334 335 333 329 325 320 307 298 291 286 277 266 262 273 285 298 307 314 316 323 332 339 351 368 376 397 425 407 387 368 354 342 331 325 317 312 303 290 282 294 306 312 319 326 331 335 341 350 358 366 377 388 393 396 396 394 387 375 361 352 343 337 330 325 315 308 300 292 286 280 274 267 268 271 271 265 250 249 252 254 254 258 261 263 264 266 270 272 276 282 288 294 300 305 311 316 317 315 307 305 325 333 336 339 340 340 342 344 345 346 355 361 366 373 378 385 394 402 408 410 409 407 404 400 398 391 388 384 381 377 372 368 362 359 362 360 358 353 349 345 343 341 335 328 322 322 326 333
207 207 207 207 207 208 209 210 210 210 210 208 205 203 201 200 199 198 197 197 197 199 199 199 196 198 198 199 199 199 199 200 199 197 197 194 192 191 191 191 196 214 229 236 240 241 242 243 245 247 249 252 254 254 251 248 245 241 239 239 239 239 242 234 227 231 235 235 234 233 235 238 239 243 243 243 244 245 246 247 247 248 249 250 251 251 251 252 253 255 256 256 256 256 256 255 254 254 252 250 246 244 241 242 241 241 242 242 243 245 246 249 248 247 248 249 250 251 253 255 258 261 264 267 269 269 270 269 269 268 269 267 268 270 271 271 272 274 276 278 281 283 285 286 288 292 297 299 300 301 304 309 317 329 339 348 356 369 380 385 390 395 404 414 423 429 440 457 472 483 491 500 504 506 506 507 507 506 506 506 505 505 504 502 501 499 497 494 492 492 491 490 489 487 485 483 481 478 474 469 459 429 413 417 423 425 426 424 420 416 412 407 402 394 383 371 359 371 389 403 422 444 454 458 463 463 462 461 456 454 451 447 445 443 441 440 439 438 436 433 428 428 423 412 398 384 372 366 363 358 351 343 338 338 337 334 330 323 313 303 296 287 279 270 260 271 282 294 306 315 316 320 329 336 347 361 368 389 401 393 380 368 356 345 334 327 319 314 306 295 283 288 301 310 316 321 328 333 341 347 356 366 378 390 396 397 397 392 380 368 359 351 345 338 331 323 315 308 301 294 290 284 279 272 277 278 278 273 259 248 250 254 259 264 267 272 273 272 271 275 276 275 280 285 291 295 301 305 306 303 305 321 332 338 341 343 345 346 347 349 350 351 355 363 368 373 378 384 391 396 402 404 405 403 401 398 394 390 388 384 380 377 373 368 364 355 351 353 350 344 340 337 335 331 325 326 327 329 334 338
206 207 207 207 207 208 210 210 210 210 209 207 205 203 201 200 200 199 198 198 198 199 199 198 198 199 199 199 200 200 201 201 199 197 198 195 192 191 191 191 197 215 230 236 240 244 245 244 246 248 251 254 255 254 252 249 246 244 243 242 240 239 243 238 230 225 230 234 236 237 239 242 243 245 247 245 244 245 247 251 251 251 250 251 252 253 254 254 254 256 257 257 257 257 256 255 254 252 250 247 245 242 241 241 241 241 242 242 243 244 246 248 249 248 248 250 251 254 255 257 259 261 263 264 266 269 270 268 266 266 265 264 265 267 267 268 269 270 272 274 276 280 281 284 288 293 295 299 301 303 306 311 321 336 344 351 360 370 379 385 389 394 404 414 422 430 441 461 475 484 492 500 503 505 506 506 505 505 505 505 504 503 503 501 500 498 497 495 492 489 488 488 487 485 483 481 478 476 470 463 436 421 409 403 404 407 409 408 404 399 396 392 388 381 373 364 371 386 402 414 438 455 461 466 468 468 468 467 466 465 462 461 460 460 458 457 455 453 450 447 442 440 434 426 412 399 389 383 378 373 363 353 345 339 338 336 331 324 314 306 298 289 281 273 262 269 281 292 302 314 317 319 327 337 349 358 366 378 383 382 376 368 357 344 335 328 321 316 310 299 286 288 299 309 317 324 331 336 341 347 354 365 374 392 400 400 398 386 373 364 358 352 346 340 333 325 318 310 304 298 293 289 282 276 282 284 284 278 263 249 249 253 258 266 271 277 282 285 286 287 287 287 285 282 282 285 289 291 291 297 308 323 337 342 347 349 350 351 351 353 355 356 356 363 368 373 378 383 387 393 397 400 401 400 398 396 392 389 386 382 380 377 373 368 363 357 349 344 341 339 334 332 330 328 332 334 335 336 340 343
207 207 207 207 208 209 210 210 210 209 208 206 204 202 201 200 200 199 198 198 198 199 199 198 199 201 201 200 201 201 202 201 200 199 200 200 191 191 191 191 198 213 227 234 241 246 247 247 247 249 252 254 256 255 252 249 248 246 244 242 240 241 244 240 238 231 226 230 235 237 239 242 245 247 249 246 246 246 247 250 251 250 253 254 254 255 257 257 256 256 257 257 257 257 256 255 254 251 248 245 243 242 242 241 241 242 243 243 243 244 245 246 247 248 249 250 252 255 255 255 259 261 263 264 265 267 268 267 264 263 263 263 265 266 266 268 269 270 271 272 274 277 279 281 287 292 294 295 300 302 306 309 319 334 343 348 357 367 377 384 388 391 401 411 418 426 439 458 473 484 492 499 501 503 504 505 503 503 503 503 503 503 502 501 499 498 496 494 491 490 487 483 482 480 478 476 471 467 460 448 443 428 418 405 396 395 396 394 390 385 380 378 372 367 369 375 389 402 416 432 450 461 468 470 471 471 470 470 469 468 467 465 464 463 462 461 460 458 454 450 448 446 442 436 427 417 408 402 395 387 378 366 355 345 338 334 329 322 313 305 297 289 283 277 271 263 276 289 301 311 317 320 327 337 348 356 362 371 376 378 374 366 356 343 335 328 323 317 312 305 293 285 294 306 317 324 331 336 342 347 353 362 369 381 397 402 392 379 372 364 358 353 347 341 335 327 320 314 307 302 297 291 283 281 286 288 288 280 264 250 249 252 257 265 273 280 286 292 296 298 300 299 296 294 294 296 298 299 302 307 306 313 329 344 349 353 355 356 357 358 359 361 362 363 365 372 377 382 386 391 394 397 398 398 396 395 391 390 386 384 381 377 373 368 362 356 350 343 342 341 340 337 332 334 339 341 342 342 344 346
208 207 207 208 208 210 210 211 210 208 206 205 203 202 201 201 200 199 199 198 199 200 198 199 201 201 201 201 201 202 202 201 199 201 201 202 191 191 191 191 194 210 225 233 241 247 248 248 248 250 253 255 257 254 252 252 251 250 247 242 242 243 243 242 239 236 230 227 231 234 235 241 245 248 251 252 253 255 250 248 251 252 255 256 257 258 258 259 259 258 257 258 257 257 256 255 253 250 246 244 243 242 241 241 242 242 243 244 245 245 246 246 246 247 251 251 250 252 254 255 258 261 263 266 265 266 266 264 262 262 263 265 265 266 268 268 269 270 271 273 273 276 279 283 287 290 293 298 299 301 304 307 312 326 338 344 349 361 372 380 386 389 395 405 413 422 435 452 462 477 487 496 499 501 501 502 502 501 502 502 502 501 501 500 498 497 495 494 492 490 488 486 485 483 481 480 477 474 470 467 464 454 429 411 401 394 386 382 376 380 381 383 383 387 391 396 403 417 431 447 462 468 472 473 473 473 472 472 471 470 470 469 468 466 465 464 462 459 456 453 452 450 447 443 438 433 426 420 413 403 391 379 366 354 343 336 328 320 313 306 300 292 287 282 276 265 268 285 299 308 319 320 325 334 343 352 362 370 377 378 373 364 351 342 336 328 323 318 312 306 294 285 296 306 318 325 329 335 342 349 354 360 367 377 388 396 385 376 370 365 360 354 349 343 336 328 322 316 310 306 299 292 284 288 291 291 288 279 266 256 249 250 257 263 271 278 285 293 298 303 307 307 307 307 307 308 309 310 312 315 316 316 317 335 349 355 359 361 362 363 363 364 366 367 369 370 375 381 385 389 392 395 396 396 395 392 391 390 387 384 381 377 373 367 361 355 348 350 350 349 345 339 336 341 345 347 347 346 347 350
209 208 208 209 209 210 210 210 209 208 206 205 203 202 201 201 200 200 199 199 200 199 198 200 201 202 202 202 201 202 202 201 201 201 202 203 193 192 191 191 192 210 222 230 239 247 250 250 250 251 254 256 256 254 255 255 254 253 248 242 243 244 243 241 239 239 239 228 226 229 231 237 246 249 251 254 258 262 257 248 250 254 256 258 259 260 260 261 260 259 258 258 257 256 255 253 250 247 245 243 242 242 242 242 243 245 246 245 246 246 246 246 246 248 251 251 253 252 253 253 255 258 261 263 261 260 261 261 262 264 265 268 270 271 270 270 271 272 273 274 275 277 279 286 293 295 297 298 299 301 303 306 310 320 331 339 345 355 366 374 380 385 392 398 403 410 424 440 455 461 470 473 493 494 497 499 499 498 500 501 501 500 500 499 497 496 494 493 491 489 488 487 486 484 483 483 479 475 472 469 464 453 429 413 399 391 387 396 398 400 402 403 404 403 406 410 417 430 444 461 469 473 475 475 474 474 474 474 473 472 472 471 470 469 467 466 463 460 458 456 455 453 451 449 447 443 439 435 429 417 403 388 375 363 349 339 330 322 317 309 303 296 291 285 278 267 266 280 294 305 312 317 324 333 341 350 362 372 379 378 371 357 346 340 334 328 321 311 305 298 293 287 296 309 320 327 331 333 340 347 354 359 364 372 380 385 381 375 369 364 359 355 351 345 337 332 324 319 313 308 301 295 293 294 294 291 288 280 269 261 251 249 255 262 268 275 283 291 296 302 309 314 317 318 318 318 319 319 320 321 324 324 319 330 347 355 360 364 366 367 367 369 370 372 373 375 377 381 385 388 391 393 395 394 392 390 391 389 387 384 381 377 373 367 362 354 357 357 357 354 349 342 340 347 350 351 350 350 350 353
210 209 209 210 211 211 211 211 209 208 206 205 204 202 202 201 202 202 201 199 199 199 199 201 202 203 203 203 202 202 202 201 201 202 203 204 197 191 191 191 192 209 222 231 239 247 251 252 252 252 255 258 257 258 259 258 257 254 248 244 247 246 242 239 238 239 237 234 229 226 229 234 243 251 252 253 257 262 261 249 249 254 257 259 261 262 262 263 263 260 258 257 256 255 252 250 248 246 244 243 242 242 242 244 246 248 248 248 248 247 248 248 250 253 254 258 259 258 256 254 254 255 257 257 259 261 261 263 266 268 268 273 276 276 276 272 272 272 274 277 278 279 279 288 294 297 299 300 301 302 304 305 309 315 325 333 340 348 358 367 374 381 386 394 401 406 417 424 443 458 465 473 476 488 492 493 494 495 498 499 500 499 499 498 497 496 494 490 487 486 487 486 486 485 483 480 476 472 467 462 451 433 419 405 394 392 402 409 411 416 417 418 419 418 421 425 433 447 461 470 474 475 476 475 475 475 475 475 474 474 474 473 471 469 468 466 464 463 461 460 458 456 455 453 452 449 448 445 439 427 409 391 379 366 353 340 333 324 319 314 305 300 294 288 274 264 272 283 295 300 309 317 325 333 340 349 360 373 380 378 364 351 344 338 333 326 319 318 313 308 302 288 296 307 320 329 334 337 339 345 353 359 364 368 374 377 377 374 370 365 360 357 353 347 339 333 326 321 316 311 306 302 300 300 299 295 289 283 274 266 259 251 249 256 267 273 279 287 294 302 309 316 321 325 326 327 328 328 328 328 329 330 326 331 343 353 360 365 369 371 372 373 374 375 376 377 379 382 385 388 391 393 394 395 393 391 390 388 388 385 381 378 373 368 364 361 363 363 361 357 350 343 345 352 355 355 354 353 354 356
212 211 211 212 213 212 212 211 209 208 206 205 204 203 202 202 202 203 203 201 199 199 200 202 203 204 204 203 203 203 202 202 202 203 204 205 203 192 191 191 192 202 222 232 241 249 252 253 253 253 256 259 261 262 262 261 259 255 248 245 246 244 241 239 237 237 237 235 231 226 227 230 236 242 246 251 257 259 255 246 248 251 257 259 261 262 263 264 265 262 260 258 257 254 253 252 250 247 244 244 243 243 243 245 248 251 252 252 252 251 250 253 255 260 264 266 267 267 264 259 257 258 257 259 260 263 264 267 269 269 270 273 276 278 276 274 273 273 275 277 280 283 283 283 288 293 298 300 302 303 304 305 308 311 320 328 335 342 351 360 369 373 381 390 397 403 412 424 432 443 455 467 470 481 487 488 487 492 496 497 498 497 498 497 497 495 494 491 489 486 481 483 483 481 478 475 469 462 450 440 430 418 405 396 395 405 414 419 426 432 435 435 437 438 442 449 458 466 472 475 476 477 477 476 475 475 474 475 475 475 474 473 472 470 468 467 466 465 464 462 460 460 459 457 455 454 452 450 445 431 412 393 378 365 352 342 334 327 319 313 306 300 294 277 264 269 279 288 299 306 311 318 326 333 339 347 355 367 380 372 358 349 343 338 332 325 322 322 318 314 305 290 298 308 321 329 336 341 344 346 350 357 362 367 370 374 376 374 369 365 362 359 355 349 341 334 328 323 319 314 311 308 307 306 303 297 292 286 278 271 265 259 252 249 254 270 277 284 293 301 309 317 325 329 331 334 336 337 337 336 336 336 335 333 343 351 359 365 369 373 376 377 378 379 380 381 382 384 386 388 391 394 395 396 395 393 391 390 388 385 382 378 374 370 365 366 367 366 363 357 348 347 353 357 358 358 357 356 357 359
213 212 212 214 213 212 212 210 209 208 206 205 203 203 203 203 204 204 204 202 200 200 201 203 204 204 204 204 203 203 203 203 204 204 205 206 206 195 191 191 191 201 224 235 243 251 252 253 254 256 258 261 264 264 264 263 260 256 248 245 245 243 241 239 236 236 237 234 230 227 227 228 231 234 238 243 249 249 245 243 245 249 255 257 261 263 264 265 265 265 260 258 258 257 255 254 251 249 246 244 244 243 243 246 250 254 257 257 256 255 254 252 261 267 274 275 274 276 268 259 260 261 259 258 259 262 263 266 269 271 272 273 275 275 274 274 274 275 276 277 281 286 290 288 285 286 292 297 301 304 305 308 309 309 313 321 329 336 343 354 361 367 377 386 391 400 408 417 424 433 442 451 460 471 478 482 481 487 491 495 493 496 497 497 496 495 494 492 490 487 483 474 477 475 469 458 445 435 427 422 414 405 395 400 409 420 426 436 447 456 460 460 461 463 467 471 473 476 477 478 478 477 477 475 474 472 472 471 472 472 472 472 471 471 470 469 467 467 466 465 464 463 461 460 458 456 454 451 445 433 415 393 376 363 350 341 332 326 318 310 304 297 283 265 266 274 283 293 302 308 315 320 327 333 338 344 352 361 372 365 355 348 343 338 331 327 326 326 322 318 306 292 299 308 323 332 339 344 348 350 353 356 361 365 370 372 374 373 370 367 365 362 357 351 343 336 330 326 322 318 315 314 314 311 306 301 295 289 281 276 271 267 260 252 249 264 275 283 291 299 307 317 326 332 336 340 343 344 345 344 343 343 343 342 343 352 359 365 370 375 378 381 382 383 384 385 386 387 389 391 393 396 397 397 396 395 393 392 389 387 383 379 375 371 370 370 369 367 364 356 351 355 359 361 362 361 360 360 361 363
214 213 214 215 213 212 210 209 208 207 206 206 204 204 204 204 205 206 204 202 200 200 202 203 204 204 204 204 204 204 205 204 205 205 206 207 207 198 191 191 191 197 218 237 245 252 254 255 257 258 261 264 265 266 266 265 262 257 248 245 245 243 240 238 235 235 235 232 229 227 227 228 230 233 235 237 239 242 242 241 242 245 250 254 259 263 265 266 265 266 262 259 258 258 257 255 253 250 248 245 243 243 243 246 249 254 259 260 259 259 258 256 259 268 276 280 274 269 264 259 260 261 261 261 260 261 263 266 268 269 271 273 275 275 275 276 276 276 277 279 282 286 292 296 293 290 289 293 299 302 304 308 310 311 311 315 319 330 336 344 358 367 374 383 388 392 399 403 413 420 425 434 449 460 468 475 477 484 487 492 494 495 496 496 496 495 494 493 490 487 482 477 466 449 443 430 423 419 413 411 402 398 405 412 422 432 444 458 472 477 477 477 476 477 478 478 479 480 480 480 479 478 475 473 470 466 463 461 461 462 466 469 470 470 470 470 469 468 467 467 466 465 463 460 459 458 456 452 443 430 412 390 373 359 348 339 328 321 313 307 299 286 269 265 272 279 286 296 306 312 317 322 327 332 337 342 349 357 365 360 353 348 343 338 332 331 330 329 326 322 309 294 299 309 322 332 342 346 350 354 356 358 361 365 367 369 372 371 371 370 367 364 359 352 344 338 333 329 325 322 320 319 319 315 310 304 299 293 285 280 276 272 266 255 250 260 273 281 289 298 308 318 327 334 339 343 347 349 351 350 350 350 350 351 347 355 362 367 371 376 380 383 385 387 388 388 389 391 392 394 396 398 399 400 398 396 395 393 391 388 384 381 376 373 372 373 372 370 364 356 359 361 363 364 365 364 363 364 365 367
213 214 214 214 213 211 209 209 208 208 207 207 206 205 205 205 206 206 204 202 200 201 203 204 204 204 204 204 204 204 204 206 206 206 207 207 208 201 192 191 191 195 217 238 246 254 258 259 260 262 264 266 267 267 267 266 263 256 248 246 244 242 239 236 235 234 233 230 228 227 226 228 231 231 232 234 236 239 240 239 240 241 245 250 255 260 264 267 265 265 263 260 259 259 258 257 255 252 249 246 244 244 244 245 249 255 260 263 263 262 261 260 257 262 268 274 267 262 260 260 261 262 262 262 263 263 264 265 266 269 270 271 274 276 275 277 278 278 279 280 282 287 293 298 298 298 295 292 296 298 300 304 308 311 314 313 316 323 330 341 354 363 372 378 384 388 390 395 398 405 412 420 431 445 456 459 466 478 485 489 493 494 495 495 496 495 494 493 490 487 483 477 465 438 423 418 411 405 404 402 404 409 414 423 435 448 463 477 482 483 483 483 482 482 482 482 482 482 482 480 478 476 472 464 452 444 436 433 434 440 447 453 460 466 470 470 470 470 469 468 465 464 462 461 460 458 454 450 441 423 403 386 369 357 343 336 324 315 312 303 290 276 266 269 277 284 290 298 308 314 317 322 328 333 337 342 347 353 361 357 351 347 343 338 335 334 333 332 330 325 313 297 299 310 319 334 341 348 353 357 359 361 363 366 367 370 372 373 374 373 370 368 361 354 346 341 336 332 329 327 325 324 323 319 314 308 303 297 289 284 281 277 270 256 250 259 272 281 289 297 308 319 328 335 341 345 349 353 355 356 357 357 358 359 359 358 365 370 374 378 382 385 388 390 391 391 393 394 396 398 399 401 402 402 400 397 396 394 392 390 386 382 378 376 376 375 374 371 364 360 364 365 367 367 367 367 367 368 369 370
214 215 215 214 212 210 209 209 209 209 208 207 207 207 206 206 207 206 204 202 200 201 203 204 204 204 204 204 204 204 204 206 207 207 208 208 209 202 192 192 191 196 214 233 246 255 260 260 262 264 265 267 268 268 269 266 262 255 248 246 243 239 238 235 236 235 233 230 228 227 227 227 227 229 229 230 233 235 236 237 237 239 241 244 248 253 260 265 264 263 264 261 260 261 260 259 257 254 251 248 247 245 244 245 247 254 259 263 266 265 264 262 259 258 260 265 264 261 261 261 261 262 262 264 265 265 267 266 264 267 270 271 272 273 275 277 278 280 281 283 285 288 294 299 300 301 303 301 298 295 296 299 301 308 314 314 312 318 325 335 348 359 369 374 377 384 386 385 387 394 405 407 412 420 433 434 455 471 480 487 491 494 495 495 495 495 495 493 490 487 484 477 452 429 416 412 411 415 414 411 410 418 427 440 454 468 480 485 486 487 486 486 485 485 485 485 484 483 482 480 477 473 457 440 428 421 413 410 410 416 425 435 443 453 461 463 465 465 468 467 464 462 459 457 457 455 453 445 432 413 395 379 366 351 342 330 320 315 308 295 282 268 266 274 281 290 298 306 312 317 321 324 327 332 337 342 347 350 355 355 351 347 342 338 338 338 337 336 334 329 316 304 298 308 318 331 342 349 354 359 362 364 366 367 369 372 374 375 376 375 373 370 364 356 349 344 339 336 333 330 330 328 326 322 316 311 306 301 292 288 285 281 273 255 250 259 271 280 289 297 307 318 329 336 342 347 352 357 360 362 363 365 366 366 368 368 367 372 376 380 384 388 391 393 394 395 396 397 399 400 402 403 404 403 401 398 397 395 394 391 388 384 380 379 378 378 376 371 365 363 368 369 369 370 371 371 371 372 373 374
214 215 215 214 211 210 210 211 211 209 209 208 208 208 207 207 207 205 203 201 200 201 203 204 204 204 204 204 203 204 205 207 208 208 209 209 211 201 192 192 192 197 209 225 245 254 260 263 264 266 267 268 269 270 269 266 260 253 247 247 243 238 238 235 235 234 232 230 228 227 227 227 227 228 229 230 230 231 233 235 235 236 238 240 242 246 251 257 262 263 264 262 260 261 261 260 259 257 254 251 247 246 244 245 247 253 258 264 267 267 267 264 263 261 264 262 264 264 264 264 263 264 266 267 268 268 269 269 269 267 267 269 272 274 275 277 280 282 285 286 287 291 296 302 303 306 308 307 304 303 302 309 302 302 308 311 310 312 321 330 342 352 363 369 370 374 378 376 387 392 395 396 399 409 414 426 451 466 476 484 489 493 495 496 496 495 494 492 490 488 484 474 445 424 416 422 429 429 430 423 416 428 447 464 476 483 487 489 489 489 489 489 488 488 487 487 485 484 482 479 475 456 429 419 412 406 399 391 391 393 401 414 424 432 439 444 447 451 451 455 455 453 451 449 448 445 442 438 420 402 387 372 359 345 336 326 317 313 302 287 276 268 269 279 288 296 306 313 317 320 323 326 329 333 338 344 348 351 355 355 352 346 342 341 342 341 340 340 337 331 323 310 300 309 317 326 340 348 355 360 364 367 369 370 372 374 376 377 378 378 376 373 366 359 353 348 343 340 337 335 334 332 330 324 318 312 308 303 295 291 289 283 271 251 253 259 270 280 288 297 305 316 329 337 344 350 354 359 363 367 370 372 373 373 374 374 373 375 378 382 386 390 394 396 398 398 399 400 402 403 404 405 406 405 403 400 398 397 395 393 391 387 384 385 382 380 377 372 369 371 371 372 372 374 375 376 376 376 376 377
215 216 214 213 212 210 211 212 211 210 210 209 209 208 208 208 207 204 202 201 202 203 202 202 203 204 204 204 204 204 205 207 208 209 209 210 212 202 192 192 192 194 207 229 243 252 258 264 267 268 269 270 271 270 268 265 257 249 246 247 242 237 238 234 233 233 232 230 229 228 227 227 227 227 228 228 228 229 230 232 233 235 237 237 238 241 244 249 256 262 263 261 260 261 261 261 260 259 256 252 249 246 245 245 246 252 258 264 268 269 269 270 268 266 264 265 265 266 266 266 265 266 269 271 272 273 273 273 274 274 272 269 272 273 276 278 280 282 285 289 292 300 305 310 315 316 316 313 313 313 309 313 318 305 304 305 307 313 318 324 333 345 357 359 361 364 366 378 389 390 387 387 395 398 405 423 447 463 473 482 488 492 495 495 495 495 493 492 490 488 484 472 444 422 428 445 455 460 456 440 428 437 461 479 485 488 491 492 492 491 492 491 491 490 489 487 485 483 481 477 460 437 418 408 401 400 398 396 385 368 380 391 401 407 413 419 422 423 419 420 423 422 424 427 428 426 422 414 400 386 376 364 351 340 332 322 318 311 297 284 273 267 274 286 294 302 312 318 322 322 325 327 331 335 340 347 352 355 356 355 350 346 344 345 345 345 344 343 340 335 326 315 307 307 316 324 333 348 354 362 366 369 371 373 375 376 378 380 380 380 378 375 369 363 357 351 347 344 341 339 337 334 331 325 319 314 309 303 296 291 287 282 263 250 253 260 270 279 286 295 303 311 326 337 345 351 356 361 366 371 376 378 379 378 378 378 378 376 380 383 388 392 396 399 401 401 402 403 404 405 406 407 407 406 404 402 400 398 397 396 394 391 390 390 386 381 378 374 374 374 374 374 376 378 380 381 381 380 380 378
216 216 214 213 212 211 212 212 212 212 212 212 210 209 208 208 206 204 202 202 203 204 203 202 202 203 204 204 204 205 205 207 209 210 210 211 212 201 192 192 192 195 208 225 240 251 257 264 268 269 270 272 272 271 269 262 252 247 246 244 239 236 237 234 235 236 235 233 230 229 228 228 228 228 228 228 228 228 230 232 234 234 236 237 239 239 240 244 249 257 262 265 265 264 263 263 262 260 258 254 249 246 245 245 247 252 259 266 269 269 270 270 270 268 268 269 269 269 268 266 267 268 272 278 279 279 280 280 280 280 277 270 270 274 276 278 280 282 285 288 294 304 311 323 325 328 329 328 326 323 318 318 318 314 308 303 306 311 318 323 328 338 350 352 351 355 360 372 377 382 377 377 382 389 403 422 444 459 472 479 488 491 493 493 493 494 494 492 490 487 485 474 445 425 442 465 478 480 477 462 437 439 470 484 489 491 493 493 494 494 494 493 492 491 489 487 484 483 480 470 445 424 409 406 408 409 407 403 396 381 367 370 377 383 388 392 395 397 396 396 396 396 397 401 403 402 399 391 384 374 368 356 347 337 328 323 317 306 293 281 270 274 284 292 301 310 317 322 325 325 327 329 332 337 343 351 355 358 357 355 349 347 347 348 349 349 348 347 342 338 329 320 311 306 313 321 329 341 353 360 367 371 374 376 377 379 380 382 382 382 381 378 373 367 363 356 352 348 346 343 340 337 332 326 320 315 309 302 297 291 285 277 261 251 252 259 268 275 283 292 300 309 321 336 345 353 358 363 367 372 378 382 382 382 382 382 382 381 382 386 389 395 398 401 403 404 405 406 407 408 408 408 408 407 406 403 402 400 399 398 396 395 394 392 386 382 380 378 378 378 377 378 382 383 384 384 384 383 382 380
218 216 213 212 211 212 213 213 213 213 213 212 212 211 210 208 206 203 202 203 204 205 203 202 201 202 203 203 204 204 206 207 209 210 210 211 212 200 192 193 193 197 209 220 234 249 256 263 268 270 272 273 273 273 269 260 251 246 245 242 238 236 237 235 236 238 238 237 235 232 230 230 229 228 228 228 228 229 230 232 232 233 234 234 236 238 239 243 247 253 260 263 265 267 269 267 262 261 259 253 248 246 246 247 249 254 262 269 272 272 271 272 270 270 271 274 275 272 269 268 268 269 275 280 283 285 285 286 284 284 281 274 271 272 276 278 280 283 285 288 292 302 312 325 343 347 342 335 330 325 321 318 317 314 309 306 305 310 317 320 322 327 332 335 336 340 353 361 366 367 371 377 381 390 403 421 441 457 470 478 485 488 491 493 494 494 493 492 491 489 485 476 450 428 447 472 485 486 483 477 456 446 474 487 491 493 494 495 496 496 495 494 493 491 489 487 485 483 479 459 430 414 410 416 418 418 414 409 402 390 371 361 367 374 378 380 382 383 382 381 380 379 381 384 386 386 382 377 372 366 359 352 342 335 326 324 315 302 291 280 267 280 289 297 307 317 322 326 328 328 330 332 334 340 347 352 354 357 358 354 351 350 351 352 352 352 352 351 347 341 335 327 319 306 313 319 327 335 347 358 364 371 375 378 380 381 383 384 384 384 383 381 376 370 367 360 355 352 349 345 342 339 333 327 322 316 310 305 299 294 289 278 263 253 249 258 265 272 280 289 298 306 315 330 343 352 359 363 369 374 380 385 386 386 385 385 385 385 386 388 391 397 400 404 406 407 408 409 410 410 410 410 409 408 407 405 403 402 402 400 399 398 397 393 387 384 382 381 381 381 382 385 386 388 388 388 387 385 383 382
218 215 213 212 212 213 213 213 213 213 213 212 212 211 210 208 205 203 202 204 206 205 203 202 201 201 202 202 203 204 206 208 209 209 210 211 212 201 194 192 193 198 214 228 242 254 261 265 269 272 274 274 274 274 270 257 249 246 245 242 238 237 237 235 238 239 240 241 240 238 235 232 230 229 229 228 228 229 231 231 231 231 232 233 234 235 238 240 245 248 255 262 266 265 267 269 268 264 260 253 248 246 247 248 250 256 264 271 273 273 272 272 273 278 280 277 275 272 271 272 274 273 273 277 283 287 289 289 288 285 280 276 275 272 276 277 281 286 288 292 297 304 311 321 341 355 357 345 335 329 324 321 318 315 313 310 307 306 312 314 317 318 321 325 331 337 341 352 357 365 372 379 383 392 405 422 438 455 468 478 484 486 491 491 493 494 494 493 492 490 487 484 459 431 454 478 487 488 486 483 470 448 477 489 492 494 495 497 497 496 495 494 492 491 489 488 486 482 472 447 425 415 423 432 434 432 427 415 407 394 376 361 359 365 368 371 373 374 372 371 368 369 369 369 370 371 370 365 359 353 348 344 339 333 328 325 312 299 288 277 275 284 293 302 314 322 326 329 331 331 333 335 339 343 349 353 356 358 360 355 353 353 354 355 355 356 357 356 353 345 342 333 326 314 311 319 326 334 341 352 361 369 376 379 382 384 385 386 386 386 386 384 380 374 371 364 359 355 352 348 344 340 334 329 324 319 312 307 301 296 290 279 266 256 248 257 263 269 277 285 294 302 310 325 341 350 358 365 370 376 381 386 390 390 389 389 388 388 387 390 393 398 402 406 408 410 410 411 411 412 412 411 410 409 408 407 405 404 404 403 401 400 397 392 388 385 385 385 386 386 388 391 391 391 392 390 389 387 384 381
218 215 213 213 213 214 214 213 214 214 214 213 212 211 209 207 205 204 203 205 206 205 203 202 201 201 201 202 203 204 206 208 208 209 210 211 213 200 193 193 193 200 215 233 247 258 265 268 271 274 276 276 276 276 269 256 249 247 246 243 240 238 238 236 237 239 241 243 244 243 241 238 234 231 230 230 229 229 229 230 231 231 232 233 233 234 237 239 242 246 253 259 268 270 269 267 269 267 260 253 249 248 248 248 251 256 263 270 272 272 274 275 279 286 286 280 277 275 274 277 278 278 276 277 282 289 290 290 289 285 279 276 275 276 275 278 282 289 294 296 300 303 308 318 337 355 357 351 346 341 332 328 324 320 315 311 307 307 308 312 313 316 323 329 337 343 349 355 359 367 372 377 384 397 411 428 441 457 469 480 486 487 491 493 494 494 495 494 493 492 489 485 462 437 463 483 488 489 489 487 479 453 480 490 494 496 497 497 497 496 495 494 492 491 490 488 485 479 459 436 419 425 439 454 464 460 444 426 409 399 379 367 358 353 359 364 362 362 359 358 356 359 356 355 356 356 356 354 350 345 342 338 335 331 327 325 304 288 281 270 280 287 296 305 318 327 330 332 333 334 336 339 342 346 351 356 359 362 361 358 355 355 357 358 358 359 360 360 359 351 347 341 333 325 312 317 325 332 339 347 357 366 374 380 383 385 387 388 388 388 388 386 382 376 374 368 362 358 354 349 345 341 337 333 328 322 314 308 302 298 291 278 265 258 251 252 261 268 274 281 289 299 307 318 336 351 359 366 372 377 382 388 393 393 392 392 391 391 389 392 395 401 405 408 411 412 413 413 413 413 413 413 412 411 410 408 407 406 406 405 404 402 399 393 390 388 388 389 390 392 394 394 395 395 394 392 390 387 383 380
218 215 214 213 214 215 215 215 215 215 214 213 212 211 209 207 205 205 204 206 206 205 203 202 201 201 202 201 204 205 207 208 208 209 210 212 214 202 193 193 193 200 216 237 248 260 266 272 275 277 278 278 279 277 267 256 250 247 246 244 242 240 240 238 239 239 242 245 246 246 246 243 239 235 231 230 229 229 230 231 233 233 234 233 233 234 235 238 241 245 251 256 262 272 278 272 269 270 262 253 250 249 248 249 250 255 263 269 271 272 275 277 280 287 288 283 280 279 280 282 281 280 279 280 282 290 291 291 289 282 277 275 277 277 276 280 286 291 294 296 300 303 305 312 325 347 357 355 356 349 343 339 336 327 318 310 308 309 311 313 316 322 328 336 345 352 357 363 370 372 376 381 389 400 411 430 444 459 470 480 486 488 492 494 495 496 495 494 494 493 491 486 465 442 472 486 489 491 491 489 485 464 483 491 494 496 496 497 496 495 495 495 494 492 490 488 484 467 441 426 430 438 461 475 479 474 461 436 418 399 382 370 361 352 348 353 356 354 351 349 345 345 343 342 344 347 346 345 341 339 335 333 331 328 324 315 298 285 274 275 283 291 299 307 319 329 333 335 336 338 339 341 345 349 354 360 362 365 364 359 357 358 360 361 361 362 363 364 363 358 352 349 341 333 322 314 323 330 338 345 353 363 371 380 384 387 389 390 390 390 389 387 383 378 377 369 364 360 355 351 348 344 340 336 332 324 316 308 303 298 290 276 265 258 254 250 258 265 271 277 285 295 305 313 329 349 358 366 373 378 383 388 395 396 395 395 394 394 393 394 397 402 407 410 413 415 415 415 415 415 415 414 413 413 411 410 409 408 408 407 406 403 400 395 392 391 392 395 396 397 397 397 397 397 396 394 390 386 382 377
218 215 214 214 214 215 215 215 216 216 215 214 213 212 210 207 206 205 205 206 206 205 203 202 201 201 201 201 203 205 207 208 208 210 211 213 214 200 193 193 193 199 214 232 247 260 269 274 278 280 280 281 281 277 268 258 250 248 246 244 241 240 241 240 242 242 241 243 244 245 248 247 244 240 235 231 229 229 230 233 235 236 236 233 234 234 236 239 243 246 249 253 260 269 278 276 273 270 265 255 251 250 249 249 251 255 262 267 269 272 273 276 284 289 289 285 284 285 288 288 287 283 282 283 283 286 290 289 286 279 276 275 276 278 278 279 284 290 293 295 296 301 305 307 318 335 352 360 365 358 348 345 341 332 321 312 310 315 317 320 324 329 338 346 353 359 364 370 375 378 383 393 397 403 414 434 449 461 472 481 487 490 493 495 495 496 496 495 495 493 492 487 468 451 480 489 492 493 493 492 487 472 484 490 493 495 497 496 497 497 496 495 494 493 490 486 473 443 441 441 449 466 481 484 483 479 469 447 425 405 387 375 363 355 345 341 344 347 345 342 337 335 333 332 334 338 339 336 335 332 329 327 325 323 320 310 296 282 271 275 285 293 300 309 321 332 336 338 339 341 342 345 348 352 357 362 366 368 365 361 360 361 362 364 365 365 367 367 367 364 358 356 350 341 333 321 319 328 336 343 351 358 371 378 384 388 390 391 392 392 391 389 385 382 379 371 366 362 357 354 351 348 344 339 334 327 318 310 304 298 289 275 266 261 257 249 253 261 268 276 284 290 302 310 322 341 357 365 373 379 384 389 396 398 398 397 397 396 395 397 399 404 409 412 415 417 417 417 417 417 416 416 415 414 413 412 411 410 409 409 407 405 403 399 396 397 399 400 401 401 401 400 399 398 397 393 389 385 380 374
218 216 214 214 215 215 215 217 216 216 215 214 214 212 209 208 206 206 205 206 205 205 203 202 201 201 201 201 202 204 207 208 208 209 211 214 215 200 193 193 193 197 213 232 248 259 271 277 281 282 282 283 282 277 267 258 250 248 247 243 241 241 242 245 243 244 243 243 243 245 246 247 248 245 239 234 231 229 233 235 237 236 235 234 234 235 239 242 244 246 248 252 257 266 279 279 275 271 266 256 253 252 251 253 255 259 264 267 270 273 274 277 286 291 291 289 290 292 294 294 290 286 285 286 285 285 286 285 282 279 277 276 276 279 280 278 280 284 290 292 293 298 303 306 313 325 345 360 370 370 360 352 344 335 324 315 314 317 320 327 332 339 348 355 361 364 371 375 381 386 395 400 404 411 423 433 454 465 473 484 490 492 494 495 497 496 495 496 495 494 492 488 471 460 485 491 494 495 494 492 489 478 486 491 493 496 498 498 498 498 497 496 495 493 490 483 466 475 474 474 479 485 487 487 486 482 474 455 430 409 396 380 366 357 347 343 338 334 334 331 328 326 324 323 324 328 328 328 327 324 320 317 314 312 308 302 294 282 272 273 285 294 302 310 322 333 338 340 342 344 346 348 351 355 360 365 369 369 368 364 363 363 365 367 368 369 370 370 371 369 364 361 358 349 340 331 320 325 333 341 350 358 365 377 383 388 391 392 393 393 392 389 387 384 379 373 368 364 360 357 354 351 347 342 337 329 320 311 304 300 287 275 270 266 260 253 250 262 268 273 282 288 295 305 317 330 351 365 373 380 385 390 397 400 400 400 399 399 398 399 402 407 411 414 417 419 419 419 419 419 418 418 417 416 415 414 413 412 411 411 409 408 406 403 401 403 403 403 404 404 403 401 400 399 397 393 388 383 378 372
218 216 215 215 216 216 216 217 217 216 215 214 213 211 210 208 207 208 207 206 205 204 203 202 202 201 201 201 202 204 206 207 208 209 212 214 216 201 193 193 193 196 211 235 247 261 272 279 283 284 284 285 282 277 266 256 250 248 246 243 242 242 243 246 243 244 243 243 244 244 245 247 248 249 245 240 234 230 231 233 234 233 233 234 235 238 243 246 246 248 251 253 257 263 272 277 274 271 266 259 255 254 255 259 261 266 271 275 275 278 282 287 293 294 292 293 294 296 298 299 295 290 289 289 288 286 285 283 281 283 281 278 277 279 281 282 283 281 282 287 294 297 302 306 309 317 336 353 362 369 370 366 352 338 328 318 313 318 322 332 343 349 356 360 366 370 376 382 391 398 402 408 414 427 441 452 460 469 478 486 491 494 495 496 497 496 497 496 495 494 492 488 467 472 489 493 495 495 495 492 490 480 490 493 495 498 498 499 499 499 498 497 495 493 489 481 485 487 488 488 489 489 490 489 488 485 478 460 436 416 402 388 373 362 354 349 345 341 336 331 327 324 321 317 309 314 317 316 316 311 308 304 301 297 295 292 288 281 271 275 286 295 303 312 324 335 340 342 344 346 349 351 354 357 363 368 372 373 372 367 365 366 368 370 371 372 373 374 374 373 369 366 364 356 347 340 333 318 331 340 348 357 363 373 381 386 390 392 393 393 392 389 387 385 381 374 370 366 363 360 357 354 349 344 338 330 321 310 306 303 302 292 278 269 262 253 253 260 266 271 278 285 291 300 316 325 342 362 374 381 386 392 397 401 403 402 402 401 401 402 405 409 414 417 419 421 421 421 421 420 420 419 419 418 417 416 415 414 413 412 411 410 408 407 406 406 406 406 406 405 404 403 401 399 395 390 386 381 376 370
218 216 216 217 217 217 217 218 218 216 215 215 214 212 211 208 209 209 209 206 205 204 203 203 203 202 201 202 203 205 206 207 208 209 212 214 216 202 194 193 192 196 213 238 248 261 275 281 285 286 287 286 283 276 266 256 251 248 246 244 242 242 244 243 243 244 244 244 245 244 245 246 248 249 249 245 238 233 231 231 232 232 233 234 236 239 243 247 248 250 252 256 258 262 269 273 271 270 269 261 256 257 261 265 271 275 280 281 283 285 291 298 301 299 297 296 298 301 302 302 298 294 294 294 293 289 287 284 283 283 283 281 279 279 282 286 288 287 285 285 294 299 303 307 307 312 325 341 353 369 377 374 358 341 333 324 318 316 321 334 347 356 360 364 369 375 385 390 394 402 414 424 433 445 457 465 466 474 481 487 492 496 495 498 498 497 497 496 495 494 492 480 474 467 490 494 495 495 495 494 491 488 492 495 497 498 499 500 500 500 498 497 495 493 491 490 491 491 492 492 492 492 492 491 489 487 481 465 441 421 408 394 380 369 363 358 351 347 344 340 335 331 327 324 317 309 302 301 301 299 297 295 292 290 286 283 280 275 272 279 288 297 305 315 327 338 342 345 347 349 351 354 356 358 365 371 375 377 374 369 369 368 371 373 374 375 376 377 378 377 375 370 367 361 353 346 339 327 327 338 346 354 361 368 380 384 387 391 393 393 391 389 387 387 383 377 372 368 365 362 360 357 352 347 340 332 320 312 309 309 308 299 283 271 263 254 252 259 265 268 275 283 289 298 310 325 335 354 372 382 388 393 398 402 404 404 403 403 403 404 407 411 416 419 421 422 423 423 423 422 422 421 420 419 419 418 417 416 415 414 413 412 411 409 409 408 408 407 406 406 405 403 401 398 394 389 384 378 373 367
217 216 218 218 217 218 219 218 217 216 217 216 216 213 210 210 210 211 210 207 204 204 204 203 202 202 202 202 203 205 206 206 207 209 211 214 216 207 194 193 194 197 215 233 249 261 276 283 286 288 289 287 283 277 268 261 254 251 248 245 243 244 244 244 243 244 245 245 245 245 245 247 247 248 249 249 244 237 234 232 232 232 233 235 238 240 242 245 247 253 256 261 261 264 270 273 272 272 268 262 260 263 266 270 275 280 288 290 289 291 295 300 305 305 301 300 301 303 305 305 301 298 297 297 295 295 292 291 290 289 284 282 282 281 284 291 292 293 291 286 294 302 308 311 308 308 316 332 346 360 375 375 364 346 336 329 324 317 321 329 346 357 361 366 371 381 389 390 396 404 419 430 441 452 464 472 471 476 483 487 493 497 496 498 499 499 498 497 496 494 489 480 487 480 489 494 495 496 496 495 492 492 495 497 498 500 500 501 501 501 500 499 497 495 493 493 494 494 494 494 494 494 494 493 491 489 483 469 447 427 415 397 385 373 372 366 359 355 351 348 342 337 332 330 325 320 314 307 300 295 289 288 285 284 284 283 284 279 270 279 289 299 308 319 332 341 345 348 350 352 354 357 359 361 365 369 377 379 374 372 372 371 374 376 377 378 379 380 381 380 378 374 371 368 358 351 343 335 323 335 346 353 359 367 377 384 386 388 391 391 391 390 389 388 385 378 374 370 367 364 362 358 355 349 342 332 320 315 315 313 312 304 288 273 264 255 252 257 262 267 273 281 287 294 306 320 330 347 370 381 388 393 398 404 405 405 405 404 405 407 409 413 417 421 423 424 425 425 425 424 423 423 422 421 420 419 418 417 416 415 414 413 412 411 411 410 409 408 407 407 405 403 400 396 392 387 381 376 370 364
217 218 219 219 218 219 220 218 217 217 218 218 216 212 211 211 212 212 209 207 205 204 204 203 202 201 202 202 203 204 206 206 207 208 210 213 216 205 194 193 193 199 219 233 247 262 275 282 287 291 290 287 283 279 274 268 259 254 250 246 244 243 244 243 244 245 246 246 246 246 246 247 247 248 249 250 249 243 236 232 232 232 235 238 239 241 243 246 250 256 261 266 267 269 272 272 272 268 262 260 263 266 271 274 278 285 295 298 296 294 299 303 307 307 305 305 305 306 307 307 305 302 300 300 300 301 298 296 295 292 289 286 284 286 288 291 294 295 294 287 295 300 306 309 308 307 311 325 341 353 370 373 369 353 342 334 328 324 319 326 336 354 360 365 369 375 382 388 394 402 417 430 441 454 466 476 475 479 485 489 495 498 497 500 500 500 498 497 497 494 483 490 490 484 491 495 497 497 497 496 494 495 497 499 501 501 502 502 502 502 501 500 499 497 497 496 496 496 496 496 496 496 495 495 493 490 485 472 454 433 417 409 400 379 374 370 367 361 359 353 347 344 341 336 331 328 325 320 314 309 304 302 299 297 295 293 290 285 275 276 289 299 310 321 334 345 348 351 353 355 357 359 362 364 365 366 374 381 376 376 375 375 376 378 380 381 382 383 383 383 381 378 373 371 362 355 347 336 325 337 347 355 361 368 378 386 388 390 391 392 392 392 391 390 385 379 375 372 369 366 363 360 356 351 343 332 323 322 319 317 315 306 291 275 265 256 251 254 261 266 271 277 282 292 302 315 326 341 365 382 389 394 398 403 407 407 407 406 407 409 411 415 419 422 425 426 427 427 426 426 425 425 423 422 422 421 419 418 417 416 416 415 414 413 412 411 410 409 408 406 404 402 398 394 389 384 378 373 367 361
217 219 221 220 219 220 220 219 218 219 220 219 217 212 211 211 213 211 209 206 204 204 204 202 202 201 202 202 203 204 205 206 206 207 209 212 215 202 194 194 194 203 212 222 244 262 275 282 288 292 291 288 285 282 278 276 270 260 252 247 245 243 244 244 245 246 247 247 247 247 247 246 247 248 249 249 249 248 240 233 233 234 237 240 241 242 244 249 254 261 267 270 271 273 274 273 271 265 263 262 265 270 273 277 281 285 293 297 297 300 302 305 307 307 306 307 307 310 308 307 305 302 301 301 301 303 301 299 298 296 296 293 292 292 293 294 296 296 292 291 299 300 303 305 306 307 309 322 337 348 366 372 374 366 349 341 333 330 325 324 334 351 358 360 364 369 374 382 392 399 409 421 436 452 466 476 477 479 486 489 495 499 498 500 500 500 500 499 497 493 487 492 492 488 492 495 497 499 499 497 496 496 499 501 502 503 503 504 503 503 502 502 500 499 499 498 498 499 499 498 498 497 497 496 495 492 487 477 459 444 430 422 413 398 385 380 374 369 364 358 353 349 344 341 337 334 333 332 329 322 319 316 311 306 301 297 294 290 279 273 289 300 311 322 335 347 351 354 356 358 361 362 364 367 368 371 370 375 378 380 379 378 379 380 382 383 384 385 386 384 383 380 376 373 366 358 348 335 333 341 350 357 363 369 379 388 390 391 392 392 393 393 393 391 384 380 376 373 369 366 362 360 357 352 342 335 332 327 323 321 318 309 292 278 267 257 253 251 260 264 269 275 282 290 301 314 323 334 356 379 389 394 399 403 408 409 409 408 409 411 413 416 421 424 427 428 428 429 428 428 427 426 425 424 423 422 421 419 418 418 417 416 415 414 413 412 411 409 407 405 402 398 394 390 385 380 375 369 363 357
219 221 223 221 221 221 220 220 220 221 221 219 216 213 212 213 214 212 208 206 204 204 203 202 201 201 202 203 204 205 206 206 206 207 209 212 212 198 192 193 194 212 221 231 249 261 275 283 289 296 295 291 287 283 282 280 276 269 256 250 246 244 244 245 246 247 249 248 247 247 247 247 247 248 248 249 250 250 242 233 235 237 239 242 243 243 246 250 257 265 271 274 276 277 278 276 270 266 264 265 266 271 274 278 282 286 289 296 301 305 307 307 308 309 309 310 311 311 307 306 304 303 302 301 304 307 306 305 305 303 301 299 298 297 297 297 296 297 293 296 301 303 304 304 306 307 309 318 331 345 364 372 375 373 364 353 341 335 330 326 332 346 351 354 357 362 371 377 386 392 404 413 420 442 460 472 477 480 486 489 496 499 499 501 501 501 500 500 498 493 492 495 495 492 493 497 500 500 501 499 498 499 501 502 503 504 504 505 504 504 504 503 502 501 501 501 501 501 500 500 499 499 499 498 497 494 491 485 475 462 446 432 422 412 398 387 380 376 370 364 357 353 348 345 342 338 337 335 332 324 318 315 310 306 303 299 295 292 281 273 289 300 311 321 335 349 354 356 358 361 363 365 367 368 371 374 374 379 381 383 382 382 382 383 384 385 386 387 388 386 385 381 378 375 368 360 348 331 337 347 354 361 367 373 381 389 392 393 394 394 395 395 394 390 385 380 377 373 370 366 362 359 357 353 349 345 339 333 327 323 320 311 294 278 266 258 253 253 254 263 269 275 280 288 300 311 321 331 346 372 387 394 399 403 408 411 411 410 411 413 415 418 422 425 428 429 430 430 430 429 429 428 427 425 424 423 422 421 419 418 417 416 416 415 413 412 410 408 406 402 398 395 390 384 380 376 370 365 359 354
221 223 223 222 221 221 222 223 222 222 222 221 217 215 214 213 214 211 208 205 203 204 203 202 201 201 202 203 204 206 206 206 206 207 209 212 209 196 194 194 198 214 219 238 257 267 276 284 293 301 299 292 288 284 282 280 278 274 258 252 248 245 245 245 246 248 248 248 248 248 248 248 248 248 248 248 249 249 243 234 238 240 241 244 244 245 247 253 264 274 277 283 285 283 281 278 272 270 268 269 270 271 277 281 286 293 295 297 301 304 305 307 309 311 314 317 317 313 309 307 306 306 306 308 311 312 311 311 309 307 304 301 299 299 299 298 298 299 294 298 302 303 304 305 306 307 308 317 329 343 361 371 375 375 372 364 355 344 336 331 335 339 345 345 350 356 365 371 378 384 391 400 410 426 439 460 472 477 483 489 496 499 499 501 502 502 501 500 497 491 495 497 497 496 494 498 501 502 502 502 501 500 502 504 504 505 505 506 505 505 505 504 504 503 503 503 503 502 502 501 501 501 500 500 498 496 495 492 487 477 466 452 438 425 412 394 389 383 378 370 362 355 352 348 344 341 338 336 327 316 308 304 303 302 299 296 293 288 279 272 288 302 311 320 332 348 356 359 362 364 366 368 369 371 373 376 379 381 384 386 386 385 385 385 387 388 389 390 389 388 386 382 379 373 367 359 345 333 341 350 358 364 370 376 386 392 394 395 396 396 397 397 395 390 386 382 379 375 371 367 363 361 359 357 356 351 347 336 329 325 321 308 291 277 266 259 252 253 254 263 267 273 279 286 298 309 320 332 348 374 385 392 398 403 408 413 413 413 413 415 417 419 423 427 429 431 432 432 431 431 430 429 428 427 426 424 423 422 420 419 418 417 416 415 413 412 409 406 402 398 394 390 385 380 376 371 366 360 353 346
223 224 223 222 223 223 224 224 224 223 222 221 218 217 215 214 213 210 208 205 204 203 203 202 202 201 202 204 205 207 207 207 207 208 210 213 208 194 194 194 201 215 220 234 256 270 279 286 295 301 299 293 286 283 281 280 278 275 258 254 250 246 245 246 248 248 248 248 248 248 248 248 248 248 248 249 250 250 243 234 239 243 244 244 243 245 249 259 273 283 285 287 287 283 282 279 276 272 270 270 272 272 276 281 288 294 297 299 302 303 304 308 313 316 318 322 321 317 311 308 309 311 313 315 315 315 315 315 314 313 309 302 301 301 301 300 299 301 298 294 302 304 305 306 307 308 310 318 329 343 360 371 375 376 373 369 363 355 346 338 349 352 357 358 357 358 360 367 374 381 387 390 399 417 425 438 453 471 480 487 495 500 501 501 503 503 502 500 496 495 498 499 499 498 496 499 502 503 504 504 503 503 504 505 506 506 506 507 506 507 507 506 505 505 504 504 504 504 503 503 503 502 502 501 500 499 498 497 495 491 482 473 458 440 424 412 397 391 382 373 365 358 354 350 346 342 338 326 310 301 296 295 295 292 290 283 276 273 273 280 293 304 312 320 331 346 358 362 364 366 368 370 372 374 376 378 381 384 386 388 388 388 387 388 389 390 391 392 390 389 386 382 378 371 362 354 343 336 346 353 360 367 373 380 390 394 396 397 397 398 398 399 396 392 388 384 381 377 373 370 367 364 363 361 360 359 351 339 331 326 318 302 287 274 266 259 254 253 254 262 267 273 279 286 295 306 319 334 353 374 384 391 397 403 408 414 415 415 415 416 419 421 424 428 430 432 433 433 433 432 431 431 430 428 427 425 424 422 421 420 419 417 416 415 413 411 409 404 399 395 390 386 381 376 372 367 361 355 348 348
225 224 223 223 225 226 225 225 225 224 222 220 218 217 216 215 213 209 207 205 204 204 202 202 201 202 202 204 206 208 208 208 207 208 210 213 202 194 194 194 205 214 221 233 258 270 280 287 296 299 297 290 283 282 281 279 276 272 260 254 253 250 246 246 249 248 249 249 249 249 249 249 248 248 249 251 252 251 243 234 241 244 245 243 244 248 256 269 283 287 290 286 284 283 282 279 277 274 276 275 276 276 276 280 287 293 296 303 305 304 308 313 313 316 320 325 325 319 312 309 313 316 319 321 319 317 316 316 316 316 312 306 305 303 302 303 303 303 298 295 304 305 306 307 308 310 312 322 334 345 361 373 376 376 374 372 368 360 353 341 353 360 363 367 368 366 369 373 374 378 381 387 393 405 416 423 438 449 474 485 493 499 502 503 503 503 502 500 496 498 501 502 502 501 500 501 503 504 505 505 505 505 505 506 507 507 508 508 508 508 508 508 507 507 506 506 506 505 505 505 504 504 503 502 502 501 501 500 498 498 495 488 476 457 436 422 411 395 386 377 367 360 355 351 345 340 328 307 292 280 276 279 281 281 279 276 276 279 280 285 297 306 314 321 329 341 357 363 366 369 371 373 375 376 378 381 384 387 389 390 391 391 390 391 392 393 394 393 392 390 385 381 373 366 358 350 342 339 352 358 364 369 375 384 394 397 398 399 399 400 401 401 398 394 390 386 383 379 376 373 370 368 367 365 364 359 352 339 331 325 311 294 281 272 265 259 255 253 253 260 265 272 279 287 295 307 320 336 354 374 384 391 398 403 408 414 416 416 417 418 420 423 425 429 431 433 434 435 434 434 433 433 431 430 428 426 424 423 422 420 419 418 415 413 411 409 406 401 397 393 387 382 377 373 368 362 355 350 350 355
225 225 223 225 227 226 226 225 225 223 222 220 219 218 217 215 212 209 207 206 205 204 202 202 202 202 203 205 207 210 210 209 208 208 210 213 200 195 194 196 203 216 221 235 257 270 282 290 294 293 292 287 281 280 280 278 273 268 261 256 253 251 246 244 247 249 249 250 250 250 250 249 248 248 250 252 253 253 241 238 243 245 244 243 244 250 262 277 289 290 290 288 285 285 284 282 279 277 282 286 284 282 280 279 291 294 300 306 308 312 313 313 312 315 321 328 330 319 313 315 320 325 328 326 323 322 317 317 317 316 315 311 311 305 303 304 307 306 301 295 304 306 307 308 311 313 318 327 340 350 365 374 377 378 376 373 371 366 356 347 356 364 368 374 376 376 382 383 380 382 386 390 396 398 402 414 426 439 458 480 491 497 501 500 503 503 503 500 498 500 503 504 503 503 501 501 504 505 506 506 506 507 507 508 508 508 509 509 510 509 509 509 508 508 508 507 507 507 506 506 506 505 504 504 503 503 502 502 501 501 499 496 487 469 444 425 416 407 392 381 371 361 356 351 345 336 316 294 277 280 280 279 276 276 276 277 284 285 286 285 296 307 313 320 327 337 352 364 368 371 373 375 377 379 381 384 387 389 391 393 394 393 393 393 394 395 396 394 392 388 385 380 370 362 355 349 340 344 355 363 367 372 379 387 396 399 400 401 402 402 403 402 400 396 392 388 385 383 380 377 374 372 371 368 365 358 350 339 329 320 306 288 277 271 265 259 255 254 254 262 267 274 281 290 298 307 320 334 351 372 384 393 400 404 409 414 418 418 418 420 422 425 427 430 432 434 435 436 436 435 434 434 433 431 429 427 425 424 422 421 419 417 414 412 408 406 403 400 396 390 385 380 375 370 364 355 359 361 354 360
226 225 224 225 226 227 226 225 225 223 222 220 219 218 217 215 212 210 208 207 206 205 203 202 201 202 203 206 208 210 210 209 209 208 211 212 199 194 194 195 205 215 226 237 254 269 285 292 293 292 288 283 279 279 279 276 272 266 259 255 253 249 244 243 244 247 248 249 251 250 250 249 248 248 250 252 254 248 241 235 239 242 243 242 245 251 264 280 291 291 291 290 288 286 285 285 283 280 283 289 285 284 283 280 289 295 298 306 310 313 314 313 313 317 323 328 324 315 317 325 334 332 335 329 325 324 321 318 317 316 315 314 313 308 306 305 308 308 303 296 302 308 309 310 314 319 324 333 345 355 369 376 379 379 377 375 372 368 361 350 357 367 373 380 384 386 384 387 391 393 396 399 397 398 401 406 418 430 447 469 487 496 499 502 503 504 504 502 498 502 504 505 505 505 504 504 505 506 507 507 508 508 509 509 509 510 510 511 511 510 510 509 509 509 509 508 508 508 507 507 507 506 506 505 505 505 504 503 502 502 501 498 490 470 447 426 415 409 390 381 372 361 355 350 342 329 307 287 280 281 283 284 285 286 287 288 291 295 298 297 292 304 311 320 327 334 345 362 369 373 376 378 380 382 384 386 389 392 394 395 396 395 395 395 396 397 397 394 392 388 384 376 367 359 354 348 338 350 360 367 372 376 383 391 399 401 403 403 404 404 405 405 402 398 394 391 387 385 383 381 379 377 375 370 365 359 349 337 327 314 297 282 275 270 264 259 255 254 254 262 266 274 278 287 298 307 319 334 349 372 385 395 402 404 409 413 419 420 420 422 425 427 429 431 433 435 437 437 437 437 436 435 434 432 430 428 426 424 422 421 419 416 413 408 405 402 400 397 393 388 383 378 373 368 359 362 367 364 357 365
226 225 225 225 226 226 226 226 225 223 222 220 219 219 218 215 212 210 209 208 207 205 203 202 202 202 203 206 209 211 211 210 209 209 211 213 198 194 195 200 211 225 232 247 262 276 286 290 292 290 284 280 277 277 278 275 270 263 257 254 252 249 244 242 241 240 242 243 245 245 245 245 245 247 248 249 246 241 239 238 236 240 240 241 244 250 264 280 291 292 293 292 290 288 289 289 284 280 281 293 288 286 288 290 284 296 298 302 308 311 312 311 315 320 323 322 317 317 325 334 339 339 337 331 327 325 322 320 319 317 315 313 311 310 309 309 311 309 306 300 301 309 310 314 324 328 334 338 350 362 372 377 380 380 378 376 374 371 365 353 359 369 376 382 388 392 395 388 394 404 406 406 411 412 407 419 421 426 440 459 484 496 499 503 504 505 505 503 501 503 506 506 507 507 506 506 506 508 508 509 510 510 509 511 511 511 511 511 511 511 511 511 510 510 509 509 509 509 508 508 508 507 507 506 506 505 505 504 503 502 500 494 483 462 442 425 415 399 387 382 372 362 356 350 341 324 302 288 280 282 286 288 292 294 296 297 300 305 309 308 304 297 311 320 327 333 342 356 369 375 378 380 383 385 387 389 392 395 397 398 398 397 397 397 398 398 397 394 391 387 383 374 365 359 352 345 347 357 363 370 375 382 388 397 401 404 405 405 406 406 407 407 403 399 396 393 390 388 386 384 383 382 380 374 367 358 348 336 325 311 296 283 275 268 263 259 255 254 255 259 265 270 279 286 295 306 318 333 347 369 382 392 400 404 408 412 416 422 422 424 428 429 431 433 435 436 438 439 439 438 437 436 435 433 431 429 427 425 423 421 419 416 412 407 404 400 396 393 389 385 381 376 371 363 364 369 370 364 363 370
226 225 226 226 226 226 226 226 225 224 222 220 220 219 218 215 212 211 210 209 207 205 203 203 202 202 203 206 209 211 210 209 208 210 212 212 199 195 195 200 212 222 236 248 258 272 279 285 288 288 284 280 277 276 275 273 267 260 255 253 251 249 243 240 240 238 237 237 237 237 238 237 238 240 241 242 238 235 236 235 237 240 241 242 244 252 267 284 294 294 294 293 292 290 291 289 286 282 281 291 289 291 293 295 295 288 298 300 306 311 312 314 317 322 322 320 315 322 332 340 345 344 340 333 328 324 322 320 318 316 316 312 311 309 310 312 314 314 311 308 305 308 317 326 335 341 345 348 352 366 374 379 381 381 380 379 375 372 367 359 358 368 376 384 392 396 400 400 403 409 414 419 421 416 428 430 431 430 434 453 479 497 500 502 506 506 505 504 502 505 507 508 508 509 508 508 508 510 510 511 511 511 512 512 512 512 512 511 512 512 512 512 510 510 510 510 510 509 509 508 508 507 507 507 505 505 503 503 501 498 492 483 468 451 433 420 411 397 387 379 372 361 355 349 339 321 302 293 281 282 289 293 296 301 304 306 309 313 314 315 314 308 312 320 327 334 341 350 366 376 380 383 385 387 390 392 395 397 399 400 400 399 399 399 399 398 397 394 390 386 378 372 364 357 351 344 355 362 369 374 380 387 394 401 404 406 406 407 408 408 409 408 406 402 399 396 394 390 389 388 387 386 383 378 370 361 348 337 326 312 296 284 276 269 263 257 255 254 259 263 266 271 280 288 296 305 314 328 341 361 378 387 394 401 406 410 414 419 424 425 428 431 432 434 436 438 439 440 440 440 439 438 436 435 433 430 428 425 423 421 419 415 410 406 403 398 394 390 386 383 378 373 366 362 371 374 374 365 368 373
226 225 228 227 227 227 227 227 225 224 222 221 221 220 218 215 212 211 211 210 208 205 203 202 202 202 204 206 209 211 210 209 209 210 211 212 199 195 195 201 215 225 240 245 257 269 274 280 283 286 286 281 276 274 273 270 264 259 254 251 249 246 241 239 239 237 237 237 236 235 235 235 235 236 237 237 236 235 235 237 238 240 242 243 246 259 279 291 295 295 294 293 292 291 292 291 289 284 284 290 293 298 299 298 301 299 298 304 308 311 313 316 318 322 321 317 317 327 339 347 356 349 341 335 329 324 322 320 319 317 316 313 311 311 312 314 316 317 319 315 310 308 325 335 345 350 353 357 362 367 376 381 383 384 383 381 379 376 371 365 358 369 379 386 395 402 406 405 407 414 419 420 419 429 444 448 448 443 438 452 477 497 502 503 506 507 507 506 503 505 508 509 510 511 511 511 511 511 512 512 513 513 513 513 512 512 512 512 512 511 512 511 511 510 510 509 510 509 508 508 508 507 506 505 504 502 501 498 493 487 478 465 451 437 425 418 408 391 386 379 369 362 356 349 336 319 303 295 286 281 289 294 297 303 308 310 311 315 317 319 319 315 314 322 329 336 341 347 359 374 381 385 387 389 392 394 396 398 400 401 401 401 401 401 400 398 396 393 389 383 377 369 363 356 347 352 362 369 373 379 385 392 399 404 406 408 409 409 410 410 411 410 408 405 401 398 396 393 392 391 390 389 386 382 374 363 352 340 327 312 297 284 275 267 261 257 256 255 257 263 267 272 280 288 294 301 309 321 337 349 370 384 393 398 403 407 411 416 421 425 428 431 433 436 438 439 440 441 441 441 440 439 437 436 434 432 429 425 423 421 418 413 408 405 402 396 393 388 384 379 375 368 367 372 375 378 378 367 371 376
227 227 229 228 228 228 228 228 226 224 222 222 222 221 218 215 212 211 211 210 208 206 204 202 202 202 204 206 208 210 210 210 209 210 211 212 199 195 195 201 214 223 232 243 255 264 273 278 280 282 284 280 276 273 271 267 260 256 253 250 248 245 241 239 239 239 237 237 235 235 234 235 234 234 237 237 236 236 236 238 239 240 241 243 251 269 291 294 295 294 294 293 293 293 294 294 292 286 286 293 299 304 306 303 301 302 296 301 304 305 309 315 319 320 318 315 319 331 345 363 370 355 344 337 330 324 323 321 319 318 315 314 313 314 315 316 317 318 319 318 304 315 329 345 352 357 362 368 374 374 379 383 386 387 386 384 382 379 374 370 361 372 379 388 398 406 412 418 429 430 421 427 436 447 452 465 471 462 451 450 477 498 503 506 508 508 508 506 505 507 509 510 512 512 513 513 512 513 513 514 514 514 514 513 513 512 512 512 511 510 510 510 510 510 510 510 509 508 507 507 506 506 505 504 501 497 493 488 480 468 456 447 438 429 420 411 400 389 382 375 369 363 356 349 337 320 306 298 291 284 280 291 296 300 303 306 311 315 320 322 323 321 317 323 330 337 343 348 357 370 382 386 389 392 394 396 398 399 401 402 403 403 403 402 401 399 395 391 386 381 374 367 361 354 349 358 367 373 379 383 389 395 404 406 409 410 411 411 412 413 413 413 411 408 404 401 399 397 396 394 394 392 390 386 379 370 354 343 329 313 297 284 274 267 261 258 256 254 257 264 267 271 277 284 290 296 305 313 327 342 362 379 389 395 399 404 408 413 417 423 428 432 434 437 438 440 441 442 442 442 441 440 438 436 434 432 429 426 423 420 416 412 407 404 400 395 391 387 383 378 374 369 374 377 380 382 383 374 373 378
229 229 230 230 229 228 229 228 227 225 224 223 222 221 218 215 213 211 211 210 207 205 203 202 202 202 203 205 207 209 210 210 209 209 210 211 202 195 195 199 210 218 226 239 254 263 274 277 278 280 281 279 275 272 268 262 256 255 253 251 249 247 243 239 239 238 237 236 235 235 234 234 233 235 237 237 236 236 237 238 240 240 241 243 252 273 290 292 294 293 295 296 297 297 298 299 296 289 286 296 302 304 306 305 302 303 304 307 307 303 306 312 315 316 315 316 322 337 353 374 376 358 349 339 332 323 322 321 319 317 316 316 315 316 316 317 317 318 319 314 308 320 331 347 357 363 373 378 384 383 381 386 389 390 389 388 385 383 379 373 364 372 379 387 401 408 414 426 440 447 443 454 456 463 473 493 494 487 468 452 475 498 505 507 508 509 509 508 508 510 511 512 513 513 514 514 514 514 515 515 515 515 514 513 512 511 510 509 508 507 507 506 506 506 506 506 506 505 505 504 503 502 499 495 492 487 480 470 458 447 439 432 427 419 410 400 392 385 377 373 368 364 358 353 342 323 310 303 296 291 283 281 286 287 288 294 306 314 321 324 326 326 324 324 331 338 345 350 356 366 377 386 390 393 395 397 399 401 403 404 405 405 405 404 401 399 393 390 383 379 372 366 360 353 352 362 370 377 382 387 393 400 407 409 411 412 413 414 414 415 416 417 414 410 407 405 402 400 399 398 397 395 393 389 383 373 355 345 329 313 298 285 276 269 261 259 257 254 257 263 267 270 275 281 287 292 298 306 316 331 353 372 384 392 397 401 406 411 415 420 427 430 434 437 439 440 441 442 442 442 442 440 438 437 435 433 430 426 423 420 415 410 406 403 398 394 390 386 382 377 374 374 378 381 384 387 388 379 376 381
230 232 232 231 230 230 230 229 227 226 225 224 224 221 217 215 213 211 210 208 206 204 203 202 202 202 202 204 206 208 209 209 209 209 210 211 205 195 196 197 206 214 223 232 249 263 273 277 276 277 277 276 275 271 267 261 257 254 252 251 249 249 246 239 239 238 237 236 235 234 234 233 234 235 238 237 236 236 237 240 241 240 241 244 251 267 288 291 292 295 298 300 301 301 303 303 300 295 287 295 303 305 308 307 306 306 308 310 310 306 306 309 311 312 314 318 328 340 356 374 381 366 352 342 333 326 322 320 319 316 317 317 316 316 317 317 317 317 319 312 313 324 335 350 361 378 384 390 389 387 384 388 392 393 393 393 390 387 383 377 369 375 381 389 396 409 420 437 448 461 470 471 482 494 495 500 502 501 493 474 471 498 505 508 509 510 510 510 511 512 513 514 515 515 516 516 516 516 516 516 516 515 515 514 511 509 506 504 502 500 499 498 498 498 497 497 497 498 496 495 494 491 489 484 474 468 460 450 438 430 427 421 415 403 398 389 385 380 377 372 368 364 359 354 343 325 314 307 301 295 287 283 289 296 298 293 297 311 321 326 330 331 330 327 332 338 345 351 356 364 373 384 390 394 397 399 400 403 405 406 407 407 406 405 402 397 393 388 383 379 373 368 363 356 352 364 373 380 385 390 396 403 409 412 414 415 415 416 417 417 419 419 418 415 411 409 406 404 403 401 400 398 396 392 385 373 356 346 329 313 298 286 277 268 261 259 256 256 257 263 266 269 272 276 282 288 291 300 310 322 342 361 379 386 394 399 404 408 413 418 424 429 434 436 439 441 442 443 443 443 442 440 439 437 435 432 429 426 423 420 415 410 406 403 399 393 389 385 383 379 375 379 383 385 388 391 393 385 378 384
234 235 233 231 231 231 231 230 229 227 226 226 224 221 218 215 214 212 209 207 205 204 203 202 202 202 202 203 205 207 208 209 209 209 210 211 208 195 196 198 207 218 224 234 248 263 272 275 275 275 277 277 276 271 267 264 261 257 253 252 250 250 247 239 238 236 236 235 234 234 234 233 233 235 237 238 237 237 238 240 242 242 242 244 254 267 283 289 293 296 298 303 304 303 302 302 303 301 290 294 302 307 309 308 309 310 313 312 313 311 309 307 310 312 314 320 332 340 357 375 383 370 356 346 338 329 323 321 319 317 316 317 315 317 317 318 317 318 313 305 315 327 339 353 365 383 392 394 392 390 388 393 396 398 400 400 397 391 388 382 375 375 382 388 397 413 426 443 456 468 478 489 497 500 501 503 505 506 503 496 479 498 505 509 510 511 511 512 513 514 515 515 517 517 518 518 518 517 517 517 517 516 515 512 509 504 495 488 482 481 479 477 475 470 469 471 472 474 476 477 473 469 464 460 456 448 440 431 423 416 412 407 402 394 389 383 381 377 374 370 366 362 359 353 342 327 318 311 304 296 290 282 292 301 304 301 297 310 322 328 333 335 336 335 335 338 345 351 357 363 372 378 387 394 397 400 402 405 407 408 409 409 409 406 401 397 393 388 383 379 376 371 365 361 354 364 375 382 387 393 399 406 411 414 416 417 418 418 419 419 421 422 421 420 416 414 412 410 407 405 404 402 399 394 385 374 359 349 331 313 299 289 279 272 265 260 258 256 254 262 265 268 271 274 279 282 288 296 306 317 330 352 371 382 391 397 402 406 410 416 421 428 432 436 438 440 441 443 443 443 442 441 439 437 435 432 429 426 422 419 414 410 407 404 399 395 391 388 386 381 379 383 387 390 394 396 395 389 380 386
236 236 235 234 233 233 232 231 230 229 227 226 225 221 218 216 214 212 209 206 204 203 202 202 202 202 202 203 204 206 208 209 209 209 210 211 211 197 197 197 208 221 227 232 248 260 269 271 273 275 277 278 277 272 267 265 264 261 256 253 251 251 246 239 237 237 236 235 234 234 233 233 233 233 235 236 236 237 238 240 241 242 243 243 261 280 281 284 290 294 300 303 304 304 304 307 309 305 296 293 302 308 312 312 312 312 313 314 315 313 312 311 310 312 315 321 331 340 356 373 383 373 361 349 339 331 323 321 319 317 315 314 314 315 317 317 317 317 308 309 318 330 344 357 370 387 395 396 395 393 392 396 400 404 408 408 402 397 392 387 380 382 383 391 399 411 429 446 462 474 486 494 501 504 505 507 508 507 507 504 499 495 507 511 512 513 513 514 514 515 517 518 518 518 519 520 519 519 519 518 518 517 515 512 506 488 467 462 458 454 452 450 448 446 443 444 443 445 448 446 445 442 440 439 437 433 426 418 410 406 401 397 392 384 379 377 375 374 370 366 363 360 357 349 339 328 319 312 304 295 285 286 293 302 306 305 295 309 321 330 335 338 340 342 341 341 345 351 358 364 372 378 384 392 398 401 404 406 408 410 411 411 410 407 400 397 394 389 387 383 376 374 372 366 357 368 376 384 389 394 400 405 413 416 418 419 420 421 421 422 423 424 424 424 422 420 417 415 412 411 408 405 401 397 388 379 363 353 336 320 305 294 283 273 267 262 259 258 256 258 263 266 269 273 277 282 286 293 302 312 323 343 365 378 385 391 396 402 407 412 418 426 431 435 437 439 440 441 442 442 441 440 438 436 434 431 428 425 422 418 413 410 408 405 403 400 397 393 389 383 383 388 391 396 399 398 397 393 383 388
238 237 236 235 234 233 233 232 231 230 229 227 225 221 219 217 215 213 209 206 204 203 202 202 202 202 202 203 204 206 207 208 209 209 210 211 212 198 197 196 205 211 220 224 239 254 259 267 272 276 278 279 277 273 269 265 265 263 259 255 253 251 244 240 238 238 235 235 234 234 234 234 233 233 235 236 237 237 238 240 240 242 244 246 258 266 267 277 287 295 299 308 314 309 309 315 319 310 300 292 302 310 315 316 316 316 316 317 318 318 316 315 315 313 316 321 331 342 355 376 384 376 365 353 341 333 326 320 316 316 315 314 314 314 316 317 317 318 306 311 321 331 345 357 372 388 397 398 397 395 396 399 405 410 418 416 410 405 398 392 389 389 389 391 399 416 430 447 466 481 492 498 504 506 508 509 510 511 510 508 506 500 508 512 513 515 515 515 516 518 518 519 520 520 520 521 521 520 520 519 518 518 516 511 500 470 447 438 438 437 433 431 429 425 419 420 423 426 423 425 426 427 428 428 425 421 413 408 406 403 398 393 386 378 373 372 371 368 365 362 359 357 352 344 336 327 320 312 302 293 285 289 295 303 307 308 297 311 321 330 337 340 343 346 347 347 348 354 360 366 372 380 385 391 398 401 405 408 410 412 413 412 411 406 401 398 396 393 391 383 380 380 377 372 359 370 378 385 391 395 400 406 412 417 419 421 422 423 424 425 426 427 427 426 427 425 423 420 417 414 412 409 405 399 390 382 372 353 341 327 311 297 285 274 272 264 263 259 258 256 259 264 268 272 275 280 285 290 298 307 317 333 356 371 379 385 391 396 403 408 414 421 429 433 436 437 439 440 440 440 440 438 437 434 432 429 427 424 421 417 413 410 408 407 406 406 401 398 392 384 387 392 396 400 400 400 399 396 387 391
238 238 237 236 235 233 232 232 231 230 229 227 225 222 220 218 216 213 210 206 205 203 202 202 202 202 202 202 204 205 207 208 209 209 209 211 213 202 197 196 200 207 212 222 237 253 259 265 271 275 278 278 278 276 270 265 263 262 258 255 252 247 241 238 238 238 235 235 234 234 234 233 233 234 235 236 236 237 238 239 241 242 242 246 251 261 276 281 287 293 299 311 316 311 315 324 329 312 299 295 304 315 320 321 321 320 320 322 323 324 320 317 317 316 315 321 329 342 357 374 382 380 372 359 342 335 329 321 318 316 314 313 312 313 315 316 317 318 312 313 322 331 341 353 368 386 397 398 398 399 399 404 409 415 424 425 419 413 408 401 399 396 394 396 403 420 433 444 468 486 496 502 507 509 510 511 512 513 512 511 510 509 511 514 516 517 517 517 517 519 520 520 522 522 522 522 522 522 521 520 519 518 516 512 501 478 458 441 425 415 415 412 410 405 406 410 406 408 412 414 418 417 417 417 413 411 406 405 403 398 396 389 380 372 367 365 364 362 359 356 351 350 344 339 330 324 318 308 298 290 285 292 297 304 308 311 302 312 322 330 337 342 345 349 351 353 355 359 363 367 373 380 385 390 396 402 406 409 411 413 414 413 410 406 402 400 399 396 392 385 386 385 382 377 365 369 379 385 391 396 401 406 411 419 421 423 424 425 426 427 428 429 429 429 429 429 427 424 421 417 414 412 407 401 392 384 377 359 347 334 317 302 288 279 273 271 268 264 261 257 257 260 265 270 273 277 281 287 292 301 310 322 340 356 372 379 385 391 399 405 411 418 425 431 433 436 437 437 438 439 438 437 435 433 430 427 425 423 420 416 412 411 409 408 407 406 405 401 392 389 393 396 400 402 402 401 400 397 393 395
238 238 238 237 235 234 232 232 231 230 229 227 225 223 221 219 216 213 209 206 205 204 203 202 202 202 202 203 203 205 206 208 209 209 209 211 213 207 197 197 197 202 208 219 232 250 257 262 268 273 277 278 278 277 271 265 262 260 256 250 245 240 239 239 237 238 235 236 235 234 233 233 233 234 234 235 235 237 237 238 241 243 244 245 247 253 270 282 288 292 300 313 316 316 321 334 329 312 300 296 310 320 326 326 326 325 324 324 325 327 325 320 319 320 319 320 329 340 354 368 379 380 374 365 349 338 330 323 319 317 314 312 312 312 313 315 316 317 314 313 323 331 340 350 363 381 396 400 401 401 404 407 415 422 427 429 429 422 415 410 405 404 408 405 403 422 435 446 461 489 498 505 510 512 513 513 514 515 515 514 513 512 513 516 517 518 519 519 520 520 521 522 523 523 523 523 523 523 522 521 520 520 517 513 505 485 464 448 433 417 400 394 390 390 394 395 395 398 403 408 410 410 409 407 401 399 401 399 392 389 386 382 378 370 360 354 354 352 348 343 339 335 332 329 326 321 312 302 293 283 286 295 300 306 311 314 308 311 322 329 337 343 347 351 355 358 361 364 365 369 375 381 387 392 396 400 406 410 412 414 415 413 410 406 403 402 400 397 392 393 391 389 386 381 371 368 380 386 391 396 401 406 410 417 423 425 426 428 429 430 431 431 431 431 431 432 431 429 425 421 417 414 409 404 394 387 379 364 353 340 323 306 291 280 275 275 273 270 266 261 259 255 257 265 269 273 278 280 287 296 304 313 327 345 361 373 381 386 394 401 407 414 420 427 431 432 434 436 437 438 437 435 434 431 429 426 424 422 419 416 413 411 410 409 408 407 404 396 390 395 397 399 403 403 402 402 401 399 397 398
238 238 237 237 235 234 232 232 231 230 229 227 226 224 221 219 216 213 209 206 205 204 203 202 202 202 202 203 203 205 206 208 209 209 209 211 212 212 197 197 200 202 211 217 227 237 251 262 267 271 276 278 278 277 271 265 262 259 253 248 243 240 239 238 238 239 237 235 234 234 233 233 233 234 234 235 234 236 237 238 241 244 249 251 250 251 264 281 285 288 299 312 313 315 326 330 322 311 302 300 315 329 331 330 329 328 327 326 326 327 327 327 324 325 327 321 332 339 351 366 378 381 376 371 357 340 334 327 320 317 316 313 312 312 312 314 315 317 310 314 322 331 340 351 362 380 396 402 405 408 409 413 419 426 432 435 437 436 428 423 418 417 415 416 408 420 437 448 463 488 502 509 513 515 516 516 516 517 517 516 516 516 516 517 518 520 520 520 521 522 521 523 524 524 524 524 524 524 523 522 521 520 518 514 507 490 465 446 427 413 400 391 383 381 383 385 387 389 394 399 400 400 399 397 395 392 389 386 384 381 377 376 374 366 356 341 332 329 326 322 322 322 323 322 318 312 305 297 290 285 290 298 303 310 315 317 316 308 323 330 337 344 349 354 358 362 365 368 370 373 377 383 389 393 396 400 406 410 413 415 416 415 411 408 405 403 401 398 395 396 395 392 389 385 376 366 379 386 391 396 401 405 409 414 423 426 429 430 431 432 433 433 433 433 433 434 434 432 429 425 420 416 411 406 397 389 382 368 357 344 327 309 294 283 277 278 276 273 268 264 263 261 259 257 263 270 273 277 285 293 301 309 319 333 349 363 376 383 390 397 404 410 417 422 429 431 432 434 435 436 435 433 431 430 427 426 424 423 421 418 415 412 411 409 408 406 401 393 397 400 402 404 404 404 403 403 402 401 400 400
238 237 237 236 235 233 232 231 231 230 229 227 225 224 221 219 216 212 209 206 205 204 203 202 202 202 202 202 203 205 206 208 208 208 209 210 211 213 203 197 201 204 209 217 223 230 241 252 261 272 277 279 280 278 272 264 261 259 252 247 243 240 238 238 238 238 238 235 234 234 234 234 234 234 235 235 235 236 237 238 240 245 251 255 253 251 256 266 280 286 294 305 311 315 325 324 319 310 300 305 318 334 334 334 332 330 329 328 327 327 327 328 327 328 331 325 334 342 351 365 376 385 382 376 361 347 336 328 322 319 316 314 312 312 312 313 314 313 308 314 321 329 339 351 363 381 397 404 409 416 419 418 425 430 438 445 447 451 446 432 433 432 424 420 415 415 435 451 468 488 505 511 514 517 518 518 518 518 519 518 518 518 517 518 519 520 521 521 522 523 523 524 525 525 525 525 525 524 524 523 522 521 518 515 505 489 465 440 421 405 398 391 385 378 372 376 379 380 386 390 392 391 389 390 387 381 379 377 374 372 368 367 364 358 349 334 321 316 311 308 305 307 310 312 309 305 299 293 286 287 296 302 308 314 319 323 322 309 324 332 339 345 351 356 361 365 369 372 374 377 381 386 390 395 397 400 405 409 413 416 417 416 414 410 408 405 403 400 399 399 398 395 392 388 383 374 372 384 390 396 400 404 409 413 421 426 429 432 433 433 434 435 435 435 435 436 436 436 432 427 423 418 413 409 401 393 382 371 359 346 329 311 297 288 282 277 274 272 267 266 265 263 261 258 257 264 271 277 284 292 298 306 314 323 336 352 368 378 386 393 401 408 415 420 424 430 431 432 434 434 433 432 431 429 428 427 425 424 422 419 416 413 411 410 408 404 397 400 403 404 406 406 406 405 405 404 403 403 403 403
239 239 238 236 234 232 231 231 231 230 228 226 225 223 221 218 215 212 209 206 205 204 203 203 202 202 202 202 203 204 206 208 208 207 208 209 211 213 206 196 202 207 210 215 219 230 239 249 255 273 278 280 281 282 275 265 262 260 253 248 243 240 238 237 237 238 240 236 235 235 235 234 234 234 235 235 236 236 237 238 241 244 248 252 255 258 256 258 275 283 287 298 308 314 320 321 314 306 303 311 325 338 336 336 335 333 331 330 329 328 328 328 328 329 331 331 336 344 353 366 379 385 386 379 366 350 339 331 324 320 317 314 312 311 310 311 311 310 310 314 320 328 338 350 364 382 398 406 411 419 427 427 432 439 450 457 462 469 461 446 437 440 436 426 428 423 435 451 467 490 507 513 516 518 519 519 519 520 520 520 520 520 520 521 522 522 522 523 524 524 525 525 526 526 526 526 526 525 524 523 522 520 518 513 502 481 455 435 421 404 397 389 383 376 369 367 370 374 380 387 385 382 382 381 376 373 372 371 369 365 362 359 356 348 339 327 316 307 301 295 292 291 288 301 303 300 296 290 287 292 301 308 315 320 326 329 326 312 325 333 340 347 353 358 363 367 372 376 379 382 385 390 393 396 399 401 405 409 415 417 419 419 416 413 411 408 405 403 403 402 401 398 395 391 387 381 370 380 388 394 399 404 408 413 417 423 429 432 434 435 435 436 437 437 437 437 438 437 434 430 425 421 416 412 404 395 383 374 360 348 331 314 300 293 281 277 276 271 270 269 267 265 264 259 258 263 272 276 283 289 295 302 309 315 325 342 356 372 382 390 397 406 412 417 422 427 431 432 433 432 432 431 431 429 428 428 426 424 423 420 417 414 411 410 407 401 402 406 407 407 408 408 407 406 406 405 405 405 404 404
239 240 240 237 234 232 231 230 230 229 228 225 224 222 220 217 214 211 209 206 205 204 203 204 203 202 202 202 202 204 205 206 207 207 207 208 210 211 210 198 202 207 210 214 218 232 237 245 254 270 278 281 282 281 275 265 261 260 253 247 243 240 239 238 237 237 241 237 235 235 235 235 235 235 236 237 239 240 240 239 242 245 247 251 256 260 265 257 265 276 283 292 303 311 315 315 305 303 312 324 339 341 338 338 336 334 333 332 331 330 328 329 329 329 331 329 337 346 355 366 380 386 388 381 370 356 342 333 327 320 317 315 312 311 313 314 313 312 312 315 319 325 336 349 363 381 398 405 411 421 430 437 443 449 459 471 482 490 489 471 453 443 441 438 436 434 439 450 471 494 509 515 518 520 521 521 521 522 522 522 522 521 521 522 523 523 524 525 525 525 526 526 527 527 526 526 526 526 525 523 522 519 516 509 496 472 452 432 420 410 398 389 383 372 364 357 361 366 374 376 374 370 372 372 370 367 366 365 363 360 354 349 344 338 329 321 312 303 291 291 289 290 293 288 291 290 288 287 286 298 307 314 322 326 331 333 328 312 326 336 343 349 355 360 365 370 375 379 383 386 390 393 396 399 401 403 406 411 416 419 421 421 419 416 414 412 408 407 406 406 404 402 398 395 391 386 380 376 385 392 398 403 408 411 415 419 424 428 431 435 436 438 438 439 439 439 440 439 437 432 428 423 418 414 405 397 386 374 361 348 334 318 305 292 285 282 279 275 274 273 270 267 266 260 259 258 269 275 280 286 292 297 300 310 319 332 349 365 377 385 393 403 409 414 419 424 429 433 433 432 432 431 431 430 429 428 427 425 423 420 417 414 411 409 406 404 407 409 409 409 409 409 408 408 407 407 406 406 406 406
240 241 240 237 234 232 230 229 229 228 226 224 223 221 219 216 213 210 208 206 205 205 204 203 204 203 202 202 202 203 205 205 206 206 207 208 209 211 212 201 202 206 209 211 218 229 241 247 254 267 280 282 283 279 273 264 258 256 251 245 242 240 239 238 238 237 241 238 238 237 237 236 236 236 236 241 246 250 244 241 244 247 249 250 254 259 262 258 264 280 286 288 296 305 306 304 301 308 318 332 358 352 343 340 337 335 334 333 331 329 328 328 329 329 329 326 338 347 358 367 380 387 390 386 376 360 344 336 330 323 317 313 312 313 315 317 316 314 316 317 323 331 336 350 362 378 397 404 412 422 430 439 447 455 464 476 488 498 502 496 476 460 452 449 451 450 452 462 475 502 512 517 520 521 522 522 523 524 523 523 523 522 522 524 523 523 524 525 525 525 527 527 527 527 527 528 527 525 524 522 520 517 512 503 484 462 447 433 417 409 399 390 381 372 365 357 350 355 363 367 366 362 365 365 363 362 358 357 354 350 344 339 334 329 324 316 309 301 292 292 298 300 301 296 290 287 286 290 295 305 314 323 329 332 334 336 331 314 328 339 346 352 357 362 367 372 377 382 386 390 394 397 399 401 403 406 408 412 417 421 423 424 423 419 417 415 412 411 410 409 407 404 402 398 395 391 385 373 383 390 396 402 406 410 413 417 420 424 426 430 436 439 439 440 441 441 441 441 439 434 430 425 420 416 408 399 387 376 364 350 336 324 310 299 294 289 284 279 278 276 273 270 268 264 258 260 268 273 278 282 288 293 299 305 315 328 345 362 375 384 391 401 407 412 417 422 427 433 433 433 432 432 432 431 429 429 428 426 424 420 416 414 411 409 407 408 409 410 411 410 410 410 409 409 408 408 408 408 407 407
242 243 241 238 235 232 230 229 227 226 224 223 222 220 218 215 213 210 208 207 205 205 204 203 203 204 203 202 202 203 204 205 206 206 206 207 209 211 212 203 198 203 206 209 214 228 242 248 254 268 280 282 284 280 273 261 255 251 248 243 241 240 239 238 239 239 240 241 241 240 239 238 238 238 238 243 250 257 251 245 247 249 251 253 253 256 261 260 260 276 284 288 293 300 302 303 303 315 331 349 360 358 354 346 341 337 335 333 332 330 329 328 328 329 327 327 338 347 359 370 381 387 392 388 379 365 349 338 332 325 317 313 313 316 317 318 319 318 319 319 325 334 345 348 359 374 394 394 403 408 417 426 438 453 467 479 490 500 506 506 500 491 483 480 471 468 471 480 499 511 516 519 521 522 523 523 524 524 524 524 524 523 523 523 523 525 525 524 525 526 527 527 528 528 528 528 527 526 524 521 518 513 505 491 470 453 443 430 413 405 396 388 379 373 366 359 350 343 353 358 357 354 358 358 355 352 346 343 339 335 332 331 329 324 317 311 305 300 291 296 304 307 306 302 299 298 295 300 306 315 324 332 335 337 339 340 334 320 328 340 348 354 359 364 369 374 380 385 390 394 397 400 402 404 406 408 410 414 419 422 424 426 425 423 420 418 416 415 414 412 410 406 404 402 399 394 388 381 380 387 393 400 405 409 411 414 416 419 423 427 431 438 439 441 442 443 443 443 442 436 432 427 423 417 411 401 389 380 368 355 342 330 317 309 303 298 291 290 286 281 277 273 269 266 257 259 266 272 276 280 284 289 295 303 314 328 345 360 373 383 391 399 406 412 416 420 425 431 433 433 433 433 432 433 432 430 429 427 424 421 417 414 412 410 408 410 411 411 412 412 412 411 411 410 409 409 409 409 409 409
243 244 242 238 235 232 230 229 227 226 224 222 221 219 217 214 212 210 209 207 205 205 204 204 203 205 203 202 203 203 204 205 205 206 206 207 208 211 213 208 198 201 204 210 214 226 243 250 255 272 281 282 284 283 269 260 255 250 247 244 241 240 239 238 239 240 241 242 243 242 240 239 240 240 240 247 254 259 257 250 249 252 253 253 254 256 261 263 261 262 279 287 291 296 301 303 305 316 326 356 363 361 359 353 348 341 337 335 333 332 330 329 327 327 326 328 337 348 360 372 381 387 392 389 382 371 356 345 335 328 321 314 314 316 318 320 319 317 319 323 330 342 348 353 360 372 385 391 401 404 415 426 431 449 467 480 492 501 507 510 511 511 510 508 504 501 505 509 514 517 519 521 523 524 524 524 525 525 525 524 524 524 523 523 523 523 524 525 526 527 527 527 528 528 528 528 528 526 523 520 514 507 494 477 460 448 439 426 412 402 394 385 378 372 365 357 349 339 338 345 344 341 346 348 345 339 334 330 327 323 322 322 320 316 311 305 303 299 295 297 313 316 313 307 305 305 306 308 314 325 333 337 341 343 345 344 337 322 329 340 349 356 362 366 371 376 382 387 392 397 400 403 405 407 409 410 412 415 420 424 426 428 428 426 423 421 420 419 418 416 412 409 407 405 401 396 391 386 379 385 390 396 401 404 407 410 413 417 421 425 430 435 441 442 444 445 445 445 444 439 435 429 425 420 414 404 396 383 372 360 348 336 328 322 318 307 302 300 296 290 282 276 272 268 259 259 265 269 273 277 283 288 294 302 314 327 348 361 372 381 389 397 406 412 416 420 424 429 434 434 433 433 435 436 433 430 429 427 425 422 418 415 413 411 410 411 412 412 413 413 412 412 412 411 410 410 410 410 410 411
244 244 242 239 235 233 230 229 227 225 224 222 221 218 215 213 212 210 209 207 206 205 204 203 203 204 203 202 203 204 205 206 206 206 207 207 209 211 214 212 200 198 202 208 213 220 238 250 258 273 282 283 284 280 268 260 254 252 248 244 241 240 239 239 239 241 242 242 243 243 242 242 243 244 248 252 256 258 260 260 255 251 254 254 255 257 262 264 266 262 268 284 290 293 299 301 304 313 330 351 365 365 362 359 355 349 343 337 335 333 331 330 326 326 327 329 334 347 359 373 382 388 392 391 386 376 362 351 342 333 326 317 314 317 320 322 319 318 320 326 335 345 351 358 361 375 384 391 395 403 411 420 425 442 466 482 493 502 508 512 514 514 515 515 515 515 516 517 519 521 522 523 524 525 525 526 526 525 525 525 524 523 523 523 523 523 524 525 526 526 527 527 528 529 529 528 526 525 521 516 508 497 479 466 452 447 437 422 410 399 392 384 377 370 363 354 347 339 329 324 326 327 329 335 334 329 326 322 319 315 312 310 307 303 300 300 300 296 292 295 311 319 315 314 313 313 314 316 323 333 339 344 348 350 350 348 339 327 330 341 351 358 364 368 373 378 384 389 395 400 404 406 408 410 411 412 414 417 421 425 428 430 430 427 425 424 423 423 421 419 415 412 409 407 403 398 394 388 382 383 388 393 396 400 403 408 412 416 420 424 429 433 438 443 446 447 448 447 446 442 437 432 427 423 417 408 399 388 377 366 356 344 338 334 329 319 315 308 303 297 288 280 274 268 260 259 261 267 272 276 281 288 294 302 312 324 345 361 371 381 389 396 405 412 416 420 424 428 434 435 434 435 437 437 435 432 430 428 426 423 419 416 414 412 411 412 413 413 414 414 414 413 413 412 412 411 411 411 412 412
243 243 242 239 236 234 231 228 227 225 224 222 220 218 216 214 212 211 209 207 206 205 204 203 203 204 203 202 203 204 206 207 207 207 207 208 210 213 215 215 204 198 198 205 213 221 235 249 259 274 282 284 283 278 265 257 252 252 251 246 241 240 239 240 240 241 242 242 243 244 244 245 248 252 254 255 257 258 260 262 260 253 254 255 256 258 259 264 265 266 262 273 289 291 296 301 304 312 324 338 366 372 369 366 360 357 351 344 338 336 334 331 328 327 328 330 334 346 360 372 381 389 392 392 388 381 370 358 348 339 330 324 318 318 321 322 320 319 319 326 338 345 353 360 362 375 380 388 392 401 411 418 419 438 465 482 494 504 510 513 516 517 518 518 519 519 520 521 522 523 524 525 526 526 526 527 526 526 525 525 524 522 521 522 521 522 523 524 526 526 527 527 527 528 527 527 526 524 519 511 501 482 471 458 449 443 430 417 406 398 391 384 377 371 363 354 347 341 335 329 323 313 318 322 323 322 319 315 310 306 296 297 298 298 297 297 295 293 294 301 310 319 322 323 322 323 323 326 327 337 344 350 354 357 355 350 342 331 332 343 352 360 365 370 374 379 385 390 397 404 406 408 410 412 413 415 417 419 423 427 430 431 430 430 428 427 427 426 424 421 418 414 411 408 404 399 394 389 384 385 387 388 392 397 402 406 410 415 419 424 428 432 437 442 446 448 449 449 448 445 438 433 429 424 418 411 402 393 383 373 363 352 349 345 342 338 331 319 309 300 292 285 276 269 260 259 260 267 272 276 281 288 294 301 309 323 340 359 369 381 389 397 405 412 417 420 424 428 433 436 435 435 437 438 436 433 431 429 427 424 420 417 414 413 413 413 414 415 415 415 416 416 415 415 415 413 413 413 414 415
243 243 242 239 237 235 232 230 227 225 224 223 222 220 217 215 213 212 209 207 206 205 203 203 204 204 202 202 203 205 207 208 208 208 207 208 211 214 216 219 207 198 198 203 211 220 235 252 262 277 284 286 284 275 262 254 250 249 250 247 242 240 240 241 240 241 242 242 243 245 247 250 253 254 254 255 257 258 259 261 259 251 252 254 256 257 259 264 266 266 269 265 282 292 294 301 306 312 324 336 364 381 380 370 369 363 359 353 345 341 336 332 330 329 330 332 337 348 360 373 380 386 391 393 392 385 378 366 356 345 337 330 323 316 322 322 320 319 320 325 336 346 349 363 365 376 380 387 393 401 409 416 424 433 458 483 495 505 511 514 517 519 520 521 521 522 522 524 524 525 526 526 527 527 527 527 526 525 525 524 521 517 516 514 511 515 518 521 524 525 526 526 526 527 527 526 525 521 514 504 487 472 466 460 452 441 423 414 404 397 390 384 378 371 365 360 355 348 339 334 328 323 315 304 313 313 310 304 299 298 298 304 306 305 304 302 300 300 304 308 313 323 329 330 330 331 332 335 336 340 349 356 362 362 359 353 343 336 329 341 352 362 367 371 376 381 386 392 398 404 409 411 412 414 416 417 419 421 423 427 431 433 433 432 430 430 430 429 427 424 420 416 413 410 405 399 394 389 385 389 389 393 394 394 400 404 409 414 419 424 428 431 436 440 446 448 449 449 449 445 440 434 430 425 420 414 407 398 388 380 370 362 358 355 353 354 345 328 315 304 296 288 280 274 264 259 260 267 272 276 280 286 293 299 307 318 335 354 368 380 389 396 405 412 417 420 424 428 433 437 437 437 438 439 437 434 432 430 428 424 420 418 415 414 414 414 415 416 417 418 419 419 419 418 419 414 414 415 416 417
243 243 241 240 238 237 233 230 228 226 225 224 222 220 218 216 213 212 209 207 206 205 203 203 203 202 202 203 204 206 208 209 209 208 208 209 211 214 217 221 209 198 198 206 213 220 235 249 262 278 286 288 286 270 259 252 249 250 249 246 242 240 240 241 241 241 242 242 243 246 250 252 253 254 254 256 258 259 260 258 255 250 251 253 253 255 257 262 264 265 267 266 280 290 295 301 305 311 326 343 364 377 386 384 379 372 367 361 355 346 341 335 332 332 332 334 341 351 364 375 381 386 392 395 394 390 383 372 365 355 345 337 332 322 317 323 322 320 320 324 336 344 353 363 367 375 381 385 393 399 410 415 424 431 454 481 495 506 512 515 518 519 522 523 524 524 524 525 526 527 527 528 528 528 528 527 526 526 524 521 512 500 497 488 485 492 501 507 517 522 524 524 525 526 526 525 523 516 506 491 476 465 461 457 450 438 422 412 404 396 390 384 378 374 369 365 361 353 345 340 332 326 320 310 300 300 299 298 300 304 311 313 312 311 309 307 305 306 310 315 321 328 335 339 342 344 344 344 346 344 353 363 369 367 362 355 347 341 329 340 350 362 369 373 377 382 387 392 398 404 409 413 415 416 418 420 422 424 426 428 431 434 434 434 434 433 433 432 429 426 419 418 414 411 405 399 393 388 390 392 392 396 398 399 399 403 409 414 420 425 428 431 435 439 444 449 450 450 449 446 441 435 431 426 421 417 410 402 391 386 380 372 367 363 363 361 354 338 323 310 301 293 283 275 264 259 261 266 271 274 278 284 290 297 304 313 326 345 365 377 387 396 405 412 416 421 424 428 433 438 438 438 438 439 438 436 433 431 428 424 421 419 416 415 414 416 418 418 419 421 422 421 420 420 419 416 416 417 418 419
243 243 242 240 239 238 234 230 229 227 226 225 222 220 218 216 214 212 209 207 206 205 204 202 202 202 202 203 205 207 209 209 210 209 209 209 211 215 219 221 208 198 198 205 214 221 232 250 264 281 287 287 278 265 256 250 249 250 247 245 243 241 242 242 242 242 242 242 244 248 252 252 253 254 255 258 259 258 254 251 249 249 250 251 252 255 256 258 262 264 267 267 274 283 292 301 304 312 322 343 367 386 390 390 389 380 374 367 363 356 349 343 337 335 335 341 347 357 369 378 382 388 394 400 400 394 387 378 374 364 354 347 340 331 319 320 321 320 321 324 334 342 351 361 364 371 381 382 391 397 409 413 424 428 451 472 492 505 512 515 519 521 523 524 525 526 527 526 527 528 529 529 529 529 529 528 527 524 521 514 496 476 471 462 462 467 475 483 497 509 516 519 521 521 521 519 514 505 492 476 467 463 455 451 447 435 420 408 401 396 391 385 381 377 373 369 364 355 347 341 332 326 316 300 301 304 306 309 311 314 317 317 317 316 314 313 311 312 316 321 328 335 342 347 349 352 353 354 356 354 356 367 373 370 365 359 351 345 340 332 346 359 369 375 379 383 388 392 398 403 408 414 417 419 421 423 425 427 429 431 433 435 436 437 437 437 436 434 431 428 425 420 416 412 406 399 392 393 395 396 396 399 402 403 403 405 408 414 420 425 428 432 435 439 444 449 450 450 450 447 442 436 432 427 423 418 413 407 398 388 382 379 375 371 368 365 361 349 331 315 305 296 284 275 264 258 261 265 269 273 277 282 288 294 302 310 322 334 359 373 384 394 404 411 417 420 424 428 433 439 440 440 440 440 439 437 434 432 429 425 422 419 417 416 416 418 420 422 422 423 424 424 423 422 418 419 419 420 421 422
243 242 241 240 240 238 235 232 229 228 226 225 222 220 218 216 214 211 209 207 206 204 203 202 202 202 202 203 204 207 209 210 210 210 209 210 212 216 220 222 209 198 198 204 214 223 238 252 266 284 288 282 271 261 252 248 246 246 246 245 245 244 244 243 243 242 242 242 244 248 250 252 253 255 256 257 257 254 250 249 249 249 249 251 252 255 256 258 260 263 267 269 274 286 291 296 305 315 326 346 371 391 397 398 399 394 386 373 368 364 359 354 346 340 339 347 353 367 376 380 385 390 395 403 403 397 390 384 378 369 361 354 347 338 325 319 321 322 320 324 330 341 349 357 358 365 373 379 392 397 408 415 422 427 446 462 479 500 510 515 519 522 524 526 526 527 528 528 528 529 529 530 530 530 530 528 525 522 515 500 479 462 450 448 443 450 452 461 471 483 496 503 507 507 506 506 497 486 473 462 461 457 453 449 442 428 416 407 401 396 391 386 381 378 375 371 366 355 346 340 330 324 310 301 305 309 312 316 318 322 324 323 322 321 320 318 318 320 323 329 335 344 352 357 360 364 365 367 368 364 364 370 375 373 368 362 356 351 345 332 342 352 364 374 379 383 388 393 398 403 409 414 419 421 424 426 427 430 432 434 436 437 438 439 440 439 439 436 433 430 426 422 417 412 407 401 393 397 399 399 400 400 405 407 407 408 410 414 420 424 428 432 436 439 443 447 451 451 450 448 443 437 433 429 424 420 416 412 405 398 391 385 381 376 371 367 363 356 338 320 307 296 285 276 266 259 261 260 269 273 278 282 287 292 299 306 316 332 351 369 381 391 403 410 417 420 423 428 433 439 441 441 441 441 440 437 435 433 430 426 423 420 418 417 417 421 422 425 426 426 425 427 426 424 420 421 422 423 424 425
242 241 241 241 240 238 235 233 230 229 227 224 222 220 218 216 214 212 209 207 205 204 203 203 203 202 202 203 204 207 209 211 211 211 210 210 212 216 220 222 206 198 199 204 212 223 240 253 268 287 284 275 266 256 250 246 245 245 245 244 245 246 246 244 243 242 242 242 244 246 248 251 254 255 254 253 252 253 249 248 249 250 251 253 254 253 255 257 260 263 270 270 270 287 292 298 304 315 332 348 376 393 400 405 407 404 391 381 375 369 365 361 355 351 351 357 359 372 380 384 388 393 399 405 405 400 393 387 380 373 369 364 352 342 329 319 319 322 324 325 330 339 346 354 355 363 373 380 388 396 407 415 420 429 442 454 469 491 505 512 518 522 525 526 527 528 529 529 529 530 530 531 531 530 529 527 523 516 503 482 465 453 438 434 430 432 436 443 452 460 467 475 482 481 477 478 475 465 458 454 455 452 448 442 434 423 414 406 401 396 392 387 383 380 377 373 365 356 346 339 330 322 308 302 310 314 318 322 327 331 330 329 328 327 326 325 325 327 331 338 345 355 363 366 368 370 371 373 373 372 370 375 378 379 373 366 360 355 350 344 333 345 354 367 377 383 388 393 398 403 409 414 420 423 427 429 430 433 435 437 438 440 441 442 442 442 441 438 434 431 427 423 419 413 408 402 396 400 403 403 404 403 406 411 412 412 413 416 421 426 430 433 436 439 442 446 451 451 451 450 443 438 434 430 426 422 418 413 410 407 400 393 387 381 374 370 366 360 342 324 311 299 287 277 269 262 261 261 270 273 277 280 285 290 295 302 313 329 350 367 380 391 402 410 416 420 423 427 432 437 441 442 442 442 440 438 437 435 432 429 425 422 419 418 419 424 426 426 428 428 428 428 428 425 422 423 425 426 427 428
241 240 240 240 239 237 235 233 231 228 226 224 221 219 218 217 215 212 209 207 206 204 203 203 202 202 201 203 204 206 209 211 211 211 210 210 212 215 220 221 204 199 198 206 211 222 237 252 264 280 278 269 260 253 248 245 244 245 244 244 245 247 244 242 242 241 241 241 242 244 245 247 254 261 255 252 251 251 250 249 250 251 253 255 257 257 255 259 262 263 271 272 271 278 294 300 310 320 335 356 379 395 403 411 411 408 398 389 383 376 372 369 364 359 361 363 369 378 383 387 392 397 404 408 408 403 395 388 384 378 373 366 353 345 332 321 320 322 324 327 330 336 341 349 358 363 374 387 388 394 405 413 419 430 441 448 458 477 497 509 517 521 525 527 528 529 530 530 530 531 531 531 532 531 529 524 515 503 482 464 453 443 431 423 419 421 424 431 439 442 447 456 462 458 461 461 457 454 451 449 448 446 440 433 425 418 410 404 400 396 390 386 384 381 378 373 364 356 347 339 330 320 308 302 314 320 328 331 334 337 338 336 335 333 332 332 333 335 341 347 353 364 371 372 374 376 376 379 379 378 377 379 382 384 378 371 364 359 355 350 343 336 349 358 370 380 387 393 398 404 409 414 419 424 429 431 433 436 438 440 441 442 443 444 445 444 442 438 435 432 429 425 420 415 409 401 401 405 407 408 408 407 409 414 416 416 417 419 423 428 431 435 437 441 444 447 449 451 450 447 443 438 434 430 426 422 418 415 412 409 402 393 388 382 376 372 366 361 345 327 313 300 289 279 270 264 262 261 268 271 275 278 283 289 296 306 316 330 352 368 379 390 401 409 416 421 423 427 432 437 441 443 443 443 442 440 438 436 434 432 428 424 421 419 421 426 429 429 428 429 429 429 429 429 425 426 427 429 429 431
239 239 240 239 237 236 234 233 230 228 225 223 220 219 218 217 215 212 209 207 205 204 203 203 202 202 201 203 204 205 207 210 211 211 211 210 210 213 218 220 201 198 199 202 210 220 233 249 263 273 273 265 257 250 246 245 243 242 242 243 246 246 243 242 241 241 241 241 242 243 244 248 255 262 263 261 249 249 250 249 250 251 253 256 258 260 259 260 262 268 269 272 274 287 298 304 317 327 338 356 379 398 404 412 413 408 403 396 391 385 378 375 373 370 370 372 376 381 386 390 396 403 408 413 412 405 397 390 387 382 375 366 353 346 335 323 321 322 324 327 331 336 345 354 362 372 388 398 395 394 400 409 415 423 434 446 452 466 486 504 515 522 526 527 529 530 531 531 531 531 532 532 532 530 526 517 498 476 463 450 439 433 425 417 411 413 417 424 427 431 441 450 451 447 446 449 448 448 447 443 440 435 429 422 417 412 405 403 399 395 391 387 384 382 378 373 365 357 347 339 329 319 307 303 318 328 333 336 339 342 343 344 342 340 340 339 340 345 351 357 362 370 378 380 382 383 383 384 384 382 382 383 386 387 382 375 368 363 359 354 349 342 347 356 365 376 387 394 399 404 409 414 419 425 431 434 436 438 440 442 444 445 446 447 447 446 443 439 436 433 430 425 420 414 408 401 407 410 411 412 413 411 412 416 421 421 422 423 426 431 433 436 439 443 446 449 451 452 450 446 442 437 433 429 426 421 417 414 411 406 397 391 386 380 375 371 366 358 339 325 312 300 290 281 273 267 262 261 265 269 275 279 284 290 298 309 320 334 359 371 381 392 401 410 416 421 424 428 432 438 442 444 445 444 442 440 440 438 436 434 430 426 422 421 422 429 431 430 430 430 430 431 431 429 428 428 430 431 432 433
238 238 239 238 236 234 233 232 229 227 225 222 220 219 216 214 211 210 208 206 204 204 203 202 202 202 201 203 203 205 207 209 211 211 211 209 210 212 216 215 199 198 198 202 210 217 236 249 260 269 267 261 253 248 245 243 242 241 241 242 245 244 241 241 241 240 241 241 242 244 243 247 253 259 265 262 251 248 249 249 251 252 254 257 259 261 262 263 267 270 274 276 279 283 299 306 321 330 339 359 381 394 405 413 413 411 410 407 398 393 387 380 378 376 376 377 382 386 390 394 400 407 411 415 414 409 401 393 388 383 377 367 356 348 337 325 322 322 325 329 335 343 351 361 368 380 394 406 405 402 403 404 410 417 426 435 443 454 475 499 513 522 526 528 530 531 531 531 531 531 532 532 531 527 518 499 476 462 448 440 432 427 420 413 407 406 408 414 420 430 439 442 441 436 438 441 439 439 437 430 427 424 418 414 410 406 403 400 397 394 390 387 385 382 378 372 364 354 345 338 328 318 304 305 322 334 338 341 344 347 350 351 349 349 349 350 351 355 361 366 371 378 385 386 388 390 390 390 389 387 385 387 389 390 387 378 372 368 364 358 354 347 345 356 365 375 387 395 401 405 410 415 420 425 431 436 439 441 443 445 446 447 448 449 449 447 444 441 437 433 429 424 419 412 406 406 411 414 415 417 418 416 417 420 425 426 427 428 430 434 436 439 442 445 448 451 454 453 448 444 440 436 432 429 425 420 416 412 407 400 392 383 384 376 372 368 365 353 334 323 310 299 290 282 274 268 264 260 263 270 275 279 284 291 301 312 322 332 361 372 386 398 405 411 417 422 426 429 433 438 442 445 446 445 443 442 441 440 438 436 432 427 424 422 423 429 432 432 432 432 433 434 433 430 431 431 433 434 435 436
238 238 238 236 235 233 232 232 228 226 224 221 219 217 213 214 213 211 208 206 205 204 203 203 203 203 202 202 203 204 206 209 210 212 211 210 209 211 214 211 198 198 198 202 210 223 239 251 261 263 260 255 249 246 244 242 242 241 241 241 243 241 240 240 240 240 241 241 241 244 243 247 251 256 263 261 252 248 248 248 249 251 254 257 259 261 266 268 270 274 277 279 282 297 298 314 325 331 339 358 382 393 406 415 415 416 413 411 409 398 394 388 386 386 386 384 386 391 395 398 405 412 416 418 416 411 403 394 391 386 380 373 363 352 343 331 322 323 328 335 341 349 358 366 377 391 403 409 408 407 411 411 414 417 420 424 434 450 468 493 512 522 527 529 530 531 532 532 532 531 531 530 528 518 498 478 463 447 442 436 431 424 420 412 405 401 404 408 416 424 430 431 430 427 426 428 426 425 425 420 417 415 411 408 405 402 400 397 395 393 390 388 385 382 377 370 363 352 344 337 326 313 304 314 326 337 341 345 348 352 357 359 359 359 361 362 365 368 372 378 381 385 389 391 393 396 396 395 393 391 389 390 392 393 391 383 377 372 369 364 359 353 343 355 365 372 385 394 401 406 411 415 419 425 431 438 441 444 446 447 448 449 450 451 451 449 445 441 437 433 428 424 417 412 407 409 413 416 419 421 423 421 422 426 430 430 431 432 433 436 438 441 444 447 450 453 455 453 448 444 439 436 432 428 423 418 413 407 400 389 382 378 373 371 368 367 364 349 331 320 309 299 291 282 275 268 265 262 263 270 275 279 284 292 303 310 319 339 362 372 387 401 407 413 419 425 429 432 434 439 444 447 447 446 444 444 443 442 440 437 434 429 425 425 426 427 433 434 434 434 436 437 436 432 433 434 435 436 437 438
238 237 236 235 234 233 232 230 227 225 223 221 218 216 215 217 214 211 209 207 207 206 205 204 204 205 203 201 203 204 205 208 210 212 211 210 209 210 212 206 198 198 198 201 212 225 241 258 259 257 254 250 247 244 243 242 241 241 241 241 241 240 240 240 241 241 241 241 241 244 243 246 249 255 261 258 248 247 247 248 249 251 253 256 259 262 269 275 276 279 280 280 282 298 300 309 325 333 337 350 367 388 406 412 417 419 415 412 410 408 402 397 393 393 392 390 391 395 399 403 410 415 420 421 418 412 405 400 393 387 385 380 370 356 346 334 324 326 333 339 349 356 364 373 387 400 409 412 411 412 415 418 422 427 431 440 445 452 472 496 515 524 528 530 531 532 532 532 532 531 530 526 519 497 478 463 448 441 435 432 429 426 421 411 403 397 400 405 412 417 419 421 420 420 420 419 417 415 414 412 410 408 407 404 402 398 396 394 391 390 389 387 384 381 377 369 361 353 345 337 326 309 303 315 329 339 344 350 353 357 364 366 367 369 371 373 377 380 383 387 388 390 393 396 397 399 399 399 398 395 395 394 395 396 395 386 381 377 374 369 364 358 350 355 364 373 383 393 400 407 411 415 420 425 430 436 442 445 448 449 450 451 452 452 452 450 446 442 437 434 430 426 421 414 409 412 415 418 422 425 428 428 425 431 433 434 436 436 437 440 441 444 447 449 451 454 454 451 447 442 439 435 431 427 422 416 409 402 389 377 370 366 365 366 364 364 361 343 328 315 305 297 288 281 274 269 265 262 263 270 274 279 284 290 304 311 323 336 361 373 388 400 407 413 420 427 431 434 436 440 444 447 448 447 446 445 444 443 441 438 436 431 429 428 428 429 433 436 436 436 438 438 437 436 436 437 438 439 440 441
237 236 235 234 233 232 231 229 226 224 222 220 217 216 218 217 214 211 209 207 207 206 206 205 205 205 204 201 202 203 205 208 210 212 212 211 210 211 212 200 198 198 199 205 215 223 237 252 255 252 249 247 246 243 242 241 241 241 240 240 241 240 240 241 242 242 241 241 241 242 244 243 245 251 254 251 247 248 248 248 248 250 252 255 261 267 275 286 290 284 281 281 283 297 303 310 320 332 338 349 362 386 401 406 413 417 416 414 413 410 408 406 402 399 396 394 396 399 401 408 413 419 423 423 419 415 409 403 398 393 388 384 373 356 348 337 326 328 338 345 355 363 372 383 396 407 413 415 415 416 419 423 432 441 449 456 459 468 484 505 519 527 529 531 532 533 533 532 531 529 526 519 500 478 461 450 443 436 431 426 424 422 415 408 399 395 396 401 407 410 411 412 413 413 414 413 411 410 408 407 404 404 402 400 398 395 392 390 389 388 387 386 384 380 374 369 360 351 344 338 324 306 305 316 327 339 344 351 356 362 368 370 372 375 379 383 385 387 389 391 393 395 398 399 400 402 403 403 402 399 399 399 398 399 399 391 385 381 378 374 368 363 358 347 363 374 384 394 400 408 412 416 421 425 430 435 441 446 449 451 452 453 454 454 453 451 447 444 440 436 434 429 423 417 413 414 418 420 424 428 431 433 433 434 436 437 439 440 442 444 446 448 450 452 454 455 454 450 445 441 437 433 429 425 420 414 406 394 381 369 360 354 353 356 355 351 342 332 321 309 299 292 286 280 275 270 263 262 264 270 275 280 285 293 302 313 323 340 359 373 388 402 408 413 420 427 432 435 437 440 443 446 447 447 447 447 446 444 443 441 437 433 431 431 431 431 434 437 438 438 438 439 437 438 438 439 440 442 442 443
236 236 235 234 233 233 231 229 225 223 221 218 217 218 220 217 214 211 210 208 208 207 206 205 206 206 204 202 200 202 204 207 210 212 213 212 211 210 210 199 198 198 199 207 220 230 237 244 249 247 245 246 245 243 241 241 240 240 240 239 240 240 241 242 241 240 240 240 240 241 244 243 243 243 245 245 248 249 249 249 248 249 251 257 264 272 280 289 289 286 283 281 282 299 302 306 320 327 339 354 380 384 390 398 403 409 413 415 414 412 411 408 406 403 401 400 401 405 406 411 416 421 426 425 420 417 411 408 402 396 391 384 370 358 348 338 329 332 343 351 361 368 379 394 404 412 415 417 418 420 422 429 439 445 459 465 473 485 500 515 524 529 531 533 533 533 533 532 530 526 518 501 479 461 450 444 439 435 428 422 416 411 409 403 396 391 392 398 402 405 407 408 409 408 409 408 407 406 404 402 400 399 398 396 393 391 389 386 385 384 384 383 381 376 372 369 359 352 345 339 317 306 309 317 324 333 345 351 357 365 370 373 376 380 385 388 390 392 394 396 397 399 400 402 403 405 406 407 406 404 403 403 402 402 402 395 390 386 383 380 374 369 364 355 362 375 386 394 402 406 412 416 422 426 430 435 441 447 450 452 454 455 455 455 454 452 450 447 443 439 436 432 425 420 418 416 421 425 428 432 434 436 436 437 439 441 443 444 446 449 451 452 453 455 455 456 453 449 443 439 435 431 427 423 418 410 401 387 374 361 350 343 338 337 335 333 326 320 313 303 295 289 283 278 273 268 262 262 266 271 275 280 286 292 305 312 324 340 355 373 386 402 409 414 422 426 430 434 439 441 444 447 448 448 449 448 447 446 444 442 440 436 434 434 433 434 435 439 441 440 440 441 441 441 441 442 443 444 445 446
236 236 234 233 233 232 230 229 226 223 220 218 218 219 220 217 215 212 211 209 208 207 207 206 207 206 204 202 201 201 203 206 209 212 213 213 212 210 205 198 198 199 200 210 229 233 238 241 242 242 244 246 246 243 241 241 240 239 239 238 239 240 241 241 240 239 240 240 240 241 243 243 243 242 242 244 247 250 249 248 248 248 251 255 261 271 287 291 287 286 285 283 281 299 304 308 313 322 334 345 356 373 381 386 394 398 404 407 408 411 411 411 409 407 405 404 406 407 410 416 420 423 427 426 422 419 415 407 405 398 392 386 369 358 347 339 334 333 346 356 364 374 385 401 408 414 418 420 420 423 427 433 443 453 464 474 484 502 516 522 527 530 532 533 534 534 533 531 527 519 501 478 466 452 445 441 437 432 430 425 416 409 402 397 393 388 391 394 398 402 403 404 405 405 405 404 403 402 399 399 397 394 394 391 389 386 384 381 379 376 376 376 374 373 370 362 356 350 345 336 312 307 311 317 322 333 345 351 357 364 372 374 378 382 388 391 393 395 397 398 400 401 403 404 406 408 409 410 410 408 407 406 405 405 405 400 395 391 388 385 382 375 370 363 363 375 389 397 404 408 413 417 421 426 430 435 440 446 450 454 456 457 458 458 456 454 453 450 446 442 439 434 430 426 421 420 424 429 432 436 438 439 440 441 443 445 446 448 451 452 454 456 457 457 457 455 452 447 443 437 433 429 425 420 413 406 393 377 362 350 340 333 327 322 319 314 311 308 303 295 289 285 280 276 271 265 262 262 268 272 276 281 286 293 304 311 323 337 353 374 383 400 408 413 419 426 430 434 438 442 444 447 449 449 450 449 449 447 446 444 442 439 437 436 436 437 437 441 443 443 444 444 443 443 444 445 446 447 448 448
235 234 234 233 232 231 228 226 224 222 220 220 220 221 220 217 215 213 211 210 209 208 207 207 208 207 204 202 201 200 203 205 208 212 214 214 213 211 201 199 198 199 203 219 227 229 231 235 236 239 242 245 247 243 241 241 241 240 238 238 239 239 239 239 238 239 239 240 241 241 243 243 242 241 243 246 248 250 250 248 248 248 251 254 258 267 279 282 287 286 287 286 280 297 304 310 311 310 319 332 341 354 363 372 381 384 390 397 400 405 408 410 411 410 409 408 411 411 412 420 424 427 427 426 422 420 415 409 402 396 390 383 367 355 350 349 344 336 346 357 367 377 389 401 410 416 419 422 424 426 432 437 445 458 470 479 496 514 524 526 530 531 533 534 534 534 532 528 521 507 482 466 453 446 442 438 434 429 426 420 413 408 402 396 390 384 389 392 395 398 399 400 400 400 400 400 399 397 396 395 393 390 388 385 382 379 376 373 370 367 366 367 367 365 361 357 352 346 342 335 313 307 310 314 321 329 343 349 355 363 373 376 380 384 390 393 395 397 399 401 403 404 406 407 409 410 412 413 413 412 410 409 408 408 408 405 400 396 394 390 387 380 375 367 356 373 385 397 405 410 416 420 424 427 431 435 440 445 449 455 458 460 461 461 459 458 455 452 449 445 441 437 435 430 424 423 428 434 437 439 441 444 444 444 446 448 450 452 454 456 457 461 460 459 457 454 449 444 440 436 431 426 422 415 408 396 385 367 351 337 327 323 317 312 310 305 302 298 294 290 286 281 277 273 268 261 263 265 269 274 278 283 288 294 303 311 316 331 353 373 381 393 406 412 419 425 431 434 437 441 444 447 449 450 450 450 450 448 447 447 444 441 440 439 439 439 440 442 446 446 447 446 446 446 447 448 448 448 450 451
236 234 233 233 233 233 231 229 226 223 222 219 221 222 221 218 216 214 212 212 210 209 208 208 208 208 205 203 202 201 202 205 208 211 214 214 213 207 198 199 199 199 210 219 220 223 228 231 234 237 240 243 245 243 242 242 241 241 240 239 238 237 237 238 239 239 239 240 241 241 242 242 241 241 243 244 246 248 248 247 246 247 249 251 257 262 267 272 275 276 284 288 279 288 302 308 309 314 311 319 328 335 345 349 352 361 373 384 391 396 400 405 408 409 412 412 413 416 417 420 426 428 428 427 425 421 415 409 403 396 391 380 366 363 361 359 353 343 344 356 366 379 391 401 411 417 421 424 426 430 436 444 449 461 474 483 507 521 528 529 532 534 534 534 534 534 531 525 514 496 478 461 446 442 437 431 430 425 419 414 410 405 400 395 386 379 385 390 392 393 394 394 395 396 396 395 394 394 391 389 388 385 381 379 375 371 366 363 360 359 358 358 358 358 356 351 346 341 338 332 315 307 308 306 310 326 339 347 352 359 370 377 380 384 390 394 396 399 402 403 405 407 408 410 412 413 415 416 416 414 412 412 412 412 411 408 404 400 398 395 392 386 380 374 366 366 380 394 403 409 416 421 425 428 431 434 439 443 448 454 459 461 463 463 462 461 458 455 451 446 443 441 439 433 431 424 431 437 440 442 445 447 449 449 450 452 453 456 458 459 459 462 460 458 456 452 447 443 438 434 428 424 417 410 400 388 368 350 338 327 318 314 311 306 303 298 295 293 290 287 283 276 273 269 262 264 264 266 270 275 279 284 289 294 303 312 319 332 350 373 380 390 403 411 418 424 430 434 437 440 443 446 449 450 451 451 451 450 450 449 448 444 443 442 442 442 443 447 448 449 449 449 449 449 450 451 450 450 451 452
235 235 234 234 234 233 231 229 226 224 222 221 222 223 221 218 216 215 214 212 211 210 209 209 209 207 205 203 202 200 201 204 208 211 213 213 209 198 199 199 199 200 205 209 219 225 227 230 234 237 240 242 244 243 243 242 243 242 241 240 237 236 236 238 239 240 240 241 241 242 242 241 241 241 242 242 244 246 246 246 245 246 248 250 254 257 261 265 270 275 277 284 284 283 298 304 309 312 313 315 316 322 326 333 338 345 356 373 382 387 393 399 402 407 411 413 414 418 421 422 428 430 429 428 426 422 416 410 403 395 388 377 373 371 371 369 362 353 346 352 365 376 390 401 411 417 421 424 427 431 437 445 452 464 474 495 512 523 529 531 533 534 535 534 534 533 529 520 505 486 471 461 448 435 431 427 425 419 414 408 405 400 397 389 381 375 375 380 383 386 387 388 389 390 390 390 389 389 386 382 381 379 374 370 367 364 360 357 354 352 351 351 351 351 348 344 340 335 332 323 312 309 307 309 306 314 330 343 349 356 364 375 380 384 388 393 396 400 403 406 408 409 411 413 414 416 417 418 417 416 414 416 416 415 416 412 408 404 401 398 396 392 386 382 376 369 373 388 401 407 413 421 426 430 432 435 439 442 446 452 457 462 464 465 464 463 461 458 454 449 446 445 443 440 436 428 432 438 442 445 449 451 453 454 454 455 457 459 460 461 461 460 459 457 454 449 446 442 437 432 427 420 413 405 390 367 349 337 329 319 312 307 305 301 296 294 292 289 286 283 280 276 270 265 264 264 265 267 271 273 280 285 290 296 302 311 320 333 351 372 381 388 399 409 416 422 427 431 435 438 442 446 449 450 451 452 453 453 453 452 451 446 446 445 445 444 447 450 451 452 452 451 452 452 453 454 454 453 454 454
236 234 234 234 234 232 230 228 226 224 223 221 222 222 220 218 216 214 213 212 211 210 210 210 209 208 205 203 202 200 201 204 207 210 211 208 199 199 199 199 199 204 211 216 223 225 227 230 234 237 240 243 245 245 243 243 243 242 241 239 237 236 236 237 238 240 241 241 241 241 241 241 240 240 241 241 242 244 244 245 245 245 246 248 252 254 256 260 265 270 273 281 287 281 294 300 305 311 312 315 316 317 317 321 327 334 343 360 372 378 385 391 397 405 410 411 414 419 423 427 429 430 429 428 427 422 417 410 401 394 384 382 382 381 378 374 369 366 361 356 360 374 386 400 410 416 420 423 427 432 438 446 455 465 474 497 512 525 529 532 533 534 535 535 535 532 527 513 493 476 467 457 445 435 426 419 417 414 411 405 401 394 388 382 380 379 371 366 369 372 375 377 380 380 381 381 382 382 381 377 373 370 367 365 361 358 355 351 348 346 345 345 344 342 338 333 326 322 317 310 311 314 316 317 311 309 320 333 344 353 361 370 381 385 390 393 397 401 405 408 410 411 413 414 416 418 418 419 419 419 418 419 419 419 419 417 412 408 405 402 400 397 393 389 386 379 368 381 397 406 412 419 426 430 433 436 439 442 446 450 455 460 464 466 466 465 463 460 456 453 451 449 447 444 441 436 435 441 444 448 453 456 458 459 459 460 461 462 463 463 463 461 458 455 452 447 444 440 436 431 424 416 406 390 373 356 340 328 317 307 306 299 297 295 291 289 290 287 284 281 279 275 272 268 264 265 267 269 273 278 282 286 291 297 305 311 320 335 354 370 380 386 395 406 413 420 423 427 432 436 441 445 449 451 453 454 455 455 455 455 454 449 448 448 448 447 451 454 454 454 454 454 455 455 456 457 457 457 456 456
236 234 235 235 235 233 231 229 227 225 223 222 223 222 220 218 216 214 214 214 212 211 211 210 210 208 205 203 202 200 200 203 205 208 208 199 199 199 199 199 200 207 215 220 224 225 227 231 234 238 241 244 246 247 244 242 241 241 241 239 237 236 235 236 237 238 239 241 241 241 241 241 240 241 240 242 243 243 244 244 244 245 246 247 250 252 254 257 260 265 271 280 286 283 283 296 300 305 309 312 311 313 317 320 322 324 331 345 357 366 374 381 389 397 404 409 412 419 424 428 430 431 430 428 427 421 413 405 399 393 392 391 391 388 386 380 377 374 371 367 366 373 386 396 407 415 418 423 427 431 437 447 456 464 473 489 508 523 529 532 534 535 536 536 534 531 524 508 487 469 461 453 441 431 422 416 412 409 406 403 398 395 393 393 392 390 382 377 366 362 362 363 366 367 369 370 371 372 371 370 367 365 362 359 356 352 349 346 342 339 336 336 334 329 317 315 315 314 316 318 319 322 322 322 318 309 318 327 339 350 359 368 380 385 390 394 398 402 406 410 412 413 415 416 418 419 420 422 421 421 422 423 422 423 422 421 416 412 409 406 404 400 400 397 393 389 378 375 390 403 410 416 424 430 434 436 439 442 446 449 453 458 463 466 467 467 466 462 460 458 456 454 451 449 445 440 438 443 447 451 456 461 463 463 463 464 465 466 465 465 463 461 456 453 449 445 442 437 434 429 421 412 394 378 365 347 334 323 325 316 313 307 300 293 288 284 281 284 282 280 278 275 271 266 264 265 267 271 273 280 287 291 294 300 311 317 323 339 354 368 378 386 393 400 408 415 422 425 429 434 438 444 448 451 454 455 455 456 456 455 452 451 451 450 450 450 452 457 457 457 457 457 458 458 459 460 461 460 460 459
236 235 236 236 235 233 231 229 227 225 223 222 221 218 218 217 216 215 215 214 212 212 211 211 210 208 206 204 201 199 201 201 203 206 200 198 199 199 199 200 203 209 215 221 224 225 227 230 235 239 241 244 245 246 243 241 239 239 239 239 237 236 235 235 235 236 238 239 240 240 240 241 240 241 241 242 243 244 245 244 244 244 246 248 250 251 254 257 259 262 268 275 284 286 281 292 295 297 303 305 308 310 313 315 324 322 323 328 340 350 353 363 375 388 395 404 411 416 422 427 432 431 432 428 426 422 414 405 399 397 397 399 398 395 391 387 384 382 382 379 377 378 386 396 406 414 419 422 426 430 436 443 453 461 471 485 502 519 528 532 534 535 536 535 534 530 520 502 483 467 453 446 437 426 420 417 412 408 404 401 401 401 400 400 398 394 392 384 376 367 361 357 355 359 362 364 365 366 365 364 362 359 356 353 350 348 343 340 336 333 330 326 318 318 319 319 322 324 327 329 332 332 329 326 318 310 317 325 334 346 356 364 374 384 389 394 398 403 407 410 413 414 416 418 419 421 422 424 424 424 425 426 426 426 425 425 420 416 413 411 408 406 404 403 399 396 388 377 386 399 410 415 422 430 434 437 440 443 446 449 453 457 461 465 468 469 468 465 464 462 460 458 455 452 447 442 440 446 449 455 461 465 467 468 468 468 469 469 468 466 464 460 456 451 446 443 438 435 431 425 416 397 385 372 349 337 344 341 335 328 324 316 307 301 296 289 282 278 278 277 276 274 271 265 264 266 270 276 280 281 290 295 298 305 313 321 329 340 354 366 376 385 390 396 402 410 419 422 426 431 436 441 446 450 454 455 455 455 455 455 454 454 453 453 452 453 455 457 460 460 460 460 461 461 462 463 464 464 463 462
236 235 236 235 233 232 231 229 227 224 221 220 220 220 219 218 216 216 215 214 213 213 213 211 210 208 206 204 202 200 199 200 201 204 199 198 198 198 199 200 206 210 213 218 222 221 224 227 231 236 240 243 243 242 241 240 239 237 238 238 237 235 235 236 237 237 237 237 238 238 239 241 241 240 241 243 243 244 245 244 244 245 246 247 250 252 254 257 259 261 265 273 277 284 285 281 282 284 292 294 302 308 309 312 315 322 323 322 326 335 340 346 361 373 389 399 405 412 419 427 431 432 431 430 429 424 417 407 402 400 401 406 407 402 399 396 393 393 393 391 388 389 391 397 405 414 419 423 426 429 435 442 451 456 462 479 494 513 525 530 533 535 535 535 534 528 516 497 477 468 457 444 435 427 422 418 413 410 406 405 404 403 403 402 400 397 396 391 383 374 367 363 357 352 355 358 360 361 360 360 358 354 351 348 344 342 338 335 332 328 321 320 325 328 328 328 329 334 339 343 344 341 336 331 322 313 315 323 331 343 354 362 370 379 388 393 397 401 406 409 413 415 416 417 419 421 423 425 426 426 427 428 429 429 428 428 425 420 417 414 412 410 408 407 405 403 397 386 382 395 409 416 423 429 435 438 441 444 447 450 453 457 461 465 468 471 471 470 468 466 464 462 459 455 450 447 446 449 454 457 464 469 472 472 472 473 473 473 470 468 463 460 455 450 445 441 437 431 426 420 403 389 377 364 360 359 356 352 349 345 338 330 321 313 302 295 288 280 276 274 273 272 269 266 263 268 275 274 286 287 288 295 302 310 318 327 332 343 352 362 373 381 389 394 399 403 410 417 424 430 435 440 444 449 453 456 457 457 457 456 456 455 454 454 455 456 457 459 463 462 463 464 464 465 465 466 466 466 465 464
235 235 235 234 232 231 230 227 225 220 222 224 223 222 220 219 217 216 215 214 215 214 213 212 210 209 207 204 201 201 198 198 200 199 199 199 199 199 199 200 204 208 211 213 217 220 223 226 229 234 238 240 241 240 240 239 238 236 237 237 236 236 237 237 237 237 238 239 239 239 239 239 241 241 241 242 242 242 244 243 244 244 246 249 250 252 254 256 258 261 263 267 275 280 285 287 286 282 283 291 300 308 308 310 312 316 322 322 319 323 330 339 344 358 373 387 398 407 415 425 430 431 431 432 429 425 418 410 404 402 405 410 414 412 408 406 403 402 400 400 400 399 399 404 408 414 420 423 426 430 434 439 445 454 458 471 485 505 519 529 532 534 535 535 533 525 510 490 475 466 455 445 436 429 423 419 414 411 409 408 407 406 405 404 402 400 398 396 388 382 373 367 362 356 348 347 352 355 355 355 354 350 346 342 336 333 329 328 324 323 326 334 336 337 337 337 339 343 348 351 351 349 342 336 326 313 313 323 330 338 350 359 366 374 384 392 395 399 402 406 409 412 414 416 419 421 424 425 427 428 429 430 431 432 432 431 429 424 420 417 415 414 412 411 410 408 404 397 388 390 406 417 423 428 434 439 442 445 448 451 454 458 461 465 470 474 475 474 472 470 468 466 463 457 455 453 449 454 458 463 468 472 475 475 476 477 475 474 471 468 464 459 455 449 444 440 436 429 423 411 394 382 370 373 377 376 375 372 372 368 353 339 326 315 304 296 288 282 278 273 271 270 268 266 265 275 282 285 288 292 291 297 310 319 325 333 338 341 349 358 369 378 386 392 396 399 404 412 422 430 435 439 444 448 452 456 458 458 458 458 457 457 456 456 457 458 460 461 464 465 467 468 468 468 468 468 469 468 467 465
234 234 234 233 231 230 229 226 226 223 225 226 225 222 220 219 217 217 216 216 216 215 213 212 210 209 206 206 204 201 201 198 199 199 199 199 199 199 200 200 207 211 213 214 217 219 222 225 230 235 238 239 240 239 239 237 236 235 236 236 233 238 239 239 237 237 238 239 240 241 241 241 241 241 241 242 241 241 243 243 243 244 247 250 251 252 254 255 257 259 261 265 272 278 279 281 282 281 281 288 298 304 306 308 311 314 317 317 312 318 323 328 336 343 359 377 389 402 414 426 430 430 430 430 429 426 422 416 407 406 410 413 416 416 416 415 414 413 411 409 411 410 410 409 413 416 420 423 426 430 433 437 445 453 461 469 478 496 512 525 531 534 535 534 531 520 502 484 473 467 457 446 437 430 424 420 416 413 412 410 408 407 406 405 404 401 400 398 392 387 378 370 364 358 352 349 349 345 339 341 342 339 331 332 335 331 330 330 335 331 337 341 345 346 345 345 348 352 355 356 356 353 349 340 329 316 313 320 328 335 345 356 364 371 377 386 394 397 400 403 406 409 412 414 417 420 423 426 428 430 431 431 434 435 435 434 431 427 424 421 419 418 416 414 414 413 411 406 401 386 399 415 422 427 432 438 442 446 448 452 455 459 462 467 473 475 477 477 477 473 471 469 466 464 461 458 454 458 463 468 471 475 477 478 479 478 477 475 472 469 463 458 454 448 444 439 435 429 419 399 389 389 395 394 395 397 394 386 381 376 357 341 327 317 305 297 288 284 280 276 271 269 266 265 266 281 289 291 292 294 295 297 309 321 329 339 344 347 352 357 363 373 381 387 391 395 399 406 417 430 435 439 442 448 448 452 455 457 459 458 458 457 458 458 459 461 462 464 466 469 471 472 471 471 471 471 471 470 467 465
234 234 233 232 230 228 226 226 227 226 227 227 225 223 221 220 219 218 218 217 216 215 214 211 210 209 208 207 205 204 202 199 199 199 199 199 199 199 201 201 205 209 212 215 217 219 221 225 230 234 236 237 237 237 236 235 234 233 235 234 233 238 239 240 238 238 239 239 240 241 242 242 241 241 242 242 241 241 242 243 243 244 246 249 251 253 254 255 255 257 259 263 268 276 277 278 278 278 278 287 294 300 303 304 309 313 315 313 308 314 319 323 331 336 344 361 375 393 409 424 427 430 431 429 428 428 425 419 411 409 414 420 420 418 418 417 416 416 416 415 415 414 414 415 419 420 422 424 427 430 434 437 443 452 459 464 470 485 503 517 529 533 534 532 525 512 491 478 470 464 456 446 437 429 424 420 417 415 413 411 409 408 408 407 406 403 402 399 391 385 377 369 362 355 352 355 358 356 353 350 346 342 345 345 346 344 344 344 343 340 343 347 351 353 353 354 356 358 360 361 359 356 352 341 331 318 314 313 325 332 341 351 360 367 374 379 386 394 398 402 403 406 409 412 415 418 421 424 427 429 432 433 435 437 437 437 436 431 427 424 423 421 420 418 417 416 413 412 408 401 395 409 420 427 431 436 441 445 448 452 456 460 463 468 473 477 478 479 479 477 474 472 469 468 466 463 459 462 468 472 476 478 479 479 479 480 478 476 473 467 462 457 453 448 444 439 433 426 410 403 408 409 410 409 411 406 398 391 384 378 360 342 327 318 306 298 289 284 279 275 271 269 267 265 274 286 293 293 294 297 299 299 308 322 332 342 347 349 351 353 359 365 372 381 387 392 396 402 410 423 434 435 436 438 440 442 445 450 456 458 459 458 459 460 462 464 465 468 470 473 474 475 475 474 474 473 472 470 467 466
234 234 232 230 230 227 226 228 228 229 229 227 225 223 222 220 219 219 218 218 217 215 213 212 211 210 209 208 206 205 202 200 199 199 199 199 199 200 200 202 207 212 216 218 218 219 221 223 228 232 234 234 234 234 234 235 233 232 233 232 233 237 239 241 240 239 239 240 240 241 241 242 241 242 242 242 241 241 242 243 244 244 245 248 252 255 256 256 256 257 258 262 265 270 274 275 274 277 279 289 294 297 299 303 306 304 303 308 306 307 314 321 325 332 340 351 367 384 401 414 426 429 430 430 427 428 426 421 415 417 420 427 425 421 420 419 418 418 418 418 418 418 419 420 422 423 423 425 427 430 433 437 442 450 458 463 468 477 490 507 521 530 531 527 517 500 484 477 470 464 455 445 437 429 424 421 419 416 414 412 410 408 408 408 406 404 402 399 390 380 373 367 359 353 359 361 363 362 360 358 355 354 353 353 354 354 352 351 350 347 349 354 357 360 360 361 363 364 365 365 362 360 354 343 334 318 315 315 317 328 337 347 355 364 370 375 380 384 388 392 396 399 405 409 412 415 418 421 424 427 431 435 438 439 439 439 438 434 431 428 427 425 423 421 420 419 417 416 414 410 396 405 418 427 432 436 440 444 448 452 456 460 464 468 473 478 480 481 481 480 477 475 473 471 470 468 464 465 471 475 479 480 480 481 482 481 480 476 472 467 461 456 451 446 442 437 431 425 406 422 424 423 423 423 422 411 402 392 385 379 361 343 328 317 306 297 290 284 280 275 271 267 265 265 277 289 295 295 297 300 303 303 310 324 333 342 348 350 348 347 350 353 356 367 380 387 394 400 407 414 425 431 430 432 434 436 438 441 446 451 459 460 461 462 464 466 469 471 474 476 477 477 476 476 475 474 472 470 468 467
232 232 231 229 227 227 228 229 230 230 230 227 225 223 223 222 221 219 219 219 218 215 213 212 212 212 211 209 207 206 203 200 199 199 199 199 199 200 200 203 207 212 216 218 218 220 222 223 225 228 231 232 232 232 231 232 230 232 232 230 233 236 239 243 242 242 242 241 241 241 242 241 240 241 242 242 241 242 242 243 243 244 245 248 252 256 258 258 257 257 259 261 264 267 271 273 273 277 278 290 296 297 297 299 297 295 296 298 298 302 308 314 317 327 340 345 359 376 391 404 414 424 428 427 427 429 429 423 418 422 426 428 428 427 422 421 421 420 420 422 426 427 426 425 424 425 424 425 427 429 433 436 441 448 457 463 467 473 479 492 508 519 521 516 503 486 474 471 464 458 450 442 435 429 425 422 419 416 414 413 410 409 408 408 407 404 402 397 389 378 372 365 357 363 365 365 367 367 367 365 362 360 360 361 361 362 362 361 358 349 356 360 363 366 367 367 369 370 371 369 366 362 357 347 337 331 315 315 317 326 332 342 350 356 362 369 373 376 381 385 388 392 396 400 404 408 414 422 425 428 431 434 438 440 440 442 442 438 435 432 430 429 427 425 423 422 421 420 419 416 409 402 416 427 432 436 439 444 448 452 455 460 464 468 473 478 481 483 483 482 480 478 477 475 474 472 471 471 475 478 481 483 483 484 483 482 480 477 473 467 461 457 452 446 441 435 430 420 425 429 430 431 429 428 425 414 402 392 386 380 361 340 327 315 306 296 288 284 279 275 271 267 266 265 280 290 298 299 300 303 307 309 315 326 333 340 346 348 342 341 342 343 347 359 371 379 392 401 405 409 415 421 423 425 427 430 433 437 440 445 450 456 461 464 467 469 471 474 476 478 479 479 477 476 475 473 472 470 469 468
231 231 228 228 229 230 231 230 230 230 230 228 225 226 224 223 221 221 221 220 218 216 214 213 213 213 212 211 209 207 204 201 200 199 199 199 200 200 200 204 206 209 214 218 219 220 221 223 225 226 227 229 230 229 229 229 230 231 231 230 231 235 241 241 240 242 243 242 243 242 243 242 241 241 242 242 242 242 243 242 242 244 245 248 253 256 259 262 260 259 260 262 263 267 270 272 272 278 274 291 297 297 296 294 293 292 292 294 295 297 301 307 312 319 324 335 350 363 377 390 401 412 421 423 426 426 427 425 421 425 428 429 430 430 428 424 424 424 428 430 430 429 428 427 427 427 426 426 427 429 432 435 439 447 455 460 463 468 472 478 490 501 505 497 486 477 469 465 458 451 444 437 433 428 424 421 419 416 414 412 410 409 408 408 406 403 400 394 386 377 370 360 365 368 370 371 373 373 372 371 369 368 368 368 368 368 370 371 366 362 364 367 371 373 375 375 377 377 377 374 369 366 361 351 341 334 330 324 317 318 327 332 339 345 349 358 363 367 372 377 381 385 388 393 399 404 411 418 423 427 432 436 438 441 442 444 445 444 439 436 434 433 431 429 427 425 424 423 422 421 415 400 416 427 434 438 441 444 449 453 456 460 464 468 473 478 482 485 486 485 484 481 480 479 478 476 476 477 479 481 483 485 485 486 485 484 481 478 473 468 462 458 453 447 441 434 422 428 432 433 438 441 436 432 428 416 403 393 387 381 358 340 328 316 303 294 288 283 279 274 269 267 265 266 280 289 298 301 302 305 310 311 315 324 330 340 344 344 340 335 335 336 343 350 361 371 387 398 404 407 410 414 417 419 423 426 429 433 437 441 446 452 458 465 468 471 474 476 479 480 481 480 479 477 475 474 472 472 470 469
231 231 230 230 231 232 232 231 230 229 229 227 227 227 225 224 222 222 222 220 219 218 216 213 213 213 213 211 209 207 205 202 201 199 199 199 200 201 201 202 204 208 213 217 218 219 220 222 224 225 227 228 229 227 226 227 229 230 228 230 232 239 241 239 239 242 243 241 242 243 244 242 241 241 242 242 242 243 242 241 242 243 245 249 253 259 263 264 263 260 261 261 263 265 267 269 273 279 272 289 298 296 297 295 293 291 291 292 292 293 296 301 305 314 319 329 340 350 361 374 383 397 413 416 423 427 426 424 423 426 429 430 431 431 431 431 431 432 432 432 431 431 430 429 428 429 428 428 429 429 431 434 438 444 452 455 459 464 468 471 474 482 482 477 473 471 466 457 450 443 438 434 429 426 423 420 417 415 414 412 410 409 408 406 402 399 395 392 383 375 366 366 370 374 376 378 380 380 380 379 377 374 374 374 375 376 376 376 369 370 371 375 378 380 383 383 384 383 381 378 373 369 365 355 347 339 333 329 321 316 321 324 328 332 337 342 348 354 359 362 368 375 379 387 395 401 408 414 420 425 430 436 440 442 444 446 446 447 443 439 437 436 434 433 431 429 428 426 426 425 419 403 415 426 435 439 442 446 449 453 457 460 464 468 474 479 484 486 488 489 487 486 484 483 483 480 480 481 482 484 486 487 487 487 486 485 482 479 475 470 464 459 454 447 438 429 433 435 437 440 445 445 443 437 431 419 405 394 385 378 356 341 327 316 305 296 289 284 280 276 271 266 265 267 279 287 296 302 304 306 309 312 315 319 325 333 340 340 333 327 328 331 335 342 350 360 372 385 400 404 405 406 409 413 418 422 425 430 435 439 444 449 455 461 469 473 476 478 480 482 483 482 480 478 476 475 474 473 471 469
233 232 231 231 232 233 233 232 231 230 229 228 229 228 226 225 223 223 223 222 221 219 217 215 214 214 214 212 210 207 205 203 201 200 200 199 200 200 200 202 202 207 212 215 216 218 219 221 224 225 226 228 227 226 225 226 227 225 230 234 237 241 237 237 237 241 242 241 242 243 245 242 241 242 243 242 243 243 243 242 242 243 245 249 253 260 261 262 263 259 260 261 262 262 263 267 273 275 276 287 294 292 294 293 294 292 292 290 290 290 292 296 302 307 315 320 331 346 354 358 368 379 404 411 419 425 426 425 425 427 430 431 432 432 432 432 432 434 433 433 433 432 431 431 430 429 428 429 429 429 430 432 434 439 444 450 454 457 462 465 466 467 470 468 467 465 460 451 443 437 433 430 427 424 421 419 416 414 412 410 408 407 405 400 397 392 389 385 379 370 368 371 375 379 383 387 389 390 388 385 383 380 381 381 383 385 385 382 377 377 379 382 386 389 391 391 391 389 386 382 376 372 367 360 351 343 337 333 329 324 318 320 325 326 328 330 332 332 344 349 353 361 370 379 387 397 405 411 417 422 428 433 441 444 446 448 449 450 447 443 441 439 438 436 434 432 431 429 428 428 424 409 415 425 436 440 443 447 450 454 458 462 465 469 476 481 485 488 490 491 491 490 488 488 487 485 484 485 486 487 489 489 489 489 488 486 483 482 477 472 465 460 453 445 436 438 440 442 444 448 449 448 446 440 433 420 407 398 383 368 350 338 328 315 305 297 291 285 281 276 271 266 266 268 279 286 295 303 307 308 310 312 315 317 321 325 330 329 325 324 323 327 328 335 342 348 357 367 382 395 399 397 400 407 413 419 423 428 433 439 444 449 453 460 466 474 478 480 482 483 484 483 481 479 478 477 476 474 472 469
234 232 231 232 233 234 234 233 233 231 229 229 229 226 225 225 226 227 226 224 223 221 218 216 215 214 214 213 210 208 205 202 201 201 200 200 200 200 200 201 202 205 210 213 215 216 218 220 223 224 225 226 224 224 224 224 225 226 228 234 239 239 236 237 237 239 240 240 241 244 246 242 241 242 243 243 243 243 242 242 241 243 245 249 254 256 257 257 256 256 257 258 261 260 261 266 270 269 280 283 286 285 284 288 290 291 292 290 289 289 290 292 298 303 309 319 331 342 345 352 361 374 398 407 417 423 426 426 426 427 429 431 432 433 433 433 433 434 434 434 434 433 432 431 430 429 429 428 428 429 428 429 430 433 436 440 446 449 454 457 457 457 460 461 460 458 453 446 439 434 430 427 424 421 419 417 415 413 411 408 406 403 400 397 390 387 381 379 377 374 373 375 379 384 390 396 398 398 397 394 390 386 387 388 391 394 394 387 384 384 385 388 394 396 396 397 396 394 390 385 379 375 370 362 355 346 340 336 332 320 322 333 335 334 332 330 332 333 332 333 337 346 356 368 378 389 400 407 413 420 426 431 438 445 447 449 451 452 451 447 445 443 441 439 437 435 434 432 432 431 429 423 408 424 435 441 445 448 451 456 460 463 466 470 476 482 486 490 492 493 494 493 492 491 490 488 489 489 490 491 491 491 491 491 490 487 485 485 478 472 466 460 450 442 445 446 449 450 452 453 452 451 446 440 433 419 408 395 380 362 349 336 325 314 305 296 290 285 281 276 272 267 267 268 280 287 293 302 307 310 313 315 316 317 318 320 322 320 316 315 319 322 325 329 335 341 346 354 363 374 382 386 392 399 409 415 420 427 432 438 443 448 453 458 464 471 477 481 483 484 484 484 482 481 480 479 477 475 473 470
234 234 231 233 234 235 234 235 232 231 229 227 226 226 229 228 228 228 227 226 224 222 219 217 214 214 213 212 210 207 204 202 204 202 199 200 200 200 200 200 202 202 207 212 214 215 218 219 221 223 224 225 222 221 222 223 224 226 226 235 238 237 237 238 237 238 239 239 241 245 244 241 241 243 243 243 242 242 242 242 242 243 245 247 250 253 254 260 257 254 255 257 259 261 263 263 264 270 276 279 281 281 279 278 281 285 289 290 290 289 288 290 297 299 304 317 329 338 343 349 357 370 392 403 411 420 428 428 427 428 430 431 432 433 434 434 433 435 434 434 434 433 432 432 430 429 428 427 426 426 425 427 428 429 431 434 438 441 444 447 447 447 450 452 452 452 448 441 436 431 428 424 422 418 417 415 413 411 408 406 402 398 395 392 390 389 389 386 384 381 377 379 383 389 397 399 401 401 400 399 397 393 394 397 399 400 399 395 391 391 392 395 399 400 400 400 399 397 392 387 382 377 372 365 357 349 344 340 334 322 324 339 342 342 342 341 341 342 343 344 341 338 350 359 368 380 393 401 409 416 423 429 435 441 448 450 452 455 455 451 448 445 444 442 441 440 438 436 434 434 433 430 425 420 435 442 446 450 453 457 461 465 469 471 477 483 488 492 494 495 495 495 494 493 492 492 492 493 493 494 494 494 493 493 490 488 486 485 477 471 465 458 448 452 455 455 457 457 457 457 454 452 445 439 428 416 406 388 373 356 346 334 322 313 303 294 288 283 279 275 271 268 267 267 277 285 292 299 307 311 313 315 315 313 312 313 315 312 307 311 313 315 320 323 328 334 338 345 351 358 364 372 384 393 402 411 419 425 431 436 441 447 452 457 462 468 475 481 484 485 486 485 484 483 482 481 478 476 473 469
236 235 234 233 235 237 237 235 232 229 228 230 231 230 230 229 229 229 228 227 225 222 219 216 214 213 212 212 210 206 204 204 202 199 200 200 200 200 201 201 201 202 205 210 213 215 217 218 220 221 223 223 221 219 222 222 223 225 228 235 237 236 238 239 238 238 239 240 242 245 244 241 242 242 242 243 242 242 242 242 242 243 244 246 249 250 253 257 255 253 254 255 258 260 260 262 264 266 269 274 278 278 277 275 274 280 284 288 292 291 288 289 292 292 299 312 324 333 339 347 353 367 386 401 412 420 429 428 429 429 430 431 432 433 433 434 434 435 435 434 434 434 433 432 431 429 428 425 425 425 424 423 424 425 427 428 430 432 434 437 438 439 441 443 445 445 442 438 433 429 425 422 420 416 414 412 411 409 405 401 399 396 396 397 397 397 397 396 391 386 380 383 387 393 398 404 405 406 405 404 402 400 401 403 405 407 405 401 398 398 400 401 403 403 404 403 401 399 395 389 383 379 373 367 360 352 347 343 335 320 333 343 347 351 351 351 351 350 350 350 349 340 343 354 362 371 382 393 403 410 418 426 432 439 444 450 454 456 458 455 451 449 447 446 445 444 441 440 438 438 437 436 432 421 434 443 447 450 453 457 462 466 470 474 479 485 489 493 496 497 497 496 496 495 495 495 495 495 495 496 496 495 494 493 491 488 484 481 475 469 461 456 459 461 462 462 462 461 460 458 456 453 444 436 422 410 397 384 365 352 341 330 320 310 303 297 290 285 280 276 273 268 267 267 269 287 293 298 304 308 309 311 310 307 306 306 306 301 304 307 309 311 312 317 321 327 332 336 340 344 355 362 372 386 398 409 417 425 431 436 441 446 452 457 461 467 473 480 485 487 488 487 486 485 484 482 480 477 473 468
235 234 231 233 236 238 238 236 231 229 230 231 232 232 230 229 230 230 229 227 225 222 218 215 213 212 211 211 209 208 203 200 199 200 203 202 201 201 201 201 201 202 204 207 211 214 216 217 219 221 222 222 220 218 221 222 222 227 229 232 235 236 238 240 238 239 240 240 243 245 244 241 243 243 242 243 242 243 242 243 243 243 244 245 248 249 250 251 251 252 252 253 256 257 259 262 264 264 265 269 274 276 276 274 272 275 280 285 290 292 290 285 288 289 293 303 315 324 330 338 354 370 387 401 412 418 424 428 428 428 429 430 431 432 433 433 433 433 434 434 433 433 433 432 430 428 427 424 422 421 420 420 421 421 422 423 425 426 428 429 432 432 434 435 436 437 436 434 431 429 425 421 419 416 413 409 408 405 402 400 401 401 401 403 403 404 403 400 397 391 385 386 392 396 401 407 409 410 410 410 408 404 406 410 412 412 410 406 404 404 405 406 406 408 409 407 404 401 398 391 385 380 374 367 360 355 348 343 330 325 339 347 351 358 362 363 363 361 356 355 354 349 343 348 357 365 372 383 396 407 415 423 429 436 441 446 451 456 459 458 455 453 451 449 448 448 447 444 442 442 441 440 437 429 436 444 449 452 455 457 462 467 472 476 481 487 491 494 496 498 498 498 497 497 497 497 497 497 497 497 496 496 495 493 490 487 483 477 472 467 463 465 467 467 467 466 465 464 462 460 458 453 443 431 415 403 391 376 362 348 338 327 316 310 302 296 290 286 282 279 275 271 267 267 268 284 291 297 301 304 305 306 305 302 300 300 298 299 300 302 303 308 312 317 320 322 325 330 336 343 353 363 377 389 400 411 420 426 432 437 442 447 452 458 462 468 473 480 484 488 489 489 488 487 485 483 481 477 474 469
231 232 234 238 240 239 238 235 230 229 232 231 232 232 230 230 230 230 229 227 224 221 218 215 213 212 211 211 210 205 200 200 200 204 208 205 201 201 201 201 202 203 204 205 209 212 215 216 218 220 221 220 218 217 219 220 221 224 227 229 233 235 237 238 238 239 239 240 241 245 242 242 242 242 241 242 243 244 244 244 244 244 244 245 247 249 249 250 250 250 252 252 255 257 262 263 263 264 265 267 270 273 274 272 269 270 276 282 286 286 288 286 282 286 291 295 305 314 322 330 350 370 387 400 409 416 422 428 427 427 429 430 430 431 432 432 432 432 432 432 432 432 431 430 428 426 424 422 420 418 417 417 417 417 419 420 421 422 423 425 426 428 429 430 431 430 430 430 429 427 424 421 419 416 412 409 406 404 404 406 404 406 409 409 407 406 405 403 400 394 390 389 395 400 406 410 411 413 414 414 412 408 411 415 417 416 414 412 410 410 410 410 412 414 413 410 408 404 400 394 387 381 376 368 360 353 346 335 323 335 344 350 355 363 369 374 374 372 367 361 359 355 353 341 353 361 368 376 389 402 413 420 426 432 437 443 447 452 455 458 458 456 454 451 451 451 451 450 447 445 444 443 442 437 436 445 451 454 457 459 462 467 472 477 482 488 492 495 498 499 500 500 500 499 499 499 499 499 498 498 497 496 495 492 488 484 479 475 471 469 471 471 472 473 471 470 467 466 464 461 457 449 440 423 408 395 382 369 355 344 335 324 315 306 301 297 291 288 284 280 276 273 269 267 267 279 293 298 300 301 301 302 300 289 287 288 290 294 298 304 308 312 315 320 323 327 332 335 337 346 356 365 381 391 401 412 424 429 434 438 443 447 452 458 463 468 473 479 484 488 490 491 491 489 486 484 480 477 473 469
234 238 241 242 241 239 237 233 230 231 232 232 231 231 230 230 230 229 228 227 223 219 217 214 212 212 212 212 209 201 200 204 207 210 210 206 203 201 202 202 203 203 203 204 207 210 213 215 217 220 220 216 215 216 219 221 223 224 226 230 233 236 236 237 238 238 239 240 241 243 242 243 241 241 242 242 244 246 245 245 245 245 244 244 247 247 247 248 250 252 253 254 256 259 262 263 262 262 264 266 268 271 272 271 268 267 269 275 277 279 283 278 281 284 290 295 302 311 319 326 346 368 385 398 406 413 421 426 423 427 428 429 429 430 430 430 430 430 430 430 430 430 429 428 426 423 420 419 417 416 415 415 416 414 416 417 418 418 419 420 422 424 425 425 426 427 428 428 427 424 422 420 418 415 412 410 409 410 411 411 410 412 413 414 412 411 409 407 404 398 392 392 397 404 408 413 415 416 418 418 417 414 415 419 421 420 420 418 416 416 416 416 418 419 418 415 411 406 401 396 388 383 377 369 361 352 344 325 333 342 348 353 359 365 372 378 381 381 376 370 364 361 358 354 343 357 363 370 379 391 404 414 422 428 434 440 444 448 452 456 457 458 457 455 455 454 454 454 452 450 448 447 446 442 432 445 452 456 459 462 465 468 473 478 484 488 492 495 498 500 501 502 502 501 500 499 501 501 500 499 497 495 493 490 485 481 477 474 475 475 476 476 476 477 475 472 469 467 464 461 453 446 432 416 402 388 375 362 349 337 329 323 316 309 303 298 293 288 285 281 277 274 270 267 268 275 292 297 298 297 295 280 284 287 289 292 296 300 303 307 311 315 319 321 326 331 335 339 344 348 358 367 383 393 402 414 426 432 436 440 444 448 453 458 463 469 473 479 485 489 492 492 492 490 487 483 479 476 472 468
236 241 243 242 240 239 236 230 230 233 234 233 232 231 231 231 230 229 228 226 222 219 216 214 212 212 212 212 209 201 204 211 213 213 213 210 204 201 202 203 202 203 203 204 205 207 210 213 214 215 213 214 216 219 219 221 223 225 226 228 231 236 237 236 237 239 238 240 240 241 240 242 243 241 241 243 244 248 249 246 245 244 244 245 246 246 247 250 253 255 256 256 258 260 261 262 262 261 262 264 267 269 270 269 266 264 266 268 270 272 275 279 283 284 290 295 300 310 319 326 344 364 382 395 403 411 417 417 417 424 427 428 427 426 426 426 427 428 428 428 428 427 426 425 423 419 417 416 415 414 412 412 412 412 412 414 415 415 416 417 418 420 421 421 422 424 425 426 425 423 422 420 418 415 413 413 414 415 414 414 413 415 416 416 416 414 413 411 407 401 394 395 400 407 412 416 419 420 422 422 422 421 421 423 423 424 423 423 422 421 420 421 422 422 421 419 414 407 401 397 390 384 378 370 362 352 339 328 340 348 352 357 363 370 374 380 384 389 386 378 372 365 362 359 352 349 361 367 372 381 394 407 417 426 431 436 440 444 448 453 457 458 459 459 459 457 457 458 457 455 452 450 449 448 440 444 453 458 461 464 466 470 475 480 483 487 491 495 499 501 503 503 503 503 502 502 503 502 501 500 497 494 491 487 483 480 478 480 481 480 480 480 480 480 477 474 470 467 464 456 450 439 424 409 396 381 368 355 344 334 326 320 313 307 302 298 293 289 285 281 278 275 271 267 268 273 286 293 295 284 279 282 285 288 291 294 297 301 306 310 314 318 322 326 331 336 340 344 349 355 362 375 388 396 405 416 427 434 439 442 446 450 454 459 464 469 474 480 486 491 493 493 493 490 486 482 478 474 471 466
240 243 243 241 241 238 234 230 232 234 235 234 233 231 231 231 231 230 229 227 223 220 217 214 213 212 213 213 209 202 204 214 215 216 217 213 207 202 202 203 202 203 203 203 205 206 207 208 210 212 214 215 217 218 218 220 222 224 226 226 228 232 237 238 238 240 239 239 237 238 238 241 244 243 241 243 244 245 246 245 244 243 244 245 246 245 248 251 253 254 255 256 257 260 261 261 259 258 260 264 266 269 268 266 264 262 263 265 266 269 274 279 282 286 292 297 302 309 317 326 339 359 377 390 400 407 410 409 413 417 425 426 423 421 420 419 420 423 424 424 423 422 422 420 419 417 414 412 411 410 409 409 410 410 409 410 411 412 413 414 415 417 417 417 420 421 423 423 423 422 422 420 417 415 415 415 416 417 418 417 417 417 418 419 418 418 416 414 409 403 396 397 403 410 415 419 422 423 424 425 425 425 424 425 426 426 426 426 426 425 425 425 424 424 424 421 417 413 407 400 393 386 378 370 360 350 332 326 346 352 357 363 369 372 377 382 388 395 396 389 380 372 366 363 359 352 359 366 371 377 385 399 410 420 428 433 437 441 444 448 453 457 460 462 462 461 460 460 460 458 456 454 453 452 448 439 450 458 462 464 468 471 476 480 483 487 490 494 498 501 503 505 505 505 504 504 504 503 502 500 497 494 491 488 485 482 482 485 486 486 486 485 485 482 479 475 471 466 461 454 443 429 413 401 386 373 361 351 339 330 320 313 310 306 301 296 291 288 285 281 278 275 272 269 269 270 273 274 275 277 281 284 286 288 291 294 298 302 308 313 317 321 325 329 334 339 344 349 354 366 377 388 395 403 410 419 429 436 441 444 448 452 456 460 466 471 475 482 487 492 494 494 492 489 485 480 476 473 469 464
244 243 242 241 240 237 231 230 233 235 237 235 234 232 232 232 231 230 229 227 224 221 218 215 214 213 214 213 205 202 209 216 217 218 218 216 208 203 203 203 203 203 203 204 207 209 209 211 212 213 214 216 216 217 219 222 223 222 223 224 225 227 230 232 236 239 238 239 237 237 238 240 242 242 240 242 244 244 245 244 244 243 244 244 245 244 248 252 252 253 254 254 257 260 259 258 257 256 258 262 265 269 268 265 263 260 262 263 266 269 274 279 283 289 295 299 304 310 317 326 334 351 370 387 394 402 404 403 406 412 416 418 418 418 418 417 416 418 418 418 418 419 419 419 418 416 412 409 408 407 406 407 407 407 406 407 407 408 409 410 412 414 415 416 417 418 420 421 421 421 421 420 418 417 416 417 418 419 419 420 419 419 420 421 421 420 419 416 412 405 399 400 407 412 417 421 423 425 426 426 427 427 427 428 428 428 428 427 427 428 428 427 427 427 426 423 418 414 409 401 394 386 378 369 359 349 332 337 350 355 361 367 372 375 380 384 391 399 401 398 389 381 373 368 364 360 350 362 369 375 380 389 400 413 422 430 434 439 443 447 452 455 460 463 465 464 462 463 463 462 460 458 457 456 454 449 444 455 462 464 467 472 476 480 483 487 490 493 496 500 503 505 506 506 506 506 506 505 503 501 498 495 493 490 488 486 487 488 491 491 490 488 486 484 480 475 469 464 457 450 437 420 408 393 379 365 355 346 336 328 319 311 305 304 300 294 289 286 284 281 279 276 273 268 270 272 273 273 277 279 281 283 285 287 290 296 303 307 310 315 320 324 327 331 338 343 349 354 363 374 385 396 402 408 414 422 432 439 443 446 450 454 458 463 468 472 477 483 488 493 494 494 492 489 483 479 474 470 465 459
244 243 241 241 240 237 233 230 231 237 238 237 235 233 233 233 232 231 231 228 225 222 219 216 215 214 214 211 203 204 213 217 219 219 214 210 204 202 203 203 203 203 203 204 207 209 210 211 212 213 214 215 216 216 221 224 225 222 222 223 224 225 226 227 230 234 236 237 238 238 239 240 241 240 239 241 243 244 245 244 244 244 244 244 244 244 248 250 251 252 253 254 255 257 256 256 255 254 256 259 263 269 271 268 266 259 260 263 267 272 278 283 285 288 295 300 304 309 317 326 332 344 364 385 390 396 398 399 403 408 412 413 415 415 415 414 413 414 414 415 416 417 418 418 416 411 409 407 405 404 404 404 404 403 403 403 403 404 405 407 409 411 413 414 416 417 419 419 421 422 422 421 419 418 418 419 420 421 421 421 420 421 422 422 423 422 421 418 415 410 404 402 409 413 419 423 425 426 427 428 429 429 429 430 429 430 429 429 429 429 429 429 429 429 428 425 420 416 412 404 395 387 377 368 359 350 332 336 351 358 364 371 376 379 382 387 393 403 406 405 400 388 381 374 369 365 362 354 358 371 377 382 390 401 416 425 433 438 442 446 450 453 457 463 465 465 464 465 465 465 464 462 460 460 459 456 452 453 460 465 467 472 476 480 483 486 489 492 495 498 502 504 506 507 507 508 508 507 505 502 499 497 495 492 490 489 490 492 494 495 493 489 485 481 478 473 465 459 454 443 431 417 403 384 370 355 346 338 332 324 317 312 307 300 296 293 291 288 284 282 279 276 274 268 270 272 274 276 277 279 281 283 285 287 291 300 308 313 315 317 320 325 328 334 341 347 354 363 375 385 397 403 409 413 420 428 436 441 444 448 452 456 460 465 470 474 479 485 490 494 495 494 491 486 482 478 475 470 464 457
244 242 241 241 239 234 232 234 238 239 240 239 237 235 235 234 233 233 231 229 226 223 220 217 216 214 213 209 203 208 216 218 219 214 206 202 202 202 202 203 203 203 203 205 207 208 210 212 213 213 214 215 215 216 222 223 223 221 221 224 225 225 226 227 228 232 236 237 238 239 239 238 238 237 237 239 243 244 245 246 245 244 244 244 243 244 247 248 249 249 251 251 252 252 252 254 253 253 255 259 261 263 266 262 261 258 259 263 270 275 281 283 285 287 291 296 302 308 315 325 332 339 360 380 386 390 392 397 402 407 409 411 414 413 411 408 407 408 410 411 412 414 416 415 410 408 406 404 403 402 401 400 400 400 400 399 399 399 401 404 407 409 411 413 415 417 418 420 421 423 423 421 421 420 420 420 421 422 422 423 422 423 423 423 424 424 423 421 417 413 408 404 409 414 420 424 426 428 429 430 431 431 431 431 431 431 431 431 431 431 431 431 431 431 430 428 424 418 412 404 397 387 376 366 358 347 335 334 352 359 365 372 377 381 385 390 397 408 411 410 407 400 389 383 375 371 368 365 355 367 373 379 385 394 406 418 429 436 440 444 448 452 456 460 464 466 466 467 467 467 467 466 464 463 462 461 459 452 456 462 465 470 474 477 480 484 488 491 494 497 499 502 505 507 508 509 509 509 506 505 502 501 498 494 492 492 494 496 497 496 494 489 485 481 476 468 460 454 446 437 425 414 396 377 359 346 336 330 323 320 316 311 306 301 297 294 291 287 284 282 279 276 272 269 270 271 274 276 278 279 281 283 284 287 293 301 309 315 317 320 322 326 331 335 343 349 358 370 383 397 405 410 413 419 426 435 441 443 446 450 454 458 463 467 472 476 481 486 492 495 495 492 489 485 481 477 474 469 462 456
243 241 241 240 238 236 235 238 240 241 242 240 239 238 237 236 235 234 233 230 228 225 221 219 217 216 213 208 203 211 217 219 212 204 202 202 202 202 203 203 204 203 203 205 207 208 210 210 211 213 216 218 217 216 220 222 221 221 222 226 226 226 227 228 229 231 234 237 238 238 238 237 236 236 237 239 241 244 246 246 245 244 243 242 241 243 245 247 247 248 248 249 249 250 250 250 251 251 252 256 259 258 258 255 256 257 260 263 270 277 281 282 284 287 290 294 301 306 314 323 329 338 357 376 382 386 392 398 405 407 408 410 412 409 404 402 401 402 403 403 405 407 409 409 406 404 403 402 400 398 397 394 397 395 395 394 392 392 399 402 404 407 409 411 414 416 418 420 422 423 423 423 423 422 421 421 423 423 424 424 424 424 424 424 425 425 424 422 419 415 410 407 410 415 421 425 427 430 431 432 433 433 433 433 432 432 433 433 433 433 433 433 433 433 432 430 425 419 414 405 396 386 375 366 358 350 339 328 351 360 366 372 379 383 388 393 402 411 414 414 412 408 401 392 384 378 374 371 360 355 370 376 381 387 396 408 422 431 437 443 447 451 456 459 463 466 467 468 469 470 470 470 468 466 466 465 464 461 459 459 459 466 471 475 478 482 487 491 494 496 498 500 503 506 509 510 511 510 508 508 506 504 501 497 495 496 498 500 500 498 494 489 485 480 474 465 456 448 440 432 422 406 387 366 353 343 336 329 322 317 312 307 304 301 297 293 290 287 284 281 279 276 269 268 270 272 274 276 278 279 281 283 284 287 292 299 306 312 316 319 323 328 333 340 346 354 365 379 394 405 411 415 418 425 434 440 444 447 449 452 456 461 465 470 474 478 483 487 493 495 495 492 488 484 480 476 473 468 461 453
242 241 240 238 238 237 238 239 241 242 242 241 241 240 239 237 236 235 233 232 230 226 222 220 218 217 214 209 205 213 218 215 205 202 202 202 202 202 203 203 203 204 203 204 205 207 209 209 210 214 217 220 220 220 219 222 221 222 223 227 228 228 227 227 230 233 235 240 239 240 237 235 236 237 238 239 241 243 245 246 245 244 242 241 241 242 243 246 246 247 248 249 248 249 250 250 250 250 251 254 256 256 255 254 255 257 258 262 268 274 277 278 280 285 287 290 297 301 310 315 322 333 348 367 382 389 393 399 403 405 404 407 408 403 399 395 393 394 395 394 399 401 402 403 402 401 400 400 397 392 390 388 389 387 386 386 382 386 396 401 404 406 408 410 413 416 418 420 422 423 424 425 425 424 424 423 424 425 425 426 426 426 426 426 426 427 426 424 421 417 412 409 412 415 422 426 429 431 433 434 434 434 434 434 434 434 434 434 434 434 434 434 434 434 433 432 427 421 416 407 395 383 374 366 358 351 342 329 347 361 367 373 379 384 390 398 407 415 418 418 418 414 407 400 393 386 380 377 374 366 359 372 379 384 390 401 414 425 433 440 446 450 455 459 462 465 467 469 470 471 472 472 471 469 468 468 468 467 466 467 467 464 462 472 477 481 485 489 493 496 498 500 502 505 509 511 511 511 510 510 508 505 502 499 498 500 502 503 502 499 494 489 485 480 472 461 452 442 435 426 413 394 370 354 346 338 331 326 321 316 310 306 302 299 296 292 289 286 283 281 278 275 270 270 271 273 275 277 278 280 282 284 285 287 289 296 302 308 312 317 322 327 333 342 350 362 375 386 402 411 415 418 422 432 440 443 447 450 453 456 460 464 469 473 477 480 485 490 494 496 494 492 488 483 479 476 472 467 460 452
240 240 241 241 239 239 239 241 241 241 241 241 241 241 240 238 236 235 233 232 230 226 223 221 220 217 214 208 207 215 218 208 202 203 202 202 202 203 204 204 204 204 204 204 205 207 207 209 211 215 218 220 221 221 222 222 224 225 226 228 228 227 227 227 229 232 237 240 240 240 238 235 236 237 240 240 241 242 242 246 246 244 242 241 241 241 243 244 246 246 247 248 248 248 249 249 249 249 249 253 254 254 254 254 254 255 256 260 264 270 272 272 276 281 283 286 291 298 306 312 323 331 345 358 378 389 396 402 403 403 401 400 401 398 395 389 385 387 386 387 389 392 395 396 394 394 395 396 394 386 382 381 380 378 377 375 378 386 396 400 403 406 408 410 413 416 418 420 422 424 425 426 427 426 426 425 426 426 427 427 428 428 428 428 428 428 427 426 423 419 414 412 413 417 423 427 430 432 434 435 436 436 436 436 436 435 436 436 436 436 436 436 436 436 435 434 428 423 418 408 394 382 374 366 358 351 342 332 347 360 367 374 380 385 393 402 413 418 422 422 422 419 413 409 401 394 387 383 381 378 375 363 370 382 389 395 406 416 427 435 442 447 451 454 458 462 467 469 471 473 474 474 474 471 471 470 470 471 472 472 472 472 472 469 473 479 483 486 491 496 498 500 502 505 508 510 512 511 510 510 508 506 503 502 502 503 505 506 503 499 494 489 485 479 469 459 448 437 427 413 396 377 358 349 339 332 327 323 317 313 309 305 301 297 294 290 287 284 280 277 276 273 270 271 272 273 275 277 279 280 282 284 286 288 290 293 299 304 310 316 322 327 335 345 354 369 379 394 409 415 418 421 427 439 445 448 451 454 456 460 464 468 472 476 480 484 488 492 495 496 494 491 487 483 479 476 472 467 460 452
240 241 243 242 241 240 241 241 241 241 240 240 240 241 239 238 236 234 233 232 229 225 223 221 218 216 212 206 209 217 212 205 203 203 203 203 203 203 204 204 204 204 204 204 205 206 208 211 214 216 218 220 221 222 224 226 228 229 229 229 228 227 227 227 229 230 234 236 238 239 238 236 236 237 239 240 241 241 241 245 246 245 243 241 240 241 242 244 245 245 246 247 247 248 249 249 248 250 250 251 251 252 253 253 254 255 256 258 261 264 267 271 277 281 281 289 296 306 312 317 323 331 343 357 375 388 399 404 405 401 396 394 393 391 389 385 378 380 381 382 384 385 387 387 386 386 387 390 389 380 374 370 367 363 359 372 384 393 397 400 403 406 408 411 414 416 419 421 422 424 425 427 428 428 427 427 428 429 429 430 429 430 430 430 430 430 429 427 424 421 417 415 415 418 424 428 430 433 435 436 437 437 437 437 437 437 437 437 437 437 437 437 437 437 437 436 430 424 419 405 393 382 374 367 358 350 336 334 348 359 368 374 381 387 396 409 417 422 425 426 425 424 420 417 411 402 395 389 387 384 382 378 368 370 386 393 403 411 420 429 436 441 445 449 453 459 464 469 472 474 475 476 476 474 473 473 473 474 475 475 476 477 476 476 474 475 481 484 489 495 497 500 502 504 507 509 511 511 510 510 508 506 506 505 506 506 508 507 504 499 495 489 484 477 466 457 445 434 416 398 385 369 356 343 333 328 323 318 314 310 307 303 299 296 292 288 285 281 278 275 272 271 270 271 272 273 276 278 280 281 283 284 287 289 292 295 298 304 310 316 323 329 336 344 357 371 380 399 415 418 420 424 432 442 448 453 456 458 461 465 469 472 476 480 484 488 492 495 496 496 493 490 487 483 479 476 472 466 460 452
240 242 244 243 242 241 242 241 241 240 239 238 239 239 238 237 235 233 232 231 227 224 222 221 217 214 208 208 214 218 211 203 203 203 203 203 203 203 204 204 205 204 204 206 207 208 212 215 217 218 219 220 221 225 228 228 229 230 230 230 229 227 228 229 230 230 232 233 234 236 237 235 237 237 238 238 240 240 241 243 244 244 244 241 240 240 241 243 243 244 245 245 246 249 250 250 250 251 250 251 252 252 253 254 254 257 257 259 261 263 266 273 278 277 278 289 298 307 315 320 324 330 342 354 373 387 398 403 402 398 394 390 387 386 384 378 372 374 375 376 376 377 378 378 377 378 380 382 378 371 364 357 348 360 372 381 389 394 397 401 404 407 409 412 415 417 420 421 422 424 425 427 428 429 428 428 429 430 431 431 430 431 431 432 432 431 430 429 427 423 419 417 417 419 425 429 431 433 435 436 437 437 437 438 438 438 438 438 438 438 438 438 438 438 438 437 431 425 417 404 391 383 375 367 359 349 335 338 351 361 369 376 384 390 400 414 421 425 427 428 429 428 426 423 417 410 403 397 392 389 387 384 382 370 381 391 399 409 415 422 430 436 442 445 449 455 460 466 472 475 476 478 478 477 476 476 476 476 477 478 479 480 480 480 479 478 477 482 487 493 497 499 501 503 506 508 510 510 510 510 509 507 509 509 509 509 509 508 504 499 495 489 483 473 465 455 443 432 401 383 368 362 350 339 327 319 312 309 307 304 302 299 295 291 291 287 283 279 276 274 273 272 270 269 272 274 276 278 280 282 283 285 287 290 293 297 300 304 310 316 322 329 335 344 356 370 380 398 416 420 423 425 434 445 452 457 460 462 467 471 474 477 479 483 489 493 496 497 497 495 492 489 486 482 479 476 472 466 460 451
241 243 244 243 242 241 241 240 240 239 238 237 237 238 237 236 234 233 230 229 226 223 220 219 216 209 207 211 216 219 214 203 203 203 203 204 204 204 205 205 205 205 205 209 211 212 214 216 219 220 221 222 224 226 227 228 229 230 230 229 229 228 227 228 230 231 231 233 233 235 235 238 239 238 238 237 238 238 239 239 243 242 242 241 240 240 241 242 243 243 244 244 246 248 249 249 251 250 250 250 252 253 253 253 255 257 257 259 261 264 266 270 275 275 276 284 294 301 312 321 325 330 341 353 369 385 396 400 399 395 391 385 382 379 377 373 366 367 369 369 367 367 368 369 369 368 372 374 369 360 355 339 355 366 379 387 391 395 398 401 405 408 410 413 415 418 420 421 422 424 426 428 429 430 430 431 431 432 432 432 432 432 433 433 433 433 431 430 428 426 422 419 418 421 426 429 431 434 436 436 437 437 438 438 438 438 439 439 439 439 440 440 440 439 439 438 432 426 416 403 391 383 375 368 360 348 334 342 354 363 372 380 387 393 402 417 424 427 429 432 432 432 430 428 423 417 411 406 400 395 392 389 387 384 370 386 397 406 412 417 425 433 438 443 447 451 457 463 470 475 478 479 480 479 480 479 478 479 480 481 482 483 482 483 482 482 481 480 485 490 495 498 501 502 505 507 509 510 510 508 509 508 510 511 510 510 509 506 502 499 495 489 480 472 463 453 443 431 410 392 370 350 339 329 328 327 322 307 301 300 297 295 292 290 287 283 282 283 282 275 273 271 270 272 272 273 275 278 280 282 284 286 288 291 294 297 300 304 310 316 322 328 335 343 353 367 379 397 414 421 425 428 436 448 458 461 464 467 472 476 479 481 483 486 492 496 499 499 497 495 491 488 485 482 479 476 471 466 460 448
242 243 244 243 242 241 240 239 239 238 237 236 237 237 237 235 233 231 228 226 223 221 218 215 212 208 209 213 217 220 217 207 203 203 203 204 204 205 205 205 205 208 207 210 212 214 216 219 220 221 221 223 225 226 227 228 229 229 229 229 228 227 228 229 229 230 232 234 234 234 233 237 241 240 239 239 237 238 238 239 241 240 239 240 243 241 241 242 242 243 243 244 246 247 248 249 249 249 249 251 251 252 253 254 256 257 258 259 261 264 267 269 270 273 277 284 292 300 313 323 326 328 340 352 366 383 393 399 396 391 386 383 378 374 372 368 361 358 356 354 351 352 354 355 357 356 361 362 355 347 334 345 359 373 382 388 392 395 399 401 404 407 409 411 414 418 419 421 423 425 426 428 430 431 432 433 434 433 434 435 434 434 434 434 434 434 432 431 429 426 424 421 420 423 427 430 432 434 435 437 438 438 438 438 438 438 439 440 440 440 441 440 440 440 440 438 432 427 414 402 391 383 376 368 359 348 335 345 358 366 374 382 389 396 405 418 426 429 432 435 436 435 434 432 429 425 419 414 408 402 398 395 392 390 378 381 393 402 408 416 421 429 436 442 447 451 455 459 466 473 477 479 480 481 482 482 482 481 481 483 484 485 485 485 486 485 485 484 484 488 494 498 501 503 504 506 508 510 510 510 509 508 510 511 509 507 506 503 501 499 495 490 480 472 464 454 445 438 423 406 386 367 351 340 337 332 313 311 315 319 312 313 304 293 289 294 298 289 279 274 272 269 273 272 272 273 275 278 281 282 284 286 288 291 294 297 301 304 309 315 320 326 332 341 349 361 377 396 413 421 425 430 438 450 462 465 469 472 476 479 482 484 486 489 493 498 499 499 497 494 490 487 484 482 479 475 469 463 458 448
242 242 243 242 242 241 240 240 239 238 237 236 236 237 237 235 232 229 225 223 221 219 217 214 209 208 209 214 218 221 220 213 205 204 204 204 204 204 205 205 206 209 210 209 211 216 219 220 221 220 220 222 225 226 227 228 229 229 229 229 228 228 227 228 229 230 231 232 231 232 232 233 235 240 240 239 237 237 237 238 238 240 238 240 244 244 243 242 243 243 243 244 245 246 248 248 249 249 249 250 251 251 251 252 254 257 259 258 261 266 269 274 276 276 281 288 294 301 312 319 326 326 338 350 363 383 393 397 395 387 384 380 375 368 367 362 354 347 344 341 339 339 339 341 342 343 346 344 342 337 337 347 359 377 384 388 392 395 399 402 404 408 410 412 415 417 418 421 423 425 428 430 432 434 434 434 436 436 436 437 436 435 436 436 435 435 434 432 430 428 426 423 422 424 427 431 433 434 436 437 438 438 438 438 438 439 439 440 440 441 440 440 440 440 439 437 432 426 413 400 390 383 375 368 357 349 336 345 360 369 376 384 390 398 406 417 425 431 435 439 440 438 437 435 434 431 427 422 416 409 403 400 397 394 390 378 390 399 406 413 420 426 433 440 445 450 453 457 463 471 476 480 481 482 484 485 485 483 483 485 486 487 488 488 489 489 489 488 487 486 491 498 500 502 503 505 507 508 509 509 510 510 510 510 508 507 506 504 503 500 497 492 482 475 467 457 448 441 427 407 383 368 355 344 326 318 316 321 330 327 324 330 330 324 317 313 297 283 276 274 271 271 274 274 272 274 275 276 279 282 283 285 288 291 294 297 301 305 308 314 319 325 330 339 348 358 369 393 411 421 426 431 438 449 460 467 472 475 478 481 484 487 488 490 495 498 499 499 497 494 490 487 484 481 477 472 467 462 455 452
242 242 241 241 242 242 240 240 240 238 237 236 236 237 236 235 233 229 226 223 220 218 213 210 209 209 212 217 220 222 223 220 214 207 204 204 204 205 205 206 207 209 210 209 209 215 221 222 221 220 220 222 226 227 228 229 230 230 230 230 227 226 225 225 228 230 230 230 230 231 231 233 231 235 235 237 237 235 236 237 239 242 240 240 243 245 243 242 242 242 243 243 244 245 246 248 249 249 250 251 250 252 252 251 251 254 256 258 263 269 274 278 281 279 285 289 294 300 307 316 325 326 335 347 361 382 389 392 389 386 381 374 367 361 354 349 341 332 330 327 323 325 328 329 329 328 328 330 328 325 339 351 363 379 385 389 392 395 399 402 405 407 409 412 414 416 418 420 422 425 428 431 433 435 435 436 438 438 439 439 438 437 438 437 436 435 434 433 431 429 427 424 424 427 429 431 433 435 436 437 438 438 438 438 438 439 439 440 440 440 440 440 440 439 438 435 430 424 410 398 389 382 374 366 356 347 336 352 360 370 378 386 394 401 408 417 425 433 437 443 444 442 440 438 437 435 432 429 423 417 411 405 402 399 396 386 382 398 405 412 417 423 430 438 444 449 453 456 460 467 474 478 481 484 486 487 487 486 486 487 488 489 490 491 492 492 492 491 492 492 489 494 499 501 503 504 506 507 508 509 510 511 511 511 510 509 508 507 505 502 498 494 485 477 470 459 450 443 427 405 391 374 360 347 335 324 332 335 335 332 331 335 333 330 322 304 285 278 275 273 271 271 274 274 273 274 274 276 278 281 283 284 287 290 293 296 301 305 308 310 316 322 328 335 345 355 368 387 409 420 425 430 438 448 456 463 471 474 477 480 484 486 488 491 495 499 499 499 497 494 490 488 485 481 477 473 468 462 457 454
242 241 241 241 242 241 241 241 241 239 238 235 237 237 236 235 234 231 228 225 223 220 216 210 210 210 215 220 222 224 226 227 224 215 205 204 205 205 205 205 208 209 211 209 209 214 222 223 222 221 221 220 223 227 229 230 231 231 231 230 226 223 224 225 226 229 230 230 231 232 231 230 231 232 234 235 237 235 237 239 238 244 242 242 240 243 243 242 242 242 243 243 244 244 245 247 247 249 250 250 249 250 250 251 252 253 255 259 265 272 277 280 283 282 283 290 296 299 304 314 323 325 330 341 357 368 377 383 386 384 373 364 357 348 341 333 325 314 308 307 307 306 309 314 321 321 321 321 321 327 337 348 357 377 386 389 393 396 399 402 404 406 408 411 413 416 419 421 423 426 429 432 435 436 438 439 439 441 441 443 442 440 439 438 437 436 435 434 432 430 427 426 426 428 430 432 434 435 436 437 437 437 437 438 438 439 439 439 440 440 440 440 439 438 436 432 428 420 408 397 388 380 372 364 355 341 338 353 361 370 379 388 396 402 410 418 425 434 440 447 448 445 443 441 440 439 437 436 431 425 418 412 407 403 400 395 375 396 403 409 415 421 427 435 442 448 452 455 459 463 469 475 480 483 486 488 489 489 488 490 491 492 493 494 495 496 496 496 497 497 496 493 497 500 502 503 505 506 508 510 511 512 512 513 512 512 511 509 506 503 500 495 487 480 472 461 453 445 434 419 404 381 365 344 343 344 343 341 339 337 337 338 334 329 312 291 281 276 273 272 272 270 276 276 274 274 273 276 277 280 282 284 286 288 290 292 298 303 307 311 316 322 328 334 344 353 365 384 404 419 425 429 437 447 454 460 466 472 475 478 481 485 488 491 494 497 497 498 497 495 492 489 486 483 478 474 470 465 460 455
240 239 238 240 241 239 240 241 241 239 237 234 237 237 236 235 233 230 228 227 224 220 214 208 210 213 218 222 224 226 228 229 230 226 215 206 205 206 207 206 207 208 211 212 211 214 219 224 224 223 222 221 221 222 228 230 230 229 228 226 223 226 228 231 230 228 227 228 229 231 230 230 230 231 232 233 237 234 234 236 238 238 242 240 239 241 245 242 241 242 243 245 245 245 245 246 246 247 248 248 248 249 250 251 251 253 255 258 266 273 277 280 282 283 281 288 296 298 303 310 319 323 323 330 344 353 362 375 379 373 362 353 343 333 323 315 309 301 297 299 300 303 304 308 321 321 324 330 332 336 331 344 355 372 384 389 393 396 399 401 403 405 407 410 413 416 419 422 423 426 430 433 436 438 440 441 442 445 446 446 445 443 441 439 437 436 435 434 432 431 428 427 427 429 431 432 434 435 436 436 437 437 437 437 438 438 438 439 439 440 440 439 438 435 432 429 425 416 407 396 388 379 371 362 353 342 340 354 361 371 381 389 397 404 413 420 426 435 442 448 451 449 447 445 444 442 442 440 438 433 426 419 412 406 404 400 386 389 401 407 413 419 423 430 439 446 450 454 457 461 466 472 479 483 485 488 490 492 491 492 494 496 497 498 500 500 501 501 501 501 500 497 496 498 500 502 504 506 508 510 512 513 514 515 515 514 514 511 510 505 502 497 489 482 475 465 455 448 438 423 406 386 369 361 360 354 348 346 344 342 341 339 334 322 301 284 278 274 273 272 272 272 276 278 277 277 275 275 276 279 281 283 285 287 288 290 294 302 306 311 317 322 327 334 340 350 360 375 394 415 424 428 436 445 453 458 462 468 472 476 479 483 486 489 492 494 496 498 497 496 493 490 487 484 480 476 472 467 463 457
238 237 236 236 236 235 238 241 241 239 237 231 234 234 233 233 232 229 227 226 224 221 210 211 214 217 221 224 226 228 229 230 231 231 223 213 208 207 206 206 207 207 209 213 211 215 219 224 224 223 222 221 221 222 224 226 226 223 221 221 225 228 228 231 234 232 231 230 228 228 229 229 230 231 232 232 233 233 234 234 238 236 236 238 238 240 242 241 242 243 248 249 247 246 246 246 246 247 248 248 249 249 250 250 251 252 254 258 264 271 276 278 282 282 280 286 296 300 302 309 315 320 324 325 333 341 349 362 368 362 353 340 326 316 308 302 297 290 298 303 307 313 319 323 322 333 337 340 342 343 342 338 350 361 380 388 392 395 397 399 402 404 407 410 412 416 418 421 424 426 431 435 438 441 442 443 445 447 449 449 448 445 442 440 438 437 436 434 433 431 429 429 428 430 432 433 434 435 436 436 436 436 436 436 437 437 438 438 439 439 438 437 435 432 428 425 420 412 404 396 388 379 368 360 352 341 346 356 363 373 383 390 399 407 415 421 427 435 444 450 452 454 451 449 448 447 446 444 443 441 435 426 417 411 408 405 398 380 397 404 411 415 419 425 435 443 448 453 456 458 461 469 475 479 482 486 489 492 492 493 496 498 500 502 503 504 505 504 504 504 503 500 498 498 500 501 503 506 509 511 513 515 516 516 517 516 514 513 512 507 506 500 491 485 477 466 457 450 442 430 413 396 383 377 370 362 355 350 347 345 342 338 331 315 293 282 277 273 273 272 272 273 277 279 280 280 279 277 276 274 279 282 284 285 287 289 293 298 304 309 314 319 326 332 336 347 356 369 387 409 421 426 433 442 451 455 459 464 469 473 477 481 484 487 490 492 496 497 497 496 494 491 488 486 483 479 475 470 466 459
238 237 236 234 233 232 234 238 237 235 232 229 229 229 228 228 227 227 227 226 224 217 208 211 217 220 223 225 227 229 230 231 232 233 231 226 216 206 207 206 207 207 208 208 210 214 217 222 224 223 222 222 221 222 224 224 222 219 222 225 226 227 226 229 235 234 233 232 231 230 230 229 230 230 231 232 234 235 235 235 238 236 237 238 238 239 239 241 243 248 254 256 253 249 246 246 247 248 248 248 249 250 250 251 251 252 253 256 261 266 271 274 279 281 280 283 295 299 301 306 311 313 316 320 325 332 337 337 328 334 335 324 315 307 300 293 289 293 301 307 316 326 332 335 338 343 346 349 351 353 352 351 343 361 382 390 393 396 398 400 402 404 408 410 412 415 418 422 427 430 433 438 441 444 444 446 448 449 452 452 450 447 443 441 438 437 436 434 433 432 430 429 429 430 431 433 434 434 435 436 436 436 436 436 436 436 436 437 436 437 436 435 432 428 425 419 413 407 401 393 386 377 365 358 347 345 345 357 362 372 383 393 399 409 416 422 427 436 444 451 454 456 457 454 453 451 450 448 447 446 442 433 424 416 413 409 406 403 394 386 404 410 417 422 430 439 445 450 454 457 460 464 469 474 478 480 484 487 490 492 494 497 500 504 506 507 508 508 508 506 504 502 500 500 500 501 504 507 510 512 515 517 519 520 519 519 518 517 514 511 508 503 495 488 480 469 460 452 446 435 424 406 395 389 381 370 362 355 350 347 342 336 326 307 287 280 274 273 273 272 274 275 277 280 281 282 283 283 280 278 276 280 281 284 286 288 291 295 300 304 309 316 323 330 337 346 353 365 376 395 414 421 427 436 446 454 458 462 466 470 474 478 482 486 489 491 494 497 498 498 496 493 490 488 485 482 478 472 468 464
236 235 235 234 232 232 231 231 231 230 228 227 226 225 224 222 223 224 226 224 221 212 207 211 217 221 224 226 228 229 230 231 232 234 234 235 224 216 208 206 207 207 207 207 209 209 211 215 219 222 222 222 222 222 223 222 220 221 224 225 226 225 224 226 233 235 234 233 232 232 232 231 231 231 232 234 236 236 236 237 238 238 238 238 239 239 240 243 249 254 259 262 259 254 249 247 248 248 248 248 249 250 251 251 251 252 254 255 259 262 266 270 275 280 281 280 285 295 301 300 301 307 308 313 317 330 319 308 304 310 315 310 303 296 292 288 288 297 304 315 327 336 344 348 353 358 362 364 364 364 365 362 362 354 380 390 393 396 398 400 402 405 406 409 412 415 419 423 427 432 437 442 446 447 447 449 450 451 452 452 450 448 445 441 439 437 436 434 433 432 431 430 430 430 431 432 433 434 436 436 435 435 434 434 435 435 435 435 434 434 433 432 429 425 420 413 408 403 397 390 382 373 361 354 346 349 348 354 364 373 383 393 401 410 417 422 429 438 445 453 457 458 460 461 457 456 454 452 451 450 447 443 432 422 418 415 413 410 408 403 387 407 413 418 424 433 442 447 450 454 458 462 466 470 474 476 480 483 487 490 492 496 499 505 507 508 509 510 510 509 506 504 502 501 501 502 505 508 511 513 517 519 521 523 523 523 522 519 515 513 510 504 497 489 483 473 464 456 450 444 432 418 407 397 389 375 368 358 352 346 340 330 311 296 284 274 274 274 274 275 278 279 278 281 282 284 286 287 287 285 280 274 277 282 285 288 291 294 298 302 308 316 322 327 333 340 348 357 367 385 403 415 421 430 440 450 457 461 464 469 473 478 481 486 490 492 495 498 499 498 497 494 492 490 487 485 480 475 471 466
234 233 233 233 232 232 232 231 230 229 228 228 226 225 222 220 218 221 221 220 216 209 208 210 217 219 223 226 228 229 230 232 233 235 235 236 236 229 222 213 207 208 208 208 208 208 209 210 211 214 217 219 220 221 219 217 218 223 224 224 224 223 222 223 228 233 233 233 233 233 234 233 233 233 233 234 236 236 236 237 238 238 238 239 239 239 240 247 256 260 261 262 262 255 250 247 247 248 249 249 250 250 251 252 252 252 253 255 257 260 263 269 275 281 281 279 282 289 294 297 304 305 306 305 309 319 314 314 296 299 297 295 292 287 286 286 291 302 315 326 336 345 352 358 365 371 377 381 383 384 381 378 376 375 369 382 391 394 397 399 401 403 406 409 413 416 419 424 429 432 440 445 448 450 450 449 450 451 451 451 450 449 446 441 438 437 435 434 433 432 431 430 430 430 431 432 433 434 435 434 434 433 433 433 433 433 433 433 432 432 430 429 425 421 413 407 402 396 389 382 374 364 355 349 354 356 355 351 361 372 382 392 400 411 417 422 429 437 447 455 458 460 461 462 463 461 458 456 455 453 451 449 443 432 424 420 418 417 415 412 408 393 401 413 419 428 437 444 447 452 456 460 464 467 471 474 478 481 484 487 491 495 499 504 507 510 511 511 511 509 508 505 503 502 502 503 507 510 513 516 518 520 523 525 525 525 523 519 517 515 512 506 498 491 485 476 469 460 455 450 445 428 415 402 393 379 368 358 351 343 333 320 306 289 278 274 274 274 275 278 280 281 280 282 284 287 289 291 295 296 294 283 279 282 284 287 290 293 296 301 305 311 317 323 329 336 343 350 358 372 385 407 416 426 433 449 456 461 464 469 473 477 481 486 490 493 496 499 499 499 498 496 494 492 489 486 482 477 473 468
232 232 233 233 232 232 232 231 231 231 230 230 229 226 223 221 219 217 213 213 211 209 208 208 213 220 224 226 228 229 231 233 235 236 237 237 237 237 234 226 215 208 208 208 209 209 209 209 210 210 213 214 217 216 216 219 222 223 223 223 224 222 221 223 225 228 230 230 231 232 234 234 234 235 234 235 237 237 238 238 238 238 238 239 239 239 241 246 256 260 260 258 258 252 247 246 247 249 249 250 250 251 252 252 253 253 254 256 257 260 263 269 276 282 283 277 278 291 293 295 299 296 290 286 295 304 302 298 287 286 285 286 286 288 288 289 291 303 323 334 342 350 359 366 375 383 384 389 393 393 391 389 386 384 384 384 382 391 394 397 400 403 406 408 413 416 418 423 428 434 440 443 446 448 450 451 451 451 450 450 450 449 446 443 439 437 436 434 432 431 430 430 430 430 431 432 433 433 433 432 432 432 432 432 432 431 430 429 429 428 426 425 421 415 407 400 394 386 372 364 355 353 353 361 363 363 361 355 353 369 382 392 399 411 418 423 428 436 445 456 459 461 463 464 465 465 464 460 458 457 455 453 449 443 434 428 424 422 420 418 415 412 408 393 415 423 433 440 443 449 453 456 461 465 470 474 478 481 484 487 489 493 499 504 509 511 512 513 512 511 509 507 505 504 503 505 508 512 515 517 519 520 523 526 527 526 523 520 519 517 513 507 499 493 487 481 474 465 460 455 451 436 419 406 396 379 369 358 348 335 324 309 294 283 275 274 274 275 277 280 282 283 282 283 286 289 292 297 305 313 312 304 281 280 283 286 289 292 295 299 303 308 313 319 325 330 335 343 354 363 379 400 418 424 434 447 457 460 464 470 475 479 483 487 491 495 498 499 500 500 499 497 495 493 491 488 485 480 475 471
228 230 232 233 233 233 232 232 231 231 230 230 230 226 223 221 217 215 213 212 208 206 205 206 212 219 225 228 230 230 232 234 236 237 238 237 238 238 239 237 224 215 208 208 210 209 209 209 210 209 212 214 214 215 218 221 222 222 222 222 222 221 220 222 225 227 228 229 231 232 232 232 232 233 234 236 237 237 238 239 238 238 239 240 239 240 240 242 248 253 255 253 251 246 246 245 245 248 249 249 251 251 250 252 254 253 254 254 256 259 262 267 273 278 277 272 272 271 274 277 282 282 271 270 277 275 279 275 279 288 295 293 292 296 294 292 295 310 329 339 347 355 365 377 384 388 395 396 396 395 393 391 391 389 389 390 390 391 393 397 399 402 405 408 410 413 417 422 426 433 438 441 442 445 447 448 450 451 450 449 449 448 446 442 440 438 436 434 432 430 430 429 429 430 430 431 431 432 432 430 430 430 430 430 429 429 428 427 425 424 422 419 416 408 401 393 385 374 360 357 354 364 369 373 373 373 371 367 362 359 372 388 396 405 416 421 425 433 441 452 459 461 462 464 465 467 468 465 462 460 459 457 453 449 446 438 432 429 425 423 421 419 417 411 404 420 429 435 440 446 452 458 462 466 470 474 477 481 484 487 490 494 500 506 510 512 514 514 514 513 511 509 508 506 505 507 510 513 516 519 520 522 523 527 528 527 524 522 520 518 513 506 499 494 490 486 481 474 466 460 452 435 418 406 392 379 367 355 344 327 308 297 287 279 275 274 275 277 279 282 284 285 286 286 288 292 296 301 310 316 320 320 298 278 282 286 288 291 295 298 301 305 310 315 317 322 330 335 347 362 375 397 415 424 434 445 457 460 465 470 475 479 483 487 491 497 499 500 501 501 500 499 497 494 492 490 487 482 476 472
222 228 232 235 235 233 231 232 232 231 231 230 229 226 224 220 217 214 213 212 207 205 204 206 208 218 224 228 230 231 233 235 237 238 239 238 239 239 239 239 225 216 212 209 210 215 212 211 211 210 213 216 217 217 217 219 219 220 220 219 219 219 220 222 224 227 226 228 230 228 229 229 229 230 232 234 236 237 237 238 237 237 238 239 240 240 240 241 242 245 245 245 242 242 242 243 245 246 243 248 249 249 250 251 252 252 253 253 255 257 258 261 264 266 269 270 264 263 266 267 269 268 276 289 284 287 285 290 295 299 302 306 305 306 303 292 299 324 331 342 350 358 367 381 386 394 397 398 397 396 394 393 393 393 393 393 394 394 394 396 397 401 404 407 409 412 415 420 425 431 434 437 438 441 443 444 446 448 449 449 449 448 446 442 439 438 436 434 431 429 428 427 427 427 428 429 430 430 430 429 427 428 428 428 427 426 426 425 424 420 418 415 410 403 396 389 377 360 363 371 375 378 381 381 381 381 379 376 372 364 362 377 390 399 410 417 423 429 435 444 453 460 462 464 466 468 469 470 465 463 461 460 457 455 453 448 441 437 433 430 426 424 423 420 403 417 424 433 438 444 451 458 463 466 470 473 477 481 485 488 491 495 500 507 510 513 515 516 516 515 513 512 509 508 507 509 512 514 518 520 522 524 526 526 529 528 525 523 521 518 513 506 502 497 493 490 488 481 468 460 450 430 415 403 389 376 361 351 329 313 303 292 282 276 276 275 276 278 281 284 286 288 289 290 292 295 301 306 309 316 322 325 319 280 281 284 288 292 294 296 298 301 306 310 316 321 328 335 345 356 370 389 413 423 431 441 453 460 464 469 474 478 483 487 491 496 500 501 502 502 502 501 499 497 494 492 488 482 476 472
218 224 230 234 234 232 230 231 231 230 230 230 229 227 225 220 217 215 214 210 205 204 203 205 207 211 221 227 230 231 234 236 238 239 240 240 239 239 239 233 222 223 218 211 209 216 218 218 216 211 210 214 216 216 215 216 216 217 218 218 218 218 219 222 225 224 220 220 221 222 223 226 228 229 230 233 234 235 236 236 237 237 238 244 245 243 241 240 240 241 243 241 241 239 242 241 244 244 242 246 249 249 250 250 248 252 253 254 255 255 257 256 254 259 259 260 260 265 269 272 274 280 287 288 289 292 293 293 294 297 302 310 317 320 309 295 301 316 331 340 349 359 370 381 390 395 397 397 398 397 396 395 395 395 395 395 397 397 397 398 400 401 403 406 408 411 414 417 422 426 430 433 436 438 441 442 444 445 447 448 447 446 445 441 439 437 435 433 431 430 429 426 425 425 426 427 428 428 428 427 425 425 425 425 425 424 423 422 420 417 415 411 404 399 392 383 371 362 374 382 386 386 387 388 389 388 387 383 379 374 361 367 382 393 403 412 420 425 431 436 445 453 461 464 467 468 470 471 469 466 464 462 460 458 456 454 449 444 439 435 431 428 427 424 418 410 423 431 437 442 449 456 463 467 470 473 477 481 486 488 491 495 500 508 511 513 515 517 517 518 515 513 511 510 510 510 513 516 519 523 524 526 527 528 529 528 526 524 522 519 515 507 503 498 495 492 490 479 467 459 447 427 412 398 384 372 357 334 322 314 299 291 279 276 276 277 278 281 283 286 289 290 291 294 296 299 307 311 316 319 323 327 326 307 287 283 283 291 292 294 297 300 304 309 314 320 327 333 340 352 364 383 405 418 427 436 447 457 462 468 473 477 482 487 491 495 499 502 503 504 504 502 501 499 497 493 488 482 477 474
215 220 224 228 229 226 224 226 227 223 224 226 225 224 222 218 215 213 212 210 206 203 203 205 210 213 215 223 229 231 233 236 239 240 241 241 240 239 237 231 234 236 227 216 211 213 219 222 222 221 212 211 215 215 215 216 215 216 216 217 218 217 219 220 220 220 219 222 224 221 220 220 223 227 229 232 232 233 234 235 236 237 239 246 250 246 242 240 240 241 240 239 237 239 239 242 245 246 246 245 247 248 249 251 252 254 252 250 252 250 250 258 262 264 264 263 260 264 268 271 277 283 285 288 290 294 293 293 294 298 304 313 317 321 312 300 295 306 325 335 347 358 370 380 391 395 396 396 397 397 396 396 396 396 397 398 399 399 399 400 402 404 405 404 405 411 414 416 419 422 427 432 435 437 440 443 444 444 445 447 446 445 444 441 439 437 435 434 433 431 429 428 425 425 424 425 426 426 427 425 423 423 422 422 422 421 420 417 416 414 412 407 402 395 388 377 365 372 382 388 391 393 395 396 396 394 392 388 385 380 374 359 376 388 397 406 413 420 426 431 436 446 453 459 462 465 466 468 469 467 465 464 462 460 458 456 453 450 444 438 436 434 432 429 424 417 420 429 435 440 446 453 460 467 470 473 477 481 486 489 492 495 501 508 511 513 515 517 519 520 517 514 513 512 512 513 515 518 521 524 526 528 529 529 529 529 527 525 523 520 516 508 503 498 493 489 486 472 462 439 430 422 408 391 380 365 345 324 316 304 294 285 278 276 277 278 280 282 285 288 291 292 294 296 299 302 308 316 321 324 326 328 329 319 308 294 284 286 290 293 296 299 303 308 312 318 325 332 340 350 360 377 399 416 425 432 442 455 461 467 472 477 481 487 491 495 498 503 504 505 505 504 503 501 499 494 490 483 479 475
210 214 217 219 221 220 219 220 218 217 216 219 219 218 215 214 212 211 209 208 205 202 203 206 211 216 219 220 226 230 233 236 238 241 242 242 241 239 237 236 237 239 235 225 216 213 212 214 212 213 212 212 214 215 215 216 216 216 216 217 217 216 218 218 219 219 222 229 234 233 226 223 224 227 230 233 233 234 235 235 236 237 239 245 248 246 241 240 240 240 240 237 241 244 245 245 246 247 246 247 248 244 246 251 253 255 256 257 258 258 262 264 266 268 270 270 273 269 264 268 273 280 286 288 290 292 294 296 298 300 308 315 319 322 322 305 294 301 315 331 342 354 367 377 387 392 394 394 395 396 396 396 396 397 399 399 401 401 402 402 404 406 407 409 412 415 418 422 424 426 431 435 439 442 441 442 443 444 445 446 446 444 443 441 439 438 437 435 433 431 429 427 426 423 423 423 424 425 425 423 422 421 420 419 419 419 415 412 411 410 410 403 398 391 385 374 365 380 388 392 396 398 400 402 402 401 398 394 390 387 382 371 367 382 392 402 410 416 423 428 433 439 445 451 455 457 459 462 463 464 464 464 463 461 459 457 455 452 448 442 440 439 437 433 428 422 411 427 433 438 443 449 456 464 470 473 477 481 486 489 492 496 500 507 510 513 515 517 520 520 518 516 514 514 515 516 517 519 523 526 528 529 530 531 530 528 527 525 522 518 513 507 502 496 488 479 473 464 441 434 423 416 403 389 373 352 331 321 316 300 292 281 278 276 277 279 281 283 287 290 293 295 297 299 302 306 310 317 324 328 330 331 331 330 329 306 295 285 287 292 295 298 302 305 311 317 323 330 337 347 355 367 389 411 424 430 441 454 459 464 470 476 481 486 491 495 500 503 505 507 506 506 505 503 500 496 491 484 480 478
206 208 210 213 214 213 212 211 210 209 211 212 212 211 211 211 210 208 206 204 202 202 204 207 211 215 220 223 225 229 232 235 237 242 243 243 241 240 238 238 239 241 238 231 231 221 216 216 216 213 213 212 213 213 213 215 216 216 216 215 217 218 219 219 220 223 225 228 232 234 234 223 222 226 228 230 233 235 236 236 235 237 239 242 244 241 238 239 239 238 238 236 241 243 245 246 248 250 251 251 250 252 252 253 254 256 258 258 260 262 264 265 267 268 272 277 280 278 270 267 266 274 279 286 292 296 298 302 303 304 312 317 321 323 323 310 297 299 310 325 338 351 364 373 383 389 391 392 393 394 394 395 396 398 399 401 402 403 404 404 406 408 410 412 415 418 421 425 430 432 434 438 440 441 442 442 443 445 447 447 446 445 443 442 440 439 438 436 434 432 429 426 424 423 421 422 422 423 423 422 420 419 417 417 416 415 410 407 407 406 403 398 393 387 379 366 372 383 390 395 399 402 405 408 409 408 405 401 397 393 388 382 370 380 391 400 407 414 419 425 430 437 442 445 448 449 452 455 458 460 462 462 462 461 460 457 456 453 450 448 445 443 440 437 432 426 418 425 432 438 443 449 455 463 469 473 477 481 486 489 491 494 499 505 510 512 514 517 520 519 519 517 516 517 518 519 521 522 524 526 529 530 531 529 529 527 526 522 518 514 509 504 500 496 486 474 462 447 432 425 418 408 395 384 368 343 326 318 309 298 289 280 277 277 279 281 281 284 287 291 295 297 299 301 306 310 314 320 324 329 332 333 333 333 329 328 312 298 288 289 294 297 301 305 310 316 322 329 334 340 353 364 382 403 423 430 439 452 457 462 468 475 481 486 490 495 499 503 506 508 508 507 506 504 501 497 491 485 483 482
203 204 206 208 210 209 208 207 205 205 205 205 206 207 207 207 207 206 205 203 201 201 204 207 209 213 218 224 227 229 232 234 238 242 244 243 242 241 241 241 242 243 242 242 241 239 226 227 225 221 217 214 214 215 216 214 214 215 214 217 217 218 218 220 222 224 227 229 232 234 234 228 224 225 227 228 229 228 233 235 235 238 239 239 238 237 236 236 238 238 237 238 241 243 246 249 251 253 255 254 257 257 255 254 255 256 258 265 266 266 267 267 268 271 276 282 283 284 274 269 266 269 274 280 292 300 304 304 306 312 318 319 322 324 324 314 301 302 312 321 337 347 361 370 380 386 388 390 391 392 393 394 395 397 399 401 403 404 406 408 410 411 413 415 418 422 425 431 436 438 437 439 440 440 441 442 444 446 447 449 447 446 444 444 442 441 439 436 434 432 430 427 425 423 419 419 420 421 420 419 418 416 415 414 413 410 405 402 399 395 392 385 376 371 373 376 371 383 393 398 403 407 412 416 418 417 413 409 404 400 395 390 381 369 387 398 404 410 417 422 428 435 439 441 443 444 446 449 452 456 459 460 461 461 460 457 456 454 452 450 448 445 444 440 435 430 424 424 432 439 443 450 456 462 468 472 476 480 485 488 490 493 497 503 508 510 512 515 518 518 520 518 519 519 521 522 523 524 525 527 529 531 530 529 528 526 523 518 513 509 506 501 497 490 479 467 455 438 427 415 409 400 392 378 358 340 328 319 305 296 286 280 277 278 281 283 284 284 288 292 297 299 302 304 308 313 318 323 327 331 334 336 338 338 336 333 330 320 304 290 289 293 300 304 308 314 320 326 332 341 350 363 377 395 421 429 437 449 456 461 467 475 482 486 490 495 499 503 505 508 509 508 507 506 503 498 493 489 486 485
199 201 203 206 206 205 205 203 202 202 202 202 202 202 203 204 204 204 203 203 201 201 203 206 209 212 218 225 228 229 232 235 239 243 244 245 244 242 243 243 244 243 243 242 242 238 234 236 233 226 223 219 214 216 218 218 216 215 217 217 217 217 218 220 221 224 227 228 233 233 233 234 230 226 225 226 225 226 229 231 237 237 230 232 233 234 235 235 236 236 235 240 242 246 249 252 253 255 258 259 258 259 258 255 256 257 262 269 269 267 267 268 274 277 283 284 284 287 285 275 270 267 268 276 280 295 305 313 314 316 320 322 323 325 327 318 307 302 314 320 337 346 358 368 377 382 386 388 388 389 391 392 394 395 398 400 402 404 407 410 412 414 417 419 422 426 430 434 436 438 438 438 439 440 442 444 446 448 449 450 449 447 446 445 444 443 440 437 434 432 430 427 424 422 419 415 417 417 417 415 415 413 411 410 409 405 400 392 381 382 382 382 383 383 383 383 374 383 392 399 406 412 418 420 421 421 419 414 410 406 401 396 387 370 387 396 404 410 416 420 426 432 435 436 437 439 442 444 448 453 456 458 459 460 459 458 457 455 453 452 451 448 446 444 438 433 429 417 430 439 444 453 460 463 468 471 475 479 483 487 489 491 495 499 504 508 510 513 516 518 519 520 521 522 523 524 525 526 526 528 529 530 528 526 524 522 519 515 510 505 502 498 492 483 472 461 439 430 419 409 403 394 385 371 348 333 325 313 302 294 284 279 277 279 283 285 287 288 290 292 298 303 306 307 311 316 321 326 331 335 339 342 344 344 343 341 338 334 327 310 295 291 291 302 306 310 316 324 332 339 347 356 369 384 403 426 435 446 456 461 467 474 481 486 490 495 499 502 505 507 509 509 508 507 504 500 496 492 491 488
197 197 199 200 201 202 201 200 200 200 200 199 199 199 200 201 202 201 202 203 201 200 202 205 208 212 217 224 229 230 233 236 239 243 245 245 244 244 244 245 245 244 244 243 241 240 238 236 234 230 226 219 214 216 219 219 217 216 216 216 217 217 217 218 220 224 228 230 232 233 233 233 232 231 228 227 228 229 228 231 238 232 232 232 234 233 234 234 236 239 240 242 246 249 251 254 256 257 259 261 262 262 260 258 260 260 263 267 271 270 269 271 276 281 285 288 289 289 291 291 280 275 267 272 281 294 303 319 320 322 324 325 327 328 330 323 317 304 309 319 336 345 358 367 376 380 384 385 386 386 388 390 392 394 397 398 401 404 407 410 414 417 419 421 427 429 430 432 435 436 436 437 440 442 445 446 448 451 452 452 451 449 448 447 446 444 441 437 434 432 429 426 424 421 418 416 412 412 413 413 411 410 408 406 403 400 391 384 390 393 394 394 394 394 392 388 382 381 392 400 410 417 420 422 424 424 423 420 415 411 407 402 394 382 384 395 403 410 414 418 422 426 428 430 431 434 437 441 444 449 452 455 456 457 458 458 458 457 457 455 454 451 449 448 442 437 434 428 423 438 448 453 460 463 466 470 473 477 481 485 489 491 493 495 499 503 507 511 514 517 520 522 523 524 525 526 527 527 527 528 528 527 526 524 521 519 516 513 504 499 495 490 483 475 467 451 432 420 408 401 391 387 378 361 344 330 322 310 300 292 283 278 277 279 285 288 290 292 293 295 297 301 306 310 314 319 325 329 333 339 345 348 350 350 350 348 347 342 335 327 313 299 292 298 303 309 315 322 329 335 343 353 365 381 403 425 432 441 451 460 465 469 478 485 490 495 499 502 505 508 510 509 509 508 506 502 500 499 496 492
196 195 195 196 198 198 198 198 198 198 197 197 196 197 197 198 199 200 201 202 200 199 200 203 207 211 216 222 229 231 234 237 241 243 246 247 246 245 245 246 245 244 244 243 242 240 239 236 234 230 224 218 215 219 219 219 216 215 216 216 216 216 216 217 219 224 229 231 233 233 233 234 235 233 232 229 229 230 230 231 232 232 233 234 235 236 233 236 238 239 242 245 247 251 254 256 257 259 260 262 262 263 263 262 263 263 264 268 271 270 271 273 279 283 286 289 291 292 294 296 297 285 272 269 283 294 303 321 323 324 326 327 329 336 336 335 325 317 313 318 336 345 360 368 375 378 381 382 382 382 384 387 391 393 395 396 399 403 406 409 413 415 418 421 425 427 427 429 428 431 434 438 441 444 448 450 452 453 455 454 454 451 450 449 448 446 442 437 434 431 428 425 423 420 417 416 413 407 408 409 408 406 404 399 395 389 389 396 401 402 402 402 401 400 397 393 388 377 392 401 412 416 421 426 427 426 426 425 421 415 411 405 399 388 377 393 400 407 411 413 415 418 420 422 423 428 432 437 441 444 448 451 453 455 457 458 458 458 458 458 456 455 453 451 447 442 438 435 429 435 445 448 451 457 462 467 472 475 479 483 486 488 489 491 495 500 505 510 515 519 521 523 524 525 526 527 527 528 527 526 526 525 524 522 519 516 512 505 498 490 485 480 473 468 461 445 425 409 399 390 383 375 365 351 334 325 317 307 298 290 283 278 277 279 286 290 293 295 298 299 301 304 309 313 318 322 328 332 337 344 350 356 360 359 360 357 353 349 342 331 323 309 293 295 303 308 311 320 328 336 344 352 362 375 396 418 429 437 446 454 462 468 474 482 489 494 498 502 506 508 510 510 510 509 507 505 505 503 501 497
193 193 192 193 194 194 196 196 196 195 195 194 194 195 196 196 197 198 200 200 199 199 199 202 206 210 214 219 226 232 235 239 243 246 248 248 246 246 246 245 245 244 244 244 242 240 238 236 234 228 226 221 217 222 221 218 216 216 216 216 216 216 216 216 217 221 228 230 231 231 232 234 235 236 236 234 231 231 234 239 242 241 235 235 236 237 236 237 238 240 243 248 249 253 257 259 264 266 265 264 265 268 270 272 271 269 270 271 271 275 274 277 281 284 288 291 295 297 298 299 300 286 277 272 287 298 305 319 323 322 326 330 333 337 338 339 336 322 312 316 333 343 357 367 372 375 376 376 371 378 381 383 387 390 392 394 396 400 403 407 410 412 415 418 420 421 423 425 428 433 436 439 442 446 450 452 455 456 456 455 457 454 452 451 449 446 442 437 433 429 426 425 423 419 418 416 414 409 404 404 403 402 397 393 390 395 399 403 405 408 408 408 408 406 402 397 391 381 390 401 410 416 422 427 429 428 428 427 425 419 413 408 401 391 377 390 396 400 403 400 403 407 410 414 416 420 426 431 434 438 441 445 449 452 454 457 459 459 459 459 459 459 457 454 452 448 444 440 436 428 438 448 458 463 467 470 473 476 477 481 484 487 490 492 495 500 505 510 515 519 521 523 525 526 527 527 528 527 525 524 524 523 521 520 516 509 502 494 486 481 475 470 464 459 438 420 411 403 393 387 373 362 350 342 327 317 312 305 296 290 284 279 277 280 287 292 296 298 301 303 306 309 313 317 321 326 331 336 342 349 357 366 371 372 372 367 363 356 347 336 326 312 298 293 303 307 312 320 328 334 341 350 357 367 384 402 417 433 442 450 457 463 470 479 488 495 499 503 506 509 510 510 510 510 509 508 507 507 505 502
191 191 191 191 191 193 194 195 195 194 193 193 193 194 195 195 195 196 197 198 198 197 198 200 204 209 213 216 225 232 236 241 245 248 249 249 247 246 246 245 245 244 244 244 242 240 238 235 233 231 228 226 223 223 222 219 216 216 218 218 217 216 216 216 216 219 226 229 229 230 230 232 234 237 237 236 234 234 235 239 245 243 239 235 236 236 238 238 240 241 244 248 251 255 261 270 278 275 277 275 270 275 280 283 282 279 280 280 276 285 279 279 283 286 292 296 298 299 301 303 304 293 280 273 286 294 306 315 317 323 329 335 339 342 344 348 345 337 326 318 324 337 350 360 366 370 369 363 374 381 385 387 386 388 390 394 396 400 402 405 407 411 413 416 419 423 426 430 432 434 437 440 443 446 447 451 453 454 454 456 458 456 453 451 450 446 440 436 432 429 426 424 421 419 417 415 413 408 405 400 400 396 396 396 398 400 404 407 409 411 412 411 411 409 407 404 396 389 385 396 407 416 422 425 428 429 429 428 426 423 416 409 403 397 388 380 389 394 400 406 411 415 418 420 423 424 424 425 427 431 435 440 446 450 454 457 459 460 462 461 462 463 459 457 457 453 450 447 440 432 438 452 461 466 470 473 476 478 480 483 486 487 490 494 497 499 504 509 514 518 521 524 526 527 527 526 525 524 522 521 521 520 519 517 511 500 491 482 475 470 463 449 438 424 414 408 408 396 386 376 366 356 342 329 322 312 307 302 298 289 283 279 278 282 288 293 297 302 305 307 309 313 317 320 325 330 335 341 348 353 364 373 379 383 383 379 371 363 350 340 330 322 306 294 300 307 311 319 326 332 339 348 352 360 372 387 406 432 440 447 451 458 468 476 487 496 500 504 505 507 509 511 511 510 510 509 509 508 507 505
190 190 190 190 190 191 193 194 194 193 192 192 192 193 194 194 193 194 195 196 196 196 197 199 203 208 212 216 225 232 238 243 246 249 250 250 248 247 247 246 245 245 244 244 242 240 238 236 234 232 230 224 221 223 222 219 217 219 222 221 217 216 216 216 216 217 221 227 228 228 229 231 234 237 240 239 235 235 236 239 244 243 240 236 237 238 240 240 240 244 247 249 254 260 270 280 283 286 284 282 275 280 286 289 289 291 296 292 281 289 287 284 291 290 296 298 298 300 305 305 303 294 275 277 291 298 304 312 319 330 336 343 348 352 355 357 353 347 339 332 324 325 338 346 355 358 350 366 376 384 387 391 392 392 395 398 401 405 406 408 411 414 417 420 423 427 430 432 434 436 439 442 443 443 445 447 449 450 452 453 455 455 453 452 450 445 440 436 433 429 426 423 421 418 415 413 410 407 403 399 398 399 401 400 403 406 408 411 413 414 415 414 414 413 410 406 402 394 385 392 404 413 420 424 428 430 430 429 427 424 419 410 404 398 392 387 393 400 405 410 415 420 425 426 427 429 431 432 434 435 434 437 442 447 450 454 459 461 463 465 465 466 462 461 460 458 455 452 447 439 431 443 453 464 469 474 477 479 482 484 488 490 492 495 496 499 503 511 515 519 522 525 527 526 526 525 522 521 519 518 517 517 516 509 497 487 480 455 444 442 434 424 415 410 407 405 398 388 375 367 358 351 339 330 318 311 304 300 293 288 283 278 279 283 288 293 299 303 308 311 313 316 320 324 329 334 339 345 352 360 370 379 390 397 398 387 376 366 352 344 333 325 313 295 297 306 311 318 325 330 335 341 348 355 364 377 395 415 436 443 449 454 464 473 484 494 499 502 505 506 508 510 511 511 511 511 510 510 509 507
189 189 189 189 189 190 191 193 193 193 192 191 191 192 192 192 192 193 194 195 196 196 196 199 203 207 211 217 227 234 240 245 248 250 251 250 249 248 247 247 246 246 246 244 243 241 239 237 235 233 230 223 223 225 223 220 217 223 224 223 220 216 216 216 216 216 219 228 230 229 229 231 234 235 238 236 234 234 237 242 241 243 239 236 238 239 240 239 242 246 249 253 260 266 275 281 285 288 291 286 278 282 285 289 290 294 299 298 290 292 293 290 292 295 297 297 296 297 304 305 304 291 275 278 293 304 309 320 330 337 345 355 359 362 363 363 356 351 345 340 336 333 328 340 340 343 355 368 378 384 389 393 394 395 398 401 406 408 409 411 414 417 420 425 428 431 433 434 436 438 441 440 440 440 441 443 445 446 447 449 451 452 453 452 449 443 438 435 432 428 425 423 420 417 414 411 407 404 402 400 402 404 405 404 406 409 412 414 416 417 417 418 417 417 415 411 406 401 388 392 402 410 417 422 426 428 430 429 427 424 419 411 406 400 395 391 395 395 404 411 418 423 426 428 429 432 435 436 439 440 441 440 441 444 449 455 461 463 466 469 469 468 466 465 464 462 459 457 454 446 439 432 443 454 466 474 477 479 482 485 488 490 493 495 496 499 503 512 516 520 523 524 525 525 524 523 520 518 513 508 505 507 505 495 484 476 468 444 440 420 414 407 406 404 398 393 387 378 367 359 351 341 332 323 317 308 303 296 290 286 281 278 279 284 289 294 299 305 310 314 317 320 323 328 333 338 344 350 357 366 377 386 400 413 411 392 378 368 354 346 336 327 317 305 298 302 306 312 321 326 328 337 344 352 359 368 384 402 427 440 447 452 460 469 478 489 497 501 504 506 508 510 512 512 512 512 512 512 511 509
188 188 188 188 189 190 191 192 192 192 192 191 191 190 191 191 191 192 193 194 195 195 197 198 202 208 213 219 229 236 242 246 248 250 251 251 250 249 248 248 247 247 247 245 243 242 240 237 235 233 230 226 225 226 224 220 219 225 225 224 221 216 215 215 216 216 219 227 230 230 230 231 232 234 235 233 233 233 235 240 243 243 240 237 239 240 241 241 245 248 250 255 265 268 277 281 285 287 291 291 286 285 286 289 291 294 299 299 297 294 295 295 292 296 296 295 296 300 303 307 302 286 277 281 294 303 314 330 339 346 355 363 366 368 368 365 366 360 354 347 343 342 342 343 347 355 366 370 380 386 390 395 397 399 401 404 409 411 412 414 416 420 423 425 431 434 436 438 439 440 438 437 436 437 437 439 440 441 442 444 447 449 452 452 446 442 438 435 432 428 425 423 420 417 414 411 406 403 402 407 408 408 409 408 409 412 414 416 418 419 419 420 419 419 418 414 409 405 392 394 402 410 414 420 425 428 429 430 429 426 421 412 407 403 397 396 399 403 405 407 414 423 427 429 431 433 438 440 442 445 446 446 443 446 450 456 461 466 469 472 474 472 470 469 468 466 464 461 459 452 445 438 437 446 458 471 475 478 481 485 488 490 493 495 497 500 504 509 515 518 521 523 524 525 524 521 516 504 493 486 486 489 490 481 471 463 458 437 427 423 411 401 393 391 385 381 375 366 363 354 345 336 327 319 312 305 299 293 287 282 279 279 281 286 293 298 302 306 312 316 320 323 327 331 337 344 350 355 362 372 381 394 408 417 414 394 380 370 357 347 337 329 320 311 301 302 305 308 315 320 327 334 339 344 354 362 373 390 407 435 442 448 456 464 473 482 491 498 502 505 508 510 512 513 514 514 514 514 513 512
187 187 188 188 189 190 191 191 191 191 191 191 191 190 190 190 191 192 193 194 194 195 196 199 202 206 212 219 229 236 242 246 248 251 251 251 250 250 249 249 248 249 248 246 244 242 240 238 236 233 230 225 227 226 225 222 220 226 226 225 223 219 216 215 216 216 216 223 227 231 230 230 231 234 234 233 232 233 233 235 239 244 243 237 240 240 240 244 245 249 250 258 263 268 275 279 283 288 290 291 290 286 287 289 292 295 297 298 297 294 296 296 295 299 301 301 298 302 303 307 297 280 281 288 296 306 321 338 346 355 361 369 373 375 378 377 377 373 365 359 354 351 352 355 363 367 374 378 383 388 393 396 399 401 403 407 411 413 415 417 419 422 425 428 430 435 438 439 438 437 435 434 433 434 434 435 437 438 439 441 443 447 450 448 445 442 438 435 432 429 426 423 420 417 414 410 407 404 408 410 412 411 412 411 411 414 416 418 420 421 421 421 421 421 419 415 409 401 390 397 403 413 417 421 425 429 431 432 431 427 424 415 408 404 399 402 405 409 413 409 411 421 428 431 434 436 438 442 445 449 451 450 448 448 453 456 462 467 472 475 478 477 475 472 472 470 468 465 462 456 450 445 440 443 452 464 472 476 479 483 487 490 493 496 498 502 505 508 513 518 521 523 525 525 523 519 502 485 472 465 467 468 466 458 453 447 441 429 410 406 396 389 380 377 375 371 363 360 356 351 344 334 321 312 306 297 291 285 279 280 280 281 283 287 294 300 305 309 314 319 323 327 330 335 341 348 353 361 369 378 389 403 416 417 414 396 380 369 357 348 338 329 323 306 303 307 314 307 313 320 325 330 335 340 347 356 367 380 397 418 431 444 452 459 468 476 485 493 499 503 507 510 512 513 514 515 516 516 516 515
189 188 188 188 189 190 191 191 191 190 190 190 190 190 190 190 191 192 192 194 193 195 196 199 202 206 210 217 225 232 241 245 250 251 252 252 252 251 250 250 250 250 249 247 244 242 240 238 236 233 230 226 228 228 228 226 221 226 226 226 224 221 217 215 216 216 217 217 221 230 230 230 230 234 233 232 231 232 233 233 237 242 243 241 240 239 240 245 249 251 253 256 261 265 269 274 278 284 288 291 292 289 290 293 294 295 297 298 298 296 299 302 300 302 308 306 298 303 303 305 302 280 284 290 298 308 329 340 355 359 365 375 381 384 384 386 384 383 378 373 369 368 368 371 376 380 383 387 388 391 394 398 401 404 406 410 412 415 417 420 421 424 426 430 433 435 436 436 435 434 433 432 431 432 433 434 435 436 437 439 441 443 446 447 445 442 439 436 432 429 426 423 419 416 413 411 408 406 411 413 414 414 415 414 414 415 418 421 422 423 424 423 423 422 419 414 412 403 390 399 404 414 419 425 428 430 433 434 432 431 423 416 411 404 403 406 410 416 418 420 418 415 425 432 435 438 441 444 448 452 456 455 452 452 456 460 463 469 475 479 482 482 479 477 475 474 472 468 465 462 456 451 446 441 449 458 467 473 477 482 486 490 493 497 500 503 506 509 513 517 521 524 525 525 522 519 489 476 463 447 447 446 445 436 435 424 419 409 399 390 381 377 372 368 364 359 354 351 350 348 343 337 329 320 306 289 286 282 278 282 283 285 287 290 296 302 307 312 317 322 327 331 334 339 347 352 359 367 376 386 397 410 418 416 413 398 379 368 358 348 337 328 322 306 304 311 318 315 311 315 322 326 331 336 343 352 361 372 386 401 410 435 449 456 465 473 479 485 494 499 505 509 512 514 515 517 519 519 519 518
189 189 188 188 189 190 191 191 190 189 189 190 190 189 189 190 191 191 192 193 193 195 196 199 202 206 209 214 220 233 241 246 250 252 254 254 253 252 251 251 251 250 249 246 243 241 238 237 235 233 230 227 229 231 230 228 223 224 226 226 224 224 219 216 216 216 216 217 222 229 231 230 227 229 229 231 232 234 235 233 233 237 240 242 241 239 241 247 249 249 251 254 260 263 263 268 276 283 287 290 292 292 294 297 298 298 297 299 302 303 306 308 305 304 309 308 307 309 310 307 304 281 282 287 300 313 331 341 354 360 369 377 383 389 390 390 392 392 390 386 382 382 379 381 385 386 387 390 391 394 397 400 403 405 408 411 413 416 418 420 423 425 428 430 432 433 433 433 432 431 430 429 430 430 431 433 434 435 435 436 438 441 443 445 445 443 439 436 433 430 427 424 421 418 415 412 410 409 413 415 417 418 417 417 416 416 419 422 424 424 425 425 424 422 420 416 414 403 396 402 406 412 424 428 432 434 435 436 435 432 425 418 413 406 409 413 417 421 425 426 426 423 420 430 436 441 444 447 450 455 459 459 456 455 458 463 466 471 476 482 485 486 485 482 479 478 475 472 469 467 462 457 452 447 448 455 464 471 476 481 485 490 495 498 501 505 508 511 513 517 521 524 525 525 522 518 491 470 467 446 435 429 424 417 409 405 397 391 385 378 371 367 363 357 354 348 345 342 344 344 342 337 329 319 300 284 282 280 283 285 286 289 291 295 299 304 309 314 320 325 330 335 338 343 350 358 366 374 383 394 403 415 419 417 413 402 381 369 359 349 340 330 323 312 302 312 321 326 326 319 318 318 326 334 341 347 356 370 382 396 408 433 448 456 463 469 474 482 489 497 504 509 511 515 517 519 521 522 522 522
190 189 189 188 189 190 190 190 188 189 189 189 189 189 189 189 190 191 192 193 193 195 197 199 203 207 209 213 222 232 241 247 251 253 254 254 254 253 252 252 251 251 249 246 242 240 238 236 234 231 229 228 232 232 231 227 224 224 226 226 225 226 225 220 216 216 216 217 220 226 228 227 228 233 231 232 233 236 236 234 233 233 236 242 241 239 243 246 247 247 249 249 251 254 257 270 276 282 285 289 291 294 296 298 300 301 301 301 304 307 310 312 309 305 313 316 313 317 316 310 297 282 289 294 301 316 329 342 354 360 369 375 381 389 391 392 396 396 396 395 393 391 390 389 390 391 390 392 394 397 399 402 404 407 409 412 414 417 419 422 425 427 430 431 430 429 430 430 429 428 427 427 428 429 430 431 432 433 434 435 437 440 443 445 446 443 440 437 433 431 428 425 423 420 416 415 414 411 414 417 419 420 420 419 417 417 420 423 425 426 427 426 424 423 418 417 412 404 400 405 408 414 423 431 436 437 438 439 439 433 427 421 414 411 415 419 423 428 432 434 434 431 427 427 435 441 446 450 454 458 462 463 460 458 461 465 469 473 479 485 488 490 490 486 484 481 478 475 473 471 468 463 458 454 444 454 462 470 476 481 485 490 495 499 502 505 509 512 515 517 520 524 525 524 521 517 494 469 459 448 434 422 409 402 395 389 382 376 371 370 364 358 355 351 346 340 336 336 338 338 339 336 328 319 293 281 281 284 287 287 289 292 294 298 303 306 311 317 323 329 334 338 344 347 355 364 374 383 392 402 412 418 421 419 415 406 385 370 360 350 341 330 324 312 306 315 325 328 331 333 331 331 326 328 336 344 351 364 376 385 401 423 442 454 460 466 472 479 487 496 503 509 512 515 518 520 522 524 525 526
190 190 189 188 188 188 188 189 189 188 188 188 189 189 189 189 190 191 192 192 193 194 196 199 204 207 209 213 221 231 240 247 252 254 255 255 254 253 252 252 251 250 248 245 242 239 237 236 235 233 231 230 232 232 229 226 224 223 225 225 225 226 226 224 219 216 216 217 219 221 224 229 231 232 231 232 234 237 237 234 233 233 235 241 241 238 242 244 244 245 245 246 249 253 261 270 277 283 287 290 293 295 296 299 301 304 305 305 307 313 315 315 312 311 317 321 319 322 320 311 292 283 288 294 302 317 330 344 352 358 366 372 379 388 391 394 395 395 396 396 395 394 394 393 394 395 396 397 398 400 401 403 405 408 411 413 415 417 419 423 427 429 430 429 428 427 426 426 426 425 425 425 426 427 429 430 431 431 433 435 437 439 441 444 445 444 441 437 434 432 429 427 424 421 418 417 416 414 417 419 421 422 422 421 419 418 421 423 425 427 428 427 425 422 420 420 411 404 402 408 411 416 423 431 438 441 442 442 441 435 428 423 417 415 419 424 428 433 437 440 441 437 433 431 431 439 446 451 457 462 465 466 463 460 464 468 471 476 481 487 491 494 494 491 487 484 482 479 476 475 473 470 464 459 454 455 462 470 477 481 485 490 495 500 503 506 511 514 516 518 521 523 523 522 519 513 498 479 462 448 429 411 399 390 383 378 372 365 360 356 356 353 349 345 341 337 331 328 329 329 331 330 325 318 294 280 281 286 288 290 292 294 297 301 305 310 315 320 326 332 337 343 348 355 364 372 381 391 401 413 419 423 426 422 416 408 387 371 360 350 340 329 323 310 311 318 327 332 337 341 343 344 341 337 337 333 348 357 368 378 392 411 424 446 457 464 471 479 486 494 502 510 513 516 519 521 523 526 528 529
191 191 191 190 189 188 189 189 189 189 188 188 188 189 189 189 190 191 192 192 193 195 196 199 203 206 209 213 218 228 239 246 251 253 255 255 254 253 252 252 251 249 247 244 242 240 238 236 235 234 231 230 231 230 228 225 224 224 225 226 226 226 226 225 223 216 216 217 218 219 222 228 231 232 231 232 236 237 237 236 234 234 236 239 241 240 239 239 242 243 242 243 251 260 273 281 285 287 289 292 295 298 300 300 303 308 310 312 313 320 325 322 317 315 322 324 323 324 322 316 293 285 290 293 302 318 331 342 348 356 363 371 377 387 391 392 393 394 395 396 396 395 395 396 396 397 398 400 401 402 403 405 407 410 411 414 416 418 421 423 427 429 428 426 425 424 424 424 423 423 422 423 424 426 427 427 428 430 432 434 436 438 442 445 446 444 442 438 435 433 431 428 425 423 422 420 418 417 419 421 423 424 424 422 421 420 423 425 426 428 429 428 427 423 422 419 411 404 406 410 414 418 424 432 438 444 445 446 441 436 429 424 418 418 424 428 433 437 442 445 447 443 439 436 436 437 443 451 456 460 464 467 467 465 468 471 474 478 485 490 494 496 497 494 491 488 485 482 479 478 476 474 470 465 458 456 464 471 479 483 487 491 495 500 504 508 512 515 517 519 521 523 522 520 517 506 492 476 462 444 421 405 393 383 376 368 362 356 350 347 347 344 343 340 336 331 327 322 320 319 322 322 319 310 291 282 280 286 288 290 293 296 299 303 307 311 317 323 329 335 341 347 354 363 371 380 389 399 413 418 424 431 432 427 418 410 391 372 361 349 339 329 321 308 317 323 331 339 345 351 356 357 357 353 347 347 342 341 363 372 385 402 419 440 456 463 468 476 485 492 501 509 513 516 520 522 524 527 530 532
191 190 190 191 190 188 189 189 189 188 188 188 189 189 189 189 190 191 192 192 193 195 197 199 202 205 209 213 218 227 238 245 249 253 255 255 254 253 252 251 250 248 246 244 243 241 239 238 236 234 232 231 231 230 228 226 225 225 226 227 226 226 226 226 226 220 216 217 217 217 218 223 229 232 232 232 237 236 235 234 234 235 237 239 240 241 241 238 239 241 240 245 253 269 279 280 286 290 293 296 298 303 304 304 308 314 316 317 316 325 326 322 318 315 324 326 325 324 324 311 290 285 292 296 301 318 330 339 346 354 362 370 376 386 389 391 391 392 393 395 395 396 396 397 398 399 401 402 403 404 405 407 409 411 412 414 416 419 422 424 425 427 426 425 424 422 422 422 421 420 421 422 423 424 425 426 428 430 432 434 436 437 441 443 445 446 442 438 437 435 432 429 427 426 424 422 420 420 421 423 426 426 425 424 423 422 424 427 429 430 430 430 427 425 423 418 411 401 409 412 416 420 426 432 438 446 448 448 443 437 432 426 419 424 428 432 437 443 446 450 451 448 443 441 442 442 443 448 453 460 465 468 470 468 470 473 476 479 487 493 496 499 500 499 495 492 489 486 483 480 479 477 474 469 458 461 469 477 483 486 488 492 496 502 507 510 513 516 518 520 522 522 519 516 512 502 488 474 461 445 425 406 387 375 366 359 355 349 344 339 340 338 338 335 330 325 323 318 313 308 303 303 305 295 286 282 281 286 289 292 294 297 300 304 308 313 318 325 331 337 344 351 361 369 378 387 396 411 416 421 428 433 434 431 422 412 393 374 361 351 339 330 322 311 320 327 337 347 352 360 364 367 367 365 362 361 356 352 353 370 385 403 412 433 455 462 468 473 481 490 498 507 512 516 519 523 525 529 531 535
190 189 189 190 190 189 189 189 189 189 189 189 189 189 189 189 190 191 191 192 193 195 197 199 202 204 208 213 218 226 237 244 248 252 254 255 254 253 252 252 250 249 247 246 245 243 241 239 237 235 233 232 231 230 229 228 227 226 226 227 227 227 228 228 227 225 218 217 217 217 217 218 227 232 232 234 236 235 235 235 234 236 238 240 239 239 236 236 235 236 239 243 255 271 285 289 292 294 297 299 302 305 307 306 314 321 322 324 323 326 327 322 321 321 323 326 326 324 324 307 293 286 293 298 305 317 332 337 345 353 362 369 375 380 385 388 389 390 392 393 394 395 396 398 399 401 402 404 405 405 407 409 410 411 413 415 418 420 422 424 424 425 424 423 421 420 419 419 418 418 419 420 422 423 425 427 428 430 432 434 437 439 443 444 446 447 445 440 439 437 434 433 430 428 425 423 422 422 423 426 428 428 427 426 425 424 426 428 430 432 432 430 428 424 422 416 411 406 411 414 418 422 428 434 440 445 451 450 445 439 434 428 423 428 431 435 443 449 452 454 456 452 448 445 446 447 448 451 455 459 463 468 472 472 474 476 478 481 487 494 498 501 503 502 498 495 492 489 487 484 482 480 476 470 458 470 477 483 487 490 492 495 499 504 509 512 515 517 520 521 523 523 519 514 508 499 485 472 460 447 429 409 396 381 370 360 346 341 338 336 331 331 332 329 322 320 319 315 311 307 302 295 291 288 285 282 281 286 289 293 295 298 301 305 309 313 319 326 332 340 348 357 367 376 385 394 406 414 418 422 429 435 437 435 427 415 395 377 362 350 339 329 319 317 326 332 346 353 361 370 376 379 381 380 375 371 369 365 359 362 382 396 409 428 452 460 466 471 477 485 494 504 511 516 520 525 528 531 534 538
189 188 189 189 189 188 189 189 189 189 189 189 189 189 189 189 189 190 191 192 194 195 197 200 202 205 209 212 217 224 233 241 247 252 254 255 255 254 253 252 251 251 249 248 247 245 243 241 239 236 234 233 232 232 231 230 228 227 228 228 228 228 229 229 228 227 223 216 216 217 217 218 222 230 232 234 235 234 234 235 236 237 240 241 238 237 235 232 233 236 238 243 254 275 286 291 294 297 299 301 304 307 307 311 319 326 331 333 332 334 331 325 327 326 325 325 325 325 320 304 291 289 296 302 308 319 331 336 342 350 361 367 372 376 381 384 386 388 390 391 393 395 396 398 400 402 403 405 406 407 408 409 411 413 415 417 419 421 423 423 423 422 422 420 418 417 417 416 416 417 419 420 422 424 426 428 429 431 433 435 438 440 443 445 447 448 447 444 442 438 438 435 433 430 427 425 424 424 426 429 431 431 430 429 427 427 429 430 432 433 432 430 428 426 420 415 411 409 413 416 420 425 430 436 442 448 452 450 447 442 436 430 427 432 435 440 448 454 457 459 460 457 453 451 451 453 454 456 459 463 465 468 473 475 477 478 481 483 488 494 500 503 504 505 501 498 495 492 490 487 485 482 478 471 465 475 482 487 491 493 495 498 502 508 512 515 517 519 522 524 526 523 518 512 506 497 484 471 460 448 435 419 402 387 374 365 354 336 330 328 323 322 322 320 318 316 315 313 309 306 302 298 294 291 290 284 282 284 289 292 295 298 301 305 309 314 320 326 334 342 352 363 374 383 393 404 411 415 420 426 433 440 440 437 431 416 395 378 363 350 340 331 315 326 330 338 350 359 368 380 388 394 396 395 391 385 381 378 373 364 375 394 403 419 444 459 464 468 473 480 488 500 510 515 520 525 529 532 538 540
188 189 189 190 190 190 190 190 190 190 189 189 189 189 189 189 190 191 191 192 194 197 198 200 204 208 211 213 219 224 230 239 245 250 254 256 256 255 254 254 253 252 251 250 249 246 244 242 239 236 235 234 234 234 233 231 230 229 229 230 230 229 230 230 229 230 226 218 217 217 217 218 219 222 227 232 234 234 234 235 238 238 240 240 236 238 236 234 231 231 237 244 257 276 286 291 294 298 300 303 306 307 309 314 324 333 340 344 346 344 339 334 333 335 327 325 325 323 309 296 287 295 301 309 314 325 331 336 342 351 358 365 370 374 378 381 384 386 388 390 391 393 396 398 400 402 405 408 409 409 410 411 412 415 417 419 421 423 422 421 420 420 418 417 416 416 415 415 417 419 420 421 423 424 426 428 430 432 434 437 440 442 445 446 448 449 448 447 444 442 441 438 435 431 429 428 427 427 428 431 433 433 432 431 430 430 431 432 434 434 433 431 429 427 420 416 411 411 415 418 422 427 433 438 445 450 452 452 449 446 439 434 429 435 439 444 452 458 462 464 464 463 458 456 456 457 459 460 464 466 468 470 473 478 479 481 483 486 489 495 501 505 506 507 505 502 499 495 492 490 486 483 481 473 466 479 485 490 494 496 498 501 505 510 514 516 519 522 524 527 527 522 517 511 503 494 483 470 459 449 437 420 406 390 378 369 362 343 335 326 320 316 316 316 314 313 312 309 307 304 301 299 296 293 291 287 282 284 289 292 295 298 301 305 309 315 321 328 337 346 357 369 381 390 402 411 415 420 424 431 439 443 443 437 431 415 395 379 363 350 341 333 315 330 336 345 356 364 377 391 402 412 417 413 406 399 393 389 384 380 371 389 403 421 443 459 462 466 470 475 483 494 507 514 518 523 529 533 539 541
188 189 190 191 192 190 190 190 190 190 189 189 190 190 189 190 190 191 192 193 194 196 198 201 206 210 211 214 217 223 233 240 245 250 254 256 256 256 255 255 255 254 252 250 249 247 244 242 240 237 237 236 236 235 234 233 232 231 230 230 231 230 231 231 231 231 230 223 218 217 217 218 219 221 224 229 232 233 233 235 238 238 239 240 235 238 236 233 230 230 236 245 257 275 284 289 293 296 299 303 306 308 313 316 328 338 347 358 355 353 349 346 341 339 331 324 322 317 302 292 293 300 308 314 323 327 331 338 344 351 357 364 367 372 376 378 381 383 385 388 389 392 395 397 400 404 407 410 412 412 412 413 414 417 419 420 422 422 420 419 418 417 415 414 414 412 413 416 418 419 421 422 423 425 427 428 430 432 435 438 442 444 447 448 449 449 449 448 446 445 444 441 437 434 432 431 430 430 431 434 436 436 435 434 432 432 434 435 435 435 433 432 430 427 421 416 411 413 417 420 424 429 435 441 447 452 454 454 452 448 442 437 433 438 442 448 457 462 466 468 469 468 464 463 462 462 463 464 468 469 471 473 476 479 482 483 486 488 491 497 503 506 508 509 509 505 502 498 494 491 488 485 482 475 470 480 488 493 497 499 501 504 508 513 516 518 521 524 527 531 527 521 516 509 502 491 479 467 459 450 436 420 407 393 382 368 361 358 356 352 342 319 312 309 309 309 308 307 304 301 298 296 294 293 291 287 282 283 290 293 297 299 302 306 310 315 321 329 339 349 362 375 386 398 409 416 419 426 434 442 446 448 446 440 432 415 394 380 364 351 344 333 320 334 341 354 361 371 387 402 421 432 435 437 430 414 408 403 396 391 385 385 401 417 433 456 460 464 468 473 480 488 502 511 516 522 528 533 537 541
188 189 190 191 191 190 190 190 191 190 190 190 190 190 190 190 191 191 192 194 195 197 199 202 204 209 211 214 217 224 235 243 247 251 255 256 257 257 256 256 255 253 252 250 249 247 245 242 240 239 239 239 238 236 235 234 233 231 230 230 230 230 230 231 232 233 234 232 226 219 217 218 219 221 223 228 231 231 232 235 237 237 238 239 233 235 235 232 228 229 230 243 258 272 279 286 291 295 298 302 308 310 314 320 330 342 355 372 366 362 359 353 346 343 334 324 319 309 301 295 293 301 312 318 326 327 331 339 346 351 358 361 364 370 374 376 379 381 383 386 388 391 393 396 400 405 409 412 413 414 415 416 417 418 419 421 422 420 418 416 415 414 413 411 411 413 414 417 419 420 422 423 423 425 427 429 431 433 436 440 443 446 448 449 449 450 450 449 448 447 445 442 439 437 436 433 433 434 436 437 439 439 438 436 435 435 436 436 436 435 433 432 430 425 419 415 410 417 421 423 427 430 435 442 448 453 456 456 455 452 446 441 434 440 446 452 459 467 470 471 472 472 470 470 469 468 468 468 470 473 475 477 481 482 485 485 487 491 494 498 504 508 510 511 511 510 505 501 497 493 490 486 482 477 473 481 490 495 499 502 504 508 512 515 518 520 523 526 530 531 527 520 515 507 501 489 474 464 457 448 428 422 407 395 382 375 366 360 356 354 349 343 321 307 303 303 302 302 300 296 292 291 290 290 287 285 283 283 290 294 298 301 304 308 312 316 322 331 340 352 365 377 390 409 417 421 425 433 442 448 452 453 450 444 435 416 396 381 365 352 345 329 327 338 346 358 368 379 398 415 427 433 436 439 440 440 427 416 407 402 397 387 399 413 428 449 457 462 468 472 477 483 495 506 514 519 527 532 535 539
189 189 191 191 191 191 190 190 191 191 190 190 191 191 190 191 191 191 192 195 197 198 200 202 205 209 212 215 220 229 238 245 248 252 255 257 257 257 256 255 254 253 252 250 249 247 245 242 241 241 241 240 238 237 236 235 234 233 231 230 230 230 231 233 233 235 235 234 234 227 217 218 218 219 221 225 226 228 231 235 236 237 237 238 231 230 230 230 228 226 226 234 257 269 275 282 287 293 297 302 307 311 316 324 332 345 360 377 382 380 373 364 352 344 335 326 323 306 301 297 296 307 315 319 325 327 332 339 346 351 356 358 361 366 371 373 376 378 381 383 385 389 393 396 399 404 409 411 413 414 415 417 418 419 420 421 421 418 416 414 413 411 411 411 411 413 415 417 419 421 422 423 423 425 428 430 432 435 437 441 444 447 449 449 450 449 451 449 449 447 445 444 442 440 439 436 436 437 439 440 442 442 441 439 438 438 438 438 437 436 435 433 429 425 420 416 417 421 423 427 430 434 438 443 448 452 456 459 459 456 450 445 441 443 448 453 461 468 472 474 475 476 475 476 476 473 474 474 475 478 481 482 485 487 489 489 490 492 497 502 506 509 512 512 512 512 508 503 499 495 491 488 483 479 477 485 493 497 501 504 507 510 515 518 520 522 525 529 532 532 526 519 512 505 497 486 471 461 453 433 425 421 405 394 384 374 367 359 354 351 348 345 341 332 318 306 297 295 292 292 290 289 288 286 284 283 283 285 291 295 298 301 305 309 313 318 324 332 342 354 367 383 404 414 420 425 433 440 446 450 455 457 454 448 433 416 401 384 369 356 343 324 336 344 354 366 378 389 406 423 432 435 438 441 443 444 444 438 421 413 408 399 395 409 424 440 453 461 467 470 475 482 490 502 512 517 524 529 532 536
189 190 191 192 192 192 191 191 191 191 191 190 190 191 191 192 192 192 193 195 198 200 202 204 207 210 213 217 225 234 241 247 250 253 256 256 256 256 255 254 253 253 252 250 248 246 244 243 242 242 242 240 239 238 237 236 235 234 232 231 231 231 232 233 233 234 235 235 235 232 221 216 216 216 218 219 222 226 229 230 232 235 236 232 230 225 226 227 229 227 225 228 244 260 269 277 284 290 295 301 305 310 318 324 334 345 358 371 383 382 377 369 359 351 340 331 326 311 301 299 295 299 313 316 325 327 334 338 346 351 354 355 359 364 368 371 374 376 378 381 384 387 391 395 399 403 407 410 411 414 415 418 419 420 421 420 419 417 414 413 411 408 407 410 412 413 415 417 419 421 422 423 424 426 428 431 434 436 438 441 445 447 448 449 449 448 450 449 449 449 447 446 444 442 443 440 440 441 442 443 445 445 444 442 441 441 441 439 438 438 436 433 429 425 421 417 421 424 428 431 434 438 441 446 451 454 458 460 462 460 454 450 447 442 449 454 461 467 474 477 477 478 478 480 481 481 480 480 482 484 487 489 490 492 493 494 494 496 499 504 508 511 513 513 514 513 511 506 500 497 493 490 486 480 481 488 494 499 503 506 509 512 517 520 522 524 527 532 533 532 525 518 511 503 494 482 468 458 442 429 420 414 403 391 380 368 364 358 352 349 344 339 337 333 329 324 310 295 295 295 293 292 289 287 285 284 283 286 289 293 297 301 306 311 314 319 325 333 342 355 371 387 405 413 420 431 441 445 449 454 458 461 457 450 433 420 405 387 372 357 342 329 343 353 363 376 386 398 418 431 437 442 445 446 448 450 451 449 445 429 420 412 402 403 421 438 451 461 467 471 476 480 487 499 509 516 521 526 529 531
189 189 190 192 192 192 192 191 191 191 191 190 191 191 191 193 193 193 194 196 198 199 202 204 206 212 215 222 230 238 245 249 251 254 255 255 255 256 255 254 253 252 251 249 247 246 244 244 244 243 242 241 240 240 238 237 236 235 234 233 233 232 232 233 233 235 234 234 233 232 228 217 215 216 217 218 221 224 229 231 230 228 227 225 228 223 223 224 226 226 223 224 230 241 249 272 280 286 293 299 304 308 317 324 332 344 356 368 382 383 380 371 366 357 348 338 330 315 303 295 295 298 309 315 325 327 331 337 344 347 348 352 357 362 367 370 372 374 377 380 383 386 390 395 399 400 403 407 409 413 415 417 420 421 421 418 416 414 412 411 409 406 407 410 412 413 415 417 419 421 422 422 424 426 429 432 434 436 438 441 444 446 447 447 447 447 448 449 449 450 449 447 446 444 445 443 443 444 445 446 447 448 448 446 445 444 443 441 440 439 438 433 429 425 421 420 425 428 431 435 438 441 444 447 454 458 461 464 466 463 458 455 452 450 446 455 461 467 472 476 478 480 482 484 485 486 486 487 489 491 494 495 496 498 499 499 499 500 504 506 510 512 513 514 515 515 513 509 504 500 496 491 488 482 485 491 497 501 504 507 510 514 519 521 524 526 530 533 534 531 524 517 509 501 492 479 466 456 441 424 408 408 397 383 374 364 356 352 349 347 342 336 329 323 319 314 302 297 299 299 298 297 294 290 283 284 285 290 293 297 300 303 306 311 316 321 327 333 343 354 371 389 404 413 421 433 442 446 450 456 464 467 462 455 443 425 409 389 372 357 338 337 347 357 372 386 391 408 426 441 447 450 452 454 454 456 457 456 454 447 436 421 414 406 423 441 453 462 467 472 477 482 488 496 505 515 519 523 525 526
189 190 191 192 192 192 192 192 191 191 191 191 192 192 192 194 193 193 195 196 198 199 202 204 208 216 223 230 238 243 247 249 253 254 254 255 255 255 255 254 253 251 250 248 247 246 245 245 245 244 243 242 241 240 239 237 237 236 236 235 235 234 234 235 235 234 235 233 232 230 226 217 215 216 216 217 220 222 228 229 228 227 225 223 226 222 221 222 224 225 223 224 228 234 242 254 271 283 289 296 303 306 316 326 331 342 355 367 384 384 382 378 371 363 353 343 335 323 307 297 295 300 305 311 321 328 330 333 337 340 343 351 356 361 365 368 371 373 376 379 382 387 390 394 396 398 402 405 407 410 413 416 418 420 419 416 414 412 410 408 406 405 408 410 411 413 415 417 419 421 421 422 424 426 429 432 433 435 437 439 442 443 445 445 444 444 445 447 450 451 451 450 448 447 447 445 445 447 447 448 449 450 450 450 447 446 445 442 441 441 438 434 430 426 423 423 427 430 433 437 442 445 448 450 456 461 464 467 469 468 462 459 458 455 453 454 461 466 472 476 480 483 485 486 488 489 492 492 495 496 498 499 501 502 503 504 505 506 507 509 511 513 514 515 515 516 514 510 506 502 498 493 490 486 489 494 499 502 506 509 512 516 520 522 525 528 531 534 533 530 523 516 510 502 493 478 464 454 440 424 417 398 383 377 363 355 350 345 342 340 338 334 329 321 310 304 299 302 303 303 303 301 297 285 284 285 288 292 294 298 301 305 308 311 316 322 328 334 343 353 370 387 402 412 418 430 439 445 450 456 467 469 466 460 450 431 413 389 373 357 340 339 352 363 378 387 399 415 433 445 450 453 455 458 459 460 462 461 458 452 446 434 423 410 418 438 453 462 468 473 477 482 488 494 503 513 517 519 521 522
189 190 192 192 192 192 192 192 191 191 191 192 194 194 195 196 194 194 195 197 198 200 202 205 211 219 228 236 244 247 249 251 253 254 254 255 255 255 254 252 251 250 249 248 247 247 247 246 246 245 244 243 242 241 239 238 238 237 237 238 237 236 236 236 233 233 233 233 231 230 226 221 215 215 216 217 219 221 227 228 227 225 222 221 224 221 221 221 222 223 222 222 225 231 239 251 267 285 291 297 303 305 315 326 331 341 354 368 385 387 387 383 374 368 357 350 340 332 316 301 300 295 304 312 316 323 329 333 332 336 340 347 354 359 364 367 370 373 376 379 383 389 391 393 393 397 400 403 406 407 409 413 414 415 416 414 412 410 408 406 403 405 407 409 411 412 414 416 418 420 421 421 423 426 429 431 432 434 435 437 436 438 437 440 441 442 443 444 449 451 452 453 452 449 449 448 448 449 450 451 452 452 453 452 450 448 446 444 443 443 438 435 432 429 426 425 429 431 434 438 443 447 451 454 458 464 467 470 471 471 466 463 462 460 458 455 460 466 472 476 481 485 487 489 489 492 495 497 499 499 501 503 505 506 507 507 508 508 510 512 513 515 516 517 517 517 516 512 508 504 500 496 493 491 493 496 500 504 507 511 514 518 521 524 526 529 532 534 533 528 521 514 509 504 493 476 463 453 441 426 415 392 382 371 358 347 344 342 330 330 328 327 322 308 303 305 306 308 312 312 311 306 299 284 284 286 289 292 295 298 303 307 310 314 318 323 329 338 342 352 372 393 403 411 416 425 433 443 448 458 468 470 468 462 451 432 414 390 374 359 339 345 357 368 383 390 405 425 440 448 452 455 458 462 466 468 469 465 460 455 449 444 434 422 411 434 453 461 468 472 477 482 488 493 499 507 513 515 516 517
191 191 190 190 190 192 193 192 191 192 192 194 195 195 197 197 195 195 197 198 199 201 204 208 214 222 230 239 245 248 249 252 252 253 254 254 254 253 252 250 249 249 248 248 247 247 247 247 246 245 245 244 242 240 239 238 238 237 238 238 238 238 236 235 231 231 231 232 230 227 224 221 216 214 215 215 216 219 224 226 225 222 219 219 223 220 221 221 220 220 221 221 223 228 237 248 262 284 289 294 300 306 313 326 330 340 352 368 383 389 390 387 376 369 363 356 344 336 325 309 304 298 301 302 314 316 322 324 327 334 335 339 347 357 364 366 369 373 376 379 383 388 390 389 393 396 399 402 404 405 407 410 411 413 413 412 411 408 405 404 402 405 407 408 411 413 414 416 418 419 419 420 422 425 428 430 431 432 433 433 432 432 434 435 436 437 441 445 448 450 453 455 453 452 451 451 450 452 453 453 454 454 454 454 452 450 448 445 445 443 440 437 434 431 428 424 431 434 436 441 445 449 453 456 461 467 470 472 474 473 471 468 466 464 462 458 459 465 471 476 481 486 489 491 491 494 497 500 502 503 505 506 507 508 510 510 510 510 512 514 515 516 517 519 519 518 517 515 511 505 501 499 496 495 496 499 501 506 509 512 516 519 522 525 527 530 532 534 531 525 519 514 510 504 493 476 462 453 443 426 420 404 390 375 361 350 346 343 335 327 321 314 313 308 310 311 312 319 321 319 316 309 296 285 284 287 289 292 295 297 303 308 312 316 321 325 330 337 344 353 372 391 402 408 413 422 432 441 448 457 467 469 468 462 453 434 416 392 376 358 340 350 364 376 386 393 414 430 444 449 453 456 460 466 471 475 476 473 464 458 452 449 445 437 423 420 447 459 466 472 476 480 485 489 494 500 505 509 511 514
192 190 190 190 190 191 193 192 192 193 193 194 195 195 197 197 197 197 198 199 200 202 206 212 217 220 229 239 245 247 249 251 251 253 253 253 252 250 250 248 248 248 248 247 248 248 248 247 246 245 245 243 242 240 239 238 237 236 238 239 239 237 236 233 230 229 229 230 229 226 223 220 216 214 214 215 214 218 221 222 222 219 218 218 221 219 221 221 220 219 220 220 221 225 234 246 260 276 281 290 299 305 311 324 331 338 350 367 377 390 392 387 376 371 367 361 349 341 333 313 306 303 304 307 307 311 316 319 326 329 329 334 342 356 362 366 368 371 374 376 379 385 388 389 392 395 398 401 402 403 406 408 409 410 411 411 409 406 402 399 402 404 406 408 411 413 415 416 416 417 417 419 421 423 426 428 429 429 430 430 428 430 430 432 433 435 439 442 446 451 454 454 454 454 453 453 453 454 455 455 456 456 456 456 454 452 449 447 447 444 441 439 437 434 430 426 431 434 438 442 446 450 455 459 464 469 472 475 477 477 475 473 471 468 465 462 460 465 471 475 481 487 490 493 494 497 500 503 506 507 508 509 510 511 512 512 512 513 515 516 517 518 519 520 520 520 518 516 512 506 504 501 499 499 500 502 504 508 511 514 518 521 524 526 528 531 532 532 528 522 518 514 509 504 494 478 462 453 444 425 418 407 389 374 359 350 343 338 329 321 319 314 316 316 316 318 323 325 325 321 315 308 294 284 282 289 291 293 295 298 301 305 309 313 320 326 331 338 346 350 363 388 398 406 413 422 433 442 448 459 467 468 468 462 454 435 416 396 378 358 335 352 369 384 387 398 420 433 443 450 453 457 463 469 477 482 483 479 472 463 457 453 450 448 443 441 431 453 463 469 474 478 482 487 490 494 499 503 507 510
192 191 192 191 190 191 192 192 192 192 193 194 195 195 197 197 197 199 199 200 202 203 207 213 218 222 227 235 243 245 247 249 251 253 253 251 249 248 247 246 247 248 248 248 248 248 248 247 246 246 244 243 240 238 238 236 235 235 236 237 237 235 234 231 229 228 230 229 228 225 221 218 215 214 214 214 214 215 217 218 218 216 216 216 219 218 219 221 219 218 219 220 219 223 229 241 253 266 278 284 292 303 312 323 329 337 348 367 376 391 391 385 378 374 370 368 357 346 338 322 312 304 311 316 318 318 322 326 327 331 328 333 340 353 360 363 366 370 371 375 380 382 383 386 390 394 397 399 401 402 404 405 407 408 409 409 407 404 400 399 401 403 406 408 410 412 413 414 415 415 416 418 420 421 424 425 426 427 427 427 426 427 427 429 431 434 437 441 446 447 451 453 455 455 455 455 455 456 457 458 458 458 458 458 456 453 451 450 449 446 444 441 439 436 432 428 431 436 440 444 448 452 457 461 467 470 474 477 480 480 479 477 475 471 467 463 463 465 470 476 480 486 490 493 496 499 502 506 508 509 510 511 512 514 515 515 515 516 517 518 519 520 521 521 522 521 520 517 513 510 506 504 503 502 503 504 506 510 513 517 520 524 527 529 531 533 533 531 526 521 517 513 509 504 493 476 462 452 438 425 413 396 381 366 354 346 337 328 329 328 326 324 323 325 326 327 328 326 323 320 314 307 295 285 285 290 292 294 296 299 303 306 310 314 319 326 332 340 346 352 367 386 396 405 413 422 434 443 448 459 467 468 466 461 454 438 418 400 382 364 347 349 369 383 387 407 426 437 445 450 454 458 465 472 481 486 488 487 478 469 462 458 454 453 452 452 451 432 455 464 471 475 480 483 486 490 494 499 502 506
193 192 193 192 191 191 192 192 192 193 194 195 196 196 198 198 199 199 200 200 202 204 209 213 218 222 227 232 240 244 247 249 251 252 252 248 246 244 244 244 245 247 248 249 248 247 247 247 246 245 243 241 239 237 236 234 234 233 234 234 234 232 230 229 228 228 230 229 226 223 220 217 214 214 214 214 213 214 214 214 215 215 215 215 218 217 217 218 219 218 218 219 218 222 227 236 244 256 271 286 299 306 314 323 330 338 350 364 376 388 392 386 381 376 373 371 363 351 339 328 316 304 311 322 325 326 327 329 332 331 332 335 340 348 355 360 363 367 370 374 379 381 380 385 391 393 396 398 399 400 402 403 405 406 408 409 406 402 395 398 399 401 404 407 409 411 412 413 413 413 415 416 418 419 421 422 423 423 423 424 423 424 426 428 430 433 436 440 444 447 451 453 455 456 456 457 457 458 459 459 460 460 460 460 458 455 453 452 450 448 446 444 441 438 434 430 432 436 441 445 449 453 458 463 469 472 476 479 483 483 482 480 477 473 469 466 465 467 470 474 478 483 488 494 497 501 505 508 510 511 512 513 514 517 519 518 518 518 519 519 520 521 522 522 522 523 522 520 518 515 510 508 506 506 506 507 509 512 514 518 522 527 530 532 533 535 534 530 526 520 516 513 508 503 491 475 461 452 432 418 400 389 374 363 351 343 341 339 338 333 332 333 333 333 332 330 327 325 322 318 313 306 298 286 286 288 290 293 296 299 302 306 311 316 322 327 334 342 349 355 372 389 396 404 415 427 438 445 451 461 468 467 465 459 454 439 420 405 387 369 350 351 368 379 392 416 433 440 445 450 453 458 466 473 483 488 490 489 483 474 468 463 459 458 458 457 458 457 449 453 457 463 474 478 482 484 490 495 499 503
194 193 193 193 192 192 193 192 192 194 195 196 197 197 197 197 199 200 200 201 203 205 209 213 217 222 227 234 241 245 247 249 250 250 247 245 243 241 241 243 245 247 248 248 248 247 247 247 246 244 242 240 239 237 236 234 233 232 233 232 231 230 229 228 228 228 230 229 225 223 221 217 214 214 214 213 213 213 213 214 214 214 214 214 216 215 216 216 217 218 217 217 218 221 226 231 234 245 261 286 291 298 312 321 329 337 349 360 374 386 393 388 383 379 376 375 368 355 346 335 323 312 306 316 323 327 326 329 331 332 334 339 345 353 357 360 364 368 370 373 376 380 381 385 391 393 396 397 397 398 399 401 403 405 407 407 403 399 394 396 398 401 403 406 408 409 411 412 411 412 413 415 416 417 418 419 419 419 420 418 421 424 426 428 431 434 437 441 445 447 450 453 455 456 457 458 460 460 460 461 462 462 462 462 460 457 454 454 453 450 448 447 444 440 436 432 433 436 440 444 449 453 458 464 470 474 476 480 484 485 484 481 478 474 471 469 468 470 472 475 479 482 488 493 497 501 506 509 511 512 513 515 517 520 522 521 520 519 519 520 520 520 521 522 523 523 523 521 520 518 516 512 510 510 510 510 512 514 517 522 526 530 533 535 535 537 535 530 526 521 516 512 507 500 490 473 460 453 428 408 401 387 372 367 363 357 351 349 346 341 339 340 339 337 333 330 325 321 318 315 311 305 298 287 284 287 289 292 293 295 299 305 310 316 322 328 335 343 354 363 376 391 398 406 419 430 441 447 454 465 468 468 464 458 453 441 422 409 389 373 347 354 364 375 391 421 434 441 446 450 453 459 467 477 486 491 495 492 486 478 473 468 465 464 464 464 464 465 465 469 473 476 478 477 481 483 486 483 493 499
194 193 193 193 193 193 193 192 192 194 195 196 197 198 198 198 199 200 201 201 205 208 211 215 218 223 228 235 241 245 246 248 248 247 244 242 240 239 240 242 245 247 248 248 247 246 246 247 246 244 242 240 238 237 237 235 232 232 232 232 231 230 230 229 228 228 228 226 225 223 220 217 214 212 213 213 213 212 213 213 213 213 213 213 215 214 214 215 216 217 217 215 217 219 221 224 225 230 244 260 277 295 306 319 330 336 345 358 371 382 394 390 386 384 380 377 372 362 352 343 332 324 314 313 319 326 328 329 331 332 336 340 350 356 360 363 365 367 369 372 374 379 381 384 389 391 394 395 395 396 397 399 402 404 406 406 402 398 393 395 397 399 402 405 407 408 409 410 410 410 411 412 414 414 415 416 415 414 416 420 422 424 427 430 432 435 438 442 445 449 451 453 454 455 458 460 461 461 462 462 463 464 464 464 461 458 457 457 455 453 451 449 446 443 439 435 433 437 440 444 448 452 457 464 470 474 477 481 484 486 485 483 481 477 474 471 470 472 474 477 481 484 489 494 497 501 507 509 512 513 515 516 519 521 522 521 520 518 517 518 519 519 521 522 523 524 523 523 522 521 519 515 514 513 513 514 516 518 522 526 530 534 536 537 537 537 534 530 526 522 517 512 506 497 486 472 462 456 447 425 414 395 387 378 373 366 359 356 351 346 345 343 339 336 331 327 322 317 313 310 308 303 296 289 284 286 292 294 298 301 303 304 308 315 321 328 336 344 355 366 380 391 401 409 422 436 443 450 459 466 468 468 464 457 452 440 422 411 392 378 356 356 365 378 395 415 436 441 446 450 453 461 468 480 489 495 498 497 492 486 478 475 470 469 469 470 471 471 472 474 478 481 484 485 488 490 492 493 493 495
193 193 193 194 194 195 194 194 193 194 195 196 197 198 199 199 200 201 201 202 203 207 211 216 220 225 231 238 243 245 246 246 245 244 242 240 238 238 239 242 244 246 247 247 246 245 246 246 246 244 241 239 237 237 236 233 233 233 232 233 232 231 230 229 227 226 226 225 224 222 220 216 214 213 212 212 211 211 212 212 212 212 212 213 214 213 214 214 215 215 215 215 216 218 220 221 225 228 237 256 282 300 314 322 329 335 344 354 367 378 388 390 389 386 382 378 376 374 365 352 339 329 316 312 321 327 330 330 332 333 336 344 352 358 361 363 365 367 370 373 375 378 381 385 388 391 392 393 393 395 397 399 401 403 405 406 401 396 391 393 395 398 400 403 405 407 408 409 408 409 409 410 411 411 411 411 410 413 417 420 423 425 427 431 433 436 439 442 446 450 452 453 454 456 458 460 461 462 463 464 465 465 465 464 462 459 459 460 458 456 454 452 449 445 441 438 436 436 441 444 448 452 457 463 469 475 478 481 484 487 486 484 483 480 477 474 473 474 476 479 482 487 492 496 499 502 507 510 512 513 515 517 521 522 521 521 519 517 515 515 516 517 519 522 523 524 524 524 523 522 520 518 517 517 517 518 520 522 525 529 533 536 537 537 538 537 533 529 526 522 518 513 506 496 485 473 465 460 454 435 422 408 396 388 382 374 367 361 356 353 349 345 340 336 331 323 319 315 309 305 301 295 290 288 286 286 291 295 298 302 305 306 309 316 324 330 338 347 358 370 383 392 403 413 426 439 445 452 463 466 467 468 464 457 452 440 423 413 396 383 361 360 368 382 392 418 433 439 444 449 454 461 467 478 489 496 499 499 497 492 485 479 476 474 475 475 477 478 478 480 482 485 488 490 492 495 496 497 498 499
193 193 194 195 195 196 195 195 193 195 196 196 197 198 199 199 201 202 202 203 204 208 213 218 222 228 234 240 244 244 245 243 242 241 239 238 236 236 238 240 243 244 245 245 244 244 245 246 245 244 241 239 237 235 233 232 233 233 233 233 232 230 229 228 227 224 224 225 223 222 219 216 214 213 212 212 211 211 212 212 212 211 212 212 213 212 213 213 214 214 213 214 216 217 219 222 223 228 232 251 284 297 306 318 328 335 342 352 364 376 383 390 392 388 384 381 381 379 377 365 347 333 318 307 322 327 329 330 332 333 336 343 352 357 361 363 365 367 370 371 374 376 380 383 386 388 390 391 391 394 396 398 400 402 404 403 399 394 390 392 393 396 399 402 404 405 406 407 406 406 407 408 409 408 406 407 412 415 418 421 424 426 429 432 435 437 440 443 447 449 452 453 454 456 458 460 461 462 464 465 466 467 467 465 463 461 462 462 460 458 456 454 452 448 444 442 440 438 441 444 448 451 456 461 467 475 479 481 484 486 487 485 485 482 480 477 477 477 478 481 484 488 493 498 501 505 508 511 512 513 515 518 521 520 519 518 517 514 512 512 513 514 516 519 522 523 524 525 525 524 523 521 521 522 522 523 524 526 529 532 536 537 538 538 538 537 532 528 523 519 517 513 507 498 486 476 469 465 458 447 433 425 406 396 392 383 377 368 363 358 352 346 341 336 330 325 320 316 310 304 301 298 292 287 286 288 292 295 298 302 304 309 314 318 325 332 340 351 363 374 388 398 407 416 431 441 447 454 464 466 467 468 464 458 453 442 427 415 404 389 370 355 372 382 392 411 432 439 445 449 454 460 466 475 485 494 499 500 499 496 491 484 481 481 481 482 483 484 485 485 487 490 493 496 497 501 501 502 503 503
193 193 194 195 196 196 196 195 194 194 195 196 197 198 199 200 202 203 203 204 206 210 216 222 225 230 235 241 244 243 242 241 240 238 237 236 236 236 237 239 241 241 242 243 243 244 245 245 245 243 240 238 236 234 232 232 233 232 232 232 231 230 229 227 226 223 224 224 222 219 218 216 214 213 212 212 211 210 211 211 211 211 211 211 212 212 212 212 213 213 212 212 215 217 218 220 224 228 229 242 265 271 289 314 327 333 341 349 362 373 381 389 392 388 384 384 384 382 379 370 358 341 325 312 315 325 327 328 332 332 335 341 351 356 360 363 365 367 369 371 372 375 379 381 384 385 387 388 390 392 395 397 400 402 404 402 396 391 389 390 392 396 398 401 402 403 405 406 405 404 405 405 406 404 405 410 413 416 419 422 425 427 430 434 437 439 441 444 447 450 452 452 453 455 457 459 460 463 464 466 468 468 467 466 463 464 464 465 463 461 459 457 455 452 448 445 443 441 441 443 446 450 453 459 465 474 479 481 484 487 487 487 487 485 482 480 479 480 481 483 486 488 493 499 502 506 509 512 513 514 515 517 518 517 516 514 512 510 508 508 508 510 514 518 520 523 524 525 526 526 525 524 525 526 527 527 529 530 531 535 537 538 538 538 538 536 531 526 523 519 516 513 508 500 489 479 474 470 464 459 438 431 418 408 404 395 386 377 371 363 353 348 343 337 329 324 320 316 311 308 307 303 292 286 287 289 293 297 300 303 307 309 314 321 327 334 342 356 369 380 392 402 409 420 434 443 449 458 464 465 466 467 466 460 455 449 435 420 410 396 379 360 374 386 392 406 433 440 446 450 454 460 466 473 483 491 498 501 501 500 497 492 486 485 485 486 488 489 490 490 492 495 498 501 502 504 506 506 508 508
194 192 193 194 195 196 195 194 194 194 194 195 196 198 200 201 203 204 205 206 207 212 220 225 228 231 235 240 244 243 241 239 238 236 235 235 235 235 237 238 239 240 240 241 243 244 244 244 244 242 240 238 236 235 233 232 232 232 231 231 231 231 229 227 226 223 222 222 221 217 215 215 213 212 212 211 210 210 210 211 211 210 211 211 212 213 212 212 211 211 211 212 216 218 218 219 222 230 231 232 241 247 268 296 321 331 338 346 356 370 380 387 391 388 387 387 387 386 383 373 360 347 337 322 326 327 327 327 329 330 334 341 348 356 360 363 365 366 369 369 371 374 375 378 380 381 384 386 388 391 394 397 400 402 403 399 396 390 387 389 392 395 397 399 401 403 404 404 403 401 402 402 401 402 407 411 413 416 420 423 426 429 432 435 438 441 443 446 448 450 451 451 452 454 456 458 460 462 464 466 468 470 468 467 465 466 467 468 466 464 462 460 458 456 453 449 446 444 442 443 446 449 453 457 464 473 479 482 484 487 488 489 489 488 486 483 483 483 483 486 488 491 496 500 505 508 510 513 514 515 515 517 517 516 514 510 508 506 504 503 502 506 511 516 519 522 524 526 527 527 526 526 527 528 530 531 532 533 535 536 537 539 539 538 537 534 529 525 522 519 516 513 510 502 492 486 478 476 474 468 460 442 429 426 415 405 393 382 377 367 360 349 345 339 334 328 323 318 314 313 312 300 287 287 288 291 294 297 300 305 309 313 317 324 330 337 350 363 374 386 398 406 414 423 436 444 452 461 465 466 467 467 465 462 458 453 444 426 416 405 384 371 369 381 390 402 433 442 446 450 454 460 466 471 480 489 497 500 501 502 500 497 492 490 490 491 492 494 495 495 497 499 502 505 506 509 511 511 512 513
194 192 193 194 195 196 195 195 194 194 195 195 197 198 200 202 204 206 207 208 210 213 221 226 229 232 235 239 242 242 240 239 238 236 235 234 234 234 236 238 238 238 239 240 242 242 242 243 243 242 240 237 236 236 235 233 232 231 231 231 230 230 229 227 226 223 222 220 219 219 218 215 213 212 211 210 210 210 210 211 210 210 210 211 212 211 211 210 210 210 210 212 214 217 219 219 220 230 232 234 238 246 256 285 318 325 332 341 353 365 377 384 389 389 391 390 390 389 386 374 362 349 339 334 327 327 327 327 327 328 333 339 349 356 360 363 364 365 368 369 369 371 374 376 377 379 382 385 387 390 393 396 399 401 400 398 395 390 384 387 391 394 396 398 400 402 402 402 401 399 399 397 402 407 409 410 412 416 420 424 427 430 433 437 440 443 445 448 449 450 450 450 451 453 455 456 459 462 464 467 469 471 469 467 467 468 469 470 469 467 465 463 460 459 456 453 450 447 445 445 446 449 453 457 462 470 478 481 485 488 489 490 491 491 490 489 487 485 486 489 491 495 498 502 507 509 511 513 515 515 515 517 516 515 512 508 504 502 499 498 496 500 506 513 518 521 524 526 528 528 528 528 528 529 531 532 534 535 536 537 539 539 538 537 534 530 527 524 521 518 515 512 509 502 495 490 486 480 476 473 467 461 457 438 423 413 401 389 379 372 362 356 348 341 336 330 325 320 318 317 312 291 287 287 290 291 295 299 303 307 311 315 321 328 333 344 354 366 378 393 400 408 419 429 440 445 454 463 466 467 468 468 468 464 459 456 449 435 421 411 399 385 368 381 388 399 436 442 445 449 454 460 466 471 478 486 494 500 502 503 503 501 498 496 496 496 496 498 499 500 501 504 507 509 510 513 515 515 516 517
194 193 193 194 195 196 195 195 195 195 195 196 198 199 201 202 204 205 207 209 213 217 221 226 229 232 235 238 240 241 240 239 237 235 234 234 234 234 236 237 237 238 237 238 239 240 240 241 242 242 240 238 236 236 235 233 232 231 231 231 230 229 229 228 226 223 222 221 219 217 217 216 215 213 212 210 209 208 209 210 210 210 210 211 212 211 210 210 209 208 210 209 210 213 215 218 219 225 232 238 245 258 260 286 309 320 325 337 350 362 375 382 387 391 394 394 394 392 388 377 366 356 344 338 334 327 327 327 327 327 333 340 348 354 360 363 364 365 366 367 366 368 370 372 375 378 381 385 387 389 392 396 397 399 398 398 395 390 385 383 388 391 394 396 399 400 401 400 399 396 393 399 404 408 410 411 414 417 422 427 429 432 435 438 441 444 446 449 450 449 449 449 450 450 452 455 458 461 464 467 468 469 469 469 469 470 472 473 473 471 469 466 464 461 459 456 453 449 447 446 447 450 453 457 461 469 475 481 485 488 490 492 493 494 493 492 490 489 489 492 495 498 501 505 508 510 512 514 515 515 516 516 515 512 508 504 499 495 493 489 489 495 502 509 515 521 524 527 529 530 529 529 529 530 532 534 535 536 537 538 538 538 537 533 530 526 524 521 518 515 510 507 503 498 495 492 489 485 480 476 473 469 464 456 435 420 408 395 385 376 369 357 348 342 337 331 326 322 320 318 310 287 287 289 292 294 296 300 305 309 313 317 324 331 338 347 357 372 384 397 405 417 430 439 444 448 455 464 467 468 468 469 468 466 461 458 452 443 428 419 410 396 380 378 389 400 431 440 445 448 453 459 465 471 476 484 492 499 503 504 505 505 503 502 502 502 502 503 504 505 507 509 512 513 515 517 518 519 520 522
195 194 194 194 194 195 195 195 194 195 196 197 198 200 201 203 204 206 207 209 213 218 222 226 230 232 234 236 237 237 236 236 235 233 232 233 235 234 235 236 237 236 235 235 236 237 239 240 241 241 240 238 237 236 234 233 232 231 231 230 228 228 227 227 225 223 222 222 222 221 219 217 215 213 211 211 210 208 209 209 210 209 209 210 211 210 210 209 209 209 209 209 209 210 213 215 218 222 229 236 243 250 264 275 294 310 324 330 345 357 369 381 386 393 396 397 397 395 391 381 370 363 349 342 336 332 328 327 327 327 332 339 345 353 358 361 364 364 365 364 364 365 367 370 372 377 380 385 387 390 393 396 398 399 399 399 393 390 385 379 384 387 389 393 395 397 398 396 393 391 394 399 404 407 408 412 416 420 425 428 431 434 437 440 443 446 448 450 449 449 447 447 447 447 450 452 455 459 461 464 466 468 469 469 469 471 473 475 476 474 473 470 467 465 462 459 456 452 450 449 449 450 454 457 460 467 473 478 484 489 491 493 495 496 497 496 493 493 492 495 498 502 505 507 509 511 512 513 514 515 514 514 511 505 500 495 489 485 481 481 488 494 500 509 514 520 524 527 529 530 530 530 530 531 533 535 536 537 538 539 539 538 534 530 526 522 519 516 511 507 502 499 497 494 492 488 486 485 481 478 475 471 467 460 447 426 415 401 389 379 371 357 349 344 337 333 328 324 320 315 303 288 287 291 294 297 299 301 305 311 316 321 327 333 343 352 362 377 392 402 416 426 438 444 448 451 458 465 467 468 468 469 469 466 462 459 454 448 442 426 419 410 389 375 388 400 413 438 443 447 452 459 465 472 476 482 489 497 503 506 507 508 508 506 507 507 509 510 510 511 513 514 517 518 519 520 521 522 525 528
195 196 196 194 194 195 195 195 195 195 196 197 198 200 201 203 205 205 208 210 215 220 223 226 229 232 233 235 235 234 233 233 232 231 232 233 235 235 234 234 234 234 233 233 234 236 238 240 241 241 240 239 238 236 235 233 232 233 232 231 228 227 225 226 225 224 223 223 223 221 219 217 215 213 211 210 210 207 208 209 209 209 209 210 211 211 209 209 208 209 208 208 208 209 212 215 217 221 226 233 245 252 276 288 291 303 315 326 339 351 363 377 386 395 397 399 400 398 395 385 377 369 356 349 342 336 331 327 327 327 330 338 343 350 356 361 363 364 363 362 361 362 364 367 371 374 379 383 387 391 393 396 398 400 401 396 392 388 383 375 379 382 385 388 390 391 390 388 388 392 396 399 402 405 408 412 418 423 427 430 432 435 438 441 444 447 448 449 448 447 445 443 444 444 446 448 451 456 460 462 465 467 468 469 471 473 475 477 478 478 475 474 471 468 465 462 459 455 453 451 451 452 455 457 460 464 470 476 482 488 491 494 496 498 499 499 498 496 498 499 502 504 506 507 509 511 511 512 511 512 512 507 501 495 489 484 477 471 476 483 491 497 504 510 514 519 524 527 529 530 531 531 530 531 533 535 536 537 538 539 538 537 532 526 522 516 512 507 503 497 494 493 488 484 480 478 477 476 476 477 477 473 468 462 455 434 420 407 394 382 372 359 350 343 337 331 327 321 315 307 293 288 288 293 296 299 301 304 307 310 317 324 330 336 346 354 365 382 398 410 422 438 444 447 450 456 463 465 467 468 468 469 469 467 464 459 456 453 449 437 425 418 401 380 384 400 407 437 440 445 451 458 466 471 476 481 487 494 502 506 509 511 512 513 514 515 515 516 517 518 519 520 521 522 523 524 525 526 529 532
196 197 196 195 195 195 195 195 194 195 196 197 198 199 201 202 204 206 208 211 216 220 222 225 228 230 232 234 233 233 232 231 230 231 232 233 235 235 233 232 232 231 231 231 233 235 236 238 238 240 240 239 238 237 236 234 232 234 233 230 229 227 227 227 226 225 224 224 223 221 219 216 215 213 212 210 208 206 208 208 209 209 209 209 211 211 210 209 208 208 208 208 208 209 210 212 215 218 222 231 252 260 268 281 296 308 316 322 335 348 358 372 386 396 399 402 403 401 396 390 385 381 371 358 348 341 335 329 327 327 328 333 340 347 353 359 362 363 362 361 358 361 363 366 369 373 378 384 387 390 393 395 398 402 398 394 389 386 380 372 373 373 374 377 381 385 381 385 388 393 396 401 404 408 411 415 419 426 429 432 434 437 440 442 444 446 448 448 447 445 443 440 440 442 446 449 452 455 458 460 462 465 467 469 472 474 477 479 481 482 480 477 474 471 467 464 462 458 455 453 452 453 456 459 461 465 469 475 481 487 492 495 497 499 500 502 502 503 503 503 503 505 506 507 509 510 509 508 507 506 501 496 490 482 476 466 466 475 481 487 493 500 508 513 517 521 524 526 528 530 531 532 531 532 533 535 537 538 537 539 539 536 530 524 518 509 501 497 493 488 484 481 479 476 474 471 471 470 470 471 472 472 470 464 456 439 424 409 393 382 373 361 351 345 338 331 321 311 308 300 289 288 289 293 297 300 302 306 310 314 319 325 333 339 349 357 370 383 400 418 433 444 447 449 452 458 464 466 467 467 468 469 470 468 465 462 460 458 453 448 432 423 413 393 380 398 406 433 438 443 449 456 464 470 476 481 487 493 500 506 511 513 515 517 518 518 520 521 522 523 523 524 525 525 526 527 528 530 532 536
197 197 197 196 196 196 196 195 194 194 195 196 198 199 200 202 204 207 209 212 216 219 222 224 228 230 232 233 232 231 230 229 229 230 232 233 233 235 233 232 231 230 230 230 231 233 234 236 236 238 239 239 238 238 236 234 234 235 233 231 229 228 228 228 227 226 225 225 223 221 218 215 214 213 212 209 207 206 208 208 208 208 208 209 210 210 210 208 207 207 207 207 208 208 209 210 213 215 218 224 237 258 273 280 282 289 303 319 330 345 356 369 384 398 402 405 405 403 401 396 390 385 382 367 356 347 339 335 327 327 327 328 333 342 350 356 360 361 360 359 356 358 360 364 367 372 377 384 386 389 392 395 398 398 395 389 386 381 373 369 370 381 385 385 381 382 387 391 392 395 395 401 406 410 413 416 422 427 430 434 436 439 441 443 445 447 447 448 447 444 441 437 437 438 445 449 453 456 459 461 463 466 468 470 473 475 477 480 483 484 483 480 477 473 470 467 464 461 458 455 454 454 457 460 462 466 472 476 481 487 492 495 498 500 501 503 504 505 506 505 504 505 507 507 507 506 504 500 497 494 490 485 476 466 451 450 472 478 483 489 496 503 511 517 521 524 525 527 528 529 530 531 531 531 533 536 538 538 535 536 537 535 527 521 512 501 494 488 482 478 474 471 470 470 467 464 462 463 464 465 467 467 468 462 457 436 424 411 396 382 372 360 352 346 340 333 321 312 303 292 288 289 289 293 297 299 303 307 312 317 322 327 334 341 349 359 371 383 402 421 438 445 449 450 453 457 462 465 466 467 468 470 470 469 468 465 463 461 458 451 438 426 420 404 380 392 405 428 435 441 448 455 463 469 476 482 488 494 499 506 512 515 518 520 521 523 524 524 526 527 527 527 528 529 530 530 530 532 535 539
198 198 197 197 197 197 197 196 196 195 195 196 197 198 200 202 204 207 209 213 216 219 221 224 228 229 230 231 230 229 228 227 229 230 230 231 231 232 233 232 230 230 229 230 230 231 232 233 234 237 238 238 238 238 236 235 237 236 233 231 230 229 229 229 228 227 226 225 222 220 218 215 214 213 211 208 207 206 206 206 206 206 206 207 209 210 210 208 206 206 206 207 207 207 208 209 210 213 216 219 227 247 267 267 263 285 312 320 328 341 354 366 384 400 404 407 407 406 404 398 392 385 378 375 368 352 348 342 336 330 327 327 329 333 343 351 356 358 358 356 354 355 359 361 365 371 378 383 386 390 393 396 396 395 390 386 380 373 368 371 377 387 390 391 390 387 392 396 397 398 400 400 403 411 414 417 422 427 430 433 436 438 442 444 446 447 449 450 444 441 437 433 432 434 438 443 450 455 458 461 463 466 468 471 473 475 478 481 484 485 485 483 480 477 473 470 467 463 460 458 457 456 458 460 463 467 473 477 481 486 492 495 498 500 502 504 505 506 507 506 505 506 506 505 501 495 491 488 486 482 476 470 456 440 434 461 473 479 484 491 498 508 516 519 522 524 525 526 527 528 529 529 530 530 533 535 536 536 532 530 529 526 521 516 504 496 487 475 465 460 458 455 453 454 451 447 446 449 454 454 461 463 462 460 457 436 422 409 395 382 372 361 353 346 334 327 319 307 300 293 289 289 290 293 295 298 300 305 311 318 324 330 338 343 348 359 368 380 396 415 430 444 448 451 453 455 459 463 466 468 469 470 471 471 470 468 466 464 461 454 443 428 421 413 387 390 405 426 435 441 447 454 463 469 476 482 489 495 500 505 512 517 520 522 524 525 527 527 528 530 530 530 531 532 532 532 533 534 537 540
200 199 198 198 198 198 197 196 196 195 196 196 197 198 199 201 205 208 210 213 215 217 220 223 226 227 228 228 227 226 224 226 228 229 229 229 229 229 229 230 229 230 230 229 229 229 230 231 233 235 237 237 237 237 237 237 237 237 234 233 231 229 229 229 228 227 226 224 222 220 218 215 213 212 210 208 206 205 206 206 205 205 206 208 209 209 209 207 206 206 206 206 206 207 208 208 208 209 214 218 223 231 251 249 266 289 309 319 326 338 354 364 379 399 406 409 410 409 406 399 395 388 378 379 371 365 359 352 344 337 331 327 327 328 336 345 351 354 354 351 350 355 357 361 365 371 380 384 387 392 395 397 394 390 386 380 373 365 370 375 381 390 393 394 394 392 395 398 400 402 404 407 405 410 416 418 421 426 428 431 435 439 442 444 447 449 448 443 440 438 433 426 425 430 433 438 444 450 457 460 463 465 468 471 473 476 478 481 484 486 487 486 483 479 476 473 469 466 462 462 460 459 459 461 464 467 472 476 480 485 490 494 497 500 502 504 506 507 508 506 504 503 499 494 489 484 480 476 473 469 463 448 433 415 437 444 462 479 485 493 501 512 518 520 522 524 525 526 526 527 528 527 526 527 530 533 533 532 527 522 519 517 513 505 496 489 477 460 440 430 438 434 432 433 431 428 427 430 432 429 437 444 456 454 450 430 417 405 392 381 373 360 354 349 341 330 317 306 298 289 289 289 290 292 296 303 310 314 316 315 323 331 337 341 347 358 367 374 388 404 418 432 445 449 452 454 456 459 464 468 469 470 471 472 471 471 469 466 464 457 444 429 423 412 388 392 410 427 435 441 448 455 462 469 475 482 487 493 499 505 511 517 521 524 526 528 529 530 531 532 533 533 534 534 535 535 536 536 538 541
199 200 201 200 200 199 197 196 195 196 196 196 197 198 199 201 204 207 209 211 212 216 219 222 224 226 226 226 224 224 224 225 226 227 227 228 226 225 226 226 228 229 230 229 228 228 229 231 233 234 236 237 236 237 238 238 237 236 235 233 231 229 229 229 228 227 226 224 222 220 218 216 214 211 209 207 206 205 205 205 205 205 206 208 208 207 209 206 206 205 206 205 206 206 207 206 207 207 210 217 219 224 235 243 263 287 297 310 323 333 349 363 382 401 409 410 412 411 408 401 398 395 391 386 375 376 369 361 355 343 335 330 327 327 330 338 343 347 346 347 350 355 358 361 365 373 381 385 388 393 396 396 391 386 380 374 366 368 375 379 386 392 394 396 397 397 398 401 403 406 408 411 413 409 418 420 422 424 427 429 433 437 441 446 450 448 443 438 436 432 422 419 419 424 429 434 438 443 448 453 457 462 466 470 473 476 478 482 485 486 489 488 485 481 478 475 472 468 467 465 463 462 462 463 465 468 472 476 479 483 488 493 497 499 501 503 505 507 508 507 501 497 491 483 477 471 467 459 450 445 441 425 413 412 436 445 458 479 485 492 502 513 519 521 523 523 524 525 525 525 525 524 523 525 527 529 529 529 521 513 509 506 501 490 483 473 459 446 422 401 416 415 413 412 410 408 406 407 409 412 419 424 426 433 429 417 406 396 386 379 372 361 355 348 341 331 321 304 295 289 290 290 291 294 298 305 313 318 324 326 327 330 336 341 347 355 364 372 382 392 406 415 431 446 449 451 453 456 460 464 468 471 471 472 473 473 471 468 466 461 448 433 426 414 388 402 422 430 437 442 448 455 462 469 473 479 486 492 497 502 508 515 519 523 527 529 531 532 533 534 535 536 536 537 538 537 539 539 540 542
200 201 203 203 203 200 197 196 195 195 197 197 197 198 199 201 202 204 206 209 210 213 217 219 222 223 224 223 222 222 224 224 225 223 224 225 224 222 223 224 226 228 229 229 228 228 229 231 233 234 235 236 237 238 238 238 237 235 234 233 232 229 229 228 227 226 226 224 222 220 218 216 214 211 208 206 205 205 205 205 205 205 206 207 207 206 208 207 207 207 206 206 206 206 206 206 206 208 210 213 219 225 230 243 261 270 284 309 320 331 348 363 381 399 411 412 414 414 411 405 402 398 392 387 382 383 378 369 355 353 342 334 331 327 327 331 337 337 340 346 351 356 359 362 366 373 382 385 389 393 394 391 387 380 375 369 362 371 377 383 390 393 395 398 400 401 403 406 408 410 411 413 416 418 409 422 424 426 428 431 436 440 445 450 448 443 437 432 428 422 416 410 411 418 423 427 432 437 441 447 452 457 461 466 470 474 477 481 485 488 490 489 486 483 480 477 475 473 471 469 467 466 465 466 467 469 472 476 479 483 487 491 495 498 501 503 505 507 505 501 494 488 479 472 465 455 446 441 433 426 421 408 398 412 432 435 453 478 485 493 502 513 520 522 522 523 523 523 523 522 521 520 521 522 524 523 521 517 510 500 491 490 483 475 463 449 441 436 425 394 388 393 392 388 387 387 386 387 391 398 406 408 409 412 409 404 396 388 384 373 363 360 353 344 334 326 314 300 292 290 290 290 292 294 299 306 315 321 326 329 331 333 338 344 348 355 364 368 376 385 396 410 419 436 444 448 451 454 457 461 464 469 471 473 474 474 473 470 467 464 453 438 430 416 385 408 427 434 439 444 449 455 462 470 476 480 487 492 496 501 505 510 516 520 524 527 529 533 535 536 537 539 539 540 541 540 541 542 543 544
200 203 205 205 204 201 198 196 196 196 197 198 198 198 199 200 201 202 204 206 209 212 215 218 219 220 221 221 220 218 221 220 219 219 221 222 222 224 224 224 225 227 228 228 227 227 229 231 234 234 235 236 237 238 238 238 237 235 233 232 230 228 228 228 226 226 225 224 223 220 218 216 214 212 209 206 205 205 205 205 205 205 206 207 206 206 208 208 208 208 206 206 207 206 206 206 206 207 208 211 219 222 226 235 247 262 278 295 315 329 344 361 381 397 412 413 415 415 413 409 405 400 393 390 388 388 383 377 358 356 342 337 333 328 327 329 336 340 346 351 353 356 359 363 367 376 382 386 389 391 390 387 382 375 368 359 368 373 380 386 391 394 396 400 403 404 407 409 411 414 415 417 420 421 420 423 426 429 431 434 439 444 448 450 443 437 432 426 421 414 406 399 403 409 416 422 426 431 436 441 446 452 456 460 465 470 474 478 482 488 492 492 488 485 482 480 479 479 477 475 474 472 469 469 468 470 473 477 480 483 486 491 494 496 499 502 504 504 499 491 486 477 468 459 440 438 425 419 413 403 404 388 396 409 423 432 450 477 485 493 502 513 521 522 522 522 523 521 518 517 516 514 517 516 512 509 505 500 490 478 467 466 463 456 448 434 429 423 413 398 372 371 368 365 365 366 364 370 378 391 393 396 394 394 393 389 384 380 375 369 362 350 345 336 325 315 307 300 292 290 291 291 294 297 299 305 314 319 324 328 331 334 338 342 348 353 361 360 369 379 389 398 411 421 434 441 447 452 455 458 461 465 469 473 475 474 475 472 470 466 459 446 434 420 392 407 430 436 440 444 450 455 462 470 477 483 490 495 498 501 505 509 513 516 519 522 527 532 536 538 540 541 541 543 544 544 544 545 546 547
205 206 207 208 206 203 198 196 196 197 197 198 198 198 199 200 201 201 203 205 208 211 212 215 216 218 218 218 218 217 217 221 224 224 225 226 226 226 226 225 224 226 228 228 227 227 229 231 234 235 236 237 238 238 238 237 235 233 232 231 230 228 227 227 226 226 225 224 223 221 218 215 212 211 209 205 205 204 205 205 205 205 206 206 206 207 208 208 208 208 207 206 207 206 206 205 206 207 208 210 215 220 223 229 241 254 269 290 309 326 340 360 379 395 411 414 416 417 416 411 407 402 397 394 392 391 386 381 369 357 345 338 337 332 327 329 335 344 350 353 356 358 360 364 368 376 383 387 389 389 387 382 375 368 357 365 372 376 383 389 393 396 399 403 407 408 410 413 415 417 419 420 422 424 424 423 416 430 433 437 442 446 450 444 438 431 425 420 412 405 395 384 394 402 410 417 422 427 432 438 442 446 450 454 461 465 470 473 479 485 493 495 490 487 484 483 484 483 481 481 480 478 474 471 469 471 474 478 480 483 486 489 490 490 495 499 500 495 487 482 476 467 453 430 420 415 409 398 393 392 384 385 397 409 423 431 451 475 486 494 503 513 521 521 521 520 520 517 514 511 509 508 508 506 496 492 486 479 466 454 444 443 442 437 432 423 414 407 398 385 367 355 351 350 351 352 351 361 373 381 382 383 380 378 379 376 372 370 366 364 359 353 345 336 323 311 304 298 290 291 291 292 297 301 303 305 307 314 319 324 328 332 336 341 345 350 351 356 366 374 381 387 396 409 422 432 441 448 452 455 458 462 467 472 475 476 476 474 472 469 464 451 439 428 403 404 431 438 441 446 449 453 460 469 478 485 491 496 499 503 506 510 513 516 518 520 525 530 535 538 541 543 544 545 546 547 547 548 548 549
209 209 210 210 208 205 201 197 196 198 197 198 198 198 199 199 200 201 202 203 206 209 211 213 214 214 214 215 214 216 219 221 223 223 225 227 228 228 227 226 226 226 226 227 226 227 229 231 234 236 237 238 239 238 238 237 236 234 233 232 230 228 226 226 225 224 224 223 222 220 218 214 211 208 206 205 204 204 205 205 205 205 205 205 206 206 206 208 208 208 207 206 206 208 206 206 206 206 207 209 213 221 225 226 235 246 263 281 302 324 340 359 375 395 410 415 418 419 417 415 411 404 400 398 396 392 388 384 370 361 348 340 337 335 328 328 330 342 352 354 357 360 361 364 368 374 382 386 386 385 382 376 370 358 361 369 373 379 387 393 396 399 404 408 411 412 415 417 419 421 423 424 425 427 428 429 430 431 435 438 444 448 446 440 432 426 420 413 404 395 384 372 384 396 404 412 419 424 429 434 439 444 448 453 457 462 467 472 476 483 489 496 494 489 486 487 487 485 484 483 483 480 476 471 470 472 475 477 480 481 482 482 482 483 485 486 487 482 477 471 462 450 433 420 403 395 388 383 381 379 371 386 398 411 429 432 450 476 487 495 504 513 521 520 517 515 515 512 508 504 502 501 497 491 482 473 465 457 446 435 425 423 423 420 415 409 399 390 382 370 356 349 345 341 342 343 347 353 364 368 371 369 363 361 361 361 358 357 356 355 350 343 335 328 321 314 301 295 290 291 291 295 299 303 306 308 310 313 318 323 327 330 335 340 344 346 347 355 363 369 374 382 386 396 407 421 432 442 447 452 455 460 465 472 475 477 478 476 474 471 467 456 445 433 401 404 429 439 442 445 449 452 458 466 476 484 492 496 500 503 506 510 513 515 518 520 523 527 531 535 538 543 546 547 548 549 550 550 551 551
212 212 213 212 211 209 205 200 197 197 198 198 198 199 199 200 200 201 203 203 204 207 209 211 212 211 211 210 211 218 219 220 222 224 226 228 229 229 229 228 228 228 228 227 227 227 229 231 234 236 238 239 239 239 238 237 236 235 233 232 231 228 226 225 224 222 222 221 221 220 217 214 209 206 205 205 205 205 205 205 205 205 204 205 205 206 208 209 208 209 207 206 206 206 205 206 205 206 206 207 214 223 227 229 236 245 256 266 298 324 339 357 372 389 407 416 420 421 420 419 415 408 404 401 399 394 389 385 371 360 351 343 338 336 333 329 333 330 347 355 358 360 362 362 365 369 377 383 382 379 375 371 363 356 366 371 376 381 390 395 401 405 409 412 415 417 419 421 423 425 426 427 429 430 431 431 433 435 434 435 446 447 443 435 428 423 414 408 396 385 373 359 370 387 399 407 415 421 426 431 436 441 446 451 456 460 466 471 475 479 485 490 493 489 487 489 488 486 485 484 483 478 472 469 468 470 472 474 473 475 473 472 471 471 470 471 471 467 461 456 444 430 412 399 388 381 374 372 370 368 371 387 399 414 428 434 456 474 486 496 505 515 519 515 511 509 508 506 501 498 494 490 485 478 469 457 444 438 431 422 413 408 407 405 401 393 383 376 367 358 346 342 340 336 336 336 338 341 348 351 353 352 343 341 341 339 338 339 338 339 335 330 323 319 315 307 298 293 291 291 294 297 301 304 307 309 312 315 318 322 326 330 333 337 341 344 348 352 360 368 372 376 377 387 397 410 421 433 441 448 453 459 465 472 476 478 479 478 476 473 469 460 449 436 419 396 420 437 441 445 448 452 456 464 472 483 489 496 500 503 506 509 511 514 517 519 522 526 530 534 537 542 546 548 550 551 552 553 553 553
213 214 214 214 214 213 210 204 200 197 198 198 198 199 200 200 201 201 202 202 204 206 207 207 207 208 209 215 215 216 219 222 224 226 229 230 230 230 231 231 230 230 230 228 227 228 229 231 234 236 238 238 239 239 239 238 237 235 233 231 230 228 225 224 222 221 220 220 219 218 216 213 208 206 205 204 204 204 205 205 204 204 204 205 205 206 209 209 208 209 209 207 206 207 206 205 205 205 206 207 213 225 227 231 236 243 254 259 280 318 334 350 367 384 403 415 421 422 424 421 417 412 408 404 401 396 390 386 371 361 354 345 339 337 334 332 339 335 332 351 358 361 362 360 364 367 371 375 376 372 368 361 352 362 370 374 379 383 391 398 405 410 412 415 418 421 422 425 426 428 429 431 432 433 434 434 435 437 441 439 442 442 439 432 426 420 411 401 388 376 359 353 365 380 392 402 410 417 424 428 433 437 443 449 453 458 465 470 473 476 480 485 488 488 487 488 488 486 485 484 479 471 464 462 461 462 463 464 464 465 461 458 458 455 451 450 452 450 447 436 428 414 399 388 377 370 363 362 360 365 377 390 401 417 430 436 458 473 486 498 506 515 515 507 504 502 501 499 495 488 483 479 473 464 456 443 432 422 417 410 402 395 395 387 381 373 366 363 357 347 339 337 334 332 331 331 329 329 331 334 334 336 329 325 323 319 319 320 321 321 320 316 314 310 307 301 294 292 292 292 296 299 302 304 306 309 312 315 318 322 326 329 333 337 341 344 349 354 359 364 367 373 379 382 390 401 412 424 435 445 453 459 464 473 477 480 481 480 477 475 471 462 451 440 427 401 409 425 438 443 446 452 456 462 469 478 486 492 495 499 503 506 509 512 516 519 522 526 529 533 536 540 543 547 550 552 554 554 555 554
211 212 214 215 215 215 213 210 205 200 198 198 198 199 200 199 201 201 201 202 203 204 205 206 205 205 209 212 214 216 220 225 227 229 231 234 234 233 233 233 233 233 232 230 228 229 229 231 233 235 237 238 239 239 239 238 237 235 233 232 229 227 225 223 222 220 218 217 216 215 214 212 208 206 204 204 204 204 204 204 204 204 204 205 206 208 209 209 208 208 209 209 207 207 207 206 206 206 206 207 211 226 227 231 237 241 251 261 270 298 326 343 360 382 399 416 421 423 426 424 420 415 411 407 403 397 393 386 371 362 356 347 341 338 337 334 335 339 334 335 351 358 358 357 361 361 366 369 369 364 355 349 355 363 371 376 381 385 394 399 405 411 415 419 422 425 426 428 429 431 432 434 435 436 436 437 439 442 445 444 439 437 433 428 422 414 408 393 379 363 351 341 354 368 385 394 404 413 421 425 429 435 440 446 450 454 462 466 469 472 477 479 482 484 485 485 486 485 485 480 471 463 457 453 450 450 452 451 453 452 445 435 431 425 428 426 431 430 427 419 411 399 387 375 366 360 351 353 362 372 381 393 406 421 434 438 459 472 486 498 505 509 505 499 494 493 493 490 486 479 474 470 457 441 440 431 418 404 402 395 391 380 383 367 361 356 350 350 345 342 334 331 330 328 327 327 325 319 322 323 322 321 319 315 313 310 307 307 308 308 310 309 306 304 296 292 292 292 292 293 295 298 301 303 305 307 311 315 317 320 325 328 332 336 341 344 348 353 357 362 368 375 382 387 393 399 409 420 433 444 455 460 465 474 478 482 483 482 479 477 474 465 454 446 435 419 400 423 439 445 449 452 456 461 467 473 477 487 495 501 506 509 511 513 515 518 522 525 529 533 536 539 541 544 549 552 554 555 555 555
207 209 210 212 213 214 213 211 208 205 200 198 198 200 200 201 201 201 202 203 203 203 204 204 206 206 209 212 214 219 223 227 231 232 234 235 237 237 235 235 237 237 235 232 230 230 229 230 232 234 236 238 239 239 239 238 236 235 233 231 229 227 224 222 221 219 217 217 215 212 210 208 207 205 204 204 204 204 204 204 204 204 204 206 207 209 209 209 208 209 210 209 208 208 207 206 206 206 206 208 212 222 223 228 236 241 247 263 263 290 324 340 355 370 391 407 420 425 428 428 427 417 412 409 405 398 395 385 372 364 358 352 344 340 339 338 335 335 336 333 336 350 349 344 341 342 345 353 355 351 348 352 357 365 371 377 381 386 393 400 406 412 417 422 425 428 430 431 432 433 436 437 438 438 439 440 442 445 447 443 438 433 428 423 415 409 397 374 362 352 341 335 344 358 364 385 395 407 418 423 428 433 439 445 449 452 457 462 465 469 472 474 476 478 479 480 482 485 485 475 467 456 449 445 439 418 425 427 437 434 426 410 408 405 407 405 408 410 407 402 395 385 375 365 358 349 354 363 370 379 388 397 409 423 434 444 461 473 487 497 500 498 493 489 484 482 481 478 476 473 468 456 444 421 420 416 406 395 386 384 376 373 382 359 346 343 341 338 338 333 329 327 325 324 324 323 321 318 317 318 316 314 313 309 307 307 302 300 300 304 304 303 300 298 293 293 294 292 292 292 292 294 297 300 302 304 307 311 313 315 317 326 331 336 340 345 349 354 358 363 369 374 380 387 390 395 407 417 431 440 453 462 467 472 479 483 485 484 481 480 477 471 458 449 444 427 408 422 440 448 453 456 459 463 467 472 481 488 495 502 507 511 514 516 517 519 522 525 528 532 535 537 540 542 546 550 554 555 555 553
202 201 203 207 208 210 210 209 209 207 204 200 200 202 203 202 202 202 203 204 204 203 204 205 206 207 209 214 217 222 226 230 233 236 237 238 240 240 238 238 240 241 239 236 233 232 230 228 231 234 235 238 239 239 238 237 236 234 233 231 228 225 223 221 219 218 216 213 212 210 208 206 205 205 205 204 204 204 204 204 204 204 205 205 211 209 210 210 209 210 210 210 209 208 208 206 206 206 206 208 215 222 228 228 232 239 245 257 262 286 319 334 348 364 381 401 419 427 428 429 428 419 414 408 404 399 396 384 375 367 362 355 347 342 340 339 338 336 336 336 336 337 336 340 340 343 343 345 344 349 354 360 359 361 372 379 383 387 392 397 405 411 417 422 427 430 433 435 436 436 439 440 441 441 442 443 445 448 444 440 434 428 422 414 409 399 381 360 357 340 330 329 331 341 352 373 390 401 412 421 428 434 439 444 448 451 454 456 458 463 468 468 471 471 471 472 480 481 476 470 461 448 440 426 415 404 399 403 414 410 402 392 386 384 386 384 389 389 391 389 380 372 364 358 348 349 360 365 373 382 391 401 412 424 437 453 465 477 488 494 492 486 480 475 473 471 469 468 469 468 460 443 427 412 407 399 392 383 375 371 363 363 373 366 341 335 334 332 330 328 325 323 322 320 320 319 317 315 309 314 312 309 305 300 301 296 296 296 295 294 294 294 294 294 293 294 296 297 293 292 294 296 297 299 300 301 305 306 308 318 325 331 335 338 342 344 348 353 358 363 367 373 377 379 386 394 405 415 427 439 452 463 469 474 480 485 486 486 485 483 480 473 462 453 447 435 408 419 442 451 456 459 463 467 471 476 482 489 495 502 508 512 515 517 519 521 523 525 529 532 535 537 539 542 544 547 550 554 553 552
202 202 202 202 204 206 205 206 206 206 205 204 204 205 205 204 202 202 204 204 204 204 204 205 206 206 208 214 218 223 227 231 236 239 240 242 243 243 242 242 243 243 243 241 238 237 234 231 228 232 235 237 238 238 237 237 236 234 231 230 227 224 221 220 218 216 214 214 212 210 208 206 205 204 205 204 204 204 204 204 204 204 204 207 210 210 210 210 209 210 210 211 211 210 209 207 206 206 206 207 213 226 228 231 234 240 245 251 261 279 307 326 343 358 374 392 414 427 430 431 429 420 414 409 404 400 397 390 378 370 364 358 352 347 343 341 341 340 338 337 338 339 345 349 352 356 357 355 360 365 362 369 367 362 371 380 386 390 394 397 401 405 413 419 426 430 435 437 439 440 441 442 443 443 445 446 448 447 442 436 427 422 414 407 398 381 364 350 343 331 325 326 327 335 347 364 388 400 410 419 428 434 438 441 444 445 446 447 449 454 459 460 457 452 453 465 470 472 471 467 453 438 418 406 391 384 377 386 388 386 382 378 370 369 369 367 373 375 375 372 368 362 357 348 343 354 361 368 375 384 394 404 415 428 445 460 472 482 491 489 484 476 469 464 461 459 458 458 460 455 445 430 414 405 394 387 384 378 364 360 354 351 345 351 343 328 327 326 324 324 322 320 319 317 316 315 314 312 307 309 302 300 299 297 298 298 298 297 296 296 295 294 295 295 294 296 299 299 296 293 293 296 299 302 305 309 317 324 329 337 338 338 339 342 344 347 351 350 356 361 365 369 376 382 390 399 412 418 426 436 448 461 473 479 484 486 488 489 488 486 483 475 466 455 449 439 420 409 433 449 458 462 465 469 473 476 483 489 496 502 507 513 516 519 521 523 525 527 529 532 535 538 540 542 544 546 550 553 554 552
201 202 202 203 204 205 205 206 206 204 203 205 205 206 205 204 203 203 204 205 205 205 206 206 207 207 208 212 218 223 227 230 236 239 241 243 244 245 245 245 245 244 246 245 242 241 238 235 230 228 230 236 237 237 237 236 235 234 232 230 227 224 223 221 218 217 216 213 211 210 207 205 205 204 205 204 204 204 205 204 204 204 204 207 209 209 210 210 211 211 211 211 211 212 210 207 206 206 206 207 212 228 225 228 236 242 246 256 261 274 296 321 340 354 373 388 403 426 431 432 431 423 416 411 407 402 398 392 380 373 367 361 356 351 349 348 348 346 344 341 340 341 350 361 365 368 371 374 376 375 372 373 375 371 370 380 386 391 396 401 404 407 410 416 425 431 436 439 442 443 444 445 445 446 448 449 448 443 437 430 423 416 408 399 378 364 351 338 328 324 321 320 324 331 347 362 385 397 409 416 426 432 437 436 435 436 438 440 440 442 443 443 439 429 437 449 463 467 464 454 440 416 398 387 377 365 365 365 369 366 365 359 354 361 354 354 361 363 361 360 359 355 349 339 345 356 363 369 378 385 397 406 418 431 451 464 474 484 488 484 478 468 462 456 451 447 439 441 442 438 427 417 405 393 386 368 374 373 358 352 349 345 342 338 332 327 321 320 319 319 319 317 315 314 312 311 310 305 302 300 300 300 300 300 301 302 302 302 299 298 296 295 296 297 298 300 301 300 298 294 293 297 300 305 309 311 319 324 330 335 340 342 344 345 347 350 353 358 361 361 364 370 376 383 391 401 412 421 427 436 448 461 479 484 488 490 491 491 490 488 484 478 467 458 450 429 420 418 414 428 454 465 468 471 475 478 483 488 494 501 508 514 518 521 523 525 527 530 532 534 536 539 541 543 545 548 553 556 556 554
200 201 201 202 203 203 204 204 204 205 205 205 206 206 205 205 203 204 204 205 206 206 207 207 207 208 209 212 214 218 224 229 234 238 241 242 244 246 247 248 248 247 248 248 247 245 242 238 236 232 227 229 234 236 236 236 235 234 231 227 224 218 218 218 215 214 210 211 210 207 206 205 205 204 205 204 205 204 206 206 204 204 204 206 217 210 211 211 211 211 211 211 211 212 211 207 206 206 207 208 211 223 221 227 239 247 250 261 267 273 288 308 334 342 354 372 381 392 416 433 432 425 418 414 410 405 400 393 383 376 370 364 360 357 356 355 359 355 351 347 345 342 345 366 371 375 379 382 383 382 380 379 381 381 376 378 385 390 396 400 403 407 411 415 423 431 436 441 443 445 446 447 447 449 451 451 446 439 431 424 418 408 399 379 361 350 340 328 321 318 317 318 323 330 344 361 381 397 403 409 417 423 425 424 426 428 432 428 425 425 425 420 412 412 419 438 449 450 444 433 415 398 380 371 362 351 351 351 348 347 344 343 341 350 344 343 352 354 352 352 350 348 335 342 350 361 368 373 381 390 399 410 422 435 455 467 477 483 484 480 475 463 457 446 438 430 420 422 424 421 413 405 397 386 370 362 360 356 349 345 344 341 338 334 330 326 322 319 314 314 315 313 312 310 308 305 303 302 304 302 302 302 302 304 304 305 304 304 303 301 297 299 300 301 301 301 302 302 300 296 293 297 303 305 309 312 318 323 329 334 339 343 346 349 350 351 354 358 364 369 374 377 379 386 392 400 408 420 427 435 446 463 478 488 490 493 493 493 492 488 485 479 469 460 443 430 440 433 431 423 434 462 470 474 477 480 484 488 494 500 507 514 519 522 525 528 530 532 534 536 538 540 542 544 546 548 553 556 558 556
200 201 202 202 202 203 204 203 204 205 205 206 206 206 205 204 204 204 205 206 207 207 208 208 209 210 211 211 211 214 219 225 230 234 238 241 244 246 248 248 248 248 249 249 249 248 246 244 242 240 234 227 225 228 232 234 231 229 221 218 217 219 219 216 213 212 211 211 211 208 206 206 205 205 206 204 205 204 204 205 205 204 205 207 209 217 217 212 211 211 211 211 211 212 212 209 207 206 207 208 211 216 218 228 240 249 250 259 269 278 287 297 317 336 353 364 372 384 405 434 432 427 420 415 410 405 402 397 387 378 372 366 362 361 360 361 366 366 362 355 349 347 345 360 375 380 387 390 390 388 386 384 385 386 384 379 380 390 392 397 401 406 412 417 424 432 438 442 446 448 449 449 450 452 453 447 441 433 426 417 408 401 380 363 349 338 328 318 316 313 313 316 321 328 342 359 376 394 398 402 406 410 412 407 410 404 402 400 396 395 396 393 393 392 409 419 426 419 418 406 393 380 369 361 350 341 340 335 332 332 331 331 333 334 333 336 343 345 342 341 340 336 336 344 354 362 367 374 385 396 402 413 426 445 459 469 479 482 482 477 469 460 450 438 427 416 407 405 405 407 400 395 388 383 379 373 360 347 342 340 338 337 334 330 326 322 320 318 313 309 309 308 307 308 304 303 303 303 305 304 305 306 307 307 307 307 306 306 304 300 298 302 304 303 303 303 303 303 302 300 294 297 304 306 308 311 317 323 329 333 339 343 347 349 351 353 355 358 364 370 375 377 381 385 392 400 406 415 423 431 443 462 475 490 493 495 495 495 494 491 487 479 471 458 435 446 447 444 441 440 424 448 469 476 479 482 485 488 493 498 504 510 518 522 526 529 532 534 536 538 540 541 543 544 546 549 551 555 555 554
199 201 202 202 202 203 202 203 204 205 205 205 206 206 205 204 205 204 205 206 207 208 208 209 210 211 212 213 213 212 215 219 223 228 236 241 244 246 246 246 246 248 250 249 251 250 249 247 245 245 242 237 229 229 226 224 223 221 218 217 218 218 221 220 217 218 218 216 213 209 208 207 206 204 206 204 204 204 204 205 205 205 207 208 208 210 211 211 213 214 211 212 211 211 212 211 206 206 207 209 211 213 217 228 241 247 250 260 268 276 287 301 313 331 352 366 375 387 403 435 433 429 422 416 410 406 404 396 387 380 373 368 366 365 364 366 369 368 366 357 358 362 349 354 374 386 393 395 397 395 393 389 390 392 390 388 386 391 395 399 404 409 414 420 424 429 437 443 447 450 452 452 453 454 451 445 439 429 421 408 400 385 363 351 339 329 318 311 310 308 311 315 320 326 338 351 360 373 374 375 376 378 381 380 378 377 376 375 372 371 371 370 373 372 386 400 405 400 393 383 375 365 358 349 339 332 329 327 325 326 326 326 326 325 328 328 331 333 333 333 331 333 342 349 355 359 371 376 387 397 405 418 433 450 460 470 479 481 477 473 463 456 443 430 417 407 397 391 389 390 389 384 380 378 376 375 367 349 340 334 335 333 330 326 323 319 314 308 307 305 304 305 304 304 305 304 306 307 306 306 308 309 310 310 308 308 308 305 304 301 299 305 306 306 305 305 304 304 303 299 293 295 303 305 307 310 316 322 328 333 338 342 346 349 351 353 356 359 364 368 373 376 379 383 390 397 404 411 417 428 439 455 473 489 495 497 497 497 495 492 486 479 470 459 440 458 463 463 464 459 446 434 461 474 478 482 486 489 493 498 504 509 515 521 526 530 533 535 536 539 541 542 544 545 547 549 551 552 554 555
199 200 201 203 203 204 203 204 205 206 205 205 206 206 205 205 205 206 206 206 206 207 209 210 210 211 212 215 216 215 215 215 218 225 234 240 243 244 243 244 245 246 249 248 250 251 250 250 248 247 244 241 240 236 231 225 224 220 220 223 224 225 225 223 222 220 217 215 212 211 210 209 208 205 205 204 204 205 205 205 205 207 209 209 208 211 211 210 210 210 211 211 211 211 212 212 207 206 207 209 210 214 219 226 237 243 247 255 262 273 296 323 338 341 360 372 383 393 405 435 434 430 424 418 412 408 402 394 387 379 374 371 370 369 369 371 375 371 368 364 367 367 359 352 369 389 396 401 403 401 399 396 396 398 397 396 395 398 400 402 408 412 416 424 427 430 437 442 447 450 452 454 455 453 447 441 433 423 410 401 386 365 352 344 333 321 311 309 307 306 308 315 320 324 331 340 347 350 350 350 352 355 354 357 357 356 358 355 351 349 347 347 353 360 373 378 379 376 373 365 358 351 343 335 327 323 321 323 321 322 321 321 319 318 319 322 325 325 327 325 334 342 349 355 360 366 373 381 390 399 411 424 444 454 461 468 477 477 471 465 459 451 435 421 410 397 389 383 377 375 376 378 373 372 370 371 369 356 338 333 329 328 326 323 320 315 307 307 308 310 308 307 308 309 308 308 310 310 309 309 310 311 312 312 311 310 309 307 306 302 300 306 307 308 308 308 308 307 305 301 294 295 299 302 306 312 321 329 333 335 338 342 345 349 351 354 356 361 367 373 375 367 377 381 389 396 402 408 413 423 436 451 469 485 496 499 499 498 496 491 485 479 469 460 451 463 466 468 468 466 459 435 451 472 478 482 486 489 493 497 503 508 512 519 525 529 532 533 534 537 540 542 544 545 547 549 551 552 553 555
199 200 200 201 202 203 202 203 204 205 206 206 206 205 206 207 207 206 206 206 207 209 210 210 210 211 211 215 217 219 220 219 224 227 232 237 241 242 242 242 244 244 247 249 251 253 251 250 249 247 246 245 243 242 239 237 234 232 231 229 228 227 226 224 222 220 217 216 215 213 211 209 207 205 205 204 204 205 205 205 206 208 209 209 209 211 210 210 210 210 210 211 212 211 212 212 208 205 207 208 209 213 221 230 233 237 241 247 255 276 299 326 340 349 366 379 386 404 403 435 433 429 423 418 412 409 401 393 388 380 376 376 375 375 374 375 380 377 372 368 374 372 367 354 365 386 399 405 408 407 404 402 401 403 403 403 402 404 405 406 410 414 417 425 430 432 436 443 447 450 452 452 453 449 443 436 426 414 404 390 367 353 343 335 327 313 307 306 304 305 311 315 317 319 321 328 328 334 337 337 337 338 341 340 339 340 338 337 332 329 328 330 338 346 355 360 359 356 352 347 341 335 329 323 317 317 317 318 319 319 315 316 318 321 322 324 325 327 329 331 338 346 354 361 367 372 380 387 392 402 416 430 453 460 464 469 476 474 468 463 457 443 426 412 402 392 384 377 372 366 366 372 364 368 363 364 364 360 349 335 326 323 322 320 316 309 309 311 314 315 315 312 314 315 314 312 311 312 311 311 312 314 315 314 313 312 310 309 307 303 303 308 310 312 312 313 312 310 308 303 295 296 300 304 307 314 324 333 340 342 343 345 348 351 352 354 356 360 364 358 363 374 378 382 388 393 401 406 412 421 433 449 467 482 496 500 501 499 494 488 483 477 470 457 456 465 469 471 472 471 466 452 442 464 477 481 485 489 493 497 501 506 511 515 519 525 529 530 532 535 538 541 543 544 546 549 550 551 553 554
198 199 200 201 202 202 203 203 204 205 206 205 206 206 207 207 206 206 206 207 208 209 210 210 211 211 212 213 216 218 222 223 227 230 232 234 237 238 238 240 242 245 247 248 250 252 252 252 249 248 247 247 245 244 242 241 238 236 233 231 230 229 227 225 222 220 218 216 216 215 213 210 208 206 205 204 204 205 205 205 206 208 210 210 210 211 211 211 210 210 210 211 211 212 211 211 207 206 206 207 208 212 220 228 233 235 238 241 248 270 290 311 326 337 363 380 376 368 386 417 432 426 421 417 413 407 400 393 387 384 382 381 381 382 379 382 382 381 376 377 379 377 368 356 362 381 399 407 412 414 411 408 405 407 408 409 408 410 411 411 413 416 419 425 433 436 440 444 447 449 450 451 450 447 440 430 418 405 395 372 356 346 337 327 316 308 305 303 302 300 308 311 311 312 313 315 315 316 320 323 324 324 326 325 324 325 323 321 317 315 314 317 322 332 338 341 340 337 332 327 321 317 313 313 313 313 314 315 313 313 315 318 325 326 328 333 332 333 335 339 337 341 349 364 370 378 388 391 398 406 420 440 455 462 467 470 477 473 467 462 456 435 418 406 398 387 382 376 367 360 357 360 354 361 356 356 357 356 348 338 330 321 317 315 310 310 312 316 318 318 317 313 318 319 317 315 314 314 314 313 315 317 318 317 315 314 312 310 306 303 306 312 315 318 320 321 320 317 313 306 296 294 300 304 307 312 322 331 338 341 344 347 350 352 353 355 356 355 356 362 368 372 378 382 389 397 402 408 413 418 433 449 468 483 497 500 502 499 492 487 482 476 469 457 461 469 471 473 474 473 470 463 438 453 471 480 485 488 492 497 501 505 510 513 517 520 524 527 529 532 535 538 541 543 545 547 549 551 552 553
198 199 200 201 202 203 203 203 204 204 205 206 206 206 206 207 206 207 207 207 207 209 210 211 211 211 211 212 214 217 220 222 225 229 231 232 232 234 235 238 241 244 247 248 249 251 250 251 251 249 248 247 247 246 245 243 240 238 236 233 233 231 229 226 224 222 220 218 217 217 215 211 209 207 205 204 204 205 205 205 207 208 210 211 210 212 211 211 211 211 210 211 211 212 212 210 206 206 206 206 207 211 218 225 231 233 234 236 241 259 278 295 306 319 325 342 343 353 365 383 420 423 419 416 413 407 400 393 388 388 388 388 389 386 383 384 384 383 378 378 382 382 371 357 362 380 399 409 414 418 417 413 410 411 412 413 414 415 416 416 417 419 423 427 436 440 443 446 450 450 450 450 449 443 436 421 409 396 379 362 350 340 329 318 310 303 301 300 300 298 304 307 308 308 307 311 309 310 314 316 318 318 319 318 318 318 317 314 312 310 309 310 311 317 322 324 321 319 318 314 310 308 308 308 309 309 308 310 312 315 319 324 333 335 339 344 343 344 345 348 353 349 351 359 369 378 389 398 405 417 426 444 453 462 467 471 475 471 467 463 453 431 415 405 394 387 379 371 367 358 350 349 345 352 350 347 349 347 341 334 327 321 315 310 311 313 317 319 322 321 319 317 321 322 320 317 318 318 318 317 318 320 320 319 318 316 313 309 304 306 311 318 321 326 330 333 332 326 318 311 298 296 298 304 306 309 318 326 332 339 344 347 350 352 353 354 353 348 357 362 367 371 378 382 387 395 403 410 415 424 438 453 469 487 499 501 502 497 491 485 480 475 468 456 464 472 475 477 477 476 472 466 457 443 452 471 482 487 491 495 500 505 509 512 514 516 520 523 525 528 531 535 538 540 543 546 549 550 552 554
198 198 200 201 201 201 202 203 203 203 205 206 206 206 206 207 207 207 207 207 207 208 209 210 211 211 210 211 214 216 218 220 223 226 229 231 230 231 233 236 239 242 244 246 248 248 248 249 248 247 246 247 247 246 245 244 241 239 237 236 235 233 231 228 226 224 221 220 219 219 216 211 209 208 206 205 204 205 204 205 206 209 210 211 211 212 211 211 211 211 211 211 211 211 212 209 206 206 206 206 208 210 214 223 229 233 232 233 240 249 268 279 294 307 315 329 335 341 355 373 396 419 418 415 413 406 400 394 392 392 393 396 395 391 386 386 386 384 378 381 385 386 378 360 361 380 400 413 418 422 421 418 417 417 417 418 419 419 420 420 420 421 425 430 440 444 446 449 451 452 452 452 443 435 424 411 393 380 366 354 342 333 322 312 304 301 300 300 298 296 301 303 304 303 304 303 304 307 310 311 314 314 315 314 314 314 313 312 308 306 306 307 307 307 310 313 309 308 310 308 305 303 304 307 307 309 312 314 316 320 323 329 339 345 349 352 352 353 354 354 361 364 357 364 372 380 389 397 410 422 433 444 452 462 468 471 473 470 466 461 449 426 414 403 394 386 378 371 363 358 352 346 339 339 342 340 339 337 334 328 323 318 313 312 316 319 321 323 324 324 321 322 324 325 323 321 322 322 322 322 321 323 322 321 320 317 312 309 306 310 315 322 329 335 338 337 335 331 326 318 303 297 296 303 304 307 312 318 330 339 344 348 351 352 353 353 345 351 357 361 365 370 377 379 382 393 401 409 416 429 444 457 467 492 500 502 502 496 490 485 479 474 467 463 470 475 478 480 481 480 479 478 472 463 450 455 462 474 485 493 497 502 506 509 511 513 515 518 521 524 527 530 533 537 540 544 547 550 552 554
198 198 199 200 201 200 201 202 203 203 205 205 205 206 206 207 208 208 208 208 208 208 209 210 211 210 210 211 213 215 216 218 220 224 227 228 229 230 231 233 236 239 241 242 243 244 245 246 245 244 243 243 242 242 243 241 242 240 238 238 236 234 230 228 226 224 222 220 220 218 215 212 210 208 207 205 204 204 204 205 207 208 210 212 213 213 211 211 211 211 211 211 211 212 212 207 207 207 206 207 208 210 213 219 226 233 233 233 241 249 258 272 285 299 308 315 320 328 349 373 387 414 416 414 411 406 400 398 397 397 401 400 397 392 389 388 387 381 378 385 388 389 385 365 358 376 399 414 421 424 424 422 422 423 421 422 423 423 423 424 424 425 428 434 442 446 449 452 453 454 452 445 435 424 414 393 377 367 355 344 334 327 318 306 300 299 296 295 291 295 298 299 299 299 299 299 301 304 305 307 308 311 311 311 311 311 310 308 305 303 303 303 304 304 307 308 304 302 301 302 307 307 309 311 313 314 316 318 321 327 333 340 347 353 357 359 359 361 363 363 367 369 370 369 375 383 393 401 413 421 437 447 453 463 468 471 470 466 462 456 439 422 410 400 391 383 377 370 362 354 353 349 343 336 334 333 331 328 325 325 322 317 312 314 320 322 324 326 326 326 325 326 327 329 327 330 331 331 330 328 327 327 325 323 318 314 311 308 310 315 320 326 333 338 341 341 337 333 329 321 311 300 295 298 301 306 312 322 333 340 344 347 350 351 351 343 343 349 353 356 357 360 368 376 382 391 399 408 416 430 446 459 466 483 502 503 501 494 490 485 479 475 470 472 475 478 481 485 486 484 484 484 482 473 464 461 451 458 469 478 489 497 501 505 506 509 512 514 516 520 524 528 531 534 538 541 546 549 552 555
